{
	"pitch" : 1.4972266906702139,
	"roll" : -1.4051108479157914,
	"x" : 0.11784422274014653,
	"y" : 0.017907142535676497,
	"yaw" : 1.4197449267311486,
	"z" : -0.16979762667375653
}
