{
	"pitch" : 1.4668249948109462,
	"roll" : -1.5911011404585813,
	"x" : -0.032266288079249958,
	"y" : -0.11914372234707221,
	"yaw" : 1.2194876962338348,
	"z" : -0.17132215720769703
}
