{
	"pitch" : 1.4818100952645519,
	"roll" : -1.4629582288571463,
	"x" : 0.098679805387332176,
	"y" : -0.058447721611164967,
	"yaw" : 1.3526254982207451,
	"z" : -0.16893159276873612
}
