{
	"pitch" : 1.4541982059236589,
	"roll" : -1.6365881018941684,
	"x" : -0.065411507834679361,
	"y" : -0.17169691799530351,
	"yaw" : 1.1729790791508878,
	"z" : -0.17394112368223366
}
