{
	"pitch" : 1.4863231817414833,
	"roll" : -1.6037839834705525,
	"x" : 0.048010332917230739,
	"y" : 0.029920698644076232,
	"yaw" : 1.2273237836283786,
	"z" : -0.17153358223276349
}
