{
	"pitch" : 1.4599686240142273,
	"roll" : -1.6175864193540452,
	"x" : -0.083109202439451496,
	"y" : -0.1803650335163608,
	"yaw" : 1.191668503671339,
	"z" : -0.17355528157168806
}
