{
	"pitch" : 1.4862483268389626,
	"roll" : -1.5953651889118747,
	"x" : 0.087922773788405045,
	"y" : 0.018147877864524001,
	"yaw" : 1.220933415912079,
	"z" : -0.20951694240480268
}
