{
	"pitch" : 1.4536644132545644,
	"roll" : -1.4104142978158387,
	"x" : -0.0040423726059220372,
	"y" : -0.30219974431739544,
	"yaw" : 1.3948660204932009,
	"z" : -0.17284267736825928
}
