{
	"pitch" : 1.4811435704022338,
	"roll" : -1.3912118686360786,
	"x" : 0.082632253477716786,
	"y" : -0.062874119577087648,
	"yaw" : 1.4368119585937364,
	"z" : -0.1687039416904125
}
