{
	"pitch" : 1.4725811629570171,
	"roll" : -1.6330136191562581,
	"x" : 0.027872685967982008,
	"y" : -0.021441783217250102,
	"yaw" : 1.1806539536246743,
	"z" : -0.17046937588572597
}
