{
	"pitch" : 1.4945990685151536,
	"roll" : -1.3646174006652589,
	"x" : 0.12882549571205551,
	"y" : -0.0054347991131739534,
	"yaw" : 1.4584639715554524,
	"z" : -0.16864634662661393
}
