{
	"pitch" : 1.4555424837238966,
	"roll" : -1.4418518493644148,
	"x" : 0.013162982051903041,
	"y" : -0.21202504480408119,
	"yaw" : 1.3601695935340932,
	"z" : -0.17022957500254796
}
