{
	"pitch" : 1.466337995857101,
	"roll" : -1.4728595565459661,
	"x" : 0.062648963180060052,
	"y" : -0.057616913621439239,
	"yaw" : 1.3347385983151407,
	"z" : -0.18654808080944085
}
