{
	"pitch" : 1.4870663342054251,
	"roll" : -1.4576165889875035,
	"x" : 0.053058892450773172,
	"y" : -0.035449806656765774,
	"yaw" : 1.3615273416222538,
	"z" : -0.17004538547573037
}
