{
	"pitch" : 1.4757819224221604,
	"roll" : -1.5826174044211854,
	"x" : 0.029574290330120878,
	"y" : -0.02872134125351012,
	"yaw" : 1.2363406923806497,
	"z" : -0.17018165159436993
}
