{
	"pitch" : 1.4690048405248768,
	"roll" : -1.5878839469018686,
	"x" : -0.032765488126508813,
	"y" : -0.11895881810979544,
	"yaw" : 1.2233919477938622,
	"z" : -0.17149240673023852
}
