{
	"pitch" : 1.4906441194984259,
	"roll" : -1.3753459306370954,
	"x" : 0.12704053741838517,
	"y" : -0.019782304023811752,
	"yaw" : 1.4449008562669137,
	"z" : -0.16867252988251019
}
