{
	"pitch" : 1.4780990198272796,
	"roll" : -1.5221486806812405,
	"x" : 0.068173551558130818,
	"y" : -0.036746446564729786,
	"yaw" : 1.289157041908185,
	"z" : -0.12531447851531335
}
