{
	"pitch" : 1.4838854800946357,
	"roll" : -1.691325974819986,
	"x" : 0.037310116113387415,
	"y" : 0.018380011468038495,
	"yaw" : 1.1282731547342428,
	"z" : -0.17155127840996287
}
