{
	"pitch" : 1.453432057813081,
	"roll" : -1.3341978707577544,
	"x" : 0.064977491940774221,
	"y" : -0.29115247885863615,
	"yaw" : 1.4689913944259823,
	"z" : -0.17024547095300807
}
