{
	"pitch" : 1.4882340414606223,
	"roll" : -1.4213597698426139,
	"x" : 0.044652905321911122,
	"y" : -0.11627835285583707,
	"yaw" : 1.3846609904098217,
	"z" : -0.22106358275028709
}
