{
	"pitch" : 1.4703667421264395,
	"roll" : -1.6564080774669416,
	"x" : 0.028637981092081363,
	"y" : -0.022625390119238101,
	"yaw" : 1.1580552286719077,
	"z" : -0.17046765993020177
}
