{
	"pitch" : 1.4720524114734319,
	"roll" : -1.5886178211920923,
	"x" : 0.033997334540447316,
	"y" : -0.039309523222893078,
	"yaw" : 1.2288309910593684,
	"z" : -0.16944026694342973
}
