{
	"pitch" : 1.4804580409422015,
	"roll" : -1.6321707592216528,
	"x" : 0.026539957838695408,
	"y" : -0.0053599002214983326,
	"yaw" : 1.1864871569807389,
	"z" : -0.17083423058494906
}
