{
	"pitch" : 1.4838162058434508,
	"roll" : -1.5644486288855639,
	"x" : 0.077017177194721911,
	"y" : -0.012558732997909803,
	"yaw" : 1.2535522266616128,
	"z" : -0.1696177318751208
}
