{
	"pitch" : 1.4922980442505376,
	"roll" : -1.4652780763559636,
	"x" : 0.075579600600800198,
	"y" : -0.01522025326965239,
	"yaw" : 1.3477019112855892,
	"z" : -0.16851973156523814
}
