{
	"pitch" : 1.493207939138961,
	"roll" : -1.3493863513891247,
	"x" : 0.12891014767657624,
	"y" : -0.0066971028060174055,
	"yaw" : 1.4728055858845561,
	"z" : -0.16879056973756587
}
