{
	"pitch" : 1.4992988591448742,
	"roll" : -1.4065049371782843,
	"x" : 0.11914038273769779,
	"y" : 0.015735860918606265,
	"yaw" : 1.4175096696406901,
	"z" : -0.16961140136950031
}
