{
	"pitch" : 1.4920492132266598,
	"roll" : -1.4311169008813998,
	"x" : 0.076780442635026827,
	"y" : -0.011017907512465919,
	"yaw" : 1.3851808405189368,
	"z" : -0.16863835906638791
}
