{
	"pitch" : 1.4924990922604702,
	"roll" : -1.45825276643135,
	"x" : 0.076328461625172234,
	"y" : -0.012128291974907793,
	"yaw" : 1.3519980077606686,
	"z" : -0.16868125448326679
}
