{
	"pitch" : 1.4708599150473369,
	"roll" : -1.5701549369573402,
	"x" : 0.048229471528882906,
	"y" : -0.052853171304134049,
	"yaw" : 1.2473939208899383,
	"z" : -0.16963582230360127
}
