{
	"pitch" : 1.480058933859808,
	"roll" : -1.6204145026496213,
	"x" : 0.031877732486677315,
	"y" : 0.012892426559483609,
	"yaw" : 1.1965831212769047,
	"z" : -0.1700194559674903
}
