{
	"pitch" : 1.4698789607421008,
	"roll" : -1.5159186550358774,
	"x" : 0.035788882192455282,
	"y" : -0.043164414055744643,
	"yaw" : 1.2929965972625659,
	"z" : -0.17054471816317321
}
