{
	"pitch" : 1.4986439284634401,
	"roll" : -1.3766317243932356,
	"x" : 0.10932567389834924,
	"y" : 0.027089075549712009,
	"yaw" : 1.4524437523933462,
	"z" : -0.16987489157215685
}
