{
	"pitch" : 1.4791036175533676,
	"roll" : -1.5258006872604875,
	"x" : 0.068450324167607962,
	"y" : -0.03690371487221384,
	"yaw" : 1.2856596631102766,
	"z" : -0.12558908333956398
}
