{
	"pitch" : 1.4621692309870631,
	"roll" : -1.5192262133340266,
	"x" : 0.015273372225481113,
	"y" : -0.12547959913699608,
	"yaw" : 1.2879969171297321,
	"z" : -0.17128275979438029
}
