{
	"pitch" : 1.4969429683440088,
	"roll" : -1.4195819938358862,
	"x" : 0.12112791367927765,
	"y" : 0.012761732832789356,
	"yaw" : 1.4035854487803774,
	"z" : -0.17002846018356149
}
