{
	"pitch" : 1.4850661261928102,
	"roll" : -1.6580280526791149,
	"x" : 0.042968299739574126,
	"y" : 0.026006017925553057,
	"yaw" : 1.1638366020097846,
	"z" : -0.17171791984699558
}
