{
	"pitch" : 1.4763510291321476,
	"roll" : -1.580689374556649,
	"x" : 0.026738086239775423,
	"y" : -0.018172198713318249,
	"yaw" : 1.2386184861456841,
	"z" : -0.17062561331721315
}
