{
	"pitch" : 1.4709338609338731,
	"roll" : -1.607653365832729,
	"x" : 0.034136567936607201,
	"y" : -0.035019578509964663,
	"yaw" : 1.2012204541535689,
	"z" : -0.17042378072584546
}
