{
	"pitch" : 1.4742902207090869,
	"roll" : -1.5379350205919238,
	"x" : 0.067740610689066574,
	"y" : -0.041650735519918894,
	"yaw" : 1.2677839107900284,
	"z" : -0.1701049038118288
}
