{
	"pitch" : 1.4724066139414056,
	"roll" : -1.5226865901288118,
	"x" : 0.038624950169842673,
	"y" : -0.045654374851724189,
	"yaw" : 1.2970587793216211,
	"z" : -0.16957295175000545
}
