{
	"pitch" : 1.4937989131449607,
	"roll" : -1.3903997953438669,
	"x" : 0.12741346552265037,
	"y" : -0.010504386545784949,
	"yaw" : 1.4315305298321759,
	"z" : -0.16830157875973217
}
