{
	"pitch" : 1.4895796149534128,
	"roll" : -1.5813399733900133,
	"x" : 0.077220690031261793,
	"y" : -0.012557058024554523,
	"yaw" : 1.2326208734601602,
	"z" : -0.17006784976259723
}
