{
	"pitch" : 1.4563445890277786,
	"roll" : -1.3559082419984718,
	"x" : 0.01762261777838478,
	"y" : -0.202942336480986,
	"yaw" : 1.456039035633915,
	"z" : -0.26482264832481522
}
