{
	"pitch" : 1.4830848101878991,
	"roll" : -1.5747256324256527,
	"x" : 0.077499606952941891,
	"y" : -0.012187664225694738,
	"yaw" : 1.2436215047939065,
	"z" : -0.16948689466044778
}
