{
	"pitch" : 1.4594199073656982,
	"roll" : -1.4089172913776147,
	"x" : 0.021139288598379227,
	"y" : -0.19116863775031162,
	"yaw" : 1.4140133487699058,
	"z" : -0.25413318303533
}
