{
	"pitch" : 1.4888329576376302,
	"roll" : -1.3634243688511329,
	"x" : 0.12410363159948282,
	"y" : -0.026972516138317137,
	"yaw" : 1.4573625555529675,
	"z" : -0.16857902531787014
}
