{
	"pitch" : 1.4730538847899244,
	"roll" : -1.485713155004353,
	"x" : 0.072371621614797696,
	"y" : -0.062878274301321896,
	"yaw" : 1.3239502031037405,
	"z" : -0.16876038112999073
}
