{
	"pitch" : 1.4733761936564953,
	"roll" : -1.465398646180156,
	"x" : 0.061750306993016521,
	"y" : -0.05906728345680521,
	"yaw" : 1.3536260273598746,
	"z" : -0.16886888564373917
}
