{
	"pitch" : 1.4964893886443051,
	"roll" : -1.6107973955175221,
	"x" : 0.052754871532717976,
	"y" : -0.089671120405138444,
	"yaw" : 1.1972353319929228,
	"z" : -0.208456501664988
}
