{
	"pitch" : 1.4783348012913835,
	"roll" : -1.5334232604626705,
	"x" : 0.078130672665291223,
	"y" : -0.012981271767939865,
	"yaw" : 1.2764157038947743,
	"z" : -0.22068615789367857
}
