{
	"pitch" : 1.4946260299827367,
	"roll" : -1.366842611856274,
	"x" : 0.12869891959959384,
	"y" : -0.0056349006844028694,
	"yaw" : 1.4555165071129823,
	"z" : -0.16866057083404967
}
