{
	"pitch" : 1.4695030881488533,
	"roll" : -1.6089026779773232,
	"x" : -0.032211889477793701,
	"y" : -0.11914205983869904,
	"yaw" : 1.2024117287577656,
	"z" : -0.17157760216023152
}
