{
	"pitch" : 1.5177942048756252,
	"roll" : 1.4728478741367683,
	"x" : 0.09319563698097269,
	"y" : -0.19652324038848229,
	"yaw" : -2.0805811214458996,
	"z" : -0.16710418232190291
}
