{
	"pitch" : 1.4801888604764863,
	"roll" : -1.5784602063753752,
	"x" : 0.082113839001797945,
	"y" : -0.0019862507447082692,
	"yaw" : 1.2347997164515181,
	"z" : -0.21934415288892115
}
