{
	"pitch" : 1.4820375956251504,
	"roll" : -1.5428426185004405,
	"x" : 0.079898782089928733,
	"y" : -0.0083823813325138719,
	"yaw" : 1.2698446351314481,
	"z" : -0.22017251625086615
}
