{
	"pitch" : 1.4519578106706987,
	"roll" : -1.4122109562935048,
	"x" : 0.017297360906946883,
	"y" : -0.19705883622206488,
	"yaw" : 1.3900828210992155,
	"z" : -0.170045333286968
}
