{
	"pitch" : 1.4942829234672552,
	"roll" : -1.5772306304540853,
	"x" : 0.076661454937816384,
	"y" : 0.039364344087716774,
	"yaw" : 1.2529672180457887,
	"z" : -0.17113651720939327
}
