{
	"pitch" : 1.4556843251455793,
	"roll" : -1.4847083408806112,
	"x" : -0.070092590518411615,
	"y" : -0.26103961146281857,
	"yaw" : 1.3207178288603785,
	"z" : -0.17446077106034699
}
