{
	"pitch" : 1.4862003261667545,
	"roll" : -1.2713855646684367,
	"x" : 0.1183132372238051,
	"y" : -0.039740075440183917,
	"yaw" : 1.5496073743208525,
	"z" : -0.16806283355728924
}
