{
	"pitch" : 1.4671457267838413,
	"roll" : -1.3501946696451517,
	"x" : 0.08717703509512445,
	"y" : -0.22024189242765513,
	"yaw" : 1.4653177479663337,
	"z" : -0.16893457213307528
}
