{
	"pitch" : 1.4538165280129776,
	"roll" : -1.4461797994404642,
	"x" : 0.028479615677255689,
	"y" : -0.17049728304167139,
	"yaw" : 1.3591009307934778,
	"z" : -0.16974747980389515
}
