{
	"pitch" : 1.471568000282574,
	"roll" : -1.4616362195394426,
	"x" : 0.069599361022626191,
	"y" : -0.062343856682980966,
	"yaw" : 1.3478554996633321,
	"z" : -0.16875230624142123
}
