{
	"pitch" : 1.4826209575561102,
	"roll" : -1.5532167313044634,
	"x" : 0.075752644796890603,
	"y" : -0.015337097775418883,
	"yaw" : 1.2611754082299333,
	"z" : -0.17016821958984926
}
