{
	"pitch" : 1.4947623919318842,
	"roll" : -1.3172272715859414,
	"x" : 0.12768460113655269,
	"y" : -0.0090147461814690868,
	"yaw" : 1.5050238941694125,
	"z" : -0.16835634145292383
}
