{
	"pitch" : 1.4758746170105781,
	"roll" : -1.5434020220674125,
	"x" : 0.067815295226381064,
	"y" : -0.041464404412674113,
	"yaw" : 1.2627511849846618,
	"z" : -0.17008412141047899
}
