{
	"pitch" : 1.4893988688045696,
	"roll" : -1.5961525838048425,
	"x" : 0.083026378268555689,
	"y" : 0.005843104825279154,
	"yaw" : 1.2185403140188129,
	"z" : -0.1239648127247667
}
