{
	"pitch" : 1.4829055674509557,
	"roll" : -1.6221946089250394,
	"x" : 0.09057752760176753,
	"y" : 0.024255795825787067,
	"yaw" : 1.1954547900613552,
	"z" : -0.20335337107802415
}
