{
	"pitch" : 1.4947382638012681,
	"roll" : -1.3148802112102513,
	"x" : 0.12765596072008209,
	"y" : -0.0089596182581222622,
	"yaw" : 1.507236353167638,
	"z" : -0.16838041181626423
}
