{
	"pitch" : 1.4674963379277293,
	"roll" : -1.5223958281204362,
	"x" : 0.062933343422480692,
	"y" : -0.059518067178303602,
	"yaw" : 1.2903485591734245,
	"z" : -0.17839501078912234
}
