{
	"pitch" : 1.4701160782622051,
	"roll" : -1.5121722666680171,
	"x" : 0.064778180634185098,
	"y" : -0.052235159842424744,
	"yaw" : 1.2970365791795884,
	"z" : -0.16948072152155413
}
