{
	"pitch" : 1.475433104991585,
	"roll" : -1.5320875352149392,
	"x" : 0.07355541491923305,
	"y" : -0.02626587657497655,
	"yaw" : 1.2743723861683323,
	"z" : -0.21808994711660962
}
