{
	"pitch" : 1.468606906571817,
	"roll" : -1.3795030047615511,
	"x" : 0.016986115692220076,
	"y" : -0.20361139704951853,
	"yaw" : 1.4328936952036488,
	"z" : -0.267769926517754
}
