{
	"pitch" : 1.49395542921346,
	"roll" : -1.4981931154334565,
	"x" : 0.075422226360592454,
	"y" : -0.013858316723407767,
	"yaw" : 1.3145968892310389,
	"z" : -0.16955444087893334
}
