{
	"pitch" : 1.470589354523951,
	"roll" : -1.4246774445820851,
	"x" : 0.088144603780350675,
	"y" : -0.15724527189652143,
	"yaw" : 1.3762054245763109,
	"z" : -0.16854118272440971
}
