{
	"pitch" : 1.4513739730020494,
	"roll" : -1.2850629134001956,
	"x" : 0.05938653056251135,
	"y" : -0.30141695949998276,
	"yaw" : 1.5188850161329994,
	"z" : -0.16981872525411407
}
