{
	"pitch" : 1.4923571821191166,
	"roll" : -1.6085621975141304,
	"x" : 0.08764910702458624,
	"y" : 0.020088968869719281,
	"yaw" : 1.2086891391427796,
	"z" : -0.13280017469357347
}
