{
	"pitch" : 1.4488437784338386,
	"roll" : -1.4481308457283208,
	"x" : -0.078632291447392297,
	"y" : -0.25819810585771608,
	"yaw" : 1.3545761342623448,
	"z" : -0.17448555434924598
}
