{
	"pitch" : 1.4969251891297743,
	"roll" : -1.3888682708460789,
	"x" : 0.12415928204285102,
	"y" : 0.008289400155012238,
	"yaw" : 1.4346063609952788,
	"z" : -0.16926589542496556
}
