{
	"pitch" : 1.4955598751774291,
	"roll" : -1.5704206353224481,
	"x" : 0.052036846559029015,
	"y" : -0.095289922257011522,
	"yaw" : 1.2329342429040164,
	"z" : -0.21076319516003655
}
