{
	"pitch" : 1.4425079479687664,
	"roll" : -1.3567829903042685,
	"x" : -0.014434452917008941,
	"y" : -0.29875306812302549,
	"yaw" : 1.4463388807252258,
	"z" : -0.17326554526617291
}
