{
	"pitch" : 1.469118817920305,
	"roll" : -1.4273326778163207,
	"x" : 0.062242365976575183,
	"y" : -0.06122314822608186,
	"yaw" : 1.3883490504464446,
	"z" : -0.16913643348891019
}
