{
	"pitch" : 1.4774436847361416,
	"roll" : -1.5774326502126172,
	"x" : 0.031539869563864682,
	"y" : -0.035444423170182766,
	"yaw" : 1.2443029731013213,
	"z" : -0.16976278088357005
}
