{
	"pitch" : 1.4954749095880635,
	"roll" : -1.570690953918253,
	"x" : 0.067128640698257858,
	"y" : 0.038290277530715899,
	"yaw" : 1.2617013737405767,
	"z" : -0.17122364883092417
}
