{
	"pitch" : 1.4951031808163748,
	"roll" : -1.5467645042994507,
	"x" : 0.097216164934957966,
	"y" : 0.035464779612188052,
	"yaw" : 1.2846424970172807,
	"z" : -0.17147306176321564
}
