{
	"pitch" : 1.4894093646577888,
	"roll" : -1.6077619112875006,
	"x" : 0.085776478198296369,
	"y" : 0.013914484190741276,
	"yaw" : 1.2092213168652481,
	"z" : -0.12820120703801202
}
