{
	"pitch" : 1.4883459855465291,
	"roll" : -1.6525140289063349,
	"x" : 0.046920470016341052,
	"y" : 0.028372630813769777,
	"yaw" : 1.1767570113120078,
	"z" : -0.17162097607450519
}
