{
	"pitch" : 1.4795513855735134,
	"roll" : -1.468465376552804,
	"x" : 0.067078113849515744,
	"y" : -0.016466071454765994,
	"yaw" : 1.3472738369782822,
	"z" : -0.16883308199141966
}
