{
	"pitch" : 1.4874973518310979,
	"roll" : -1.5000601845187329,
	"x" : 0.076030534374421754,
	"y" : -0.012820823807528412,
	"yaw" : 1.3170125736469558,
	"z" : -0.16939881482796953
}
