{
	"pitch" : 1.4961228109582247,
	"roll" : -1.5475326164339354,
	"x" : 0.092790565769776803,
	"y" : 0.036197853019501111,
	"yaw" : 1.2732710631837882,
	"z" : -0.17159556224830869
}
