{
	"pitch" : 1.490137850818968,
	"roll" : -1.5298549588168975,
	"x" : 0.092342559900783383,
	"y" : 0.033995707449846452,
	"yaw" : 1.2900619790296608,
	"z" : -0.18666266354898314
}
