{
	"pitch" : 1.4694236436270685,
	"roll" : -1.5299145636243745,
	"x" : 0.066768376009058925,
	"y" : -0.04610121759754443,
	"yaw" : 1.276075505137954,
	"z" : -0.20564653798384708
}
