{
	"pitch" : 1.4825154892259105,
	"roll" : -1.5114300377605201,
	"x" : 0.0856768145672238,
	"y" : 0.011867664748550747,
	"yaw" : 1.3004846627355808,
	"z" : -0.21394650450175004
}
