{
	"pitch" : 1.4930755115183041,
	"roll" : -1.5563426722430673,
	"x" : 0.091663356134878263,
	"y" : 0.032669905888962097,
	"yaw" : 1.2616454693382968,
	"z" : -0.18805394408317472
}
