{
	"pitch" : 1.4738678706827444,
	"roll" : -1.5717277877344775,
	"x" : 0.031955481044302278,
	"y" : -0.034056912329980357,
	"yaw" : 1.2436984716762889,
	"z" : -0.16990222160869634
}
