{
	"pitch" : 1.4710205606027551,
	"roll" : -1.4808329662443194,
	"x" : 0.052138505259156427,
	"y" : -0.055667030921231139,
	"yaw" : 1.3359942855323905,
	"z" : -0.1688901834792928
}
