{
	"pitch" : 1.4924635206621031,
	"roll" : -1.5525978179270505,
	"x" : 0.091737382676491661,
	"y" : 0.032785265656048099,
	"yaw" : 1.2658139539349862,
	"z" : -0.18805555263300333
}
