{
	"pitch" : 1.4757510976205914,
	"roll" : -1.5459167698992224,
	"x" : 0.044993430847308419,
	"y" : -0.11041138584330511,
	"yaw" : 1.2713812396852302,
	"z" : -0.16940953469235326
}
