{
	"pitch" : 1.4695329430534094,
	"roll" : -1.5847268257362246,
	"x" : -0.041503222814447918,
	"y" : -0.13592317266272536,
	"yaw" : 1.2406041742783287,
	"z" : -0.17250910397084546
}
