{
	"pitch" : 1.4807501663179974,
	"roll" : -1.488706212120315,
	"x" : 0.07586454122160452,
	"y" : -0.014804732589730529,
	"yaw" : 1.3265097658222862,
	"z" : -0.1698517130404173
}
