{
	"pitch" : 1.4496214742449816,
	"roll" : -1.3705614017186383,
	"x" : -0.0082458748307120827,
	"y" : -0.27943816307447333,
	"yaw" : 1.4306717456554556,
	"z" : -0.17291034484247964
}
