{
	"pitch" : 1.4685126632699714,
	"roll" : -1.5809580070642357,
	"x" : 0.023213961013390481,
	"y" : -0.13540882863947679,
	"yaw" : 1.2304577700746211,
	"z" : -0.17086890811198852
}
