{
	"pitch" : 1.464009356518339,
	"roll" : -1.5216339244846184,
	"x" : 0.028254171444341128,
	"y" : -0.1174865831223675,
	"yaw" : 1.2844753098134416,
	"z" : -0.17100825294862418
}
