{
	"pitch" : 1.4867316998807694,
	"roll" : -1.6221368942492478,
	"x" : 0.046493248505832183,
	"y" : 0.028835902021711379,
	"yaw" : 1.2075116168995008,
	"z" : -0.17148983737063317
}
