{
	"pitch" : 1.4979088714964039,
	"roll" : -1.3889583401561867,
	"x" : 0.12382599743782247,
	"y" : 0.0089654251974054192,
	"yaw" : 1.4343582957521734,
	"z" : -0.1695204350047769
}
