{
	"pitch" : 1.4691986658151885,
	"roll" : -1.4368774589747852,
	"x" : 0.060935653894960549,
	"y" : -0.061023595993436611,
	"yaw" : 1.3696108979395063,
	"z" : -0.16910712443172171
}
