{
	"pitch" : 1.4707699765794382,
	"roll" : -1.4915169813315687,
	"x" : -0.064427432134114379,
	"y" : -0.16088548664990873,
	"yaw" : 1.3205011801416757,
	"z" : -0.17273417732721236
}
