{
	"pitch" : 1.4764992504233707,
	"roll" : -1.3579556304864859,
	"x" : 0.021827450521078089,
	"y" : -0.18843790533290239,
	"yaw" : 1.4552355947344229,
	"z" : -0.259311458896957
}
