{
	"pitch" : 1.4756133872696109,
	"roll" : -1.5829012560436877,
	"x" : 0.032252340744935076,
	"y" : -0.03547429578704471,
	"yaw" : 1.2378444948862584,
	"z" : -0.17023342645408956
}
