{
	"pitch" : 1.4867019903626275,
	"roll" : -1.319664532959447,
	"x" : 0.12140502375815208,
	"y" : -0.035538880657082793,
	"yaw" : 1.4987316759544254,
	"z" : -0.16792954887427888
}
