{
	"pitch" : 1.4839506722789446,
	"roll" : -1.5397969832808354,
	"x" : 0.091016504223098732,
	"y" : 0.029468798897130964,
	"yaw" : 1.2770043504094128,
	"z" : -0.19586628424662736
}
