{
	"pitch" : 1.4747719051647987,
	"roll" : -1.4657466648650634,
	"x" : 0.061554158876971077,
	"y" : -0.058728547131806995,
	"yaw" : 1.3497769051920274,
	"z" : -0.15229416530589918
}
