{
	"pitch" : 1.4833008635464635,
	"roll" : -1.5492139254485464,
	"x" : 0.073901171048420047,
	"y" : -0.021055645894807861,
	"yaw" : 1.2644909635868131,
	"z" : -0.11972631145682355
}
