{
	"pitch" : 1.4451025620327524,
	"roll" : -1.4047612487058434,
	"x" : -0.016620941824920465,
	"y" : -0.30878058324424068,
	"yaw" : 1.3968660333718126,
	"z" : -0.1740924032839225
}
