{
	"pitch" : 1.4832495832031396,
	"roll" : -1.5656474215581422,
	"x" : 0.031683422871811306,
	"y" : 0.01193737888193726,
	"yaw" : 1.254864729429799,
	"z" : -0.17051205320055499
}
