{
	"pitch" : 1.4531061166669579,
	"roll" : -1.4395330775075372,
	"x" : 0.028790861017801962,
	"y" : -0.16931988813181437,
	"yaw" : 1.3650263385319463,
	"z" : -0.16985449160825347
}
