{
	"pitch" : 1.4726620317485815,
	"roll" : -1.5104374376912921,
	"x" : 0.067923284081299093,
	"y" : -0.040923031716769379,
	"yaw" : 1.3007028055394967,
	"z" : -0.16940373353475516
}
