{
	"pitch" : 1.4666511041432353,
	"roll" : -1.5090576113993335,
	"x" : 0.048245738686357537,
	"y" : -0.10766224123735069,
	"yaw" : 1.2977547942926271,
	"z" : -0.16978237294053547
}
