{
	"pitch" : 1.4838858589831689,
	"roll" : -1.3983320353453448,
	"x" : 0.10938240891626427,
	"y" : -0.05147606770153982,
	"yaw" : 1.4193215729699236,
	"z" : -0.1682892552071461
}
