{
	"pitch" : 1.47974878466127,
	"roll" : -1.5200145308103823,
	"x" : 0.067603777228630299,
	"y" : -0.039991849643074596,
	"yaw" : 1.2919290010740165,
	"z" : -0.12777031431190189
}
