{
	"pitch" : 1.475470061305415,
	"roll" : -1.5642014857111184,
	"x" : 0.028411652878620762,
	"y" : -0.026707478132276048,
	"yaw" : 1.2555047236061097,
	"z" : -0.17024071521935563
}
