{
	"pitch" : 1.4821853387395596,
	"roll" : -1.6077082020524558,
	"x" : 0.026889053752712756,
	"y" : 0.00046218492782854233,
	"yaw" : 1.2121299277788058,
	"z" : -0.17064454332461274
}
