{
	"pitch" : 1.4741638028352158,
	"roll" : -1.5021960100583738,
	"x" : -0.0061872205557289006,
	"y" : -0.098575395065258087,
	"yaw" : 1.3170547236412327,
	"z" : -0.17046066794398049
}
