{
	"pitch" : 1.4950708490152715,
	"roll" : -1.5615807228265268,
	"x" : 0.092554300343946738,
	"y" : 0.035734350974986166,
	"yaw" : 1.2594182433039411,
	"z" : -0.16284446430999289
}
