{
	"pitch" : 1.4836958954067887,
	"roll" : -1.5675801387400237,
	"x" : 0.077258686589771988,
	"y" : -0.012379038356892467,
	"yaw" : 1.2505785161118794,
	"z" : -0.16962092987714392
}
