{
	"pitch" : 1.4744792176951798,
	"roll" : -1.5482187306047683,
	"x" : -0.035965610106542936,
	"y" : -0.13082966682323338,
	"yaw" : 1.2745938190371178,
	"z" : -0.17150800293296015
}
