{
	"pitch" : 1.4818334799451143,
	"roll" : -1.5363805957768637,
	"x" : 0.086228612910311614,
	"y" : 0.011525432726125478,
	"yaw" : 1.2764956449762059,
	"z" : -0.21421370408957122
}
