{
	"pitch" : 1.467417631913728,
	"roll" : -1.5027357422925205,
	"x" : 0.063024664749424655,
	"y" : -0.059195635490414254,
	"yaw" : 1.3117198107919934,
	"z" : -0.17859842933265407
}
