{
	"pitch" : 1.4821268390785571,
	"roll" : -1.5510980473055513,
	"x" : 0.075729415325163391,
	"y" : -0.015395808074306086,
	"yaw" : 1.2630493982757733,
	"z" : -0.17016879935060833
}
