{
	"pitch" : 1.4574799503732112,
	"roll" : -1.3611908548500726,
	"x" : 0.016091556336278103,
	"y" : -0.20677150781919057,
	"yaw" : 1.4514966179230686,
	"z" : -0.26929990481643606
}
