{
	"pitch" : 1.4991969868736363,
	"roll" : -1.3831440372542541,
	"x" : 0.10832910854578121,
	"y" : 0.027800978610702277,
	"yaw" : 1.4459836749006909,
	"z" : -0.16981081780617382
}
