{
	"pitch" : 1.4785117223868458,
	"roll" : -1.5230608402924799,
	"x" : 0.066450890679704458,
	"y" : -0.042856929420668412,
	"yaw" : 1.2895510272976185,
	"z" : -0.12997065206539601
}
