{
	"pitch" : 1.4913388426968521,
	"roll" : -1.5653018008013464,
	"x" : 0.080331624431150758,
	"y" : 0.0027796344120382798,
	"yaw" : 1.2488770036585155,
	"z" : -0.12127299601043331
}
