{
	"pitch" : 1.4912683532936317,
	"roll" : -1.6232629296122352,
	"x" : 0.083727018892894828,
	"y" : 0.0081912766321420895,
	"yaw" : 1.1927235945276793,
	"z" : -0.12516041485015575
}
