{
	"pitch" : 1.4926763529732423,
	"roll" : -1.5367908950391285,
	"x" : 0.09245024568943401,
	"y" : 0.034202831596300234,
	"yaw" : 1.2824299413158664,
	"z" : -0.18482784872977548
}
