{
	"pitch" : 1.4533565355477163,
	"roll" : -1.4286115453746193,
	"x" : 0.0091889043560049177,
	"y" : -0.22325148067009565,
	"yaw" : 1.369736463142222,
	"z" : -0.17074772281618369
}
