{
	"pitch" : 1.4861971601052322,
	"roll" : -1.3392780630706456,
	"x" : 0.12285634624702985,
	"y" : -0.034165508883775106,
	"yaw" : 1.4848357916639687,
	"z" : -0.16911731179453984
}
