{
	"pitch" : 1.4744166698532304,
	"roll" : -1.4607518704671545,
	"x" : 0.063108644880346246,
	"y" : -0.054878440785103011,
	"yaw" : 1.3519190614849517,
	"z" : -0.1444486231663398
}
