{
	"pitch" : 1.4977416360789841,
	"roll" : -1.3901424387325421,
	"x" : 0.11021574159701142,
	"y" : 0.026070536178814906,
	"yaw" : 1.437884136651844,
	"z" : -0.16937660929428153
}
