{
	"pitch" : 1.4705178827327925,
	"roll" : -1.5460048318178983,
	"x" : -0.02694792191398139,
	"y" : -0.11185980555866204,
	"yaw" : 1.2634842543835823,
	"z" : -0.17186256777906223
}
