{
	"pitch" : 1.4720520950745131,
	"roll" : -1.4898670533369336,
	"x" : 0.069946205169859499,
	"y" : -0.062396326675119837,
	"yaw" : 1.3192456205388821,
	"z" : -0.16886611756189226
}
