{
	"pitch" : 1.486060539164858,
	"roll" : -1.6017899870886518,
	"x" : 0.087913581858890838,
	"y" : 0.018040397852397069,
	"yaw" : 1.2145711438212659,
	"z" : -0.20961360579485749
}
