{
	"pitch" : 1.4524227395962266,
	"roll" : -1.466647989039213,
	"x" : 0.024158219962123202,
	"y" : -0.17895570259267674,
	"yaw" : 1.3390264771832534,
	"z" : -0.17017379443962496
}
