{
	"pitch" : 1.4962982612311164,
	"roll" : -1.3409747724692485,
	"x" : 0.12232832476328792,
	"y" : 0.010180106195997208,
	"yaw" : 1.4828720332546812,
	"z" : -0.16895096303220483
}
