{
	"pitch" : 1.4824916452240253,
	"roll" : -1.6143692192888965,
	"x" : 0.050677878018819379,
	"y" : 0.031700798436894398,
	"yaw" : 1.2103740765188624,
	"z" : -0.17143795403500617
}
