{
	"pitch" : 1.488885205657692,
	"roll" : -1.6546941999071412,
	"x" : 0.045879479037746931,
	"y" : 0.027803523510700673,
	"yaw" : 1.1732281254103369,
	"z" : -0.17131851441954557
}
