{
	"pitch" : 1.4538762249123003,
	"roll" : -1.4362425847640508,
	"x" : 0.012030975643094757,
	"y" : -0.21603076198894103,
	"yaw" : 1.3649935081876092,
	"z" : -0.17068364624367993
}
