{
	"pitch" : 1.4933674016719671,
	"roll" : -1.6348826328890622,
	"x" : 0.090992757847096747,
	"y" : 0.029579132789822372,
	"yaw" : 1.1862156242428812,
	"z" : -0.14584151278336785
}
