{
	"pitch" : 1.4752460130714886,
	"roll" : -1.4976307503771746,
	"x" : 0.062037559073256081,
	"y" : -0.058859634838497543,
	"yaw" : 1.3175470761966828,
	"z" : -0.15227302680282892
}
