{
	"pitch" : 1.4549125658536564,
	"roll" : -1.4504794165254247,
	"x" : 0.013798137518599395,
	"y" : -0.20906105026830157,
	"yaw" : 1.3519673852917371,
	"z" : -0.17038670288049987
}
