{
	"pitch" : 1.4838835636067871,
	"roll" : -1.6255940714868637,
	"x" : 0.050470695067090697,
	"y" : 0.031464934514427841,
	"yaw" : 1.1992894440728636,
	"z" : -0.17122529017053323
}
