{
	"pitch" : 1.4693044664921751,
	"roll" : -1.4814409412834855,
	"x" : 0.063228517812359178,
	"y" : -0.05830647790688237,
	"yaw" : 1.3268999415610372,
	"z" : -0.18341911225444277
}
