{
	"pitch" : 1.4505886499947989,
	"roll" : -1.42931296160917,
	"x" : 0.016217883638687605,
	"y" : -0.20124032309177575,
	"yaw" : 1.3739267936950033,
	"z" : -0.17002145896461968
}
