{
	"pitch" : 1.448883911966568,
	"roll" : -1.4575493518301603,
	"x" : -0.078729692302618254,
	"y" : -0.25807732805485512,
	"yaw" : 1.3454634370316554,
	"z" : -0.17439249733115164
}
