{
	"pitch" : 1.4629653687331987,
	"roll" : -1.3197014416117094,
	"x" : 0.013786952438012666,
	"y" : -0.2935513371678154,
	"yaw" : 1.4923242314375782,
	"z" : -0.17134412444159497
}
