{
	"pitch" : 1.4655394956207568,
	"roll" : -1.5391668259912559,
	"x" : 0.019033551187387449,
	"y" : -0.19150907578626081,
	"yaw" : 1.2694730859473631,
	"z" : -0.091231098429390728
}
