{
	"pitch" : 1.4551220140583108,
	"roll" : -1.4638391310018057,
	"x" : 0.013758393465670059,
	"y" : -0.20875148222597756,
	"yaw" : 1.3379682637110755,
	"z" : -0.1705461805649138
}
