{
	"pitch" : 1.4741125653124578,
	"roll" : -1.516616536876519,
	"x" : 0.071296855344227833,
	"y" : -0.032975991593124115,
	"yaw" : 1.2907638573935643,
	"z" : -0.21543254084656308
}
