{
	"pitch" : 1.4844217694346609,
	"roll" : -1.3005546115657403,
	"x" : 0.11693837606608826,
	"y" : -0.040847250597942031,
	"yaw" : 1.5211496224174101,
	"z" : -0.16799123249239423
}
