{
	"pitch" : 1.4718755041169802,
	"roll" : -1.5761413617423865,
	"x" : 0.046773199659035467,
	"y" : -0.052089500765839361,
	"yaw" : 1.242015254962946,
	"z" : -0.16943557835490947
}
