{
	"pitch" : 1.453236216922547,
	"roll" : -1.4308469308464624,
	"x" : 0.013930467081876549,
	"y" : -0.20825853245813722,
	"yaw" : 1.370844072940677,
	"z" : -0.17097548551208799
}
