{
	"pitch" : 1.4848355605576928,
	"roll" : -1.6549546580309238,
	"x" : 0.042928739231579312,
	"y" : 0.02608268218043077,
	"yaw" : 1.1668224171394619,
	"z" : -0.17168359272753289
}
