{
	"pitch" : 1.4898472271344951,
	"roll" : -1.4282295686083393,
	"x" : 0.06756485447298817,
	"y" : -0.017172857897572065,
	"yaw" : 1.3912827204308214,
	"z" : -0.16882169467796376
}
