{
	"pitch" : 1.4713683718994541,
	"roll" : -1.6260373110999438,
	"x" : 0.028682588406000686,
	"y" : -0.022535789210947017,
	"yaw" : 1.1879721835644248,
	"z" : -0.17039688788162474
}
