{
	"pitch" : 1.4712071398788886,
	"roll" : -1.4809278258924676,
	"x" : 0.06041318897733295,
	"y" : -0.061908760490589076,
	"yaw" : 1.3286136883231692,
	"z" : -0.16951628241424227
}
