{
	"pitch" : 1.4564624395344765,
	"roll" : -1.4427367361196151,
	"x" : -0.014673588084699096,
	"y" : -0.29570847132818312,
	"yaw" : 1.3649041907970416,
	"z" : -0.1588304102730225
}
