{
	"pitch" : 1.4770589056761669,
	"roll" : -1.5782102388434205,
	"x" : 0.031603531496912515,
	"y" : -0.035371705845830631,
	"yaw" : 1.2431687356396515,
	"z" : -0.16977637744810964
}
