{
	"pitch" : 1.4927569360446431,
	"roll" : -1.3753029506235697,
	"x" : 0.12796555565524256,
	"y" : -0.0050419023366402044,
	"yaw" : 1.4483388397199248,
	"z" : -0.16897930990440929
}
