{
	"pitch" : 1.4669867123823828,
	"roll" : -1.540885133370657,
	"x" : 0.065268931608964992,
	"y" : -0.053289463586003949,
	"yaw" : 1.2671003689947431,
	"z" : -0.19630451599952639
}
