{
	"pitch" : 1.4969119215099975,
	"roll" : -1.4593782084125966,
	"x" : 0.11714090845918894,
	"y" : 0.020007928100643821,
	"yaw" : 1.3700467492539146,
	"z" : -0.16997666686731044
}
