{
	"pitch" : 1.4698508740739229,
	"roll" : -1.3694076841435576,
	"x" : 0.017158972609226851,
	"y" : -0.20134750190435843,
	"yaw" : 1.44183200188105,
	"z" : -0.26635661371618669
}
