{
	"pitch" : 1.4944426622860114,
	"roll" : -1.5571278563612543,
	"x" : 0.092367244725441347,
	"y" : 0.036396359778118559,
	"yaw" : 1.2666645262481921,
	"z" : -0.16810250361203991
}
