{
	"pitch" : 1.4604211996528795,
	"roll" : -1.5055318765690604,
	"x" : 0.011092247880504252,
	"y" : -0.21037149807935207,
	"yaw" : 1.3011334686617768,
	"z" : -0.070733435174592629
}
