{
	"pitch" : 1.4471300605170148,
	"roll" : -1.4122974539976172,
	"x" : -0.015223364893867677,
	"y" : -0.30864920293251091,
	"yaw" : 1.3899378341622233,
	"z" : -0.17356969052101551
}
