{
	"pitch" : 1.4674823290090122,
	"roll" : -1.4796419820652598,
	"x" : 0.052081812372017353,
	"y" : -0.056964481140288986,
	"yaw" : 1.3319668626044228,
	"z" : -0.16894497111023141
}
