{
	"pitch" : 1.448577961767896,
	"roll" : -1.4209721927778836,
	"x" : -0.0079710486810220665,
	"y" : -0.27862556886135781,
	"yaw" : 1.3824323905347982,
	"z" : -0.17249119798284485
}
