{
	"pitch" : 1.4818060308004191,
	"roll" : -1.5150644422494908,
	"x" : 0.071724797714030591,
	"y" : -0.025147452155574943,
	"yaw" : 1.2963132031843805,
	"z" : -0.1700390417118843
}
