{
	"pitch" : 1.483381684956792,
	"roll" : -1.6207504143272753,
	"x" : 0.039404305154151602,
	"y" : 0.021918075444642891,
	"yaw" : 1.2023359889716074,
	"z" : -0.17150146856388282
}
