{
	"pitch" : 1.4642408340843542,
	"roll" : -1.5414850201424541,
	"x" : 0.073957723982185003,
	"y" : -0.023169204006651477,
	"yaw" : 1.2649953237298577,
	"z" : -0.1702832209284196
}
