{
	"pitch" : 1.4516392943447434,
	"roll" : -1.320508712768123,
	"x" : 0.046625280299491513,
	"y" : -0.29738448244519805,
	"yaw" : 1.4872701919266325,
	"z" : -0.17014494651435585
}
