{
	"pitch" : 1.4678247281590844,
	"roll" : -1.5179042940781495,
	"x" : 0.010041776090783217,
	"y" : -0.22278982851347406,
	"yaw" : 1.2917198321891117,
	"z" : -0.081820677556632138
}
