{
	"pitch" : 1.4862808192284911,
	"roll" : -1.5054034191599688,
	"x" : 0.076160034596832515,
	"y" : -0.012671663268267927,
	"yaw" : 1.3096937882568584,
	"z" : -0.11883630477318183
}
