{
	"pitch" : 1.477313855060618,
	"roll" : -1.6006706233733021,
	"x" : 0.042851427625309281,
	"y" : -0.12193841065260215,
	"yaw" : 1.2166425303962392,
	"z" : -0.15992398088803672
}
