{
	"pitch" : 1.4787037838631858,
	"roll" : -1.4270403367997371,
	"x" : 0.086451213175673891,
	"y" : -0.061874887712501672,
	"yaw" : 1.3904704282059714,
	"z" : -0.16846538382139065
}
