{
	"pitch" : 1.4434025973133529,
	"roll" : -1.3661465625617264,
	"x" : -0.016816674275397028,
	"y" : -0.30645330218997702,
	"yaw" : 1.4351589384614456,
	"z" : -0.17391559745907598
}
