{
	"pitch" : 1.4840123647571357,
	"roll" : -1.5686601113949852,
	"x" : 0.077309846643418445,
	"y" : -0.012316813173149251,
	"yaw" : 1.2496099525504136,
	"z" : -0.16954213595886025
}
