{
	"pitch" : 1.4674648481916044,
	"roll" : -1.5220049577364014,
	"x" : 0.06469640470323465,
	"y" : -0.054000796969917553,
	"yaw" : 1.284775766017525,
	"z" : -0.19510848765300701
}
