{
	"pitch" : 1.4699862173537512,
	"roll" : -1.5874921706235998,
	"x" : 0.032129045507950565,
	"y" : -0.035722667737568797,
	"yaw" : 1.221032639708975,
	"z" : -0.17019609865003332
}
