{
	"pitch" : 1.4624845437670111,
	"roll" : -1.5118718783844578,
	"x" : 0.017914492999788055,
	"y" : -0.12334402179772472,
	"yaw" : 1.2936185214732605,
	"z" : -0.17106212194135176
}
