{
	"pitch" : 1.4730382602316208,
	"roll" : -1.5715378920339966,
	"x" : 0.039897105539037282,
	"y" : -0.046275263453034662,
	"yaw" : 1.2482751642855869,
	"z" : -0.16991937698846171
}
