{
	"pitch" : 1.4812884436558094,
	"roll" : -1.455573520543155,
	"x" : 0.068543730756618931,
	"y" : -0.035540801513691093,
	"yaw" : 1.3535723617566515,
	"z" : -0.16943516189173125
}
