{
	"pitch" : 1.4523615657975284,
	"roll" : -1.4186746647808675,
	"x" : 0.00035253531029907914,
	"y" : -0.2524057951575141,
	"yaw" : 1.3835168959076254,
	"z" : -0.17171021760351646
}
