{
	"pitch" : 1.4811352137210347,
	"roll" : -1.6833377058365016,
	"x" : 0.030371255447034867,
	"y" : 0.0056773752485275199,
	"yaw" : 1.1379726331327571,
	"z" : -0.17084815409385046
}
