{
	"pitch" : 1.4828706798641327,
	"roll" : -1.7119940533787501,
	"x" : 0.037981891909971373,
	"y" : 0.019319152357739872,
	"yaw" : 1.1080599367284492,
	"z" : -0.17160729081346038
}
