{
	"pitch" : 1.5030876051747446,
	"roll" : -1.4810699420376907,
	"x" : 0.10823411850675489,
	"y" : 0.029476160814217094,
	"yaw" : 1.3499759994637606,
	"z" : -0.17006219332297715
}
