{
	"pitch" : 1.4542448966291555,
	"roll" : -1.3131404133012257,
	"x" : 0.034684778079211186,
	"y" : -0.29444646657889045,
	"yaw" : 1.4927525339516521,
	"z" : -0.17099359883500681
}
