{
	"pitch" : 1.4676753290002642,
	"roll" : -1.4939997384735588,
	"x" : 0.050635849745849643,
	"y" : -0.056027473947896159,
	"yaw" : 1.3163489247338274,
	"z" : -0.16914661532916311
}
