{
	"pitch" : 1.497429291964762,
	"roll" : -1.434466787890438,
	"x" : 0.12006538655639588,
	"y" : 0.014723645412137127,
	"yaw" : 1.3893936082217231,
	"z" : -0.16967178227830942
}
