{
	"pitch" : 1.480555917096936,
	"roll" : -1.4904072702734825,
	"x" : 0.075578281494216748,
	"y" : -0.015852864442436616,
	"yaw" : 1.3239403988710123,
	"z" : -0.16990031372315828
}
