{
	"pitch" : 1.4782047662238238,
	"roll" : -1.6509394123485917,
	"x" : 0.026484099104689934,
	"y" : -0.0074577691883226278,
	"yaw" : 1.167600971749077,
	"z" : -0.17110383546530761
}
