{
	"pitch" : 1.4888020247441973,
	"roll" : -1.6121885986103552,
	"x" : 0.0831699377603769,
	"y" : 0.0061261941412930725,
	"yaw" : 1.2026469553936343,
	"z" : -0.12408477915437616
}
