{
	"pitch" : 1.4628126904339029,
	"roll" : -1.5129944665052633,
	"x" : 0.018395184081371127,
	"y" : -0.12295338326036334,
	"yaw" : 1.2925664605604639,
	"z" : -0.17097361593678473
}
