{
	"pitch" : 1.4670536674013088,
	"roll" : -1.5043685390595358,
	"x" : 0.011157522523920146,
	"y" : -0.21447240870227646,
	"yaw" : 1.3092047116645014,
	"z" : -0.073725794699279201
}
