{
	"pitch" : 1.4960549912200698,
	"roll" : -1.4600398141070441,
	"x" : 0.081742925112029713,
	"y" : 0.039396256185016243,
	"yaw" : 1.3759616116049189,
	"z" : -0.17105990147005981
}
