{
	"pitch" : 1.4646926835576901,
	"roll" : -1.5206518007979066,
	"x" : 0.018527996547102882,
	"y" : -0.19236516149317762,
	"yaw" : 1.2876821373118612,
	"z" : -0.090136528315915274
}
