{
	"pitch" : 1.4607504324846381,
	"roll" : -1.3000631584484799,
	"x" : 0.11233257084879494,
	"y" : -0.24041298755344739,
	"yaw" : 1.5089853480404822,
	"z" : -0.16803797029882753
}
