{
	"pitch" : 1.4841119285219633,
	"roll" : -1.4574476181392721,
	"x" : 0.10425127397650127,
	"y" : -0.056036491362839634,
	"yaw" : 1.3621399482211911,
	"z" : -0.16838375943375422
}
