{
	"pitch" : 1.4911643509290449,
	"roll" : -1.5195379341963522,
	"x" : 0.074881890079218971,
	"y" : -0.014384633843924428,
	"yaw" : 1.2989978939656501,
	"z" : -0.17044313360959545
}
