{
	"pitch" : 1.4679063977677469,
	"roll" : -1.523597903812673,
	"x" : 0.064697447744768655,
	"y" : -0.054136633494584176,
	"yaw" : 1.282955297402437,
	"z" : -0.19482739264090426
}
