{
	"pitch" : 1.493741583528607,
	"roll" : -1.5455929080039732,
	"x" : 0.068932123480045862,
	"y" : 0.038874676624248976,
	"yaw" : 1.284388532125498,
	"z" : -0.17128976689861
}
