{
	"pitch" : 1.4624767097562537,
	"roll" : -1.5528102337344145,
	"x" : 0.07489327141168918,
	"y" : -0.018777557233787656,
	"yaw" : 1.2529215579373165,
	"z" : -0.1703933439759725
}
