{
	"pitch" : 1.468048868939446,
	"roll" : -1.4896140637401847,
	"x" : 0.050087180055742996,
	"y" : -0.055805040757982108,
	"yaw" : 1.3206803920831047,
	"z" : -0.16925900020028345
}
