{
	"pitch" : 1.4776335365199973,
	"roll" : -1.5240746705632273,
	"x" : 0.066449883099741439,
	"y" : -0.043897408667027508,
	"yaw" : 1.2883979346485888,
	"z" : -0.13105611830724195
}
