{
	"pitch" : 1.4719396102300235,
	"roll" : -1.5939885172160322,
	"x" : 0.034068467548330719,
	"y" : -0.039188029975602459,
	"yaw" : 1.2236654498882109,
	"z" : -0.16933209655806369
}
