{
	"pitch" : 1.4510069810853183,
	"roll" : -1.442217700426248,
	"x" : 0.015324419188400676,
	"y" : -0.20274727233423567,
	"yaw" : 1.3608774262245469,
	"z" : -0.17019823324987407
}
