{
	"pitch" : 1.470053491607771,
	"roll" : -1.569289475275873,
	"x" : 0.031162749297609926,
	"y" : -0.035750474136021698,
	"yaw" : 1.2383234901443732,
	"z" : -0.16999483345416438
}
