{
	"pitch" : 1.4668425065536688,
	"roll" : -1.4535438989869087,
	"x" : 0.053684607571648918,
	"y" : -0.057549349283194967,
	"yaw" : 1.3588165178412841,
	"z" : -0.16896087641108129
}
