{
	"pitch" : 1.4469083911106431,
	"roll" : -1.3952745877664787,
	"x" : -0.014176646160353093,
	"y" : -0.30559319120414463,
	"yaw" : 1.4067437742078281,
	"z" : -0.17410923640095111
}
