{
	"pitch" : 1.4813250149096564,
	"roll" : -1.5928901722505626,
	"x" : 0.082877322209112217,
	"y" : 0.001040113779649552,
	"yaw" : 1.2216865736054625,
	"z" : -0.21874204599390054
}
