{
	"pitch" : 1.4806302359678853,
	"roll" : -1.5303264980619644,
	"x" : 0.080301321031475928,
	"y" : -0.0074893608030552408,
	"yaw" : 1.2819206711757971,
	"z" : -0.22008876417306955
}
