{
	"pitch" : 1.4838838862978148,
	"roll" : -1.4125539499249529,
	"x" : 0.11177691705273748,
	"y" : -0.048754957952382015,
	"yaw" : 1.4063478573604844,
	"z" : -0.16862605773547554
}
