{
	"pitch" : 1.4875078359220419,
	"roll" : -1.5089932755313311,
	"x" : 0.076145792891902125,
	"y" : -0.012836299364319905,
	"yaw" : 1.3083261781960074,
	"z" : -0.16947470195634856
}
