{
	"pitch" : 1.4747605743427608,
	"roll" : -1.5122369842384629,
	"x" : 0.071954271123730665,
	"y" : -0.030322723822746724,
	"yaw" : 1.2938598395202199,
	"z" : -0.21622872945414465
}
