{
	"pitch" : 1.4536006705637701,
	"roll" : -1.6117762966120974,
	"x" : -0.063886932671222668,
	"y" : -0.17051678134517362,
	"yaw" : 1.1988503191565043,
	"z" : -0.1739568536657973
}
