{
	"pitch" : 1.4918939040298898,
	"roll" : -1.4977579857684349,
	"x" : 0.052332036004038282,
	"y" : -0.037649996078214919,
	"yaw" : 1.3224769909359184,
	"z" : -0.16946853677256432
}
