{
	"pitch" : 1.4555988265446793,
	"roll" : -1.4202974386289895,
	"x" : 0.0025360403056094161,
	"y" : -0.24671131709318636,
	"yaw" : 1.3820889108313041,
	"z" : -0.17156183925577606
}
