{
	"pitch" : 1.4708200442339614,
	"roll" : -1.5524415107181533,
	"x" : -0.06858258526088859,
	"y" : -0.16515929558858053,
	"yaw" : 1.258121072527796,
	"z" : -0.1725976586977897
}
