{
	"pitch" : 1.4650060004055385,
	"roll" : -1.4636636734195572,
	"x" : 0.048583885059595905,
	"y" : -0.054835100778805504,
	"yaw" : 1.3470199465648669,
	"z" : -0.16926211969628596
}
