{
	"pitch" : 1.4679414016937162,
	"roll" : -1.3719682778772351,
	"x" : 0.016882557186799742,
	"y" : -0.20292752919856469,
	"yaw" : 1.4394182539600751,
	"z" : -0.26741684299598578
}
