{
	"pitch" : 1.4497159922376508,
	"roll" : -1.4786342530126493,
	"x" : -0.077864672167240551,
	"y" : -0.25853074400160669,
	"yaw" : 1.3233755638674871,
	"z" : -0.17444427737046356
}
