{
	"pitch" : 1.4676210046591227,
	"roll" : -1.5799055815045162,
	"x" : 0.032526425789536614,
	"y" : -0.13779941217601102,
	"yaw" : 1.230478294373117,
	"z" : -0.17045660526231249
}
