{
	"pitch" : 1.4921331100740687,
	"roll" : -1.6015237589237281,
	"x" : 0.057490193499800543,
	"y" : 0.035827173826527038,
	"yaw" : 1.2319889565618354,
	"z" : -0.17124865399701386
}
