{
	"pitch" : 1.4719630398721399,
	"roll" : -1.4388091105660776,
	"x" : 0.097360733181703005,
	"y" : -0.18798090059722694,
	"yaw" : 1.3763728608177979,
	"z" : -0.16866353957771479
}
