{
	"pitch" : 1.4649176475634025,
	"roll" : -1.4749449663934378,
	"x" : 0.047575206019009483,
	"y" : -0.053842104838050547,
	"yaw" : 1.335737140239335,
	"z" : -0.16941231050681715
}
