{
	"pitch" : 1.4937111276489217,
	"roll" : -1.4196518784714127,
	"x" : 0.12715134051710469,
	"y" : -0.0013634132553392055,
	"yaw" : 1.4057869648647732,
	"z" : -0.16938928016735794
}
