{
	"pitch" : 1.4928972285563773,
	"roll" : -1.330306653283023,
	"x" : 0.12867835361324503,
	"y" : -0.0078561288171873928,
	"yaw" : 1.4919515887599595,
	"z" : -0.16862512422250589
}
