{
	"pitch" : 1.4432820480920787,
	"roll" : -1.3719185557258577,
	"x" : -0.016097087850083916,
	"y" : -0.3050042146850791,
	"yaw" : 1.4298982337924186,
	"z" : -0.17399356285925488
}
