{
	"pitch" : 1.4919932869553891,
	"roll" : -1.3976450936380498,
	"x" : 0.074680945841598137,
	"y" : -0.012580128037327377,
	"yaw" : 1.4199735653152925,
	"z" : -0.16899534411909234
}
