{
	"pitch" : 1.4785834019557795,
	"roll" : -1.4867205549415552,
	"x" : 0.07525031248402296,
	"y" : -0.017685831214421126,
	"yaw" : 1.3258178668624609,
	"z" : -0.16994540926410284
}
