{
	"pitch" : 1.4958719787156864,
	"roll" : -1.512197647563482,
	"x" : 0.070800464682927305,
	"y" : 0.039429327400408984,
	"yaw" : 1.3236596079555263,
	"z" : -0.17186700378826386
}
