{
	"pitch" : 1.4743283661808524,
	"roll" : -1.460902862854861,
	"x" : 0.063217501793367603,
	"y" : -0.056695977007388133,
	"yaw" : 1.3467557747033738,
	"z" : -0.16972584013663791
}
