{
	"pitch" : 1.4712490491217756,
	"roll" : -1.4806442838908733,
	"x" : 0.060424215810322132,
	"y" : -0.061902046750409292,
	"yaw" : 1.328836654187753,
	"z" : -0.16951319646486021
}
