{
	"pitch" : 1.4948578485940578,
	"roll" : -1.5141577292419288,
	"x" : 0.070637215792317257,
	"y" : 0.03927891151897818,
	"yaw" : 1.3215453313992376,
	"z" : -0.17198611122140162
}
