{
	"pitch" : 1.4710507657790026,
	"roll" : -1.5344276357263138,
	"x" : 0.063082739147501121,
	"y" : -0.060207318811085708,
	"yaw" : 1.2815560323928572,
	"z" : -0.16987546842736209
}
