{
	"pitch" : 1.4567665001274097,
	"roll" : -1.403896160071493,
	"x" : 0.009870049052207952,
	"y" : -0.22103620434678903,
	"yaw" : 1.3949080751813363,
	"z" : -0.17041090130342279
}
