{
	"pitch" : 1.5003580896481787,
	"roll" : -1.4682541322446172,
	"x" : 0.11616520367578553,
	"y" : 0.020890899352754386,
	"yaw" : 1.3593516989601617,
	"z" : -0.16998889288145924
}
