{
	"pitch" : 1.4493907539657616,
	"roll" : -1.4032905294157105,
	"x" : -0.016890981010698386,
	"y" : -0.30891078597702953,
	"yaw" : 1.3980514279584526,
	"z" : -0.17273169525670931
}
