{
	"pitch" : 1.4947129888745336,
	"roll" : -1.4267445962396781,
	"x" : 0.12566808650528111,
	"y" : 0.0031731665974638421,
	"yaw" : 1.400045866463268,
	"z" : -0.16975866727112165
}
