{
	"pitch" : 1.49306469455012,
	"roll" : -1.3725340029227446,
	"x" : 0.1279175814943489,
	"y" : -0.0051189964758737768,
	"yaw" : 1.4509592024413265,
	"z" : -0.1688129692862172
}
