{
	"pitch" : 1.4544456820433289,
	"roll" : -1.4490362446077967,
	"x" : 0.028315526505807473,
	"y" : -0.17137009388460997,
	"yaw" : 1.3569732542849997,
	"z" : -0.16993439953624229
}
