{
	"pitch" : 1.4734442454564975,
	"roll" : -1.5684776152975193,
	"x" : 0.032261054731294841,
	"y" : -0.034423316815953911,
	"yaw" : 1.2475348382717211,
	"z" : -0.16999199598448683
}
