{
	"pitch" : 1.4941728567505217,
	"roll" : -1.5810641695865604,
	"x" : 0.089838986151888442,
	"y" : 0.026154172848883751,
	"yaw" : 1.2373185289409867,
	"z" : -0.14001767779275603
}
