{
	"pitch" : 1.482768461282282,
	"roll" : -1.6214099534922868,
	"x" : 0.090558478325638042,
	"y" : 0.024422565456856442,
	"yaw" : 1.1963874900862499,
	"z" : -0.20333471526543448
}
