{
	"pitch" : 1.4562173346925122,
	"roll" : -1.439433562670388,
	"x" : -0.015771788848693249,
	"y" : -0.30512752984028052,
	"yaw" : 1.3670577008163878,
	"z" : -0.16805697494006205
}
