{
	"pitch" : 1.4830458262501036,
	"roll" : -1.5934076387370852,
	"x" : 0.083372101630035847,
	"y" : 0.0032646150629909495,
	"yaw" : 1.2226211645747196,
	"z" : -0.21783387131058543
}
