{
	"pitch" : 1.4686880780322311,
	"roll" : -1.5452401070379835,
	"x" : 0.04310945441287773,
	"y" : -0.050390698521687816,
	"yaw" : 1.2655707372459881,
	"z" : -0.16979432530528921
}
