{
	"pitch" : 1.4937663430070618,
	"roll" : -1.3621740306297379,
	"x" : 0.12648093150961898,
	"y" : -0.0023210217578879654,
	"yaw" : 1.4586695667115761,
	"z" : -0.16873066989105329
}
