{
	"pitch" : 1.4868026798227982,
	"roll" : -1.577071644553921,
	"x" : 0.087258662521534344,
	"y" : 0.018735983628992738,
	"yaw" : 1.2406569055868915,
	"z" : -0.208877627059428
}
