{
	"pitch" : 1.4935130515655939,
	"roll" : -1.5432788661761221,
	"x" : 0.091626097639029236,
	"y" : 0.03267049959530921,
	"yaw" : 1.27445692333975,
	"z" : -0.18823253620985597
}
