{
	"pitch" : 1.4690798487347199,
	"roll" : -1.5887399633007546,
	"x" : -0.042052665995217356,
	"y" : -0.13648151576677409,
	"yaw" : 1.2368418725476689,
	"z" : -0.17249857509849609
}
