{
	"pitch" : 1.4918286248627741,
	"roll" : -1.6352360801585384,
	"x" : 0.087871417253238313,
	"y" : 0.018526748783714686,
	"yaw" : 1.1816732539991519,
	"z" : -0.13134271819534521
}
