{
	"pitch" : 1.4865075418903948,
	"roll" : -1.640782862875984,
	"x" : 0.050279069760366148,
	"y" : 0.03147301184184173,
	"yaw" : 1.1840900966223182,
	"z" : -0.17115119131956386
}
