{
	"pitch" : 1.4980783416043433,
	"roll" : -1.4059374698555951,
	"x" : 0.11831065057731786,
	"y" : 0.017291781887033692,
	"yaw" : 1.4186436070276252,
	"z" : -0.16980068564479703
}
