{
	"pitch" : 1.4731092610273162,
	"roll" : -1.5839449904576923,
	"x" : 0.046096349166852707,
	"y" : -0.051342616154835201,
	"yaw" : 1.2349597997057113,
	"z" : -0.16957227583231912
}
