{
	"pitch" : 1.4711904805179497,
	"roll" : -1.3434111863657869,
	"x" : 0.018401704193803742,
	"y" : -0.19837417577029878,
	"yaw" : 1.4707986987790229,
	"z" : -0.26430800207777516
}
