{
	"pitch" : 1.4887600265155141,
	"roll" : -1.5291943290852092,
	"x" : 0.081367479340064497,
	"y" : -0.0022157740062544694,
	"yaw" : 1.2845339150756927,
	"z" : -0.12006456834495237
}
