{
	"pitch" : 1.4789347662924268,
	"roll" : -1.6104603963510964,
	"x" : 0.026787631066576403,
	"y" : -0.0095306992485938175,
	"yaw" : 1.2097023084375125,
	"z" : -0.17073318705507298
}
