{
	"pitch" : 1.4658877567363844,
	"roll" : -1.537911708849691,
	"x" : 0.076382668436484696,
	"y" : -0.012373227689983488,
	"yaw" : 1.2676900164499612,
	"z" : -0.1703945107896172
}
