{
	"pitch" : 1.4635507227670577,
	"roll" : -1.3897903122401263,
	"x" : 0.026067257536429189,
	"y" : -0.17308676926212307,
	"yaw" : 1.4257037731840507,
	"z" : -0.23369151318516235
}
