{
	"pitch" : 1.488442151738036,
	"roll" : -1.4048545332623712,
	"x" : 0.045876965762358314,
	"y" : -0.11441942846750192,
	"yaw" : 1.4032126552030797,
	"z" : -0.21992122339311587
}
