{
	"pitch" : 1.4561902420994393,
	"roll" : -1.4595287546335534,
	"x" : -0.044440024933047106,
	"y" : -0.26869316863504572,
	"yaw" : 1.3533368321078476,
	"z" : -0.17380827439818122
}
