{
	"pitch" : 1.472800307512697,
	"roll" : -1.3753857003170635,
	"x" : 0.096280866552433106,
	"y" : -0.19443601579395842,
	"yaw" : 1.4396496764669608,
	"z" : -0.16790557947095511
}
