{
	"pitch" : 1.4567199664254171,
	"roll" : -1.4645631596755186,
	"x" : -0.015334051631111942,
	"y" : -0.2973496488573088,
	"yaw" : 1.3428043014425497,
	"z" : -0.16086388455139211
}
