{
	"pitch" : 1.4721652471043254,
	"roll" : -1.3733462515838275,
	"x" : 0.096387008779175193,
	"y" : -0.19377115546278889,
	"yaw" : 1.4419621672760505,
	"z" : -0.16796398525645478
}
