{
	"pitch" : 1.453703131664253,
	"roll" : -1.4719133429564439,
	"x" : 0.020073093501534398,
	"y" : -0.19167583476158331,
	"yaw" : 1.3308817071455872,
	"z" : -0.17016161536934482
}
