{
	"pitch" : 1.5035913396001888,
	"roll" : -1.4920159857757966,
	"x" : 0.10836238791576407,
	"y" : 0.029148010018207313,
	"yaw" : 1.3410495571376251,
	"z" : -0.16992188454281634
}
