{
	"pitch" : 1.4889691201655244,
	"roll" : -1.3673951140807332,
	"x" : 0.12609004334960019,
	"y" : -0.021533614703633304,
	"yaw" : 1.4567621537979001,
	"z" : -0.1688383515968099
}
