{
	"pitch" : 1.4792847992232694,
	"roll" : -1.4186860733308022,
	"x" : 0.096053578626144609,
	"y" : -0.059611577709107098,
	"yaw" : 1.3979400865356206,
	"z" : -0.16861470806165521
}
