{
	"pitch" : 1.4660886537298361,
	"roll" : -1.5876747810221532,
	"x" : -0.011013620067016977,
	"y" : -0.12525747914741631,
	"yaw" : 1.2239740986796996,
	"z" : -0.17175555031461687
}
