{
	"pitch" : 1.4802933678379124,
	"roll" : -1.5287413395637106,
	"x" : 0.044455377877731558,
	"y" : -0.11273159447730756,
	"yaw" : 1.2893270474843301,
	"z" : -0.16853575245411714
}
