{
	"pitch" : 1.4419201934495021,
	"roll" : -1.3522898134053105,
	"x" : -0.014676195449345536,
	"y" : -0.29944129989888518,
	"yaw" : 1.4506299054300449,
	"z" : -0.17345690423144042
}
