{
	"pitch" : 1.4553634932116608,
	"roll" : -1.4749724149763324,
	"x" : 0.035500101884884117,
	"y" : -0.14726919640734765,
	"yaw" : 1.3260552613438634,
	"z" : -0.16994203403968991
}
