{
	"pitch" : 1.4720661320113,
	"roll" : -1.4608863742319891,
	"x" : 0.06926274025409114,
	"y" : -0.062161551228106779,
	"yaw" : 1.3483262537845215,
	"z" : -0.16864658014299341
}
