{
	"pitch" : 1.469785063937066,
	"roll" : -1.5939057951250779,
	"x" : 0.035365793852972956,
	"y" : -0.03817086281431107,
	"yaw" : 1.2227998523573231,
	"z" : -0.17014333988178093
}
