{
	"pitch" : 1.4755605639936753,
	"roll" : -1.5728172215250851,
	"x" : 0.065736196097298236,
	"y" : -0.050296884218871671,
	"yaw" : 1.2399927506595025,
	"z" : -0.13784553944650971
}
