{
	"pitch" : 1.4870818337536873,
	"roll" : -1.4614387364402115,
	"x" : 0.053446839073949426,
	"y" : -0.034921039423162437,
	"yaw" : 1.3575382653636585,
	"z" : -0.17002290267968986
}
