{
	"pitch" : 1.4941692932856387,
	"roll" : -1.4052567471712119,
	"x" : 0.12579469979716204,
	"y" : 0.0015799350104730818,
	"yaw" : 1.4204082672171234,
	"z" : -0.16936531953497452
}
