{
	"pitch" : 1.4959395846752614,
	"roll" : -1.5671377029991675,
	"x" : 0.092668470282521273,
	"y" : 0.035740884558673885,
	"yaw" : 1.2544752741466565,
	"z" : -0.16404200273178859
}
