{
	"pitch" : 1.4764200637269911,
	"roll" : -1.5043667584909461,
	"x" : 0.044761637477922542,
	"y" : -0.11243328845489801,
	"yaw" : 1.3106087960141974,
	"z" : -0.17007458061710082
}
