{
	"pitch" : 1.4728800762000918,
	"roll" : -1.5501130861477697,
	"x" : 0.039710752344225025,
	"y" : -0.046218630048991974,
	"yaw" : 1.2695000431781331,
	"z" : -0.16985915643836305
}
