{
	"pitch" : 1.4889329794596466,
	"roll" : -1.6694710362074445,
	"x" : 0.044201457133322422,
	"y" : 0.026474212186294331,
	"yaw" : 1.158990233151372,
	"z" : -0.17124091585623258
}
