{
	"pitch" : 1.4574678993221768,
	"roll" : -1.3928422610310838,
	"x" : 0.019228263504983252,
	"y" : -0.19477812121081683,
	"yaw" : 1.422561955351481,
	"z" : -0.25834434627006331
}
