{
	"pitch" : 1.4767317216746969,
	"roll" : -1.4643582542202747,
	"x" : 0.062740270929001793,
	"y" : -0.019547686382062356,
	"yaw" : 1.3499895056564766,
	"z" : -0.16953960460589207
}
