{
	"pitch" : 1.4764517367208121,
	"roll" : -1.4846297704242144,
	"x" : 0.060762335280556599,
	"y" : -0.060678887746096283,
	"yaw" : 1.3282826937832688,
	"z" : -0.15943661777119986
}
