{
	"pitch" : 1.466686192126653,
	"roll" : -1.4855001942610027,
	"x" : 0.04216590677886619,
	"y" : -0.12233591771483274,
	"yaw" : 1.3256056116274977,
	"z" : -0.18088139102159947
}
