{
	"pitch" : 1.4883074336487476,
	"roll" : -1.6171095632408254,
	"x" : 0.056963065103300785,
	"y" : 0.035199104631296635,
	"yaw" : 1.2087346650552628,
	"z" : -0.17120644507398231
}
