{
	"pitch" : 1.4841146591498362,
	"roll" : -1.407631868646507,
	"x" : 0.11136004884672114,
	"y" : -0.049188626896117797,
	"yaw" : 1.4111244696311045,
	"z" : -0.16858866726270888
}
