{
	"pitch" : 1.4709907286224826,
	"roll" : -1.5280665323890332,
	"x" : 0.067834970182695145,
	"y" : -0.041167874043099018,
	"yaw" : 1.2802382393055576,
	"z" : -0.20991499254927742
}
