{
	"pitch" : 1.4646495423445691,
	"roll" : -1.4709354747145429,
	"x" : 0.048463561661420552,
	"y" : -0.054632743942201953,
	"yaw" : 1.3395008289648025,
	"z" : -0.16928653679495942
}
