{
	"pitch" : 1.477940055257202,
	"roll" : -1.4703467904245631,
	"x" : 0.083207418375986858,
	"y" : -0.06270190557987762,
	"yaw" : 1.3466645301429068,
	"z" : -0.16866009541509819
}
