{
	"pitch" : 1.4796213339262079,
	"roll" : -1.5025458087815018,
	"x" : 0.044601176349785207,
	"y" : -0.11198920699146368,
	"yaw" : 1.3148493344565215,
	"z" : -0.16923592247253483
}
