{
	"pitch" : 1.4970615598998049,
	"roll" : -1.4055944608974935,
	"x" : 0.10537279374010805,
	"y" : 0.030784253044333007,
	"yaw" : 1.4229607563681104,
	"z" : -0.17010325590099937
}
