{
	"pitch" : 1.4530900159196765,
	"roll" : -1.3816242966437737,
	"x" : -0.0052631191470872835,
	"y" : -0.26985075061290348,
	"yaw" : 1.4195634613861374,
	"z" : -0.17308600440683336
}
