{
	"pitch" : 1.4925810690075663,
	"roll" : -1.5084047949476194,
	"x" : 0.092705478515277176,
	"y" : 0.037464471982204761,
	"yaw" : 1.3199042003706418,
	"z" : -0.17149986472458267
}
