{
	"pitch" : 1.4755738618256045,
	"roll" : -1.4116232913879032,
	"x" : 0.075573343244908261,
	"y" : -0.063346943828265917,
	"yaw" : 1.4077326595312798,
	"z" : -0.1686439469226077
}
