{
	"pitch" : 1.4929348895399377,
	"roll" : -1.3915143172223741,
	"x" : 0.12757438295716036,
	"y" : -0.013966828533866217,
	"yaw" : 1.4334494340746835,
	"z" : -0.16892808850834398
}
