{
	"pitch" : 1.4953595165491942,
	"roll" : -1.5871461947977952,
	"x" : 0.091434597099360679,
	"y" : 0.033432290603036645,
	"yaw" : 1.2328160453205086,
	"z" : -0.15270482275440803
}
