{
	"pitch" : 1.4889095903023104,
	"roll" : -1.5148426076629389,
	"x" : 0.079264374344412428,
	"y" : -0.0034071745837618902,
	"yaw" : 1.2983891694497292,
	"z" : -0.11897307466041517
}
