{
	"pitch" : 1.4750203546642133,
	"roll" : -1.3608531165388613,
	"x" : 0.023058964325376421,
	"y" : -0.18365683514408787,
	"yaw" : 1.4499297283433563,
	"z" : -0.25715308570663631
}
