{
	"pitch" : 1.4746151958586127,
	"roll" : -1.5166588468430058,
	"x" : 0.071998184498996018,
	"y" : -0.030233674188018929,
	"yaw" : 1.2895527508204723,
	"z" : -0.2162821176191565
}
