{
	"pitch" : 1.4705375083591443,
	"roll" : -1.4150251312631585,
	"x" : 0.094655317006162601,
	"y" : -0.15910744273811736,
	"yaw" : 1.3860499758223002,
	"z" : -0.16833497055318122
}
