{
	"pitch" : 1.4558691123464957,
	"roll" : -1.4297595026958467,
	"x" : 0.013589914686389801,
	"y" : -0.20856175488607454,
	"yaw" : 1.3698679914529046,
	"z" : -0.17063130331791068
}
