{
	"pitch" : 1.4889495482588004,
	"roll" : -1.5150461618809246,
	"x" : 0.076035532814159909,
	"y" : -0.013455886458467604,
	"yaw" : 1.3024045933893122,
	"z" : -0.17019581990876026
}
