{
	"pitch" : 1.4730118361822435,
	"roll" : -1.569585306918575,
	"x" : 0.071041432157676401,
	"y" : -0.03696863759248796,
	"yaw" : 1.239440280991146,
	"z" : -0.2139765825832026
}
