{
	"pitch" : 1.4862694976951927,
	"roll" : -1.271927373478164,
	"x" : 0.11832875928049816,
	"y" : -0.039728729363860196,
	"yaw" : 1.5490588086212755,
	"z" : -0.16806174273015037
}
