{
	"pitch" : 1.4697032581821956,
	"roll" : -1.5778751366403805,
	"x" : -0.040388981452606554,
	"y" : -0.13472351733539897,
	"yaw" : 1.2453839366209036,
	"z" : -0.17235405738737319
}
