{
	"pitch" : 1.4932409207645152,
	"roll" : -1.5532875738570371,
	"x" : 0.092901604838674323,
	"y" : 0.035497252000403455,
	"yaw" : 1.2682535014953444,
	"z" : -0.17907624943780198
}
