{
	"pitch" : 1.4657289341599058,
	"roll" : -1.5932462370071017,
	"x" : -0.082062688491825422,
	"y" : -0.17696346794971515,
	"yaw" : 1.2136806203878381,
	"z" : -0.17258770910697677
}
