{
	"pitch" : 1.4957553732812543,
	"roll" : -1.5590684515632713,
	"x" : 0.092688094893675271,
	"y" : 0.034959233006289364,
	"yaw" : 1.2617251702340664,
	"z" : -0.18151100850603138
}
