{
	"pitch" : 1.4844731864052771,
	"roll" : -1.3759953513169008,
	"x" : 0.1101680424478759,
	"y" : -0.050162633702522413,
	"yaw" : 1.4427650761480424,
	"z" : -0.16819119431560892
}
