{
	"pitch" : 1.4528711367874945,
	"roll" : -1.3830269937276447,
	"x" : 0.025470315758954601,
	"y" : -0.17137818242231276,
	"yaw" : 1.416676087583193,
	"z" : -0.1689823738537469
}
