{
	"pitch" : 1.4616083236460222,
	"roll" : -1.3889159440162455,
	"x" : 0.025271402401197879,
	"y" : -0.17823132088187926,
	"yaw" : 1.4239038197335903,
	"z" : -0.23953480047512382
}
