{
	"pitch" : 1.4746824731075423,
	"roll" : -1.4760422400576523,
	"x" : 0.060954631480522027,
	"y" : -0.059555544789025625,
	"yaw" : 1.3386902224742538,
	"z" : -0.15618249876126752
}
