{
	"pitch" : 1.4805203807590914,
	"roll" : -1.4820101371989587,
	"x" : -0.021840212800443681,
	"y" : -0.11486573344592202,
	"yaw" : 1.3369045780640407,
	"z" : -0.17059284544444389
}
