{
	"pitch" : 1.4853912702507117,
	"roll" : -1.6497130681402865,
	"x" : 0.044462616829581511,
	"y" : 0.02759963467728084,
	"yaw" : 1.1718563398812587,
	"z" : -0.17137274010800935
}
