{
	"pitch" : 1.4963700509650242,
	"roll" : -1.4856461710500497,
	"x" : 0.079044148662979499,
	"y" : 0.039914250428736059,
	"yaw" : 1.3493979207217719,
	"z" : -0.17083821202754626
}
