{
	"pitch" : 1.4812058535362003,
	"roll" : -1.6008099414529129,
	"x" : 0.057307923877428217,
	"y" : -0.13454456695320896,
	"yaw" : 1.2053584106719801,
	"z" : -0.16987625695795328
}
