{
	"pitch" : 1.4510994608682808,
	"roll" : -1.4168627694256855,
	"x" : 0.017973905708262537,
	"y" : -0.19462737387913423,
	"yaw" : 1.3856415644696638,
	"z" : -0.16995784646986242
}
