{
	"pitch" : 1.4690394313137269,
	"roll" : -1.4427264124511616,
	"x" : 0.057460959391853646,
	"y" : -0.059508763050680688,
	"yaw" : 1.3715419363698254,
	"z" : -0.16931868650229576
}
