{
	"pitch" : 1.4529969056432581,
	"roll" : -1.4771002645848952,
	"x" : 0.014917487804045906,
	"y" : -0.20892857824113029,
	"yaw" : 1.3247888760840687,
	"z" : -0.17123493107527535
}
