{
	"pitch" : 1.4936308683984412,
	"roll" : -1.6350250459698847,
	"x" : 0.058595180188478493,
	"y" : 0.035699110543090801,
	"yaw" : 1.1985130777202715,
	"z" : -0.17134340207644236
}
