{
	"pitch" : 1.4762328585615903,
	"roll" : -1.4572953862569389,
	"x" : 0.064475679521505125,
	"y" : -0.052358854076417674,
	"yaw" : 1.3485167617653524,
	"z" : -0.16968477741150317
}
