{
	"pitch" : 1.4591408547199356,
	"roll" : -1.5035056857970983,
	"x" : 0.011480349967456394,
	"y" : -0.21147258202831312,
	"yaw" : 1.3043738404131904,
	"z" : -0.07029602865466672
}
