{
	"pitch" : 1.4495655748589822,
	"roll" : -1.4640823143533277,
	"x" : -0.074474896242747932,
	"y" : -0.25668150785651495,
	"yaw" : 1.3401034687807325,
	"z" : -0.17418893987155315
}
