{
	"pitch" : 1.4554184415047366,
	"roll" : -1.4387940297309036,
	"x" : 0.013184587153070595,
	"y" : -0.21164589810133153,
	"yaw" : 1.3633592688349336,
	"z" : -0.17024221442954082
}
