{
	"pitch" : 1.4690893255600823,
	"roll" : -1.5325588958087684,
	"x" : 0.061980597634302817,
	"y" : -0.057416647932305498,
	"yaw" : 1.2758329306417826,
	"z" : -0.16950770741788071
}
