{
	"pitch" : 1.4973825932762896,
	"roll" : -1.5900470367931887,
	"x" : 0.065480267825096958,
	"y" : 0.03841577307211623,
	"yaw" : 1.2380761903117568,
	"z" : -0.17081615093840935
}
