{
	"pitch" : 1.4593728451384795,
	"roll" : -1.5877503835225006,
	"x" : -0.01486231906208102,
	"y" : -0.14211368603138086,
	"yaw" : 1.2206995899414463,
	"z" : -0.17271431470091136
}
