{
	"pitch" : 1.4786875313955041,
	"roll" : -1.3943403853701766,
	"x" : 0.083343707487286367,
	"y" : -0.06302404923016211,
	"yaw" : 1.431111241015639,
	"z" : -0.16851242547104689
}
