{
	"pitch" : 1.4578800519176853,
	"roll" : -1.4891738675971085,
	"x" : -0.034362806575582883,
	"y" : -0.27175254692220185,
	"yaw" : 1.3221239451843503,
	"z" : -0.17358711522845083
}
