{
	"pitch" : 1.4701461516014258,
	"roll" : -1.58704456996354,
	"x" : 0.031949087150314109,
	"y" : -0.035759005590391871,
	"yaw" : 1.2213360962471254,
	"z" : -0.17021696750362292
}
