{
	"pitch" : 1.4970369478254846,
	"roll" : -1.5234312893706077,
	"x" : 0.092229014993013197,
	"y" : 0.036322750590332353,
	"yaw" : 1.2979688869387307,
	"z" : -0.17010413256248427
}
