{
	"pitch" : 1.4847469673602698,
	"roll" : -1.3399499596567559,
	"x" : 0.12341313327104569,
	"y" : -0.032154500852769233,
	"yaw" : 1.4838500214357477,
	"z" : -0.16842636871422523
}
