{
	"pitch" : 1.4831016889763633,
	"roll" : -1.3511723355158973,
	"x" : 0.033279897331900343,
	"y" : -0.15108997971677221,
	"yaw" : 1.4564056597049178,
	"z" : -0.23951657148292993
}
