{
	"pitch" : 1.4515037905945012,
	"roll" : -1.3115682254500391,
	"x" : 0.061428043071315552,
	"y" : -0.30180552540548489,
	"yaw" : 1.4915531300166345,
	"z" : -0.17043592646535105
}
