{
	"pitch" : 1.4939754269001146,
	"roll" : -1.5901064145680934,
	"x" : 0.088733820304511504,
	"y" : 0.024520071267200225,
	"yaw" : 1.2277272615987995,
	"z" : -0.13756669729510951
}
