{
	"pitch" : 1.4793524048274009,
	"roll" : -1.664447253729527,
	"x" : 0.027512800098349735,
	"y" : -0.010679091438158475,
	"yaw" : 1.1556984684571454,
	"z" : -0.17089069497520312
}
