{
	"pitch" : 1.4896206498874234,
	"roll" : -1.3496332686992953,
	"x" : 0.12622469542385226,
	"y" : -0.023064165549376459,
	"yaw" : 1.4743287040694595,
	"z" : -0.16912319732054423
}
