{
	"pitch" : 1.4957512475666521,
	"roll" : -1.5595520972963917,
	"x" : 0.070381763577180553,
	"y" : 0.039189973988667928,
	"yaw" : 1.2749229400113473,
	"z" : -0.17125405462677001
}
