{
	"pitch" : 1.4849557669201527,
	"roll" : -1.5265023783853509,
	"x" : 0.074248776403870315,
	"y" : -0.016682236559360811,
	"yaw" : 1.2881181879058039,
	"z" : -0.11916916207200579
}
