{
	"pitch" : 1.4693117159917677,
	"roll" : -1.5113050536088006,
	"x" : 0.06727867211357684,
	"y" : -0.04340817701250331,
	"yaw" : 1.2947578328222078,
	"z" : -0.20889823789526413
}
