{
	"pitch" : 1.4668064283472784,
	"roll" : -1.4816083462659835,
	"x" : 0.041576243351939539,
	"y" : -0.12391436843942533,
	"yaw" : 1.32833007848006,
	"z" : -0.1826152193418647
}
