{
	"pitch" : 1.4735347524602265,
	"roll" : -1.4682946528112235,
	"x" : 0.061037872783388639,
	"y" : -0.059172526043451079,
	"yaw" : 1.3467423655886583,
	"z" : -0.15543984546193101
}
