{
	"pitch" : 1.4545736192634484,
	"roll" : -1.4968342813786564,
	"x" : 0.012372502564079277,
	"y" : -0.20910969301712953,
	"yaw" : 1.3028113563278909,
	"z" : -0.17061824662230415
}
