{
	"pitch" : 1.484906103741511,
	"roll" : -1.58956799089052,
	"x" : 0.086660136454586589,
	"y" : 0.016370138271686561,
	"yaw" : 1.2251590187511452,
	"z" : -0.21070488081295047
}
