{
	"pitch" : 1.4538977891822171,
	"roll" : -1.4156495357576859,
	"x" : 0.014195796180333661,
	"y" : -0.20786670867050608,
	"yaw" : 1.385908024641485,
	"z" : -0.17058127606814097
}
