{
	"pitch" : 1.4852784479143202,
	"roll" : -1.3552468405979088,
	"x" : 0.11827067652308212,
	"y" : -0.039980064824999495,
	"yaw" : 1.4631170324883291,
	"z" : -0.16792654900386508
}
