{
	"pitch" : 1.4943497774246681,
	"roll" : -1.5936980206044358,
	"x" : 0.074480784200185474,
	"y" : 0.039706365730158878,
	"yaw" : 1.2347098327323356,
	"z" : -0.17082437487017424
}
