{
	"pitch" : 1.4545518484150894,
	"roll" : -1.4437928633704198,
	"x" : -0.012553122563073393,
	"y" : -0.30616231644767872,
	"yaw" : 1.3605365076465952,
	"z" : -0.17305015365196416
}
