{
	"pitch" : 1.4857225540588419,
	"roll" : -1.5238652077897432,
	"x" : 0.074784913887059934,
	"y" : -0.014771347300876425,
	"yaw" : 1.291349678612143,
	"z" : -0.11892987499901911
}
