{
	"pitch" : 1.4786091360010185,
	"roll" : -1.6018565731116341,
	"x" : 0.026768517465395894,
	"y" : -0.0083014167026082032,
	"yaw" : 1.2186181741761508,
	"z" : -0.17071012927670862
}
