{
	"pitch" : 1.4602658127032055,
	"roll" : -1.4324311091797683,
	"x" : 0.050057914081532623,
	"y" : -0.093505210329568073,
	"yaw" : 1.3665811064729778,
	"z" : -0.17013291706401287
}
