{
	"pitch" : 1.483932884371564,
	"roll" : -1.5292776212272687,
	"x" : 0.071934111707179713,
	"y" : -0.026116313676579343,
	"yaw" : 1.2841231398520216,
	"z" : -0.12118404597326887
}
