{
	"pitch" : 1.4843626468189639,
	"roll" : -1.6422498064043531,
	"x" : 0.044292149912085244,
	"y" : 0.027615087938125046,
	"yaw" : 1.1792628258902154,
	"z" : -0.17139686324021708
}
