{
	"pitch" : 1.4536999237656401,
	"roll" : -1.4867838993398255,
	"x" : 0.042109553921239953,
	"y" : -0.12644053139121564,
	"yaw" : 1.3129195183281714,
	"z" : -0.17042340231144473
}
