{
	"pitch" : 1.4767980861019945,
	"roll" : -1.6143975896593576,
	"x" : 0.027324736054393478,
	"y" : -0.02204838711517608,
	"yaw" : 1.2051668811560472,
	"z" : -0.17038911287779304
}
