{
	"pitch" : 1.4978484142806152,
	"roll" : -1.5535191764629042,
	"x" : 0.088396208525747838,
	"y" : 0.03810350774244313,
	"yaw" : 1.2744339484863116,
	"z" : -0.17114604893080493
}
