{
	"pitch" : 1.4670540062889845,
	"roll" : -1.5002306051842051,
	"x" : 0.016300872054114332,
	"y" : -0.1974202529721733,
	"yaw" : 1.3060031240351222,
	"z" : -0.084719149857585385
}
