{
	"pitch" : 1.4736713318181147,
	"roll" : -1.3740936021818773,
	"x" : 0.073274585601031395,
	"y" : -0.01148665280141957,
	"yaw" : 1.4191782712997634,
	"z" : -0.16869146775233998
}
