{
	"pitch" : 1.4917360299150082,
	"roll" : -1.5703131677524349,
	"x" : 0.080123377200071816,
	"y" : 0.039806930940642575,
	"yaw" : 1.2593170080207223,
	"z" : -0.17094855016776361
}
