{
	"pitch" : 1.4755492157921728,
	"roll" : -1.4969636570442475,
	"x" : 0.061838286943994229,
	"y" : -0.057632214157417448,
	"yaw" : 1.3172353634402172,
	"z" : -0.14972654176904365
}
