{
	"pitch" : 1.4654609599306534,
	"roll" : -1.598193784189794,
	"x" : -0.0039471195335666481,
	"y" : -0.12758568317381483,
	"yaw" : 1.2126240879007595,
	"z" : -0.17173875558485258
}
