{
	"pitch" : 1.4705260311141388,
	"roll" : -1.6230731031582255,
	"x" : 0.035365315025741001,
	"y" : -0.03455961768746868,
	"yaw" : 1.1856348166212123,
	"z" : -0.17052591088620897
}
