{
	"pitch" : 1.4466837418432343,
	"roll" : -1.3451920470203769,
	"x" : -0.013742745084261904,
	"y" : -0.30158051637302796,
	"yaw" : 1.4569536170416795,
	"z" : -0.17323907016255219
}
