{
	"pitch" : 1.447883724653213,
	"roll" : -1.5590426386952501,
	"x" : -0.048262862774775803,
	"y" : -0.24381069377273551,
	"yaw" : 1.2408892765585877,
	"z" : -0.1738207467624692
}
