{
	"pitch" : 1.4551131570036269,
	"roll" : -1.4110402709911345,
	"x" : 0.019418742584872417,
	"y" : -0.18989713958448456,
	"yaw" : 1.391984623956664,
	"z" : -0.16988123998732879
}
