{
	"pitch" : 1.4454520872342351,
	"roll" : -1.4418882951783336,
	"x" : -0.01627023972125767,
	"y" : -0.30953799356159867,
	"yaw" : 1.3592143651208666,
	"z" : -0.17391240638959349
}
