{
	"pitch" : 1.4981009083091388,
	"roll" : -1.3680556832125124,
	"x" : 0.11008287113463008,
	"y" : 0.026187232451676104,
	"yaw" : 1.4596524699149329,
	"z" : -0.16951510899888023
}
