{
	"pitch" : 1.4850472597052853,
	"roll" : -1.6582358286455472,
	"x" : 0.042936763390331534,
	"y" : 0.025938065658198756,
	"yaw" : 1.1639555856055548,
	"z" : -0.17166487596076421
}
