{
	"pitch" : 1.4802795196797662,
	"roll" : -1.4529512386487136,
	"x" : 0.097898134385776658,
	"y" : -0.058817073766590795,
	"yaw" : 1.3628644374672636,
	"z" : -0.16901123357759598
}
