{
	"pitch" : 1.469844584182741,
	"roll" : -1.5502031168383454,
	"x" : -0.020647251314146325,
	"y" : -0.10615121013531449,
	"yaw" : 1.2639873214934298,
	"z" : -0.17232598759873805
}
