{
	"pitch" : 1.4694185268151454,
	"roll" : -1.4584380417083673,
	"x" : 0.057872723018648126,
	"y" : -0.059681605374338476,
	"yaw" : 1.3558956907656228,
	"z" : -0.16932480759192511
}
