{
	"pitch" : 1.479520824484571,
	"roll" : -1.5797707206727547,
	"x" : 0.076570464000247807,
	"y" : -0.011584962177098172,
	"yaw" : 1.2294550169734033,
	"z" : -0.1696354827095167
}
