{
	"pitch" : 1.5017589792372852,
	"roll" : -1.448117795481247,
	"x" : 0.10509535010113924,
	"y" : 0.030782394280380883,
	"yaw" : 1.3812244708059307,
	"z" : -0.17005931193382387
}
