{
	"pitch" : 1.4750627513237455,
	"roll" : -1.4950370502761934,
	"x" : 0.061171867917877286,
	"y" : -0.060965484572579193,
	"yaw" : 1.3189365303192029,
	"z" : -0.16157606357668103
}
