{
	"pitch" : 1.4974169770056787,
	"roll" : -1.5007170042187978,
	"x" : 0.073148264491415774,
	"y" : -0.02432547864607839,
	"yaw" : 1.3205071545229021,
	"z" : -0.17591774190918336
}
