{
	"pitch" : 1.4850889866927166,
	"roll" : -1.5777046299458102,
	"x" : 0.039386937384168527,
	"y" : -0.032201121235833158,
	"yaw" : 1.2459055179027827,
	"z" : -0.16958842310597444
}
