{
	"pitch" : 1.479666205872026,
	"roll" : -1.4980969324122788,
	"x" : 0.073622963433348967,
	"y" : -0.019525488071475729,
	"yaw" : 1.3087758000951677,
	"z" : -0.21987597565404066
}
