{
	"pitch" : 1.4719667966477945,
	"roll" : -1.5804379938878454,
	"x" : 0.046688449849683067,
	"y" : -0.051832927018435379,
	"yaw" : 1.238222189181194,
	"z" : -0.16936121445943683
}
