{
	"pitch" : 1.4792077599775004,
	"roll" : -1.5516346566426431,
	"x" : 0.078446519922257874,
	"y" : -0.013907192574320793,
	"yaw" : 1.2581349351413271,
	"z" : -0.22089313030901719
}
