{
	"pitch" : 1.4717564954471716,
	"roll" : -1.5793414882063119,
	"x" : 0.032766196340156623,
	"y" : -0.035265456096117795,
	"yaw" : 1.2370777967079591,
	"z" : -0.17036732454701381
}
