{
	"pitch" : 1.49521005975637,
	"roll" : -1.3983063939793576,
	"x" : 0.12468268761905363,
	"y" : 0.0041183632896882854,
	"yaw" : 1.4286804325155502,
	"z" : -0.1693382067496417
}
