{
	"pitch" : 1.4973309166922026,
	"roll" : -1.5821980762089567,
	"x" : 0.065332033203499895,
	"y" : 0.038399003380324696,
	"yaw" : 1.2457602350883445,
	"z" : -0.17080010883991881
}
