{
	"pitch" : 1.5005917841324148,
	"roll" : -1.5366030145447822,
	"x" : 0.096412305187621922,
	"y" : 0.035123451047843764,
	"yaw" : 1.2942839791811429,
	"z" : -0.17050736050314916
}
