{
	"pitch" : 1.4535255139275394,
	"roll" : -1.4150131574599671,
	"x" : 0.014738107665607104,
	"y" : -0.20728391135149973,
	"yaw" : 1.3852620980418306,
	"z" : -0.17051193339239093
}
