{
	"pitch" : 1.4687156110457447,
	"roll" : -1.4267851427420597,
	"x" : 0.062480823516159856,
	"y" : -0.061225248355736131,
	"yaw" : 1.3890087722540678,
	"z" : -0.16912092999968339
}
