{
	"pitch" : 1.4700049351965045,
	"roll" : -1.5169426832219355,
	"x" : 0.067393537658728409,
	"y" : -0.043747061235004166,
	"yaw" : 1.2891162231704125,
	"z" : -0.20877114727638998
}
