{
	"pitch" : 1.4940790103047146,
	"roll" : -1.371484981471524,
	"x" : 0.12278098337539747,
	"y" : 0.008253326926158008,
	"yaw" : 1.4538383883533748,
	"z" : -0.16901786995529655
}
