{
	"pitch" : 1.4964687343740988,
	"roll" : -1.5735278137893807,
	"x" : 0.092651592195249793,
	"y" : 0.036145700937941089,
	"yaw" : 1.2491371972336891,
	"z" : -0.16604268170989364
}
