{
	"pitch" : 1.4706277026559222,
	"roll" : -1.497985647547436,
	"x" : 0.065588133105262847,
	"y" : -0.050273050529708312,
	"yaw" : 1.3081023453741327,
	"z" : -0.20149321655407326
}
