{
	"pitch" : 1.482535165150912,
	"roll" : -1.500122197691387,
	"x" : 0.06515052723449534,
	"y" : -0.053468433520118923,
	"yaw" : 1.3227599357862005,
	"z" : -0.16811574175249652
}
