{
	"pitch" : 1.480082507495623,
	"roll" : -1.3523248125694571,
	"x" : 0.091379821888222371,
	"y" : -0.060429581144915236,
	"yaw" : 1.4726069252253813,
	"z" : -0.16814576681753529
}
