{
	"pitch" : 1.4797545672079975,
	"roll" : -1.5145394844870175,
	"x" : 0.044425364891980679,
	"y" : -0.11216873217814957,
	"yaw" : 1.3029716552841117,
	"z" : -0.16922612089387618
}
