{
	"pitch" : 1.4990896043038446,
	"roll" : -1.4322467311059304,
	"x" : 0.10295516490616484,
	"y" : 0.032193930258003711,
	"yaw" : 1.3968406919952934,
	"z" : -0.17001835462636061
}
