{
	"pitch" : 1.4963189529722589,
	"roll" : -1.5725992891456133,
	"x" : 0.092603282012350546,
	"y" : 0.036096714588707564,
	"yaw" : 1.2500825481454834,
	"z" : -0.16572137859367897
}
