{
	"pitch" : 1.4728491749023835,
	"roll" : -1.556362015114519,
	"x" : -0.017269258753893374,
	"y" : -0.10298902687006628,
	"yaw" : 1.2564116240105461,
	"z" : -0.17217437730368576
}
