{
	"pitch" : 1.4966924550517999,
	"roll" : -1.5043056912868682,
	"x" : 0.10191654721813505,
	"y" : 0.033303281682039068,
	"yaw" : 1.3269635326276061,
	"z" : -0.17055160005130626
}
