{
	"pitch" : 1.4694912110937384,
	"roll" : -1.4615663318742385,
	"x" : 0.057835741097940339,
	"y" : -0.059643756085362126,
	"yaw" : 1.3526001521542994,
	"z" : -0.169316965818263
}
