{
	"pitch" : 1.4705739904708426,
	"roll" : -1.3887461981500653,
	"x" : 0.035752766789179144,
	"y" : -0.13776306010651909,
	"yaw" : 1.4306430886233525,
	"z" : -0.19697384871484652
}
