{
	"pitch" : 1.4741305041013928,
	"roll" : -1.5729104044872841,
	"x" : 0.070204666009030622,
	"y" : -0.038810102701285543,
	"yaw" : 1.2359120421411607,
	"z" : -0.21217137704037975
}
