{
	"pitch" : 1.4788117541991701,
	"roll" : -1.6015753873333969,
	"x" : 0.027152867637213973,
	"y" : -0.0064301903169603283,
	"yaw" : 1.2195406612521258,
	"z" : -0.17090306558802909
}
