{
	"pitch" : 1.4488420085949769,
	"roll" : -1.3639735185457422,
	"x" : -0.010841261139333258,
	"y" : -0.28602566338492885,
	"yaw" : 1.4375393652866668,
	"z" : -0.17240081740741597
}
