{
	"pitch" : 1.4745829752064323,
	"roll" : -1.5534759170814334,
	"x" : 0.032041449322712218,
	"y" : -0.15514380659379345,
	"yaw" : 1.2605529231089874,
	"z" : -0.12749061975891818
}
