{
	"pitch" : 1.4535924674450886,
	"roll" : -1.3417221570412317,
	"x" : 0.062861499161338916,
	"y" : -0.2964183210929644,
	"yaw" : 1.4617379491784621,
	"z" : -0.16994714273514347
}
