{
	"pitch" : 1.45342890466331,
	"roll" : -1.3885812009643632,
	"x" : -0.014893741784160835,
	"y" : -0.27845638137461715,
	"yaw" : 1.4231768811992962,
	"z" : -0.17231987834916035
}
