{
	"pitch" : 1.4877173302199245,
	"roll" : -1.5939646671084755,
	"x" : 0.089286073059420934,
	"y" : 0.023007202728669733,
	"yaw" : 1.2233174425364306,
	"z" : -0.20442803885685784
}
