{
	"pitch" : 1.4938669621100966,
	"roll" : -1.4189225118960878,
	"x" : 0.12723461512832909,
	"y" : -0.0015463718990863951,
	"yaw" : 1.4064772348159382,
	"z" : -0.16943422185953372
}
