{
	"pitch" : 1.4795363002074868,
	"roll" : -1.4460736766712783,
	"x" : 0.088326848852008144,
	"y" : -0.061646691878488889,
	"yaw" : 1.3696874635902108,
	"z" : -0.16917625482626134
}
