{
	"pitch" : 1.488221604759957,
	"roll" : -1.5490365899857104,
	"x" : 0.078877409743759383,
	"y" : -0.0047078111618226674,
	"yaw" : 1.2644168616963478,
	"z" : -0.11893448071219612
}
