{
	"pitch" : 1.4718341386807647,
	"roll" : -1.5834408745197235,
	"x" : 0.046539641361410408,
	"y" : -0.051853594390159449,
	"yaw" : 1.2348402468158961,
	"z" : -0.16927493982472563
}
