{
	"pitch" : 1.4915925477674428,
	"roll" : -1.6373871772317985,
	"x" : 0.062676814881586704,
	"y" : 0.037082531247766753,
	"yaw" : 1.197254458092565,
	"z" : -0.17163433613849921
}
