{
	"pitch" : 1.4907580826887057,
	"roll" : -1.6293378081578094,
	"x" : 0.084779947197776859,
	"y" : 0.011068756528086251,
	"yaw" : 1.1869840456488745,
	"z" : -0.12648466284787574
}
