{
	"pitch" : 1.4658663796786644,
	"roll" : -1.5155405589614783,
	"x" : 0.017849422569123086,
	"y" : -0.19425472684684764,
	"yaw" : 1.2918791864515595,
	"z" : -0.088374230569517445
}
