{
	"pitch" : 1.4944439618631955,
	"roll" : -1.5514509035823218,
	"x" : 0.092700125170216779,
	"y" : 0.034554415604642556,
	"yaw" : 1.2678893039871293,
	"z" : -0.18302072143924258
}
