{
	"pitch" : 1.4752961263864013,
	"roll" : -1.5576848453765868,
	"x" : 0.064685955227493874,
	"y" : -0.049497887913245643,
	"yaw" : 1.2544280407547339,
	"z" : -0.13642321858102113
}
