{
	"pitch" : 1.467787919896153,
	"roll" : -1.4794121693436859,
	"x" : 0.062901966261898534,
	"y" : -0.05868543532021113,
	"yaw" : 1.3358978738324958,
	"z" : -0.17991576251802319
}
