{
	"pitch" : 1.4671921206751826,
	"roll" : -1.4947629872321084,
	"x" : 0.062961320872178581,
	"y" : -0.059152276103728016,
	"yaw" : 1.3199337491699283,
	"z" : -0.17881474052725296
}
