{
	"pitch" : 1.4599152169303207,
	"roll" : -1.5032979344045185,
	"x" : 0.011477227888420094,
	"y" : -0.21083974757228285,
	"yaw" : 1.3037480175946587,
	"z" : -0.070507548047868768
}
