{
	"pitch" : 1.4947685994257558,
	"roll" : -1.579013450402877,
	"x" : 0.088527725286181067,
	"y" : 0.024887392770059323,
	"yaw" : 1.2388669716472078,
	"z" : -0.13768538117842877
}
