{
	"pitch" : 1.4906092784171383,
	"roll" : -1.5321336209584229,
	"x" : 0.092061514272188422,
	"y" : 0.03370070597544416,
	"yaw" : 1.2871270595887063,
	"z" : -0.18753034389567627
}
