{
	"pitch" : 1.4957327747337308,
	"roll" : -1.5608821813084299,
	"x" : 0.092814404007362822,
	"y" : 0.035256620704324788,
	"yaw" : 1.2595042234481959,
	"z" : -0.17937025512531521
}
