{
	"pitch" : 1.4577346694680404,
	"roll" : -1.597256779762849,
	"x" : -0.034548500315730757,
	"y" : -0.1521912261298648,
	"yaw" : 1.2091078951700598,
	"z" : -0.17265270251332507
}
