{
	"pitch" : 1.4927084902769183,
	"roll" : -1.5166628166582081,
	"x" : 0.081398159457275771,
	"y" : 0.0044233015439045127,
	"yaw" : 1.2971498506697903,
	"z" : -0.1221684728118821
}
