{
	"pitch" : 1.4814216525684556,
	"roll" : -1.6032644759257682,
	"x" : 0.050859764001792276,
	"y" : 0.032425690385494886,
	"yaw" : 1.221513568102891,
	"z" : -0.17154238558358387
}
