{
	"pitch" : 1.4815211153503893,
	"roll" : -1.6314434120938952,
	"x" : 0.031651997464871552,
	"y" : 0.0090964995407425212,
	"yaw" : 1.1883650752914681,
	"z" : -0.17073928708904115
}
