{
	"pitch" : 1.4715100889357575,
	"roll" : -1.5912948443462416,
	"x" : 0.032853185504028534,
	"y" : -0.035519727385927582,
	"yaw" : 1.2247611599425352,
	"z" : -0.17027335230008669
}
