{
	"pitch" : 1.475005354690001,
	"roll" : -1.5627910132747433,
	"x" : 0.06513384231527404,
	"y" : -0.050197637962130247,
	"yaw" : 1.2498519735201912,
	"z" : -0.13710198819092995
}
