{
	"pitch" : 1.473433497580007,
	"roll" : -1.4115933930312294,
	"x" : 0.10019318601375657,
	"y" : -0.16166204626959513,
	"yaw" : 1.3854732494471229,
	"z" : -0.16822875548489721
}
