{
	"pitch" : 1.4893422519593087,
	"roll" : -1.5762953188031021,
	"x" : 0.082987710963643727,
	"y" : 0.0054866685675279067,
	"yaw" : 1.2384417293499941,
	"z" : -0.12361135160291746
}
