{
	"pitch" : 1.4951950676875436,
	"roll" : -1.5553610785456122,
	"x" : 0.093032668014817924,
	"y" : 0.035930669457430689,
	"yaw" : 1.2656151587179334,
	"z" : -0.17303543885431288
}
