{
	"pitch" : 1.4688671557915625,
	"roll" : -1.5159860295317933,
	"x" : 0.061700920945229873,
	"y" : -0.057767848066178004,
	"yaw" : 1.293506828476227,
	"z" : -0.16936554569112547
}
