{
	"pitch" : 1.4463689997627156,
	"roll" : -1.4231492094128178,
	"x" : -0.01765119999310566,
	"y" : -0.30926090927793248,
	"yaw" : 1.3779141661383034,
	"z" : -0.1731452648174204
}
