{
	"pitch" : 1.4821154064068756,
	"roll" : -1.3901649809487377,
	"x" : 0.02809827854114965,
	"y" : -0.1651978567232969,
	"yaw" : 1.4200562999456046,
	"z" : -0.24779453802374996
}
