{
	"pitch" : 1.4539191434343743,
	"roll" : -1.414681954223477,
	"x" : 0.014192487066226223,
	"y" : -0.2077518413583323,
	"yaw" : 1.3869163020938742,
	"z" : -0.17056112155724076
}
