{
	"pitch" : 1.4616263673293006,
	"roll" : -1.3209961581217344,
	"x" : 0.064982771291161978,
	"y" : -0.26527436026742485,
	"yaw" : 1.4855656354665199,
	"z" : -0.16997586433888057
}
