{
	"pitch" : 1.4649731961712913,
	"roll" : -1.5013942630857298,
	"x" : 0.011573179660349667,
	"y" : -0.21161220032926295,
	"yaw" : 1.308949397314441,
	"z" : -0.070471878302330745
}
