{
	"pitch" : 1.4936058441145208,
	"roll" : -1.611969500058829,
	"x" : 0.087095811305812398,
	"y" : 0.019141185192785154,
	"yaw" : 1.2050467592134058,
	"z" : -0.13149055946127869
}
