{
	"pitch" : 1.4980854452210797,
	"roll" : -1.3671740286741185,
	"x" : 0.11008974485422984,
	"y" : 0.026208422461034352,
	"yaw" : 1.4605251653831512,
	"z" : -0.16954128841758279
}
