{
	"pitch" : 1.4967685750818656,
	"roll" : -1.4333907930735001,
	"x" : 0.12483791955476452,
	"y" : 0.0069604846233488928,
	"yaw" : 1.3890436431264144,
	"z" : -0.16954022664132135
}
