{
	"pitch" : 1.4851613301869506,
	"roll" : -1.5531121221316797,
	"x" : 0.073740654920538953,
	"y" : -0.021220271511277075,
	"yaw" : 1.2601973017547845,
	"z" : -0.11974029928651572
}
