{
	"pitch" : 1.4753820722957967,
	"roll" : -1.5621145488357249,
	"x" : 0.028413820478761946,
	"y" : -0.026773440569928596,
	"yaw" : 1.2575266588042808,
	"z" : -0.17027146264046994
}
