{
	"pitch" : 1.4789682008523919,
	"roll" : -1.473359044704603,
	"x" : 0.066520738234348731,
	"y" : -0.016695782299146446,
	"yaw" : 1.3419395200452573,
	"z" : -0.16892050691441862
}
