{
	"pitch" : 1.4692690403885316,
	"roll" : -1.484143977764613,
	"x" : 0.041971589639551971,
	"y" : -0.049772773141028168,
	"yaw" : 1.3259812873724446,
	"z" : -0.16969856066030214
}
