{
	"pitch" : 1.4503815814854928,
	"roll" : -1.4263422996524013,
	"x" : -0.017133202333743602,
	"y" : -0.30816992663712356,
	"yaw" : 1.3756597831467319,
	"z" : -0.17251799176896163
}
