{
	"pitch" : 1.4689420518630285,
	"roll" : -1.4463590911991073,
	"x" : 0.072503227090777458,
	"y" : -0.1514122805632401,
	"yaw" : 1.3600439334966001,
	"z" : -0.16919754710595172
}
