{
	"pitch" : 1.4705662221544669,
	"roll" : -1.654167727893409,
	"x" : 0.028652512297352634,
	"y" : -0.022764988763418502,
	"yaw" : 1.1606003053685343,
	"z" : -0.17022301868038994
}
