{
	"pitch" : 1.4533430166194123,
	"roll" : -1.4427921782350939,
	"x" : 0.022490238881970506,
	"y" : -0.18791425422420061,
	"yaw" : 1.3623372658057793,
	"z" : -0.16999869362541783
}
