{
	"pitch" : 1.4648695333426391,
	"roll" : -1.5398816613158104,
	"x" : 0.019619041043667837,
	"y" : -0.18837664099149617,
	"yaw" : 1.2706033084709767,
	"z" : -0.093428181366012081
}
