{
	"pitch" : 1.4548287024907531,
	"roll" : -1.5143298914114034,
	"x" : -0.033383613169810269,
	"y" : -0.23446017039263373,
	"yaw" : 1.2865034587568456,
	"z" : -0.17278453962769369
}
