{
	"pitch" : 1.4609238639908693,
	"roll" : -1.6060694337147923,
	"x" : -0.08294746295654136,
	"y" : -0.18026033153675156,
	"yaw" : 1.2034299138190849,
	"z" : -0.17311216456979162
}
