{
	"pitch" : 1.458786705496105,
	"roll" : -1.4984304448392003,
	"x" : 0.01171098878836338,
	"y" : -0.21162497126562735,
	"yaw" : 1.3092163903583414,
	"z" : -0.070362186018707334
}
