{
	"pitch" : 1.4742534399673095,
	"roll" : -1.5201087288340973,
	"x" : 0.044825685950575435,
	"y" : -0.11110082919937841,
	"yaw" : 1.2944590395802211,
	"z" : -0.16950918959480751
}
