{
	"pitch" : 1.4953492745893642,
	"roll" : -1.4920083248077258,
	"x" : 0.074919170307302177,
	"y" : -0.017481400292070293,
	"yaw" : 1.3288386907040761,
	"z" : -0.17209684768876082
}
