{
	"pitch" : 1.4910841713498775,
	"roll" : -1.4905172700782818,
	"x" : 0.073079307286732217,
	"y" : -0.016308014663698266,
	"yaw" : 1.3275248271192333,
	"z" : -0.17001734384901326
}
