{
	"pitch" : 1.4721517028443223,
	"roll" : -1.3813887636474989,
	"x" : 0.071956400267785742,
	"y" : -0.06309387268815296,
	"yaw" : 1.4372589288113726,
	"z" : -0.16879929685097786
}
