{
	"pitch" : 1.4788492814091974,
	"roll" : -1.3989659662149296,
	"x" : 0.092294127000760506,
	"y" : -0.060074717399082163,
	"yaw" : 1.4244818987459362,
	"z" : -0.16841729022628965
}
