{
	"pitch" : 1.4963916019105596,
	"roll" : -1.5604562769621111,
	"x" : 0.064211424876134293,
	"y" : 0.038160776647557987,
	"yaw" : 1.2670103615927166,
	"z" : -0.1707454864839397
}
