{
	"pitch" : 1.4569149221896123,
	"roll" : -1.378192455058119,
	"x" : 0.01843700420465913,
	"y" : -0.1964038265663596,
	"yaw" : 1.435086901298418,
	"z" : -0.25939623296270503
}
