{
	"pitch" : 1.4603977796561751,
	"roll" : -1.301216588717105,
	"x" : 0.11229567113600278,
	"y" : -0.24025434575963198,
	"yaw" : 1.5075913938948853,
	"z" : -0.16815380565871682
}
