{
	"pitch" : 1.4849961981914992,
	"roll" : -1.4937965908706388,
	"x" : 0.067429082517275696,
	"y" : -0.04355580574371104,
	"yaw" : 1.3282325029134057,
	"z" : -0.16816241775939958
}
