{
	"pitch" : 1.4993886089426824,
	"roll" : -1.5563713546729758,
	"x" : 0.10160869263774672,
	"y" : 0.03337174784282057,
	"yaw" : 1.2737579140444086,
	"z" : -0.17113633357701163
}
