{
	"pitch" : 1.4832259930486236,
	"roll" : -1.6249636680034452,
	"x" : 0.027832105894844125,
	"y" : 0.0016535296128297738,
	"yaw" : 1.1958955866028709,
	"z" : -0.17079696833241981
}
