{
	"pitch" : 1.4915124092071439,
	"roll" : -1.6118994253307606,
	"x" : 0.084569076490979916,
	"y" : 0.011882743665479973,
	"yaw" : 1.2039193269554558,
	"z" : -0.12647116773096484
}
