{
	"pitch" : 1.4713826790632543,
	"roll" : -1.4813726244368894,
	"x" : 0.060291089042329035,
	"y" : -0.069448327592725456,
	"yaw" : 1.326098370619383,
	"z" : -0.16921004875564197
}
