{
	"pitch" : 1.4701138460398369,
	"roll" : -1.5505988628130196,
	"x" : -0.021087441070963692,
	"y" : -0.10658024857596518,
	"yaw" : 1.263435888798613,
	"z" : -0.17227414319808104
}
