{
	"pitch" : 1.4709671193479081,
	"roll" : -1.4944939830958799,
	"x" : 0.062195472015234267,
	"y" : -0.059846864984813279,
	"yaw" : 1.3184755464305438,
	"z" : -0.17347055442293052
}
