{
	"pitch" : 1.4595813787018208,
	"roll" : -1.3466279912265238,
	"x" : 0.075961171585836179,
	"y" : -0.24916793404255455,
	"yaw" : 1.4585757283353011,
	"z" : -0.1690830260544175
}
