{
	"pitch" : 1.4951103515910451,
	"roll" : -1.5656280135336833,
	"x" : 0.092726327135680506,
	"y" : 0.035247530189930661,
	"yaw" : 1.255064886119813,
	"z" : -0.17932110918141245
}
