{
	"pitch" : 1.4898021761704419,
	"roll" : -1.580065501823946,
	"x" : 0.053846787072169791,
	"y" : 0.033460354849058439,
	"yaw" : 1.2504544840667673,
	"z" : -0.17135748839486087
}
