{
	"pitch" : 1.4625695540612706,
	"roll" : -1.3035227292951772,
	"x" : 0.10859998501876608,
	"y" : -0.23354757449666008,
	"yaw" : 1.5042595125793459,
	"z" : -0.16835016943702408
}
