{
	"pitch" : 1.4916660088946903,
	"roll" : -1.5522444797626769,
	"x" : 0.091272384880268717,
	"y" : 0.032176743288203948,
	"yaw" : 1.2659028500923655,
	"z" : -0.18985757846464515
}
