{
	"pitch" : 1.477115791948368,
	"roll" : -1.4545829285374774,
	"x" : 0.077440418475990078,
	"y" : -0.013499476869014202,
	"yaw" : 1.3417927321314502,
	"z" : -0.17039722059800197
}
