{
	"pitch" : 1.4817820284492704,
	"roll" : -1.3621618421710306,
	"x" : 0.10978356840966896,
	"y" : -0.050814312298658057,
	"yaw" : 1.4605718457019794,
	"z" : -0.16845211246067207
}
