{
	"pitch" : 1.4705531689133846,
	"roll" : -1.5438309860498478,
	"x" : 0.066850643962939521,
	"y" : -0.051867375576843067,
	"yaw" : 1.2625215643482133,
	"z" : -0.20013850190414328
}
