{
	"pitch" : 1.4829882756693218,
	"roll" : -1.6152087362070076,
	"x" : 0.084330505625151986,
	"y" : 0.0037050344353309547,
	"yaw" : 1.2019648653278765,
	"z" : -0.21803653756492514
}
