{
	"pitch" : 1.4961412703402626,
	"roll" : -1.40569968147584,
	"x" : 0.12400548747245331,
	"y" : 0.0077527644084914461,
	"yaw" : 1.4171584066979632,
	"z" : -0.16910545831494928
}
