{
	"pitch" : 1.4690731125660117,
	"roll" : -1.6089259911339653,
	"x" : -0.032476397146528169,
	"y" : -0.11901507044034872,
	"yaw" : 1.2026490684709543,
	"z" : -0.1716045117448797
}
