{
	"pitch" : 1.4837595933960006,
	"roll" : -1.5655975117457874,
	"x" : 0.032000490678288765,
	"y" : 0.012670774488768312,
	"yaw" : 1.2550457484472892,
	"z" : -0.17051631668976139
}
