{
	"pitch" : 1.4815359700748458,
	"roll" : -1.5317904746818358,
	"x" : 0.046664072504573675,
	"y" : -0.11292360534765544,
	"yaw" : 1.288625167454045,
	"z" : -0.16984359222865175
}
