{
	"pitch" : 1.4701667345392211,
	"roll" : -1.5213397513443028,
	"x" : 0.008685942709137015,
	"y" : -0.2260100521797361,
	"yaw" : 1.2865436510739701,
	"z" : -0.085249649333975774
}
