{
	"pitch" : 1.4765353435343116,
	"roll" : -1.4981309761314128,
	"x" : -0.012221283745449535,
	"y" : -0.10387858338168243,
	"yaw" : 1.3188047377649872,
	"z" : -0.17079410876380199
}
