{
	"pitch" : 1.4933364680930745,
	"roll" : -1.5194061856608629,
	"x" : 0.072803074677881288,
	"y" : -0.016261203599436395,
	"yaw" : 1.3035294048525481,
	"z" : -0.16985712807247089
}
