{
	"pitch" : 1.4531437989450737,
	"roll" : -1.5320844312043451,
	"x" : -0.021038878644316944,
	"y" : -0.22789828480660179,
	"yaw" : 1.2700216758397498,
	"z" : -0.17206036435720579
}
