{
	"pitch" : 1.4729829534446057,
	"roll" : -1.4265395115599528,
	"x" : 0.080697449375731201,
	"y" : -0.18073236716685373,
	"yaw" : 1.3843789504534934,
	"z" : -0.16882547760846095
}
