{
	"pitch" : 1.4947087679792561,
	"roll" : -1.3976847867912683,
	"x" : 0.12595182242044312,
	"y" : 0.0024910116890775897,
	"yaw" : 1.4278071999433266,
	"z" : -0.16971039790990503
}
