{
	"pitch" : 1.491120713372299,
	"roll" : -1.5772737483063384,
	"x" : 0.079287658681312004,
	"y" : 0.039782233214204009,
	"yaw" : 1.2525946358171276,
	"z" : -0.17100627641215299
}
