{
	"pitch" : 1.4703218094492763,
	"roll" : -1.562637889293373,
	"x" : 0.030919410684589456,
	"y" : -0.035756162362110863,
	"yaw" : 1.2449318086449055,
	"z" : -0.16991130575073657
}
