{
	"pitch" : 1.4921697227316255,
	"roll" : -1.6177448571620965,
	"x" : 0.087997473977227139,
	"y" : 0.020610394267042257,
	"yaw" : 1.1995667312665053,
	"z" : -0.13350438964565198
}
