{
	"pitch" : 1.4922962097160186,
	"roll" : -1.4695857209068095,
	"x" : 0.074893768138243083,
	"y" : -0.018304899230841457,
	"yaw" : 1.3451531348215076,
	"z" : -0.16890834708481933
}
