{
	"pitch" : 1.4750237830342718,
	"roll" : -1.5584906786991797,
	"x" : 0.028704157702300739,
	"y" : -0.027158639260183162,
	"yaw" : 1.2608611912942611,
	"z" : -0.17022728414112465
}
