{
	"pitch" : 1.4708663493659488,
	"roll" : -1.4155151841195224,
	"x" : 0.10199582874893931,
	"y" : -0.17626502027291777,
	"yaw" : 1.4010976058335347,
	"z" : -0.16853675075856464
}
