{
	"pitch" : 1.4889201534033565,
	"roll" : -1.5387238263737844,
	"x" : 0.078712725365191305,
	"y" : -0.0043248935857219083,
	"yaw" : 1.274543458929269,
	"z" : -0.11889557140486406
}
