{
	"pitch" : 1.4518273134677517,
	"roll" : -1.3828115474648268,
	"x" : 0.01580109551555399,
	"y" : -0.20175566084264079,
	"yaw" : 1.4180398330055433,
	"z" : -0.17019669710720933
}
