{
	"pitch" : 1.4703244613564146,
	"roll" : -1.5610153430663716,
	"x" : 0.019867521444404679,
	"y" : -0.13448710480839399,
	"yaw" : 1.2488859038546991,
	"z" : -0.17104490178386031
}
