{
	"pitch" : 1.4519533502045223,
	"roll" : -1.3260865734649723,
	"x" : 0.061846415171922166,
	"y" : -0.30183655337726523,
	"yaw" : 1.4771819522629537,
	"z" : -0.17054945736869462
}
