{
	"pitch" : 1.4844746766514423,
	"roll" : -1.4563951924845222,
	"x" : 0.10365489411347485,
	"y" : -0.0562985989076564,
	"yaw" : 1.3630325972311337,
	"z" : -0.16839380984046828
}
