{
	"pitch" : 1.4901051675673789,
	"roll" : -1.3546963163848207,
	"x" : 0.10385640224151131,
	"y" : -0.16263699600530318,
	"yaw" : 1.4171472024886045,
	"z" : -0.16700370969932832
}
