{
	"pitch" : 1.4880581014478862,
	"roll" : -1.5225555124109995,
	"x" : 0.059692094170863949,
	"y" : 0.037323669843207619,
	"yaw" : 1.3073017257786088,
	"z" : -0.17148170509837363
}
