{
	"pitch" : 1.4527976339201423,
	"roll" : -1.4285832231382161,
	"x" : 0.023950536028244498,
	"y" : -0.18328900953397742,
	"yaw" : 1.3775035839902317,
	"z" : -0.16999801127822328
}
