{
	"pitch" : 1.4755308312840285,
	"roll" : -1.5584698942361799,
	"x" : 0.064658117774450921,
	"y" : -0.049790178479514974,
	"yaw" : 1.2536998633867464,
	"z" : -0.13678097003064338
}
