{
	"pitch" : 1.4632197619887275,
	"roll" : -1.5186261662674152,
	"x" : -0.0034231131328276293,
	"y" : -0.26078624937059847,
	"yaw" : 1.2932985976720737,
	"z" : -0.12409898927362922
}
