{
	"pitch" : 1.4982284084054065,
	"roll" : -1.4291504721597641,
	"x" : 0.10427473988396241,
	"y" : 0.031401259912248826,
	"yaw" : 1.3988664744183485,
	"z" : -0.17040432661090235
}
