{
	"pitch" : 1.4812810749361034,
	"roll" : -1.5354778135649352,
	"x" : 0.085635973545965111,
	"y" : 0.010959744347942953,
	"yaw" : 1.2776803155410934,
	"z" : -0.21392962347120134
}
