{
	"pitch" : 1.4911890959649723,
	"roll" : -1.3869683392686012,
	"x" : 0.12707101901652457,
	"y" : -0.01925323885566356,
	"yaw" : 1.4336018574136828,
	"z" : -0.16871820391740661
}
