{
	"pitch" : 1.4878759948176683,
	"roll" : -1.5251135612756352,
	"x" : 0.076554123300608873,
	"y" : -0.012862715358493934,
	"yaw" : 1.2924170043585006,
	"z" : -0.16991463857398875
}
