{
	"pitch" : 1.5008485757362828,
	"roll" : -1.4956398331806959,
	"x" : 0.1143463000985865,
	"y" : 0.023101114473043666,
	"yaw" : 1.3350688745766337,
	"z" : -0.16960917165110975
}
