{
	"pitch" : 1.4704958638714825,
	"roll" : -1.3502543383012391,
	"x" : 0.071750530611577421,
	"y" : -0.011292315634862715,
	"yaw" : 1.444821221179061,
	"z" : -0.16775060457739524
}
