{
	"pitch" : 1.4863880395623823,
	"roll" : -1.3289745405366507,
	"x" : 0.12019450724561453,
	"y" : -0.036737897708876768,
	"yaw" : 1.4891769412938261,
	"z" : -0.16805321654182176
}
