{
	"pitch" : 1.478483797105169,
	"roll" : -1.6861652407913985,
	"x" : 0.029422683027960791,
	"y" : 0.0031998666286617676,
	"yaw" : 1.1344156538501156,
	"z" : -0.17113143451199569
}
