{
	"pitch" : 1.4844328127459561,
	"roll" : -1.4090125346677955,
	"x" : 0.11222432345437894,
	"y" : -0.048175897703349527,
	"yaw" : 1.409737990815614,
	"z" : -0.1686024261111386
}
