{
	"pitch" : 1.4791748695409228,
	"roll" : -1.6795350999316767,
	"x" : 0.029587775200906372,
	"y" : 0.0046300662413126855,
	"yaw" : 1.1415665765170087,
	"z" : -0.17055780709629201
}
