{
	"pitch" : 1.463216769864685,
	"roll" : -1.3527987380260671,
	"x" : 0.10686886525770728,
	"y" : -0.22774928766812261,
	"yaw" : 1.4549837270361692,
	"z" : -0.16924921443058846
}
