{
	"pitch" : 1.462248502323076,
	"roll" : -1.3157136872705879,
	"x" : 0.11064794038203335,
	"y" : -0.24154911068511276,
	"yaw" : 1.4981558036953802,
	"z" : -0.1680606941451295
}
