{
	"pitch" : 1.4916224359202646,
	"roll" : -1.6525190344487237,
	"x" : 0.094056366679255293,
	"y" : 0.034615025714289441,
	"yaw" : 1.1702257543076027,
	"z" : -0.16054347259510557
}
