{
	"pitch" : 1.4688848212999224,
	"roll" : -1.5681375751476889,
	"x" : 0.014378817642191261,
	"y" : -0.13265704190140087,
	"yaw" : 1.2436204631440284,
	"z" : -0.17122062426873647
}
