{
	"pitch" : 1.4574129721047151,
	"roll" : -1.3580490651121546,
	"x" : 0.015640716480301242,
	"y" : -0.20844555477327539,
	"yaw" : 1.4551688116503263,
	"z" : -0.27078316958546417
}
