{
	"pitch" : 1.4924964893013284,
	"roll" : -1.5237352661706023,
	"x" : 0.072111145794076473,
	"y" : -0.017249798486700725,
	"yaw" : 1.2978204509464404,
	"z" : -0.1700027669951554
}
