{
	"pitch" : 1.4895305425896621,
	"roll" : -1.3045928001762879,
	"x" : 0.12482739562331047,
	"y" : -0.023088422587766687,
	"yaw" : 1.5184512923756492,
	"z" : -0.16849091825275364
}
