{
	"pitch" : 1.486659368059623,
	"roll" : -1.5857000467910427,
	"x" : 0.089325555723221331,
	"y" : 0.023304357120141152,
	"yaw" : 1.2310075971019585,
	"z" : -0.20425576591112315
}
