{
	"pitch" : 1.4718848474236801,
	"roll" : -1.4985216623209316,
	"x" : 0.043590079015525612,
	"y" : -0.11482626087417575,
	"yaw" : 1.313338385943478,
	"z" : -0.17253096671218207
}
