{
	"pitch" : 1.4654124342150134,
	"roll" : -1.5176680709069985,
	"x" : 0.01710355352473885,
	"y" : -0.19596693955479105,
	"yaw" : 1.2879990565682751,
	"z" : -0.086386837667661601
}
