{
	"pitch" : 1.4943044396582215,
	"roll" : -1.365926444749904,
	"x" : 0.12878965005661347,
	"y" : -0.0054220646828353706,
	"yaw" : 1.4572566374815321,
	"z" : -0.16867285566165985
}
