{
	"pitch" : 1.4689031662561107,
	"roll" : -1.5731138894750119,
	"x" : -0.032688840490255652,
	"y" : -0.11887220380826952,
	"yaw" : 1.2372610771921635,
	"z" : -0.17150227956764308
}
