{
	"pitch" : 1.4618172096059756,
	"roll" : -1.293470162517077,
	"x" : 0.057403055255952254,
	"y" : -0.2693188211098263,
	"yaw" : 1.5132131914990079,
	"z" : -0.16966174105725218
}
