{
	"pitch" : 1.4575301478068572,
	"roll" : -1.3596119515704992,
	"x" : 0.015677639861213351,
	"y" : -0.20843221181563673,
	"yaw" : 1.4535942113946674,
	"z" : -0.27082419658365853
}
