{
	"pitch" : 1.4974240590520322,
	"roll" : -1.4483056780674435,
	"x" : 0.11749131174290685,
	"y" : 0.019313928107969329,
	"yaw" : 1.380363417421171,
	"z" : -0.17006723810076538
}
