{
	"pitch" : 1.4773255880238598,
	"roll" : -1.4491166969950582,
	"x" : 0.07751839128043822,
	"y" : -0.013511960448836428,
	"yaw" : 1.3471927648891602,
	"z" : -0.17047123072890932
}
