{
	"pitch" : 1.4627004806379318,
	"roll" : -1.4394418190065268,
	"x" : -0.0091142559706417631,
	"y" : -0.28142637265627451,
	"yaw" : 1.3784189176712081,
	"z" : -0.14423211062697983
}
