{
	"pitch" : 1.5037974608439659,
	"roll" : -1.4913544569699668,
	"x" : 0.10786445963271135,
	"y" : 0.029412116250804345,
	"yaw" : 1.3412760502639514,
	"z" : -0.16995235234257991
}
