{
	"pitch" : 1.4729771962390614,
	"roll" : -1.5872458627018431,
	"x" : 0.029294145703840091,
	"y" : -0.030985683689375661,
	"yaw" : 1.2285416264107385,
	"z" : -0.16949730321300308
}
