{
	"pitch" : 1.4852075637423621,
	"roll" : -1.559683988276255,
	"x" : 0.091203732182891656,
	"y" : 0.029090166393669879,
	"yaw" : 1.2576398386003511,
	"z" : -0.19599674258477945
}
