{
	"pitch" : 1.4824483584420456,
	"roll" : -1.4069336195770403,
	"x" : 0.099608431849413953,
	"y" : -0.056857989862602543,
	"yaw" : 1.4151591980451173,
	"z" : -0.16865014189216038
}
