{
	"pitch" : 1.4855542631937257,
	"roll" : -1.477222037189478,
	"x" : 0.04141146742825795,
	"y" : -0.046331092542909534,
	"yaw" : 1.3439901497109514,
	"z" : -0.16999804501631316
}
