{
	"pitch" : 1.4679810663969011,
	"roll" : -1.4905237447263244,
	"x" : 0.064275557470466815,
	"y" : -0.05289272858048203,
	"yaw" : 1.3184003479202415,
	"z" : -0.16957513849119574
}
