{
	"pitch" : 1.4667418045765779,
	"roll" : -1.4928620711560021,
	"x" : 0.0059469855544722061,
	"y" : -0.23273665474017954,
	"yaw" : 1.3140363196302394,
	"z" : -0.092582461097607135
}
