{
	"pitch" : 1.4749034506067582,
	"roll" : -1.4691471303118737,
	"x" : 0.061583453544019527,
	"y" : -0.058752606662746551,
	"yaw" : 1.3463514830015515,
	"z" : -0.15223012244899425
}
