{
	"pitch" : 1.4458838734784838,
	"roll" : -1.4423356400276093,
	"x" : -0.01628149331973644,
	"y" : -0.30961458699798489,
	"yaw" : 1.3586492135265682,
	"z" : -0.17372508883002646
}
