{
	"pitch" : 1.4556315963764161,
	"roll" : -1.4485465360419552,
	"x" : 0.032708409149125678,
	"y" : -0.15488030870814445,
	"yaw" : 1.3553748538788954,
	"z" : -0.16999535833822693
}
