{
	"pitch" : 1.4956022683927626,
	"roll" : -1.5627125391301904,
	"x" : 0.092616506645395197,
	"y" : 0.035729409139325582,
	"yaw" : 1.2586427900674459,
	"z" : -0.16372650665706232
}
