{
	"pitch" : 1.4675636662259481,
	"roll" : -1.513224913160492,
	"x" : 0.01028879133965134,
	"y" : -0.21603610441594018,
	"yaw" : 1.3016551682785527,
	"z" : -0.075523303883191464
}
