{
	"pitch" : 1.4550486512004022,
	"roll" : -1.4149135125486028,
	"x" : 0.0034336206124892243,
	"y" : -0.24374145831159366,
	"yaw" : 1.3877090967892529,
	"z" : -0.17127735038676856
}
