{
	"pitch" : 1.4582016807914346,
	"roll" : -1.4667357596177268,
	"x" : -0.049606043429021612,
	"y" : -0.26697504686785795,
	"yaw" : 1.3448933327267225,
	"z" : -0.17383428822226074
}
