{
	"pitch" : 1.4549352046064343,
	"roll" : -1.4615869158519661,
	"x" : 0.014156345495463386,
	"y" : -0.20898350464549798,
	"yaw" : 1.3405429758747802,
	"z" : -0.17058085098872761
}
