{
	"pitch" : 1.4699334940280153,
	"roll" : -1.5286852965873916,
	"x" : 0.06358809039799003,
	"y" : -0.054612316040534938,
	"yaw" : 1.2802431677349677,
	"z" : -0.1693939053912662
}
