{
	"pitch" : 1.4491906222740776,
	"roll" : -1.4080206085601206,
	"x" : -0.016875745731974132,
	"y" : -0.30894221879044537,
	"yaw" : 1.3937418817027587,
	"z" : -0.17285177025344112
}
