{
	"pitch" : 1.4724879185120845,
	"roll" : -1.5679844223130242,
	"x" : 0.070777009486783268,
	"y" : -0.037054400720873237,
	"yaw" : 1.2413955947438535,
	"z" : -0.21375400255484431
}
