{
	"pitch" : 1.4515713691027947,
	"roll" : -1.3952517189439999,
	"x" : -0.002689769142925999,
	"y" : -0.26228483274460929,
	"yaw" : 1.4078474557708422,
	"z" : -0.17213175640880371
}
