{
	"pitch" : 1.4804694071784377,
	"roll" : -1.5214677994959862,
	"x" : 0.080507519062576388,
	"y" : -0.0038962951492946176,
	"yaw" : 1.2902803893953221,
	"z" : -0.21908745968071466
}
