{
	"pitch" : 1.4830739024363611,
	"roll" : -1.5935490049650156,
	"x" : 0.083388429338997649,
	"y" : 0.0031961582290490499,
	"yaw" : 1.2224280368866023,
	"z" : -0.21789357958741717
}
