{
	"pitch" : 1.4833877805097162,
	"roll" : -1.5770702454022938,
	"x" : 0.070111679698934976,
	"y" : -0.029211141158939288,
	"yaw" : 1.2355196537279178,
	"z" : -0.12213702134799713
}
