{
	"pitch" : 1.4742807919778647,
	"roll" : -1.4463701824036912,
	"x" : 0.061144007867529021,
	"y" : -0.058693030681606057,
	"yaw" : 1.3699129578883367,
	"z" : -0.1541008055775771
}
