{
	"pitch" : 1.472878041746303,
	"roll" : -1.6802332244295088,
	"x" : 0.027690386138206659,
	"y" : -0.017583593606185381,
	"yaw" : 1.1348193533210598,
	"z" : -0.17111292017906271
}
