{
	"pitch" : 1.4766281443011386,
	"roll" : -1.5130018061995809,
	"x" : 0.072501779177831918,
	"y" : -0.029183336518687077,
	"yaw" : 1.2939195953419096,
	"z" : -0.21707259679146335
}
