{
	"pitch" : 1.4685480260580333,
	"roll" : -1.4277505337995544,
	"x" : 0.065078813659486423,
	"y" : -0.061675401499562618,
	"yaw" : 1.3886411707690101,
	"z" : -0.1692659668838089
}
