{
	"pitch" : 1.4984522091606045,
	"roll" : -1.3890768106290963,
	"x" : 0.10772728814903791,
	"y" : 0.028527179706598696,
	"yaw" : 1.4405872717790971,
	"z" : -0.16973048861731213
}
