{
	"pitch" : 1.4826148347239327,
	"roll" : -1.5811509293992447,
	"x" : 0.071462914571902375,
	"y" : -0.030572519083590592,
	"yaw" : 1.2313765912836472,
	"z" : -0.12331244810723195
}
