{
	"pitch" : 1.4944181393660969,
	"roll" : -1.3603628992709778,
	"x" : 0.12655022477151476,
	"y" : -0.0027020997646438893,
	"yaw" : 1.4602093634065247,
	"z" : -0.16884435948497328
}
