{
	"pitch" : 1.4783515705147079,
	"roll" : -1.6030652988308023,
	"x" : 0.056307516099462426,
	"y" : -0.13230699398497095,
	"yaw" : 1.2014925542551336,
	"z" : -0.16997663701034096
}
