{
	"pitch" : 1.4997869325216604,
	"roll" : -1.4545515494758994,
	"x" : 0.057646442991097502,
	"y" : -0.064381327132878002,
	"yaw" : 1.3549787632322965,
	"z" : -0.19601753557829565
}
