{
	"pitch" : 1.4484475822475686,
	"roll" : -1.3422830244788611,
	"x" : -0.014430408470450948,
	"y" : -0.29854390618525828,
	"yaw" : 1.4576230216954273,
	"z" : -0.17259625039587317
}
