{
	"pitch" : 1.4935028823180576,
	"roll" : -1.3576082830252199,
	"x" : 0.12885748307501896,
	"y" : -0.0064766979246392853,
	"yaw" : 1.464414771482673,
	"z" : -0.16871836706160501
}
