{
	"pitch" : 1.4795876496982927,
	"roll" : -1.478235400957288,
	"x" : 0.065589273043923091,
	"y" : -0.017199239342753216,
	"yaw" : 1.3370171946061802,
	"z" : -0.16901752957780433
}
