{
	"pitch" : 1.4770335755734949,
	"roll" : -1.4982939518318565,
	"x" : 0.074603815163516746,
	"y" : -0.020558439694395782,
	"yaw" : 1.3074933518746654,
	"z" : -0.22025919775506075
}
