{
	"pitch" : 1.4921781885537566,
	"roll" : -1.4825826255576773,
	"x" : 0.065502975085923482,
	"y" : -0.023458769079714285,
	"yaw" : 1.3331114652260136,
	"z" : -0.16961067190507931
}
