{
	"pitch" : 1.4617803567257097,
	"roll" : -1.4985097019875717,
	"x" : 0.012349956574081236,
	"y" : -0.21139874481012411,
	"yaw" : 1.3111896945573041,
	"z" : -0.070454075328782298
}
