{
	"pitch" : 1.4566658431717601,
	"roll" : -1.3713144225529199,
	"x" : 0.071108183787731261,
	"y" : -0.27203145927668049,
	"yaw" : 1.4347350669412797,
	"z" : -0.16980364023255159
}
