{
	"pitch" : 1.4518378678442292,
	"roll" : -1.4272661318260951,
	"x" : -0.017130862915736025,
	"y" : -0.30758931017536817,
	"yaw" : 1.3753459636023182,
	"z" : -0.17144683341997857
}
