{
	"pitch" : 1.4723489318447651,
	"roll" : -1.4919493393596819,
	"x" : 0.071974136274487774,
	"y" : -0.026468122164588406,
	"yaw" : 1.3092277071619491,
	"z" : -0.16971873827122111
}
