{
	"pitch" : 1.4844551534990504,
	"roll" : -1.6217473510431719,
	"x" : 0.03673079338833924,
	"y" : 0.01964980188653264,
	"yaw" : 1.2010342857329115,
	"z" : -0.17113243685010632
}
