{
	"pitch" : 1.4706368764536912,
	"roll" : -1.6417540072480254,
	"x" : 0.028853327595853961,
	"y" : -0.022716187442314642,
	"yaw" : 1.1724502110981898,
	"z" : -0.17044064504754716
}
