{
	"pitch" : 1.4704150721926708,
	"roll" : -1.4053182055118563,
	"x" : 0.09683413016328897,
	"y" : -0.15997924203615915,
	"yaw" : 1.3933605068385817,
	"z" : -0.16837271919438401
}
