{
	"pitch" : 1.4814495598736535,
	"roll" : -1.4421050537937745,
	"x" : 0.10341554637311481,
	"y" : -0.055579924178173937,
	"yaw" : 1.3775320397481239,
	"z" : -0.1680009425026224
}
