{
	"pitch" : 1.4945110969317499,
	"roll" : -1.364604931828852,
	"x" : 0.12880777165132604,
	"y" : -0.0054262811165245867,
	"yaw" : 1.4584818805502708,
	"z" : -0.16862486250487999
}
