{
	"pitch" : 1.4655442075270511,
	"roll" : -1.6114874279616862,
	"x" : -0.014499930957484808,
	"y" : -0.12460934215857031,
	"yaw" : 1.2009052975437453,
	"z" : -0.17211263789020528
}
