{
	"pitch" : 1.4828175029653072,
	"roll" : -1.5532878510134891,
	"x" : 0.075757091096273335,
	"y" : -0.015255175711388468,
	"yaw" : 1.2612847514244983,
	"z" : -0.1701780195233886
}
