{
	"pitch" : 1.4597939010224179,
	"roll" : -1.5843425604605437,
	"x" : -0.083655994503997341,
	"y" : -0.17998511888104221,
	"yaw" : 1.2245619146028415,
	"z" : -0.17390819945057645
}
