{
	"pitch" : 1.4583655744792059,
	"roll" : -1.4072092102619933,
	"x" : 0.0088158324589341225,
	"y" : -0.22653488661541099,
	"yaw" : 1.392811320808661,
	"z" : -0.1705741880045106
}
