{
	"pitch" : 1.4962756431063764,
	"roll" : -1.4496666168963313,
	"x" : 0.11183902067419643,
	"y" : 0.02477587675074136,
	"yaw" : 1.3767603764083196,
	"z" : -0.16991822708227045
}
