{
	"pitch" : 1.4728211413582664,
	"roll" : -1.5562214030920554,
	"x" : 0.036340274225627606,
	"y" : -0.042169789596743952,
	"yaw" : 1.2610342187416648,
	"z" : -0.16968845950431835
}
