{
	"pitch" : 1.4899749999673451,
	"roll" : -1.4414693780237455,
	"x" : 0.076977660182144719,
	"y" : -0.010836339210565709,
	"yaw" : 1.3744440153407378,
	"z" : -0.16879167948418902
}
