{
	"pitch" : 1.4565370191326412,
	"roll" : -1.3815476223206629,
	"x" : 0.016698837595985484,
	"y" : -0.2045365688927242,
	"yaw" : 1.4326531821355941,
	"z" : -0.26698985095996736
}
