{
	"pitch" : 1.4673923340261812,
	"roll" : -1.3927383097731834,
	"x" : 0.034924607065421914,
	"y" : -0.14179548097924682,
	"yaw" : 1.4223912404704584,
	"z" : -0.2024887587778294
}
