{
	"pitch" : 1.4686104308352703,
	"roll" : -1.5286587913516176,
	"x" : 0.03633456533511209,
	"y" : -0.042715896068431333,
	"yaw" : 1.2813481859151765,
	"z" : -0.17020717172689753
}
