{
	"pitch" : 1.4752688788990305,
	"roll" : -1.5136197590897007,
	"x" : 0.063383057665503895,
	"y" : -0.054735832230464299,
	"yaw" : 1.2991877536454253,
	"z" : -0.14434174143728012
}
