{
	"pitch" : 1.4947087737479985,
	"roll" : -1.6122595602730021,
	"x" : 0.092466841993548279,
	"y" : 0.035270855161222615,
	"yaw" : 1.2093279689409551,
	"z" : -0.16143112018026759
}
