{
	"pitch" : 1.4687083713255551,
	"roll" : -1.5018145332846842,
	"x" : 0.044396815968552716,
	"y" : -0.051911632689297355,
	"yaw" : 1.3075730130286429,
	"z" : -0.16958667676659628
}
