{
	"pitch" : 1.446258442508046,
	"roll" : -1.4429994533552943,
	"x" : -0.016854472850595451,
	"y" : -0.3094849526359657,
	"yaw" : 1.3580056325091545,
	"z" : -0.17346395634488218
}
