{
	"pitch" : 1.4542458931717934,
	"roll" : -1.4007448590139455,
	"x" : 0.018635627007339575,
	"y" : -0.19199784703579353,
	"yaw" : 1.4032599962430923,
	"z" : -0.17004322855375492
}
