{
	"pitch" : 1.4623734471641336,
	"roll" : -1.3237969604080837,
	"x" : 0.11048449703138469,
	"y" : -0.23669875277364599,
	"yaw" : 1.4834999928579928,
	"z" : -0.16834053072579613
}
