{
	"pitch" : 1.4768663013761862,
	"roll" : -1.6421248686320402,
	"x" : 0.026418799538511936,
	"y" : -0.0086757787189121419,
	"yaw" : 1.1752388523174717,
	"z" : -0.17104487715178526
}
