{
	"pitch" : 1.483597225144246,
	"roll" : -1.7108442277891664,
	"x" : 0.037202601048294669,
	"y" : 0.019294739604848454,
	"yaw" : 1.1092815659954975,
	"z" : -0.17139569703085733
}
