{
	"pitch" : 1.4827238241737963,
	"roll" : -1.5174909530766592,
	"x" : 0.047467101450011207,
	"y" : -0.11629784340675757,
	"yaw" : 1.2991239436571012,
	"z" : -0.17018841568216087
}
