{
	"pitch" : 1.470975234421438,
	"roll" : -1.5337160461968864,
	"x" : 0.076378894963931257,
	"y" : -0.015239163289429078,
	"yaw" : 1.2672946288350773,
	"z" : -0.16977137308492396
}
