{
	"pitch" : 1.4971526994238085,
	"roll" : -1.502089029521803,
	"x" : 0.088135321983363768,
	"y" : 0.038475409690449491,
	"yaw" : 1.3332673815749627,
	"z" : -0.17108779719657799
}
