{
	"pitch" : 1.4967661055770496,
	"roll" : -1.5958302820490966,
	"x" : 0.052692190917436953,
	"y" : -0.091212760013605843,
	"yaw" : 1.2110237584404182,
	"z" : -0.20921077720352324
}
