{
	"pitch" : 1.4707771160370409,
	"roll" : -1.5139658539793661,
	"x" : -0.076372642213527436,
	"y" : -0.17258824850409824,
	"yaw" : 1.2942890875918616,
	"z" : -0.17308991742757737
}
