{
	"pitch" : 1.4712451947576559,
	"roll" : -1.6489815392253497,
	"x" : 0.026873777243970408,
	"y" : -0.013923609152239887,
	"yaw" : 1.1667006772158164,
	"z" : -0.17159447996237934
}
