{
	"pitch" : 1.4939594096060185,
	"roll" : -1.6234267220849889,
	"x" : 0.090960053798382581,
	"y" : 0.029362366763494442,
	"yaw" : 1.1972630307131849,
	"z" : -0.14526810339485677
}
