{
	"pitch" : 1.4488293590837871,
	"roll" : -1.4111892074132475,
	"x" : -0.016926930136589441,
	"y" : -0.30895639179854761,
	"yaw" : 1.3902833011029234,
	"z" : -0.17301616551072749
}
