{
	"pitch" : 1.4966831687293121,
	"roll" : -1.4617971299577714,
	"x" : 0.11763818765475553,
	"y" : 0.019286812497731093,
	"yaw" : 1.3667524530846134,
	"z" : -0.1701042438092735
}
