{
	"pitch" : 1.4964123731980485,
	"roll" : -1.4953160608581086,
	"x" : 0.10251691113260486,
	"y" : 0.033103386107633095,
	"yaw" : 1.3365658070585564,
	"z" : -0.17057750355255888
}
