{
	"pitch" : 1.4924799017153325,
	"roll" : -1.6098770979918282,
	"x" : 0.062366706205889855,
	"y" : 0.036730307242105353,
	"yaw" : 1.2235700465982304,
	"z" : -0.17155381376813419
}
