{
	"pitch" : 1.4838121402405555,
	"roll" : -1.507434875360121,
	"x" : 0.028680708613667255,
	"y" : -0.058552853676683878,
	"yaw" : 1.3156611402927814,
	"z" : -0.17027990262543891
}
