{
	"pitch" : 1.4846838916790426,
	"roll" : -1.6387903221851392,
	"x" : 0.040585606148120242,
	"y" : 0.023003279893877265,
	"yaw" : 1.1856519916563177,
	"z" : -0.17151950764363075
}
