{
	"pitch" : 1.4817314722398343,
	"roll" : -1.5217478099237889,
	"x" : 0.048670099619809296,
	"y" : -0.11922566266676138,
	"yaw" : 1.2897277941440517,
	"z" : -0.17004768129279649
}
