{
	"pitch" : 1.4931950841109751,
	"roll" : -1.3907487614801504,
	"x" : 0.12830697518648468,
	"y" : -0.0039276547746125868,
	"yaw" : 1.4342220526089271,
	"z" : -0.16938719370802391
}
