{
	"pitch" : 1.4851412512218338,
	"roll" : -1.3795566968012238,
	"x" : 0.11802015242008805,
	"y" : -0.040873950266106171,
	"yaw" : 1.4382788810304923,
	"z" : -0.16806908338637244
}
