{
	"pitch" : 1.4991044054130696,
	"roll" : -1.5548523442318432,
	"x" : 0.088893691133604805,
	"y" : 0.037883228915724168,
	"yaw" : 1.2733385688496928,
	"z" : -0.17107980177818827
}
