{
	"pitch" : 1.451663502750236,
	"roll" : -1.3988121833646079,
	"x" : 0.025790981986480353,
	"y" : -0.17127107664790048,
	"yaw" : 1.3993685210784401,
	"z" : -0.16906338321644152
}
