{
	"pitch" : 1.4936759900949175,
	"roll" : -1.5507262065015839,
	"x" : 0.088821762275388308,
	"y" : 0.02561905547226655,
	"yaw" : 1.2671972261380686,
	"z" : -0.13828767951275073
}
