{
	"pitch" : 1.4895748852155344,
	"roll" : -1.3924175309653091,
	"x" : 0.12447291328472558,
	"y" : -0.027797617032115123,
	"yaw" : 1.4283868860236799,
	"z" : -0.16877313242858574
}
