{
	"pitch" : 1.4842755525311733,
	"roll" : -1.5462882993478759,
	"x" : 0.073845506471964098,
	"y" : -0.021192849518032787,
	"yaw" : 1.2671312394934315,
	"z" : -0.11967749917925377
}
