{
	"pitch" : 1.4716691433217413,
	"roll" : -1.5416950606088742,
	"x" : 0.030213671350342225,
	"y" : -0.036157095328015511,
	"yaw" : 1.2658311244300469,
	"z" : -0.16990693955349934
}
