{
	"pitch" : 1.4561853440875105,
	"roll" : -1.4238592978006155,
	"x" : -0.011806810235227352,
	"y" : -0.28906102393420513,
	"yaw" : 1.3908060165633154,
	"z" : -0.15311213576356975
}
