{
	"pitch" : 1.4619723204148483,
	"roll" : -1.5389503879609554,
	"x" : 0.012233817482818973,
	"y" : -0.12767339115365206,
	"yaw" : 1.2691042281336593,
	"z" : -0.17166309418309844
}
