{
	"pitch" : 1.4624208459962806,
	"roll" : -1.3393442208226036,
	"x" : 0.035145627100769163,
	"y" : -0.28157632205306904,
	"yaw" : 1.4659289338346462,
	"z" : -0.17082663955953056
}
