{
	"pitch" : 1.4837889101234616,
	"roll" : -1.5783261380500733,
	"x" : 0.084426193759567655,
	"y" : 0.0053850411804254386,
	"yaw" : 1.2379880280900284,
	"z" : -0.21695813117896112
}
