{
	"pitch" : 1.4928017935608981,
	"roll" : -1.5115562545458592,
	"x" : 0.068729002018340243,
	"y" : -0.019436185549590188,
	"yaw" : 1.305361263656273,
	"z" : -0.16997222905972437
}
