{
	"pitch" : 1.4914017876905421,
	"roll" : -1.4736599334203986,
	"x" : 0.073063155627144119,
	"y" : -0.022721301853142934,
	"yaw" : 1.3398710780390199,
	"z" : -0.16900766431568534
}
