{
	"pitch" : 1.4706039030928129,
	"roll" : -1.4344051816578263,
	"x" : 0.066740325744142515,
	"y" : -0.062345013581219563,
	"yaw" : 1.3813568639190115,
	"z" : -0.16895904304536308
}
