{
	"pitch" : 1.4685794175212854,
	"roll" : -1.4845401779931835,
	"x" : 0.0011655849041506267,
	"y" : -0.24319016344448199,
	"yaw" : 1.3255617774972421,
	"z" : -0.10440655668330394
}
