{
	"pitch" : 1.4957246465432936,
	"roll" : -1.5673332268293498,
	"x" : 0.092808103818770485,
	"y" : 0.035297885422623299,
	"yaw" : 1.2529467564172077,
	"z" : -0.17932651122918428
}
