{
	"pitch" : 1.453900796920484,
	"roll" : -1.6064849679912088,
	"x" : -0.076873990297002773,
	"y" : -0.17622809703622511,
	"yaw" : 1.2091743982369931,
	"z" : -0.17379055691350703
}
