{
	"pitch" : 1.4897908174763275,
	"roll" : -1.5779351266811212,
	"x" : 0.053815366346241622,
	"y" : 0.033532089903349285,
	"yaw" : 1.2528082813969112,
	"z" : -0.17137579158274471
}
