{
	"pitch" : 1.4965502741493373,
	"roll" : -1.4358914113784949,
	"x" : 0.081113379097374302,
	"y" : 0.039526875059148599,
	"yaw" : 1.4008965787049774,
	"z" : -0.17108795718303912
}
