{
	"pitch" : 1.4554598267611292,
	"roll" : -1.4495580616205868,
	"x" : 0.012836133603353977,
	"y" : -0.21341243317160929,
	"yaw" : 1.3517961408681616,
	"z" : -0.17049397784792208
}
