{
	"pitch" : 1.4974474823096866,
	"roll" : -1.508634978719833,
	"x" : 0.088212219552720211,
	"y" : 0.038469900390425332,
	"yaw" : 1.3264093198672171,
	"z" : -0.17105882297510447
}
