{
	"pitch" : 1.4735769113865209,
	"roll" : -1.5010168480132116,
	"x" : 0.06228465786104824,
	"y" : -0.059320772725199769,
	"yaw" : 1.3183219569156452,
	"z" : -0.16888908475105421
}
