{
	"pitch" : 1.4477144654648415,
	"roll" : -1.4229699288808957,
	"x" : -0.01601107725595792,
	"y" : -0.30892598084065703,
	"yaw" : 1.3788994472558369,
	"z" : -0.17323867141404714
}
