{
	"pitch" : 1.4815168396840452,
	"roll" : -1.5252780842554576,
	"x" : -0.025977402969304467,
	"y" : -0.12089743560683033,
	"yaw" : 1.2974994587499664,
	"z" : -0.17107750655592244
}
