{
	"pitch" : 1.4714731202394737,
	"roll" : -1.5022786036354652,
	"x" : 0.062627101126036505,
	"y" : -0.060314872090297053,
	"yaw" : 1.3150794437219533,
	"z" : -0.17017353357886189
}
