{
	"pitch" : 1.4471897401806624,
	"roll" : -1.4046250845399921,
	"x" : -0.014646620073810596,
	"y" : -0.30630577628429512,
	"yaw" : 1.3958858114778774,
	"z" : -0.17414079939147609
}
