{
	"pitch" : 1.488497687341866,
	"roll" : -1.6224112103438022,
	"x" : 0.057318872450598385,
	"y" : 0.035426149242552767,
	"yaw" : 1.2042019043507615,
	"z" : -0.17131070010113253
}
