{
	"pitch" : 1.4657254002784281,
	"roll" : -1.5673993618104527,
	"x" : 0.070685049985170334,
	"y" : -0.031757037072972671,
	"yaw" : 1.2395674495206155,
	"z" : -0.17081499847527365
}
