{
	"pitch" : 1.4800461353679699,
	"roll" : -1.4079328560557227,
	"x" : 0.094042258357489833,
	"y" : -0.059727456993126822,
	"yaw" : 1.4158677631630134,
	"z" : -0.16847842618647457
}
