{
	"pitch" : 1.4549738229029618,
	"roll" : -1.3184866945238007,
	"x" : 0.042919419735571389,
	"y" : -0.2970073373642661,
	"yaw" : 1.4864254438183935,
	"z" : -0.17022767581026796
}
