{
	"pitch" : 1.4824863417511063,
	"roll" : -1.6296993981253163,
	"x" : 0.090745639578541537,
	"y" : 0.024468759994009569,
	"yaw" : 1.188366396130468,
	"z" : -0.20340324914251162
}
