{
	"pitch" : 1.4687007808857866,
	"roll" : -1.5479635619696783,
	"x" : 0.042985971955062388,
	"y" : -0.05041019862676184,
	"yaw" : 1.2628606067383454,
	"z" : -0.16973606990666412
}
