{
	"pitch" : 1.4741963885399554,
	"roll" : -1.5196115931876242,
	"x" : 0.044814338651140311,
	"y" : -0.11116752715922812,
	"yaw" : 1.2948323884435824,
	"z" : -0.16951855008913352
}
