{
	"pitch" : 1.4686593649029933,
	"roll" : -1.4843810360405663,
	"x" : 0.063347194542336296,
	"y" : -0.055714832830703415,
	"yaw" : 1.3189508284862339,
	"z" : -0.16998025349525037
}
