{
	"pitch" : 1.4796990863533461,
	"roll" : -1.5813797259695928,
	"x" : 0.076626150900295814,
	"y" : -0.011437592795369831,
	"yaw" : 1.2287186016644303,
	"z" : -0.16968549552785825
}
