{
	"pitch" : 1.4532395997295302,
	"roll" : -1.3556470967599659,
	"x" : 0.017814439591420296,
	"y" : -0.19998388818254131,
	"yaw" : 1.4586273602227178,
	"z" : -0.26239403611397127
}
