{
	"pitch" : 1.4724087596469047,
	"roll" : -1.5279041452281943,
	"x" : 0.07569057296151914,
	"y" : -0.01660163406649855,
	"yaw" : 1.272755248524817,
	"z" : -0.1697340369374617
}
