{
	"pitch" : 1.4864468032278761,
	"roll" : -1.5961396706538864,
	"x" : 0.058010351813904709,
	"y" : 0.035648866818052315,
	"yaw" : 1.2323465848740816,
	"z" : -0.17190564817217849
}
