{
	"pitch" : 1.4933370249291027,
	"roll" : -1.6250138297665475,
	"x" : 0.091131298239843936,
	"y" : 0.029343894217185341,
	"yaw" : 1.1954766532758425,
	"z" : -0.14535832752400743
}
