{
	"pitch" : 1.4853087172233517,
	"roll" : -1.6145858375308975,
	"x" : 0.069333582961582971,
	"y" : -0.036942775227408353,
	"yaw" : 1.1963603223769861,
	"z" : -0.16909661318678448
}
