{
	"pitch" : 1.4987686291351103,
	"roll" : -1.529506562380234,
	"x" : 0.10069617464540594,
	"y" : 0.033649440880813952,
	"yaw" : 1.3010328499405461,
	"z" : -0.17059840198755774
}
