{
	"pitch" : 1.4960782183353651,
	"roll" : -1.4092330979876311,
	"x" : 0.12394989637888146,
	"y" : 0.0076783247157429201,
	"yaw" : 1.4135691343326662,
	"z" : -0.16905764539576834
}
