{
	"pitch" : 1.4961749043650108,
	"roll" : -1.389125874460329,
	"x" : 0.12544252446405632,
	"y" : 0.0045836960716447196,
	"yaw" : 1.4336308701285057,
	"z" : -0.1693416280919883
}
