{
	"pitch" : 1.4956510076878826,
	"roll" : -1.5842273678993104,
	"x" : 0.091535535526214157,
	"y" : 0.033457446175544615,
	"yaw" : 1.2356498843097135,
	"z" : -0.15274889122008764
}
