{
	"pitch" : 1.4506652003529643,
	"roll" : -1.4586149783626148,
	"x" : -0.073669210324866577,
	"y" : -0.25602278281590746,
	"yaw" : 1.344687482005865,
	"z" : -0.17428922019077045
}
