{
	"pitch" : 1.4687275216744846,
	"roll" : -1.405797097674979,
	"x" : 0.035267727263956626,
	"y" : -0.14057824309267283,
	"yaw" : 1.4103384920066502,
	"z" : -0.20120065366004009
}
