{
	"pitch" : 1.450427020471142,
	"roll" : -1.2933624109014803,
	"x" : 0.06050055768506471,
	"y" : -0.30176262127223136,
	"yaw" : 1.5098183095152884,
	"z" : -0.17015570053519036
}
