{
	"pitch" : 1.491154115008535,
	"roll" : -1.6273330975395801,
	"x" : 0.084617459725870023,
	"y" : 0.010603105828946283,
	"yaw" : 1.1889169223546279,
	"z" : -0.1261890357740828
}
