{
	"pitch" : 1.4751602450905705,
	"roll" : -1.5006104807910814,
	"x" : 0.062036500307993424,
	"y" : -0.058798700446050185,
	"yaw" : 1.3145694652001922,
	"z" : -0.15222944786741666
}
