{
	"pitch" : 1.4970886377887047,
	"roll" : -1.5049247504530801,
	"x" : 0.088002762656431061,
	"y" : 0.038557327934477796,
	"yaw" : 1.3303939833638472,
	"z" : -0.17104478849027677
}
