{
	"pitch" : 1.4492308315872808,
	"roll" : -1.5454723913046333,
	"x" : -0.053703038426927113,
	"y" : -0.24601641725303011,
	"yaw" : 1.2546940322014497,
	"z" : -0.17358375247037719
}
