{
	"pitch" : 1.4926444447002782,
	"roll" : -1.4505771819566513,
	"x" : 0.075793540946332394,
	"y" : -0.012995180626543939,
	"yaw" : 1.3600555392130875,
	"z" : -0.1683036348843937
}
