{
	"pitch" : 1.489152933444013,
	"roll" : -1.5640150830459658,
	"x" : 0.053591875276194641,
	"y" : 0.033859385770554667,
	"yaw" : 1.2670672946748782,
	"z" : -0.17123101882813069
}
