{
	"pitch" : 1.4930221821797549,
	"roll" : -1.5670628125715496,
	"x" : 0.093056517516543757,
	"y" : 0.035544870185127732,
	"yaw" : 1.2555299423691393,
	"z" : -0.17822276405521581
}
