{
	"pitch" : 1.4836860011653636,
	"roll" : -1.5024468426135935,
	"x" : 0.066523715370405107,
	"y" : -0.047328778782957909,
	"yaw" : 1.3211108499831996,
	"z" : -0.16818508385446615
}
