{
	"pitch" : 1.4802324860741864,
	"roll" : -1.6763078021592495,
	"x" : 0.031012446246486546,
	"y" : 0.006505212871358303,
	"yaw" : 1.1439066873728181,
	"z" : -0.1710771615241414
}
