{
	"pitch" : 1.4670088618118411,
	"roll" : -1.5352961622306922,
	"x" : 0.076401672816481636,
	"y" : -0.012216554777095451,
	"yaw" : 1.2698514844766977,
	"z" : -0.17030659527970773
}
