{
	"pitch" : 1.4469561329979259,
	"roll" : -1.4081331305521785,
	"x" : -0.010529067619219734,
	"y" : -0.28546237772270289,
	"yaw" : 1.3969612922741117,
	"z" : -0.17257719461036655
}
