{
	"pitch" : 1.4675697817425024,
	"roll" : -1.530583242054026,
	"x" : 0.06472191760187565,
	"y" : -0.054046373961998434,
	"yaw" : 1.2762439007813695,
	"z" : -0.1949860438856523
}
