{
	"pitch" : 1.4697477266131562,
	"roll" : -1.5771255747756887,
	"x" : 0.035229627752032852,
	"y" : -0.038518674791234601,
	"yaw" : 1.2401876930634048,
	"z" : -0.17004094708421941
}
