{
	"pitch" : 1.4954569765761176,
	"roll" : -1.5150586644294302,
	"x" : 0.075189280428356847,
	"y" : -0.015037134240489613,
	"yaw" : 1.3046228938427165,
	"z" : -0.170947381680917
}
