{
	"pitch" : 1.5032791909945988,
	"roll" : -1.4961939156744057,
	"x" : 0.10917155871405945,
	"y" : 0.028584631360067586,
	"yaw" : 1.3363906332307343,
	"z" : -0.16992316800133817
}
