{
	"pitch" : 1.4699846035631379,
	"roll" : -1.5346510131867666,
	"x" : 0.076996886100417966,
	"y" : -0.012000462867468484,
	"yaw" : 1.2694133607742737,
	"z" : -0.17025862056773514
}
