{
	"pitch" : 1.4888949762309942,
	"roll" : -1.5478501839222265,
	"x" : 0.081594647165376427,
	"y" : -0.0017837915397084254,
	"yaw" : 1.2658910355749304,
	"z" : -0.12033492296412338
}
