{
	"pitch" : 1.4767250844728914,
	"roll" : -1.6582829659070872,
	"x" : 0.02744320209486633,
	"y" : -0.012369817636478186,
	"yaw" : 1.161132380795624,
	"z" : -0.17105026525629302
}
