{
	"pitch" : 1.4896025612519579,
	"roll" : -1.5087050300638651,
	"x" : 0.056743037857352165,
	"y" : -0.031206961380541316,
	"yaw" : 1.3101165925278835,
	"z" : -0.17013009517933714
}
