{
	"pitch" : 1.46932863639531,
	"roll" : -1.5133570491898671,
	"x" : 0.061621361177124898,
	"y" : -0.058134145391543088,
	"yaw" : 1.2958703881246181,
	"z" : -0.1692894299555775
}
