{
	"pitch" : 1.4567432390433173,
	"roll" : -1.5859662446394209,
	"x" : -0.083072474168533125,
	"y" : -0.17936420831238692,
	"yaw" : 1.2258579548325375,
	"z" : -0.17360419626130227
}
