{
	"pitch" : 1.4870292724349896,
	"roll" : -1.3155697743373929,
	"x" : 0.12360749832302824,
	"y" : -0.027813510719186113,
	"yaw" : 1.5075376342148521,
	"z" : -0.16811855589868679
}
