{
	"pitch" : 1.4687077917798752,
	"roll" : -1.5521936807251555,
	"x" : 0.042945883169675639,
	"y" : -0.050454087458701571,
	"yaw" : 1.2584785840045443,
	"z" : -0.16977824883462561
}
