{
	"pitch" : 1.4764880350867471,
	"roll" : -1.5774987375373504,
	"x" : 0.040254639787139009,
	"y" : -0.12988234160534862,
	"yaw" : 1.2384862515699488,
	"z" : -0.15210398047323856
}
