{
	"pitch" : 1.4948023202010181,
	"roll" : -1.5620418845617297,
	"x" : 0.088350452419566017,
	"y" : 0.024933896228679774,
	"yaw" : 1.2559367954526777,
	"z" : -0.13760453941888831
}
