{
	"pitch" : 1.4446657838724799,
	"roll" : -1.369685588226401,
	"x" : -0.016694131847754728,
	"y" : -0.30624189009875841,
	"yaw" : 1.4314886560401143,
	"z" : -0.17386413477488713
}
