{
	"pitch" : 1.4866054872561338,
	"roll" : -1.5825388349055118,
	"x" : 0.08780876240041971,
	"y" : 0.018319243333267232,
	"yaw" : 1.2343673959517649,
	"z" : -0.20934771474865424
}
