{
	"pitch" : 1.4791716817010534,
	"roll" : -1.6588332303303286,
	"x" : 0.029211094781910592,
	"y" : 0.0036945591791881383,
	"yaw" : 1.1617407901028749,
	"z" : -0.17056738208458228
}
