{
	"pitch" : 1.4879987356679791,
	"roll" : -1.4976379167621698,
	"x" : 0.046222379046792147,
	"y" : -0.041946788111190361,
	"yaw" : 1.3220937446623298,
	"z" : -0.16993168840597628
}
