{
	"pitch" : 1.4473403173117596,
	"roll" : -1.487208311401917,
	"x" : -0.075533342638053863,
	"y" : -0.25762235646223292,
	"yaw" : 1.3168037094679084,
	"z" : -0.17435416709756257
}
