{
	"pitch" : 1.4624149421848429,
	"roll" : -1.550540377848296,
	"x" : 0.075005727558464297,
	"y" : -0.018532711635856909,
	"yaw" : 1.2551729638661531,
	"z" : -0.17038559472562015
}
