{
	"pitch" : 1.4534695243818787,
	"roll" : -1.4480412091107515,
	"x" : 0.027480945893306769,
	"y" : -0.16607998880336361,
	"yaw" : 1.3533371739889506,
	"z" : -0.16942999390230989
}
