{
	"pitch" : 1.4454247135714768,
	"roll" : -1.4381951031751008,
	"x" : -0.016267037036295284,
	"y" : -0.3095165903115164,
	"yaw" : 1.362910527746886,
	"z" : -0.1740118161682393
}
