{
	"pitch" : 1.4720822842946049,
	"roll" : -1.5161439450168797,
	"x" : 0.076648806670005981,
	"y" : -0.012280575889382849,
	"yaw" : 1.293491974344571,
	"z" : -0.16952019455230699
}
