{
	"pitch" : 1.4824602043499986,
	"roll" : -1.4917043260727638,
	"x" : 0.075127122871348845,
	"y" : -0.013844405313406957,
	"yaw" : 1.3240637375824376,
	"z" : -0.16932662005992058
}
