{
	"pitch" : 1.4765407172663003,
	"roll" : -1.5379826865278619,
	"x" : 0.063606439834993964,
	"y" : -0.057447023135473035,
	"yaw" : 1.2759251488588645,
	"z" : -0.16897371891965551
}
