{
	"pitch" : 1.4893616945149268,
	"roll" : -1.5805489514579112,
	"x" : 0.076901351220132849,
	"y" : -0.012592809458712015,
	"yaw" : 1.2336850617634756,
	"z" : -0.16991143798189509
}
