{
	"pitch" : 1.4750719922526718,
	"roll" : -1.5641408052102959,
	"x" : 0.028691437263737407,
	"y" : -0.027196058419128269,
	"yaw" : 1.2552333841851926,
	"z" : -0.17027154750512163
}
