{
	"pitch" : 1.4946383035904274,
	"roll" : -1.3152271554730692,
	"x" : 0.12764112575425751,
	"y" : -0.0089402522406604977,
	"yaw" : 1.5068144151748917,
	"z" : -0.16839513095485306
}
