{
	"pitch" : 1.4875588453932949,
	"roll" : -1.5640083198157204,
	"x" : 0.081608263625880584,
	"y" : -0.0010112993504723718,
	"yaw" : 1.249554621698459,
	"z" : -0.12059779539171073
}
