{
	"pitch" : 1.4559433269619511,
	"roll" : -1.5969878216895315,
	"x" : -0.082305844526690014,
	"y" : -0.178441872244925,
	"yaw" : 1.2146979535073192,
	"z" : -0.17368603106857622
}
