{
	"pitch" : 1.4624063475398856,
	"roll" : -1.5950816433679822,
	"x" : -0.082268978705590662,
	"y" : -0.17929659366365044,
	"yaw" : 1.2138148984214658,
	"z" : -0.17262863022657476
}
