{
	"pitch" : 1.4803663182097533,
	"roll" : -1.4521076710155303,
	"x" : 0.097996017379331862,
	"y" : -0.058713871368493362,
	"yaw" : 1.3635833020726231,
	"z" : -0.16900411134596538
}
