{
	"pitch" : 1.494842154081893,
	"roll" : -1.3574712532032402,
	"x" : 0.12598832985422706,
	"y" : -0.0014754014002951229,
	"yaw" : 1.4636094136995281,
	"z" : -0.16885241171958945
}
