{
	"pitch" : 1.4904042555096477,
	"roll" : -1.5741007575157626,
	"x" : 0.077029737307075102,
	"y" : -0.013148175380423101,
	"yaw" : 1.2431835173553984,
	"z" : -0.17030615762394483
}
