{
	"pitch" : 1.4867337011235604,
	"roll" : -1.3192418083973827,
	"x" : 0.12415127838462084,
	"y" : -0.025298760705845913,
	"yaw" : 1.5041849325940517,
	"z" : -0.16834752963205146
}
