{
	"pitch" : 1.4708595604154178,
	"roll" : -1.4260173422658757,
	"x" : 0.08914534560609727,
	"y" : -0.15759460312287787,
	"yaw" : 1.3746720148290252,
	"z" : -0.1684795790390505
}
