{
	"pitch" : 1.4819538541777948,
	"roll" : -1.5126233573907542,
	"x" : 0.071602455859466341,
	"y" : -0.02538125904529763,
	"yaw" : 1.2985789441817286,
	"z" : -0.17005123638344707
}
