{
	"pitch" : 1.4906842863316794,
	"roll" : -1.6017809017005398,
	"x" : 0.080633375734900981,
	"y" : 0.0018148750269723363,
	"yaw" : 1.2127389077114072,
	"z" : -0.12101557205284921
}
