{
	"pitch" : 1.4538829013046002,
	"roll" : -1.6085165770862049,
	"x" : -0.077174251749261097,
	"y" : -0.17633403328108163,
	"yaw" : 1.2073101051871793,
	"z" : -0.17378306922199882
}
