{
	"pitch" : 1.4744680155158605,
	"roll" : -1.5298698491054383,
	"x" : 0.02661089318733019,
	"y" : -0.16654560929291234,
	"yaw" : 1.2824774445844069,
	"z" : -0.115773778788932
}
