{
	"pitch" : 1.4555110763308374,
	"roll" : -1.375234710037345,
	"x" : 0.070528045606855175,
	"y" : -0.27410988175754586,
	"yaw" : 1.4293364484348827,
	"z" : -0.17010559658911475
}
