{
	"pitch" : 1.4927396189041064,
	"roll" : -1.6405839146366237,
	"x" : 0.092933876207462351,
	"y" : 0.034948120869817773,
	"yaw" : 1.181806500660177,
	"z" : -0.16153208678248465
}
