{
	"pitch" : 1.4923733170626261,
	"roll" : -1.3804254143805073,
	"x" : 0.12692582769503991,
	"y" : -0.018875575125863756,
	"yaw" : 1.4405908990857283,
	"z" : -0.16865581569428395
}
