{
	"pitch" : 1.4816940977356661,
	"roll" : -1.4176073119449601,
	"x" : 0.10080912490576886,
	"y" : -0.057053640117496765,
	"yaw" : 1.4045131339468739,
	"z" : -0.16910305060249267
}
