{
	"pitch" : 1.4495518636932385,
	"roll" : -1.4613605444687157,
	"x" : -0.078163949368115174,
	"y" : -0.25839014195594467,
	"yaw" : 1.3402926710153853,
	"z" : -0.17423006071942501
}
