{
	"pitch" : 1.4741938694715204,
	"roll" : -1.4212648416459097,
	"x" : 0.074478542071728965,
	"y" : -0.063293033869677995,
	"yaw" : 1.3981619982437556,
	"z" : -0.16869498289492191
}
