{
	"pitch" : 1.479450442330206,
	"roll" : -1.5108449268914173,
	"x" : 0.04465353722154565,
	"y" : -0.11244972945023075,
	"yaw" : 1.3070035184409106,
	"z" : -0.16894734030762548
}
