{
	"pitch" : 1.4934503654843336,
	"roll" : -1.6383938053080886,
	"x" : 0.0928619326303535,
	"y" : 0.03502662004445934,
	"yaw" : 1.1839971378509755,
	"z" : -0.16151256014112247
}
