{
	"pitch" : 1.4678334439399587,
	"roll" : -1.60700258755387,
	"x" : -0.021675009153705779,
	"y" : -0.12265601313941411,
	"yaw" : 1.2042426357848837,
	"z" : -0.17171064570055353
}
