{
	"pitch" : 1.4564082423285687,
	"roll" : -1.4504478737637168,
	"x" : 0.0021939386387460486,
	"y" : -0.21515253613698354,
	"yaw" : 1.3487381275696062,
	"z" : -0.17125387519433136
}
