{
	"pitch" : 1.4908542340519944,
	"roll" : -1.6065945584018939,
	"x" : 0.080663935839093287,
	"y" : 0.0015116439055237098,
	"yaw" : 1.207943535397191,
	"z" : -0.12102720390393007
}
