{
	"pitch" : 1.4914346941451002,
	"roll" : -1.5030670272796145,
	"x" : 0.058566487184775855,
	"y" : -0.031852850757442208,
	"yaw" : 1.3150831238813649,
	"z" : -0.17004488851589572
}
