{
	"pitch" : 1.4714076990537241,
	"roll" : -1.4959625056527783,
	"x" : 0.043911714271903102,
	"y" : -0.11420977461412525,
	"yaw" : 1.3162813372303086,
	"z" : -0.17196748464299583
}
