{
	"pitch" : 1.484274389023114,
	"roll" : -1.5535160520784386,
	"x" : 0.076708170987732416,
	"y" : -0.013002314926347546,
	"yaw" : 1.2640535693099761,
	"z" : -0.16966065819657142
}
