{
	"pitch" : 1.4993951307865454,
	"roll" : -1.4715724221001243,
	"x" : 0.10025787411927624,
	"y" : 0.033696457751164623,
	"yaw" : 1.3577697555871102,
	"z" : -0.17051976250317361
}
