{
	"pitch" : 1.475937769823539,
	"roll" : -1.5864778995188744,
	"x" : 0.032071971586168341,
	"y" : -0.035378574688468181,
	"yaw" : 1.2344296205492544,
	"z" : -0.17011854908471347
}
