{
	"pitch" : 1.4807499411029812,
	"roll" : -1.4329408695272927,
	"x" : 0.095765901166473141,
	"y" : -0.059543956447035973,
	"yaw" : 1.3846177313718064,
	"z" : -0.16849308252399772
}
