{
	"pitch" : 1.4523468595640245,
	"roll" : -1.4286591105677344,
	"x" : 0.014434847700979053,
	"y" : -0.20442996275085842,
	"yaw" : 1.3755385571930432,
	"z" : -0.17022770138782506
}
