{
	"pitch" : 1.4626259223849685,
	"roll" : -1.5163166166682718,
	"x" : 0.020194555647500764,
	"y" : -0.12179094751455713,
	"yaw" : 1.2880783262419573,
	"z" : -0.17101460435533314
}
