{
	"pitch" : 1.4575562763414156,
	"roll" : -1.4328972166846232,
	"x" : -0.066291438963839419,
	"y" : -0.26193715941562429,
	"yaw" : 1.3808546326854976,
	"z" : -0.17418822960022162
}
