{
	"pitch" : 1.5055150511225897,
	"roll" : -1.3409123639219593,
	"x" : 0.10384680443800696,
	"y" : -0.16342776432585004,
	"yaw" : 1.4295990417798496,
	"z" : -0.16672743915127489
}
