{
	"pitch" : 1.483296896144974,
	"roll" : -1.37239250447008,
	"x" : 0.1072755902075547,
	"y" : -0.052739684298066324,
	"yaw" : 1.4510026178457693,
	"z" : -0.16799279836866607
}
