{
	"pitch" : 1.4821917157319195,
	"roll" : -1.6058113712218933,
	"x" : 0.027022853912275699,
	"y" : -0.00070862707410086073,
	"yaw" : 1.2153699009534169,
	"z" : -0.17064854231058579
}
