{
	"pitch" : 1.4752795900763185,
	"roll" : -1.511566264666995,
	"x" : 0.063315726946962192,
	"y" : -0.054736653035620905,
	"yaw" : 1.3011702365289211,
	"z" : -0.14436841121304031
}
