{
	"pitch" : 1.4700270199430072,
	"roll" : -1.5792013197269246,
	"x" : -0.04106466208437172,
	"y" : -0.13535487764319948,
	"yaw" : 1.2450480019721151,
	"z" : -0.17238853709791269
}
