{
	"pitch" : 1.4523688012344651,
	"roll" : -1.5310875109985926,
	"x" : -0.036456867866973233,
	"y" : -0.23713522906347564,
	"yaw" : 1.2697580147640555,
	"z" : -0.17337937546457763
}
