{
	"pitch" : 1.4537337581597227,
	"roll" : -1.4490873751549194,
	"x" : 0.027875989268639947,
	"y" : -0.172401058988533,
	"yaw" : 1.3580643997322412,
	"z" : -0.16989660236188212
}
