{
	"pitch" : 1.4690764721376146,
	"roll" : -1.5706852522043904,
	"x" : -0.032694973639550151,
	"y" : -0.11882739633645911,
	"yaw" : 1.2399208419014491,
	"z" : -0.17153785166769167
}
