{
	"pitch" : 1.4599799836615954,
	"roll" : -1.5931094376312811,
	"x" : -0.083411149612947558,
	"y" : -0.18007516048449301,
	"yaw" : 1.2153365010692119,
	"z" : -0.17402437339521387
}
