{
	"pitch" : 1.4735943468683359,
	"roll" : -1.5985821315554114,
	"x" : 0.041123451536100489,
	"y" : -0.047208073449964541,
	"yaw" : 1.2208208092716921,
	"z" : -0.17005698982047329
}
