{
	"pitch" : 1.4532279132106987,
	"roll" : -1.4808678845675136,
	"x" : 0.01475951972489882,
	"y" : -0.20880538809827576,
	"yaw" : 1.3210792230994735,
	"z" : -0.17083929548208401
}
