{
	"pitch" : 1.4551295291838984,
	"roll" : -1.5877038925338831,
	"x" : -0.080218856861200838,
	"y" : -0.17761971111480662,
	"yaw" : 1.22458213640554,
	"z" : -0.17383980582337996
}
