{
	"pitch" : 1.4902167036860181,
	"roll" : -1.5187913514057796,
	"x" : 0.076489144008363388,
	"y" : -0.013240564211390192,
	"yaw" : 1.2945443720567971,
	"z" : -0.16992074137774416
}
