{
	"pitch" : 1.4704413029731993,
	"roll" : -1.4385290681574194,
	"x" : 0.066617524698646222,
	"y" : -0.062308133615575606,
	"yaw" : 1.3773754701757619,
	"z" : -0.16897503811224007
}
