{
	"pitch" : 1.4716093268417758,
	"roll" : -1.4093930335255234,
	"x" : 0.092521275134893791,
	"y" : -0.20370462086088587,
	"yaw" : 1.4051515210660577,
	"z" : -0.16874957730423334
}
