{
	"pitch" : 1.4951470522943351,
	"roll" : -1.4721374018399231,
	"x" : 0.091616343579857526,
	"y" : 0.037721347936284844,
	"yaw" : 1.359961218916818,
	"z" : -0.17124215967541928
}
