{
	"pitch" : 1.4697357405687381,
	"roll" : -1.5545780497523181,
	"x" : 0.066550217815125434,
	"y" : -0.052371585783822137,
	"yaw" : 1.2526701380458667,
	"z" : -0.19922973088210408
}
