{
	"pitch" : 1.4716366536278536,
	"roll" : -1.3872246159411767,
	"x" : 0.090863128852382721,
	"y" : -0.20684319851759969,
	"yaw" : 1.4241793713391826,
	"z" : -0.16875229668263075
}
