{
	"pitch" : 1.4937184914836681,
	"roll" : -1.3457218286226895,
	"x" : 0.12579701155985001,
	"y" : 5.5014006104985372e-05,
	"yaw" : 1.4764312081790159,
	"z" : -0.16901086179872796
}
