{
	"pitch" : 1.4891217751209334,
	"roll" : -1.6147949020494332,
	"x" : 0.083197007705393539,
	"y" : 0.0062561056957269375,
	"yaw" : 1.2002817944181918,
	"z" : -0.12417445743625072
}
