{
	"pitch" : 1.494452810612211,
	"roll" : -1.5650218215263481,
	"x" : 0.084080933542998088,
	"y" : 0.03904954342915614,
	"yaw" : 1.2656413403435789,
	"z" : -0.17090513165297422
}
