{
	"pitch" : 1.4788693446089995,
	"roll" : -1.5241857751455246,
	"x" : 0.068455631265311942,
	"y" : -0.036875213186496461,
	"yaw" : 1.2872166752260645,
	"z" : -0.1255382707324883
}
