{
	"pitch" : 1.4756928481557494,
	"roll" : -1.5629001687145085,
	"x" : 0.076687896240333078,
	"y" : -0.011451312492683774,
	"yaw" : 1.2452853872831551,
	"z" : -0.16942271791145386
}
