{
	"pitch" : 1.4823241647372469,
	"roll" : -1.5902420766641534,
	"x" : 0.071425639415017533,
	"y" : -0.029649351688075722,
	"yaw" : 1.2227493860415799,
	"z" : -0.12275305228609855
}
