{
	"pitch" : 1.4829892527199535,
	"roll" : -1.3597496087763583,
	"x" : 0.11560483351287726,
	"y" : -0.043197358465252349,
	"yaw" : 1.4611345337062904,
	"z" : -0.16805178170419383
}
