{
	"pitch" : 1.4712519287189623,
	"roll" : -1.5023786648178135,
	"x" : 0.067444614733661618,
	"y" : -0.061861737152182933,
	"yaw" : 1.3074441944045454,
	"z" : -0.16839868426366525
}
