{
	"pitch" : 1.4950736719398001,
	"roll" : -1.3649048929918015,
	"x" : 0.12259015211403196,
	"y" : 0.0088546322392548324,
	"yaw" : 1.4603837181074422,
	"z" : -0.1689032874945173
}
