{
	"pitch" : 1.4703191018442296,
	"roll" : -1.4064508048207371,
	"x" : 0.093106014502408324,
	"y" : -0.20235412788171114,
	"yaw" : 1.4101564093033196,
	"z" : -0.16857947080633148
}
