{
	"pitch" : 1.4882031616523681,
	"roll" : -1.5031592451667537,
	"x" : 0.076773094801900643,
	"y" : -0.012986580455706836,
	"yaw" : 1.3142869385402844,
	"z" : -0.16986210552080322
}
