{
	"pitch" : 1.4568588974150263,
	"roll" : -1.3579648921456926,
	"x" : 0.016091159943925334,
	"y" : -0.20649461522485563,
	"yaw" : 1.4543045470946279,
	"z" : -0.26896032809549048
}
