{
	"pitch" : 1.4788511148085042,
	"roll" : -1.6048107401970408,
	"x" : 0.026458541764355248,
	"y" : -0.009479134161325781,
	"yaw" : 1.2152378977904157,
	"z" : -0.17067991636897628
}
