{
	"pitch" : 1.497360558841168,
	"roll" : -1.6014484683026182,
	"x" : 0.065776818231800774,
	"y" : 0.038458157897956209,
	"yaw" : 1.2269197774299982,
	"z" : -0.17093209034772469
}
