{
	"pitch" : 1.4906983862800647,
	"roll" : -1.4705088589150164,
	"x" : 0.072206024361085655,
	"y" : -0.017477146021786089,
	"yaw" : 1.3471728511369596,
	"z" : -0.16998700826535038
}
