{
	"pitch" : 1.470139371790792,
	"roll" : -1.6100132297141829,
	"x" : 0.0348614520638581,
	"y" : -0.03914755362447718,
	"yaw" : 1.2080632250305987,
	"z" : -0.1698717491184214
}
