{
	"pitch" : 1.4673057206979125,
	"roll" : -1.5464632281827329,
	"x" : 0.065360642430600802,
	"y" : -0.053016021314853334,
	"yaw" : 1.2616431751640496,
	"z" : -0.19676859740555924
}
