{
	"pitch" : 1.4981178100217156,
	"roll" : -1.61823271061785,
	"x" : 0.053493604754956341,
	"y" : -0.080115931998374135,
	"yaw" : 1.190078961638128,
	"z" : -0.20346167869184567
}
