{
	"pitch" : 1.4618287960743868,
	"roll" : -1.5152023075476693,
	"x" : 0.010285236752586663,
	"y" : -0.20908824670139647,
	"yaw" : 1.2908240224165246,
	"z" : -0.071478487117830586
}
