{
	"pitch" : 1.4775375264908304,
	"roll" : -1.5669914147003785,
	"x" : 0.027971617260380402,
	"y" : -0.024780373591231478,
	"yaw" : 1.2537639513598267,
	"z" : -0.1700393830721495
}
