{
	"pitch" : 1.4888643027369799,
	"roll" : -1.549613317294505,
	"x" : 0.08165489280724221,
	"y" : -0.0016985690950493144,
	"yaw" : 1.2640937641131527,
	"z" : -0.12041449448299089
}
