{
	"pitch" : 1.4752449210480276,
	"roll" : -1.4751857114105391,
	"x" : 0.061622782244754412,
	"y" : -0.058715980113924274,
	"yaw" : 1.3401395440469657,
	"z" : -0.15219982884675312
}
