{
	"pitch" : 1.4464882629414653,
	"roll" : -1.4246648959275616,
	"x" : -0.017597787739117077,
	"y" : -0.30930913937106697,
	"yaw" : 1.3769369182097075,
	"z" : -0.17322424198397277
}
