{
	"pitch" : 1.4675658196127892,
	"roll" : -1.4583771625387019,
	"x" : 0.053071914640331189,
	"y" : -0.057349070100738517,
	"yaw" : 1.3538052913255061,
	"z" : -0.16891222151622323
}
