{
	"pitch" : 1.4957602076943741,
	"roll" : -1.5003332986168048,
	"x" : 0.094870327020972339,
	"y" : 0.036204177374073665,
	"yaw" : 1.330612716217167,
	"z" : -0.1709248186776155
}
