{
	"pitch" : 1.4758891933107998,
	"roll" : -1.5285767519153208,
	"x" : 0.064673879931921363,
	"y" : -0.048908978025279451,
	"yaw" : 1.2835723630343556,
	"z" : -0.13565795957498758
}
