{
	"pitch" : 1.4538007341770025,
	"roll" : -1.4228765884054881,
	"x" : 0.0060024360786981451,
	"y" : -0.23532988492767321,
	"yaw" : 1.3799781965726319,
	"z" : -0.17093904392026824
}
