{
	"pitch" : 1.5006435377455312,
	"roll" : -1.4463364313349041,
	"x" : 0.11206130111664853,
	"y" : 0.025276255151036285,
	"yaw" : 1.3821012828218284,
	"z" : -0.16971705634250531
}
