{
	"pitch" : 1.466669489573204,
	"roll" : -1.4462532977514817,
	"x" : 0.054144669011638863,
	"y" : -0.057799362770558915,
	"yaw" : 1.3661220608016575,
	"z" : -0.16897114388962861
}
