{
	"pitch" : 1.4939123517392954,
	"roll" : -1.535930079724668,
	"x" : 0.06871264149116145,
	"y" : 0.038805801778711548,
	"yaw" : 1.2939801951581844,
	"z" : -0.17129713019141729
}
