{
	"pitch" : 1.489379624191338,
	"roll" : -1.395634517016183,
	"x" : 0.039108643863974314,
	"y" : -0.1287565524624692,
	"yaw" : 1.4093740975702078,
	"z" : -0.22770385317648784
}
