{
	"pitch" : 1.4730622519388237,
	"roll" : -1.5501050745071878,
	"x" : 0.051337232011721912,
	"y" : -0.025909728928558307,
	"yaw" : 1.2616983895479155,
	"z" : -0.17023037242492156
}
