{
	"pitch" : 1.44586933483637,
	"roll" : -1.3769579251742954,
	"x" : -0.013884022010556246,
	"y" : -0.304807831183594,
	"yaw" : 1.4259061193469198,
	"z" : -0.1739020903138627
}
