{
	"pitch" : 1.4666421781379755,
	"roll" : -1.4181278598559459,
	"x" : 0.098377754754228761,
	"y" : -0.21390307579819939,
	"yaw" : 1.3908593791932475,
	"z" : -0.1687764676500412
}
