{
	"pitch" : 1.4585488398865494,
	"roll" : -1.4509924135069212,
	"x" : -0.058533885869709854,
	"y" : -0.26413169663005276,
	"yaw" : 1.3620340435929785,
	"z" : -0.17390019912437285
}
