{
	"pitch" : 1.4689926229673014,
	"roll" : -1.5102168749799803,
	"x" : 0.023162177934371045,
	"y" : -0.17639826961164456,
	"yaw" : 1.3018802503033071,
	"z" : -0.10543493646348945
}
