{
	"pitch" : 1.4901359269779906,
	"roll" : -1.3200888955484695,
	"x" : 0.12560258466966215,
	"y" : -0.022914222690262279,
	"yaw" : 1.5030947043007061,
	"z" : -0.16886509788480128
}
