{
	"pitch" : 1.4678765610646813,
	"roll" : -1.5381581313672734,
	"x" : 0.062174275519899722,
	"y" : -0.056902040209748442,
	"yaw" : 1.2700373548406214,
	"z" : -0.16961455932604455
}
