{
	"pitch" : 1.4806417364206828,
	"roll" : -1.5687898877901776,
	"x" : 0.030094121323440699,
	"y" : 0.0083024420190364219,
	"yaw" : 1.2532249046580921,
	"z" : -0.17074338395337374
}
