{
	"pitch" : 1.4679808691633662,
	"roll" : -1.5390526767968491,
	"x" : 0.062137716463355183,
	"y" : -0.056984930414747129,
	"yaw" : 1.269195266787039,
	"z" : -0.16959325202891323
}
