{
	"pitch" : 1.4814288711732293,
	"roll" : -1.6284739925314609,
	"x" : 0.031725297754531229,
	"y" : 0.0096687814766764895,
	"yaw" : 1.1909456667510223,
	"z" : -0.17069275226138275
}
