{
	"pitch" : 1.499207362993437,
	"roll" : -1.423753345492627,
	"x" : 0.11934146554164618,
	"y" : 0.015591679079647305,
	"yaw" : 1.4003967353143185,
	"z" : -0.16962940493252668
}
