{
	"pitch" : 1.4896570808239993,
	"roll" : -1.4867040185606546,
	"x" : 0.076330550283595866,
	"y" : -0.012505348106871426,
	"yaw" : 1.3316998998743574,
	"z" : -0.16965032192811305
}
