{
	"pitch" : 1.4928379899721222,
	"roll" : -1.5580315717568609,
	"x" : 0.086024504063958451,
	"y" : 0.039358568886598333,
	"yaw" : 1.2744536751814335,
	"z" : -0.17126021269873215
}
