{
	"pitch" : 1.4715768159242799,
	"roll" : -1.3326444443450371,
	"x" : 0.018800787777436628,
	"y" : -0.19734284254034642,
	"yaw" : 1.4821157240273635,
	"z" : -0.26354169138081057
}
