{
	"pitch" : 1.4786190192162147,
	"roll" : -1.6184949201987173,
	"x" : 0.031606004808419935,
	"y" : 0.012130300378031898,
	"yaw" : 1.1992352090035643,
	"z" : -0.17023423732139759
}
