{
	"pitch" : 1.4654966035301005,
	"roll" : -1.4945038530530659,
	"x" : 0.058536394246074222,
	"y" : -0.069442019025481722,
	"yaw" : 1.3098709369930603,
	"z" : -0.16997402083398652
}
