{
	"pitch" : 1.5036950961963811,
	"roll" : -1.4833971281079825,
	"x" : 0.10805431606233827,
	"y" : 0.029469560059116148,
	"yaw" : 1.3482679225006349,
	"z" : -0.1700053137191036
}
