{
	"pitch" : 1.4704025108175118,
	"roll" : -1.409133043783281,
	"x" : 0.09525946980533434,
	"y" : -0.15944932736937306,
	"yaw" : 1.3914685839094583,
	"z" : -0.16833166629718352
}
