{
	"pitch" : 1.4736881789223528,
	"roll" : -1.4400290918103156,
	"x" : 0.10551980720534733,
	"y" : -0.16406804485752952,
	"yaw" : 1.3471844858676394,
	"z" : -0.1686998447264321
}
