{
	"pitch" : 1.464837500698764,
	"roll" : -1.3220894135639787,
	"x" : 0.089710012983620635,
	"y" : -0.25373357648027678,
	"yaw" : 1.4845815759749574,
	"z" : -0.16848206788322109
}
