{
	"pitch" : 1.4917527880741968,
	"roll" : -1.4985858216733445,
	"x" : 0.061467128339427322,
	"y" : -0.029854732913097946,
	"yaw" : 1.3183698460261852,
	"z" : -0.17052212776612996
}
