{
	"pitch" : 1.4960635040171113,
	"roll" : -1.409092319152073,
	"x" : 0.12397184834131217,
	"y" : 0.0077167895815205331,
	"yaw" : 1.4137308584166377,
	"z" : -0.16906323290039341
}
