{
	"pitch" : 1.4561240975646954,
	"roll" : -1.4081246414101516,
	"x" : 0.008513995148687753,
	"y" : -0.22768766881438757,
	"yaw" : 1.3916320928829728,
	"z" : -0.1705249136865325
}
