{
	"pitch" : 1.4727529097905163,
	"roll" : -1.3286104917221813,
	"x" : 0.020500585478164801,
	"y" : -0.19137207991377,
	"yaw" : 1.4843174660710017,
	"z" : -0.26052959021154554
}
