{
	"pitch" : 1.4889018790985393,
	"roll" : -1.377025235709439,
	"x" : 0.12423914381392283,
	"y" : -0.027742157173688206,
	"yaw" : 1.4438549624902859,
	"z" : -0.16860604988373065
}
