{
	"pitch" : 1.4960669043701296,
	"roll" : -1.4119970880124553,
	"x" : 0.12400775971004253,
	"y" : 0.0076403265837763374,
	"yaw" : 1.4107942332290291,
	"z" : -0.16898812975073613
}
