{
	"pitch" : 1.4535121377124121,
	"roll" : -1.3575452514290058,
	"x" : -0.0041777103028451529,
	"y" : -0.28200252020939787,
	"yaw" : 1.4551362511809927,
	"z" : -0.17191266203882921
}
