{
	"pitch" : 1.4782968616314887,
	"roll" : -1.58190543953864,
	"x" : 0.03206717684394874,
	"y" : -0.03540789205716386,
	"yaw" : 1.2393635860082668,
	"z" : -0.17008516407500204
}
