{
	"pitch" : 1.4640222233141,
	"roll" : -1.3153258729101744,
	"x" : 0.08398147870203912,
	"y" : -0.23056361569185493,
	"yaw" : 1.495631199874818,
	"z" : -0.16898829019973119
}
