{
	"pitch" : 1.4497019286445803,
	"roll" : -1.3734783283257073,
	"x" : -0.0084323372453130735,
	"y" : -0.28039032567298205,
	"yaw" : 1.4276754247109509,
	"z" : -0.17285905851478434
}
