{
	"pitch" : 1.4948289086201774,
	"roll" : -1.5816311263655618,
	"x" : 0.092591283535570959,
	"y" : 0.035413299522785657,
	"yaw" : 1.2392209535501513,
	"z" : -0.16158642360329004
}
