{
	"pitch" : 1.4966830350703102,
	"roll" : -1.4365336601518117,
	"x" : 0.12474134100291359,
	"y" : 0.0071349847131470853,
	"yaw" : 1.3859922941623439,
	"z" : -0.16949523024227028
}
