{
	"pitch" : 1.4750510134963375,
	"roll" : -1.4946846373852212,
	"x" : 0.061181616332360897,
	"y" : -0.0610091893787367,
	"yaw" : 1.3193396496231342,
	"z" : -0.16172740667332056
}
