{
	"pitch" : 1.493324955826441,
	"roll" : -1.6242267165888808,
	"x" : 0.091052665002267899,
	"y" : 0.029431366002235441,
	"yaw" : 1.1964178621881953,
	"z" : -0.14538510903408278
}
