{
	"pitch" : 1.4659176056657162,
	"roll" : -1.4704506028947408,
	"x" : 0.048839490690509919,
	"y" : -0.055072319337969494,
	"yaw" : 1.3409126144336674,
	"z" : -0.16934856676120436
}
