{
	"pitch" : 1.4733940256515903,
	"roll" : -1.4891133895859789,
	"x" : 0.060841256042920545,
	"y" : -0.061904681946822214,
	"yaw" : 1.3226770269939154,
	"z" : -0.16720325956967086
}
