{
	"pitch" : 1.4825759781362498,
	"roll" : -1.5132855377295766,
	"x" : 0.085514115136139435,
	"y" : 0.011873151269883172,
	"yaw" : 1.2982221939704954,
	"z" : -0.21379996036172105
}
