{
	"pitch" : 1.4673095002260204,
	"roll" : -1.6187012459423553,
	"x" : 0.037602872159750042,
	"y" : -0.033154871487872078,
	"yaw" : 1.1922466556691762,
	"z" : -0.17046002579582625
}
