{
	"pitch" : 1.4920891711006987,
	"roll" : -1.5534118817686848,
	"x" : 0.091293567714837112,
	"y" : 0.032178914638549744,
	"yaw" : 1.264453447790802,
	"z" : -0.18961668953547647
}
