{
	"pitch" : 1.4852946823860307,
	"roll" : -1.5829424372989733,
	"x" : 0.033183365757316265,
	"y" : 0.014584208605822933,
	"yaw" : 1.2395728837711488,
	"z" : -0.17054544685124848
}
