{
	"pitch" : 1.4599582421420534,
	"roll" : -1.5206395267798507,
	"x" : 0.0123756353760648,
	"y" : -0.21152197067345582,
	"yaw" : 1.288702613867601,
	"z" : -0.070630172273576014
}
