{
	"pitch" : 1.4981648302661046,
	"roll" : -1.4445401532450786,
	"x" : 0.10407278320640237,
	"y" : 0.03143927861098942,
	"yaw" : 1.383587526863989,
	"z" : -0.17036035585704437
}
