{
	"pitch" : 1.4870501503270517,
	"roll" : -1.5713798502832703,
	"x" : 0.091253446569125748,
	"y" : 0.029014744393745302,
	"yaw" : 1.2464426660534118,
	"z" : -0.19628952852866058
}
