{
	"pitch" : 1.4710088632404732,
	"roll" : -1.4265294482104254,
	"x" : 0.10141209328481876,
	"y" : -0.17774413773492298,
	"yaw" : 1.3878261064100443,
	"z" : -0.16859960801505733
}
