{
	"pitch" : 1.4937127137742638,
	"roll" : -1.5450516057949812,
	"x" : 0.069220441372918676,
	"y" : -0.020690911967044451,
	"yaw" : 1.2727085852886575,
	"z" : -0.17012182940744475
}
