{
	"pitch" : 1.4555866054615814,
	"roll" : -1.4593024559747263,
	"x" : 0.033113779068557114,
	"y" : -0.15320948017005306,
	"yaw" : 1.346157247636421,
	"z" : -0.17000454834458206
}
