{
	"pitch" : 1.4679215301484509,
	"roll" : -1.472874985590475,
	"x" : 0.063626713592082176,
	"y" : -0.14826651928651521,
	"yaw" : 1.3335850239759086,
	"z" : -0.16936300656340783
}
