{
	"pitch" : 1.4547207374185354,
	"roll" : -1.4347147341311737,
	"x" : 0.03180971603659051,
	"y" : -0.15856730129525759,
	"yaw" : 1.366284655223579,
	"z" : -0.17008104931178175
}
