{
	"pitch" : 1.475961324402572,
	"roll" : -1.5754540473116136,
	"x" : 0.026574199163719198,
	"y" : -0.018115759237911755,
	"yaw" : 1.2439766111082602,
	"z" : -0.17055740923419258
}
