{
	"pitch" : 1.4705142392759174,
	"roll" : -1.3972121883762001,
	"x" : 0.085563411206666731,
	"y" : -0.19018808620895272,
	"yaw" : 1.4119387311048182,
	"z" : -0.16810645574546551
}
