{
	"pitch" : 1.4828046438709483,
	"roll" : -1.4725764911794825,
	"x" : 0.076023236241955588,
	"y" : -0.011684174907502901,
	"yaw" : 1.3299961173359547,
	"z" : -0.16846129252271622
}
