{
	"pitch" : 1.4794692607020765,
	"roll" : -1.6361150917235805,
	"x" : 0.026112986375656323,
	"y" : -0.0050926629243380761,
	"yaw" : 1.1824602720731181,
	"z" : -0.17057704481850997
}
