{
	"pitch" : 1.4522033926630988,
	"roll" : -1.5318376249339747,
	"x" : -0.037434890801196927,
	"y" : -0.23786657395769772,
	"yaw" : 1.267923154883754,
	"z" : -0.17337659898099414
}
