{
	"pitch" : 1.4544188116600598,
	"roll" : -1.3125395592017912,
	"x" : 0.0031066297629359085,
	"y" : -0.28416011607375535,
	"yaw" : 1.4944600464460283,
	"z" : -0.17135982880240921
}
