{
	"pitch" : 1.4860617560543243,
	"roll" : -1.3120242278655967,
	"x" : 0.12336401083070295,
	"y" : -0.030426445267726421,
	"yaw" : 1.5114613139294282,
	"z" : -0.16810733188202481
}
