{
	"pitch" : 1.4717934039520546,
	"roll" : -1.6320406846958793,
	"x" : 0.028533806646873473,
	"y" : -0.022315754467967047,
	"yaw" : 1.1815516048554011,
	"z" : -0.17043319443262497
}
