{
	"pitch" : 1.4732653720284208,
	"roll" : -1.5192821364395761,
	"x" : 0.066655559358653624,
	"y" : -0.044842402955813591,
	"yaw" : 1.2875008541919264,
	"z" : -0.1696501056459925
}
