{
	"pitch" : 1.4940846100920568,
	"roll" : -1.4839216817471312,
	"x" : 0.088303927100822216,
	"y" : 0.038628377089050474,
	"yaw" : 1.3521300871761905,
	"z" : -0.1710528625905853
}
