{
	"pitch" : 1.47916737377128,
	"roll" : -1.4324473446962824,
	"x" : 0.087359755775730477,
	"y" : -0.061745052976964344,
	"yaw" : 1.3836409310527524,
	"z" : -0.16908377871758373
}
