{
	"pitch" : 1.4869672140141739,
	"roll" : -1.3185872856153416,
	"x" : 0.12060191886384616,
	"y" : -0.036199556366551228,
	"yaw" : 1.4996893721767932,
	"z" : -0.16804096915802993
}
