{
	"pitch" : 1.4483107119075576,
	"roll" : -1.4081843891493453,
	"x" : -0.016676561260112924,
	"y" : -0.30903852147195365,
	"yaw" : 1.3933064360827152,
	"z" : -0.17302093414766934
}
