{
	"pitch" : 1.4720518185904019,
	"roll" : -1.6862673105927948,
	"x" : 0.026980828701607062,
	"y" : -0.014697389635130939,
	"yaw" : 1.1300177846500237,
	"z" : -0.17185011557515689
}
