{
	"pitch" : 1.4454459653598435,
	"roll" : -1.3920601807864286,
	"x" : -0.012712805584845499,
	"y" : -0.2902913926122429,
	"yaw" : 1.4126139000413782,
	"z" : -0.17275217083050165
}
