{
	"pitch" : 1.4807015718910281,
	"roll" : -1.3529863741731158,
	"x" : 0.0909439180224067,
	"y" : -0.060526234845143148,
	"yaw" : 1.4722723150141792,
	"z" : -0.16805007438919609
}
