{
	"pitch" : 1.4829219834692307,
	"roll" : -1.3553654884066935,
	"x" : 0.11563107637434142,
	"y" : -0.043334613825717808,
	"yaw" : 1.4656507676496282,
	"z" : -0.16812430546937857
}
