{
	"pitch" : 1.4839047796763041,
	"roll" : -1.6364737057478789,
	"x" : 0.042715404633725793,
	"y" : 0.026289026244982163,
	"yaw" : 1.1841288726300734,
	"z" : -0.17159021239138419
}
