{
	"pitch" : 1.4636092844771076,
	"roll" : -1.5227086138775077,
	"x" : -0.0036250594498177663,
	"y" : -0.26142251569039804,
	"yaw" : 1.2886380227243557,
	"z" : -0.12500628497107347
}
