{
	"pitch" : 1.4759103549798174,
	"roll" : -1.58513262265417,
	"x" : 0.032113175789248632,
	"y" : -0.035406307119427105,
	"yaw" : 1.2357753223992043,
	"z" : -0.17015584249469667
}
