{
	"pitch" : 1.4663816118479447,
	"roll" : -1.5898697154231054,
	"x" : -0.03320211316224482,
	"y" : -0.11874657255599325,
	"yaw" : 1.2194244174375231,
	"z" : -0.17144511446124788
}
