{
	"pitch" : 1.4942182072507286,
	"roll" : -1.3962292744395184,
	"x" : 0.12572386419376799,
	"y" : 0.001792146553625782,
	"yaw" : 1.4291325516651459,
	"z" : -0.16935129442601446
}
