{
	"pitch" : 1.4816489230983947,
	"roll" : -1.5350087691699006,
	"x" : 0.046489877281832986,
	"y" : -0.11268762361420133,
	"yaw" : 1.2851310193208514,
	"z" : -0.16974508773192673
}
