{
	"pitch" : 1.4913679616042139,
	"roll" : -1.6306050771366227,
	"x" : 0.084567889967510093,
	"y" : 0.010433941853708174,
	"yaw" : 1.1854636759982298,
	"z" : -0.12615364192527107
}
