{
	"pitch" : 1.4949823671670108,
	"roll" : -1.5197341813595411,
	"x" : 0.092468370883943746,
	"y" : 0.036925145845356236,
	"yaw" : 1.3076319299059656,
	"z" : -0.17110576442609107
}
