{
	"pitch" : 1.4598870996046633,
	"roll" : -1.5016710409380061,
	"x" : 0.011468780613768159,
	"y" : -0.21090408136357941,
	"yaw" : 1.3054800525699468,
	"z" : -0.070483293711972067
}
