{
	"pitch" : 1.4725387787245452,
	"roll" : -1.4925964525178355,
	"x" : 0.024537462249866998,
	"y" : -0.17214317541491306,
	"yaw" : 1.3189864802631734,
	"z" : -0.10970582324556141
}
