{
	"pitch" : 1.4749062620978313,
	"roll" : -1.5718696470736466,
	"x" : 0.029269148418838355,
	"y" : -0.031415899570802291,
	"yaw" : 1.2429698910058271,
	"z" : -0.1695949289228745
}
