{
	"pitch" : 1.4689908192302805,
	"roll" : -1.5012094118369255,
	"x" : 0.065527027338205479,
	"y" : -0.048160157309080222,
	"yaw" : 1.3036260142259242,
	"z" : -0.20306538938453347
}
