{
	"pitch" : 1.446977874073222,
	"roll" : -1.4272108383868802,
	"x" : -0.0058890465950981324,
	"y" : -0.27330385154148812,
	"yaw" : 1.377426306169264,
	"z" : -0.17232777521487858
}
