{
	"pitch" : 1.4464269879667062,
	"roll" : -1.4250610944017987,
	"x" : -0.017667802488917972,
	"y" : -0.30928567415345892,
	"yaw" : 1.3761571746478583,
	"z" : -0.17319531289940965
}
