{
	"pitch" : 1.4704654254167717,
	"roll" : -1.4891820478825519,
	"x" : 0.053295317896251686,
	"y" : -0.056162730468353891,
	"yaw" : 1.3273704057525673,
	"z" : -0.16894449203805331
}
