{
	"pitch" : 1.4711477007408553,
	"roll" : -1.4997235847993267,
	"x" : 0.066874741057194972,
	"y" : -0.043350623178970954,
	"yaw" : 1.3106586983721857,
	"z" : -0.16954308225860951
}
