{
	"pitch" : 1.470209876867177,
	"roll" : -1.4853789437962897,
	"x" : 0.05760589053430195,
	"y" : -0.059746886550246736,
	"yaw" : 1.3285769509036545,
	"z" : -0.1691843965401065
}
