{
	"pitch" : 1.4567390978046109,
	"roll" : -1.4276021607136773,
	"x" : 0.013747356488538573,
	"y" : -0.21022521416869414,
	"yaw" : 1.3721920152078835,
	"z" : -0.17029733007070016
}
