{
	"pitch" : 1.4685833302578954,
	"roll" : -1.583025048990085,
	"x" : -0.042649867899764576,
	"y" : -0.13701954279928205,
	"yaw" : 1.2422658472816175,
	"z" : -0.1726137526383319
}
