{
	"pitch" : 1.4736863116804533,
	"roll" : -1.4885133489532039,
	"x" : 0.054588487676328179,
	"y" : -0.084468896226150988,
	"yaw" : 1.3216103809781008,
	"z" : -0.16942850630776163
}
