{
	"pitch" : 1.4958148880790061,
	"roll" : -1.6064615921876253,
	"x" : 0.091317669255424366,
	"y" : 0.030366609336120381,
	"yaw" : 1.2147645244629168,
	"z" : -0.14736796152229534
}
