{
	"pitch" : 1.4949109989841656,
	"roll" : -1.5707476494450512,
	"x" : 0.092574274276529173,
	"y" : 0.035697813299866786,
	"yaw" : 1.2499380178068242,
	"z" : -0.16242417327475592
}
