{
	"pitch" : 1.4548960914204179,
	"roll" : -1.4124027016743406,
	"x" : 0.010648227383113967,
	"y" : -0.21752797808817048,
	"yaw" : 1.3879439389989501,
	"z" : -0.16997631471444977
}
