{
	"pitch" : 1.488520010388388,
	"roll" : -1.6654700078922595,
	"x" : 0.047799897028615049,
	"y" : 0.029352301233899966,
	"yaw" : 1.1565731063238069,
	"z" : -0.17139419029872388
}
