{
	"pitch" : 1.4975913696342982,
	"roll" : -1.4520111908748172,
	"x" : 0.0798470547482171,
	"y" : 0.039624361518383187,
	"yaw" : 1.3850714978121044,
	"z" : -0.17102431698064771
}
