{
	"pitch" : 1.4800436011053768,
	"roll" : -1.4373774091608933,
	"x" : 0.094417267795466261,
	"y" : -0.060132665509956197,
	"yaw" : 1.3809875744385129,
	"z" : -0.16860783884003194
}
