{
	"pitch" : 1.4767976193585346,
	"roll" : -1.4947608894673055,
	"x" : -0.0078458495747826401,
	"y" : -0.1003767578031883,
	"yaw" : 1.3241587672698321,
	"z" : -0.17039136424635712
}
