{
	"pitch" : 1.4544433195122295,
	"roll" : -1.601669630709851,
	"x" : -0.077813121791938236,
	"y" : -0.17662732531523564,
	"yaw" : 1.2137318073314494,
	"z" : -0.17381502860535519
}
