{
	"pitch" : 1.4799159353062996,
	"roll" : -1.5811863784061755,
	"x" : 0.030377697421837588,
	"y" : 0.0080370699086008846,
	"yaw" : 1.2412695967780258,
	"z" : -0.17099795957612413
}
