{
	"pitch" : 1.4798541823422509,
	"roll" : -1.5923414735973929,
	"x" : 0.043569212011629346,
	"y" : -0.1171079658245515,
	"yaw" : 1.2262265915761372,
	"z" : -0.16463355997583035
}
