{
	"pitch" : 1.4468119404904933,
	"roll" : -1.410064618530771,
	"x" : -0.00928697743507792,
	"y" : -0.28204479366017088,
	"yaw" : 1.3934709736744226,
	"z" : -0.17252367843078772
}
