{
	"pitch" : 1.4790172208979555,
	"roll" : -1.3911004817008841,
	"x" : 0.08923693855033818,
	"y" : -0.061146530441197493,
	"yaw" : 1.4349187863366233,
	"z" : -0.16818572973989718
}
