{
	"pitch" : 1.4698420282470401,
	"roll" : -1.5157460034528807,
	"x" : -0.05896286440799943,
	"y" : -0.15337770563445086,
	"yaw" : 1.3073560914365969,
	"z" : -0.1729640365041244
}
