{
	"pitch" : 1.4935352203418963,
	"roll" : -1.3579875439367837,
	"x" : 0.12884221123108502,
	"y" : -0.0063556547026240705,
	"yaw" : 1.4640807752386022,
	"z" : -0.16876276556203165
}
