{
	"pitch" : 1.4662981013216869,
	"roll" : -1.5353732218440044,
	"x" : 0.064256714768720566,
	"y" : -0.055208703223562132,
	"yaw" : 1.2706051589184204,
	"z" : -0.19216570509034211
}
