{
	"pitch" : 1.498215380230993,
	"roll" : -1.3954105205621272,
	"x" : 0.10589841196780221,
	"y" : 0.030350998123490264,
	"yaw" : 1.43384165378086,
	"z" : -0.1699672428357237
}
