{
	"pitch" : 1.4563366659399628,
	"roll" : -1.442834429118782,
	"x" : 0.033704265035663677,
	"y" : -0.14967529931388973,
	"yaw" : 1.3629922167929887,
	"z" : -0.16997019737352231
}
