{
	"pitch" : 1.4722122195303389,
	"roll" : -1.5177300320263019,
	"x" : 0.024138864024399492,
	"y" : -0.17428533134338881,
	"yaw" : 1.2944128980255822,
	"z" : -0.10765146976174986
}
