{
	"pitch" : 1.4741914033781338,
	"roll" : -1.5223160199724772,
	"x" : 0.044571620132769878,
	"y" : -0.11115035207401056,
	"yaw" : 1.2919427399006433,
	"z" : -0.16946656686297484
}
