{
	"pitch" : 1.4803420632705473,
	"roll" : -1.6833976648400701,
	"x" : 0.029995982975240976,
	"y" : 0.0052579068481157353,
	"yaw" : 1.1379689252097018,
	"z" : -0.17075420452480367
}
