{
	"pitch" : 1.4950170631602495,
	"roll" : -1.4188593596204058,
	"x" : 0.12530074004391975,
	"y" : 0.0034016114331869383,
	"yaw" : 1.4081473559529827,
	"z" : -0.16961582494212021
}
