{
	"pitch" : 1.4948157077000355,
	"roll" : -1.6089129276710241,
	"x" : 0.091055982500583665,
	"y" : 0.030054222714611674,
	"yaw" : 1.2126117790704902,
	"z" : -0.14660140386495335
}
