{
	"pitch" : 1.4516290012108173,
	"roll" : -1.2775083685379947,
	"x" : 0.057041280878586093,
	"y" : -0.3008881006547795,
	"yaw" : 1.528781694575863,
	"z" : -0.16963943947299642
}
