{
	"pitch" : 1.4704277001026418,
	"roll" : -1.4863385741263941,
	"x" : 0.06033970381967315,
	"y" : -0.062103727107623963,
	"yaw" : 1.3231652088690247,
	"z" : -0.16945709469404754
}
