{
	"pitch" : 1.4619482310008063,
	"roll" : -1.3103969454261548,
	"x" : 0.1115556731925878,
	"y" : -0.24051930664790724,
	"yaw" : 1.5007310330229071,
	"z" : -0.16786545057690633
}
