{
	"pitch" : 1.4837826109780061,
	"roll" : -1.6484736263575896,
	"x" : 0.042751876310123102,
	"y" : 0.026155004845440324,
	"yaw" : 1.1732367319985304,
	"z" : -0.17160644405637063
}
