{
	"pitch" : 1.4795375495326242,
	"roll" : -1.6118235756036234,
	"x" : 0.051861635394611187,
	"y" : -0.12485502484186287,
	"yaw" : 1.1950584894787946,
	"z" : -0.16993097086331371
}
