{
	"pitch" : 1.4687809562174745,
	"roll" : -1.5079839609903289,
	"x" : 0.042424642711077883,
	"y" : -0.050132655407658315,
	"yaw" : 1.3019708220893489,
	"z" : -0.1698120924830043
}
