{
	"pitch" : 1.4859706691062662,
	"roll" : -1.6485110943110404,
	"x" : 0.041193648535998439,
	"y" : 0.024317392965580355,
	"yaw" : 1.1784665484331522,
	"z" : -0.17125706051746822
}
