{
	"pitch" : 1.48321213121323,
	"roll" : -1.6098798970571926,
	"x" : 0.090807238617668887,
	"y" : 0.024606235124637225,
	"yaw" : 1.2081868183177948,
	"z" : -0.2031520447307569
}
