{
	"pitch" : 1.493698490517726,
	"roll" : -1.603939194297477,
	"x" : 0.08760460505110057,
	"y" : 0.019379494110905691,
	"yaw" : 1.2131890530764606,
	"z" : -0.1319850955150913
}
