{
	"pitch" : 1.4833346214574861,
	"roll" : -1.6238631938339545,
	"x" : 0.035880084144567309,
	"y" : 0.018535934495821058,
	"yaw" : 1.1977030199316858,
	"z" : -0.17107701391141586
}
