{
	"pitch" : 1.4832418898386619,
	"roll" : -1.3652293929757631,
	"x" : 0.10733223595405472,
	"y" : -0.052686402598828314,
	"yaw" : 1.458051026475339,
	"z" : -0.16788907623650109
}
