{
	"pitch" : 1.4687711679812401,
	"roll" : -1.6176718570937358,
	"x" : 0.041556592762145433,
	"y" : -0.031471415386361321,
	"yaw" : 1.1929570292933036,
	"z" : -0.17057416029114089
}
