{
	"pitch" : 1.4819322728273685,
	"roll" : -1.5330770981669268,
	"x" : 0.086245590446932974,
	"y" : 0.011524705692666861,
	"yaw" : 1.2796506873277753,
	"z" : -0.21418100364499679
}
