{
	"pitch" : 1.4493897851547464,
	"roll" : -1.4537683019961254,
	"x" : -0.078190580799832002,
	"y" : -0.25828602314465571,
	"yaw" : 1.3483450086294488,
	"z" : -0.17434273748152543
}
