{
	"pitch" : 1.4870425407604206,
	"roll" : -1.385192093055206,
	"x" : 0.12325617986589509,
	"y" : -0.032463968218652328,
	"yaw" : 1.4341143102702376,
	"z" : -0.16884231498024577
}
