{
	"pitch" : 1.4700433426142852,
	"roll" : -1.47858266046343,
	"x" : 0.043385223298180939,
	"y" : -0.11849190949972684,
	"yaw" : 1.3325766703247379,
	"z" : -0.17692719117335975
}
