{
	"pitch" : 1.4659764084337636,
	"roll" : -1.3549767819176455,
	"x" : 0.028957379216239469,
	"y" : -0.15789094732203474,
	"yaw" : 1.4618361248898899,
	"z" : -0.21726564507929305
}
