{
	"pitch" : 1.4548484001247539,
	"roll" : -1.4426934906971203,
	"x" : 0.013789531427451984,
	"y" : -0.20976653338650714,
	"yaw" : 1.3601803614931065,
	"z" : -0.17024818866426703
}
