{
	"pitch" : 1.461442721727594,
	"roll" : -1.292785823905934,
	"x" : 0.056091498926018071,
	"y" : -0.26996951688803966,
	"yaw" : 1.513260444629261,
	"z" : -0.16958089067352078
}
