{
	"pitch" : 1.4742408133693208,
	"roll" : -1.5201228819089254,
	"x" : 0.069293092995974387,
	"y" : -0.03424009658726266,
	"yaw" : 1.2796291596715881,
	"z" : -0.17025498361335933
}
