{
	"pitch" : 1.4876883195614694,
	"roll" : -1.3455772918492679,
	"x" : 0.12479426026989371,
	"y" : -0.02466677356405448,
	"yaw" : 1.4749492217616864,
	"z" : -0.16847669189662387
}
