{
	"pitch" : 1.4658619719386528,
	"roll" : -1.4878356366668122,
	"x" : -0.0013072110563613765,
	"y" : -0.2557742127141418,
	"yaw" : 1.3273206194908682,
	"z" : -0.11725861125511955
}
