{
	"pitch" : 1.4553185264204407,
	"roll" : -1.4519879675187772,
	"x" : 0.013730170645898113,
	"y" : -0.20920294218691574,
	"yaw" : 1.3506332370816592,
	"z" : -0.17038210488386307
}
