{
	"pitch" : 1.4858049805822457,
	"roll" : -1.5298334800568869,
	"x" : 0.054092236151338749,
	"y" : 0.035390725257495745,
	"yaw" : 1.3033297985025158,
	"z" : -0.17133289840070223
}
