{
	"pitch" : 1.4918243450886197,
	"roll" : -1.418152426714409,
	"x" : 0.070244865959303723,
	"y" : -0.029407121629778717,
	"yaw" : 1.3972446461842507,
	"z" : -0.16810586704462088
}
