{
	"pitch" : 1.4688459883014204,
	"roll" : -1.5136320141151967,
	"x" : 0.0097415639734959592,
	"y" : -0.22353493511358663,
	"yaw" : 1.2951659975511689,
	"z" : -0.082558879558256526
}
