{
	"pitch" : 1.4961834501806592,
	"roll" : -1.327969358533525,
	"x" : 0.1213054543462566,
	"y" : 0.012846788425455474,
	"yaw" : 1.4979334218454157,
	"z" : -0.16904400216400192
}
