{
	"pitch" : 1.4700930353362573,
	"roll" : -1.5317718740936441,
	"x" : 0.068150505661456195,
	"y" : -0.044173852410718806,
	"yaw" : 1.2746512590154204,
	"z" : -0.2088636506888758
}
