{
	"pitch" : 1.4627533009196514,
	"roll" : -1.4947209667506443,
	"x" : 0.012953740049663903,
	"y" : -0.20609125419292101,
	"yaw" : 1.3116367295240974,
	"z" : -0.076051350567286874
}
