{
	"pitch" : 1.4620916388446468,
	"roll" : -1.2895142139171427,
	"x" : 0.10986264934646156,
	"y" : -0.2421335117343717,
	"yaw" : 1.5252030689887102,
	"z" : -0.16818368466948422
}
