{
	"pitch" : 1.4850201239119476,
	"roll" : -1.5762943442689399,
	"x" : 0.032876729261031204,
	"y" : 0.014231683052179141,
	"yaw" : 1.2459482514322255,
	"z" : -0.17049587598402474
}
