{
	"pitch" : 1.4688734758080324,
	"roll" : -1.4769355958321095,
	"x" : 0.056751938467934963,
	"y" : -0.14596059018346672,
	"yaw" : 1.3290497529721941,
	"z" : -0.16969529122701935
}
