{
	"pitch" : 1.4739786159629333,
	"roll" : -1.5321051751823775,
	"x" : 0.044062952047504336,
	"y" : -0.11102219241302248,
	"yaw" : 1.2814571991660606,
	"z" : -0.1695116593577401
}
