{
	"pitch" : 1.4665345671495957,
	"roll" : -1.5574492767552346,
	"x" : 0.076556957064715547,
	"y" : -0.012467429304652757,
	"yaw" : 1.2459192877786376,
	"z" : -0.16937456127589104
}
