{
	"pitch" : 1.4898971432508654,
	"roll" : -1.3975989971445242,
	"x" : 0.12442217764689359,
	"y" : -0.027804587623353697,
	"yaw" : 1.4232029060948193,
	"z" : -0.1687789914830497
}
