{
	"pitch" : 1.4821673964145146,
	"roll" : -1.3520542057461022,
	"x" : 0.11085676072224726,
	"y" : -0.049995226329458457,
	"yaw" : 1.4712247995878256,
	"z" : -0.16836004339566402
}
