{
	"pitch" : 1.4527196059934848,
	"roll" : -1.4176684242492386,
	"x" : 0.027430930548988972,
	"y" : -0.16385657114304522,
	"yaw" : 1.3841592806174667,
	"z" : -0.16892335851981974
}
