{
	"pitch" : 1.4891111123513654,
	"roll" : -1.5490015526390546,
	"x" : 0.091565726735235803,
	"y" : 0.031229306283564885,
	"yaw" : 1.2679062750313106,
	"z" : -0.19193682561800191
}
