{
	"pitch" : 1.4863961500047433,
	"roll" : -1.3868426668585689,
	"x" : 0.1165378463775846,
	"y" : -0.043699685481322782,
	"yaw" : 1.4308941654563674,
	"z" : -0.16850048469164686
}
