{
	"pitch" : 1.4758202010078516,
	"roll" : -1.4486481848007491,
	"x" : 0.07898823391658534,
	"y" : -0.063164723899841416,
	"yaw" : 1.3652922609257614,
	"z" : -0.16861118427649105
}
