{
	"pitch" : 1.4817413103780825,
	"roll" : -1.3562583486335253,
	"x" : 0.03167461445898101,
	"y" : -0.15481014488285608,
	"yaw" : 1.4590904059056538,
	"z" : -0.24147469916387784
}
