{
	"pitch" : 1.4747212879775333,
	"roll" : -1.4301460156660062,
	"x" : 0.078544381692570928,
	"y" : -0.062971889693640967,
	"yaw" : 1.3846652039553642,
	"z" : -0.16871275675746661
}
