{
	"pitch" : 1.4731458415833965,
	"roll" : -1.4894589688998576,
	"x" : 0.072282240622732419,
	"y" : -0.062910883940244133,
	"yaw" : 1.3201579486249788,
	"z" : -0.16880148426671807
}
