{
	"pitch" : 1.4683156455352007,
	"roll" : -1.4071760399656674,
	"x" : 0.063147647778580604,
	"y" : -0.061235316211735766,
	"yaw" : 1.4095796377376086,
	"z" : -0.16921237783979554
}
