{
	"pitch" : 1.4819662263181048,
	"roll" : -1.4275356230138989,
	"x" : 0.10478904974409156,
	"y" : -0.054645448557473386,
	"yaw" : 1.3922215765059494,
	"z" : -0.16843245620694766
}
