{
	"pitch" : 1.4807697617822433,
	"roll" : -1.3543865623809606,
	"x" : 0.090899233011760866,
	"y" : -0.060529395282882648,
	"yaw" : 1.4709583129774229,
	"z" : -0.16799982467422189
}
