{
	"pitch" : 1.4703224391159124,
	"roll" : -1.4651627809521794,
	"x" : 0.064702816495622845,
	"y" : -0.049710562962895818,
	"yaw" : 1.3408892634192797,
	"z" : -0.20142555492435699
}
