{
	"pitch" : 1.5011455727693213,
	"roll" : -1.4841893995330031,
	"x" : 0.060872572810641574,
	"y" : -0.060164983511234532,
	"yaw" : 1.3263125736060286,
	"z" : -0.19349046418425156
}
