{
	"pitch" : 1.4665249042232049,
	"roll" : -1.5008049868733142,
	"x" : 0.011211080879811292,
	"y" : -0.21427920787758004,
	"yaw" : 1.3127717553046889,
	"z" : -0.073381760192020459
}
