{
	"pitch" : 1.477724929478422,
	"roll" : -1.4919840986088027,
	"x" : 0.044808999442137919,
	"y" : -0.11218037807513327,
	"yaw" : 1.3238953563019806,
	"z" : -0.16945784861066268
}
