{
	"pitch" : 1.4913538279923217,
	"roll" : -1.5076800002361381,
	"x" : 0.050206426473996035,
	"y" : -0.041150790209131025,
	"yaw" : 1.31248212668252,
	"z" : -0.16954704847966329
}
