{
	"pitch" : 1.4776474086882341,
	"roll" : -1.5241977240379054,
	"x" : 0.066473153562018716,
	"y" : -0.04389954020619162,
	"yaw" : 1.2882856203564657,
	"z" : -0.13107011298561497
}
