{
	"pitch" : 1.4675736584334247,
	"roll" : -1.4857323875443971,
	"x" : 0.050844085440175449,
	"y" : -0.056171301064626006,
	"yaw" : 1.3248396213833575,
	"z" : -0.16910957026286363
}
