{
	"pitch" : 1.4956055526418521,
	"roll" : -1.5757001137787634,
	"x" : 0.091732617220851159,
	"y" : 0.033462064357270657,
	"yaw" : 1.2440520875472083,
	"z" : -0.15288044963587041
}
