{
	"pitch" : 1.4948934037770529,
	"roll" : -1.4243621777223212,
	"x" : 0.12594362196674444,
	"y" : 0.0028722272669646897,
	"yaw" : 1.401885317505718,
	"z" : -0.17015108371053933
}
