{
	"pitch" : 1.4563927156034917,
	"roll" : -1.4416586645142349,
	"x" : 0.033606342299424739,
	"y" : -0.15009400220573929,
	"yaw" : 1.3641437692057952,
	"z" : -0.17003577060900951
}
