{
	"pitch" : 1.4511049899560109,
	"roll" : -1.3361092986356262,
	"x" : 0.062017672798232587,
	"y" : -0.3015722330628503,
	"yaw" : 1.4689046915360575,
	"z" : -0.17021874542293819
}
