{
	"pitch" : 1.4948132915387393,
	"roll" : -1.5814755453160314,
	"x" : 0.092524782546388837,
	"y" : 0.035389185160865207,
	"yaw" : 1.2395610207247334,
	"z" : -0.16154322940773952
}
