{
	"pitch" : 1.4940144132672903,
	"roll" : -1.382872650603544,
	"x" : 0.12360138720636826,
	"y" : 0.0063551550384545082,
	"yaw" : 1.4422535205035054,
	"z" : -0.16910611515553961
}
