{
	"pitch" : 1.4703581122375604,
	"roll" : -1.486299945373426,
	"x" : 0.060366283020851182,
	"y" : -0.062098024788553044,
	"yaw" : 1.3232141559142658,
	"z" : -0.16945910310706497
}
