{
	"pitch" : 1.4718663635676315,
	"roll" : -1.4247107499519549,
	"x" : 0.089840404557105624,
	"y" : -0.15791916955531277,
	"yaw" : 1.37498799667373,
	"z" : -0.16853047203194949
}
