{
	"pitch" : 1.475355822883917,
	"roll" : -1.5048718182421117,
	"x" : -0.015255992283057684,
	"y" : -0.10713332880563282,
	"yaw" : 1.3148031525328137,
	"z" : -0.17085870541681478
}
