{
	"pitch" : 1.450762327276045,
	"roll" : -1.2800952649609019,
	"x" : 0.059008577688473368,
	"y" : -0.30153383336088868,
	"yaw" : 1.5243947586664983,
	"z" : -0.16981793630125377
}
