{
	"pitch" : 1.4815766287239904,
	"roll" : -1.3348055346960215,
	"x" : 0.026783066402095199,
	"y" : -0.17195239949209232,
	"yaw" : 1.4771277183929838,
	"z" : -0.25055709335804049
}
