{
	"pitch" : 1.4818952527113092,
	"roll" : -1.4015722472114611,
	"x" : 0.028314572760236793,
	"y" : -0.16400853945825233,
	"yaw" : 1.4084810506562193,
	"z" : -0.24728516191191302
}
