{
	"pitch" : 1.4797110403516822,
	"roll" : -1.4450279290928953,
	"x" : 0.097067362199477605,
	"y" : -0.059243414227037744,
	"yaw" : 1.3713973704761246,
	"z" : -0.16887968893213096
}
