{
	"pitch" : 1.4696486572567544,
	"roll" : -1.541934336931283,
	"x" : -0.026404294835338113,
	"y" : -0.1112749460907949,
	"yaw" : 1.2674250544056476,
	"z" : -0.17187033706156801
}
