{
	"pitch" : 1.474975322998731,
	"roll" : -1.4924479116741887,
	"x" : 0.061123439246634555,
	"y" : -0.060974749003249729,
	"yaw" : 1.3215244067187473,
	"z" : -0.16155030754232072
}
