{
	"pitch" : 1.474110050209898,
	"roll" : -1.4562036771542086,
	"x" : 0.061415829046252229,
	"y" : -0.058660911902577773,
	"yaw" : 1.359490000025475,
	"z" : -0.15349113465835093
}
