{
	"pitch" : 1.4783572526155555,
	"roll" : -1.4568295275498888,
	"x" : 0.08041883332329669,
	"y" : -0.062955365494364618,
	"yaw" : 1.357441094267998,
	"z" : -0.16850833209853783
}
