{
	"pitch" : 1.4493743183067744,
	"roll" : -1.4032712653953965,
	"x" : -0.016856369558795742,
	"y" : -0.30893809390571214,
	"yaw" : 1.3981153172231213,
	"z" : -0.17269037836503798
}
