{
	"pitch" : 1.4784147135387247,
	"roll" : -1.5656764955048732,
	"x" : 0.036701447513455873,
	"y" : -0.13736670857779246,
	"yaw" : 1.2501963266938532,
	"z" : -0.14366308689418575
}
