{
	"pitch" : 1.4763894437207048,
	"roll" : -1.5234001747572814,
	"x" : 0.069826805978244838,
	"y" : -0.033071816271154034,
	"yaw" : 1.2786027093645123,
	"z" : -0.17013599548002131
}
