{
	"pitch" : 1.4715890171454287,
	"roll" : -1.5027392351115629,
	"x" : 0.066400880110409677,
	"y" : -0.044930309007151475,
	"yaw" : 1.3077025944716094,
	"z" : -0.16964259981574967
}
