{
	"pitch" : 1.4865755652440558,
	"roll" : -1.5404311328358902,
	"x" : 0.07723979582103363,
	"y" : -0.0116782213286231,
	"yaw" : 1.2749640608707637,
	"z" : -0.11920710923352405
}
