{
	"pitch" : 1.4939083952193846,
	"roll" : -1.5538077040269476,
	"x" : 0.096238825260081665,
	"y" : 0.035597138760638768,
	"yaw" : 1.2776397522325109,
	"z" : -0.17069376876504458
}
