{
	"pitch" : 1.4533617881151824,
	"roll" : -1.4501741025535866,
	"x" : 0.01464383732209603,
	"y" : -0.2087177701759855,
	"yaw" : 1.3511347525734037,
	"z" : -0.17088862994669557
}
