{
	"pitch" : 1.4700430643244893,
	"roll" : -1.5118109941502473,
	"x" : 0.037130538196340775,
	"y" : -0.044706577707038023,
	"yaw" : 1.2964915172013014,
	"z" : -0.17016992367846001
}
