{
	"pitch" : 1.4545417162645053,
	"roll" : -1.4139087368080172,
	"x" : -0.013099632712658307,
	"y" : -0.29318894714771193,
	"yaw" : 1.3964974765913549,
	"z" : -0.15648464901547807
}
