{
	"pitch" : 1.4963134120011177,
	"roll" : -1.475013559926704,
	"x" : 0.079047262149792144,
	"y" : 0.040058207996493705,
	"yaw" : 1.3605178486313441,
	"z" : -0.17087327287373444
}
