{
	"pitch" : 1.4761435489465533,
	"roll" : -1.5815101412331549,
	"x" : 0.035036130515836567,
	"y" : -0.14608581301694901,
	"yaw" : 1.2347169209898894,
	"z" : -0.1360597491723195
}
