{
	"pitch" : 1.4550469820926666,
	"roll" : -1.4139354606341163,
	"x" : 0.0073508870714694696,
	"y" : -0.23121980838739675,
	"yaw" : 1.3866148812584449,
	"z" : -0.17047834666412331
}
