{
	"pitch" : 1.456813732558484,
	"roll" : -1.4479385632742972,
	"x" : 0.03534684382869753,
	"y" : -0.14283234640851139,
	"yaw" : 1.35685378271617,
	"z" : -0.16977801954858102
}
