{
	"pitch" : 1.4921065413083381,
	"roll" : -1.3395300846695806,
	"x" : 0.1277313808363067,
	"y" : -0.01046926264062349,
	"yaw" : 1.4837374683768436,
	"z" : -0.1684409990038658
}
