{
	"pitch" : 1.4880480706173553,
	"roll" : -1.5439203624602831,
	"x" : 0.055001045153630954,
	"y" : 0.035713225755095321,
	"yaw" : 1.2891928350573363,
	"z" : -0.17121403073761265
}
