{
	"pitch" : 1.4626088466949834,
	"roll" : -1.340746688679576,
	"x" : 0.028415747727847163,
	"y" : -0.16022899508309976,
	"yaw" : 1.472893897234939,
	"z" : -0.22065612457865894
}
