{
	"pitch" : 1.4953130206194893,
	"roll" : -1.4168415223017041,
	"x" : 0.12511140748630259,
	"y" : 0.0034822823815838806,
	"yaw" : 1.4101779328634387,
	"z" : -0.16960736006295046
}
