{
	"pitch" : 1.489841010941694,
	"roll" : -1.4625771308112503,
	"x" : 0.062639819493109025,
	"y" : -0.026376009813398778,
	"yaw" : 1.3533789383410288,
	"z" : -0.16979260363888904
}
