{
	"pitch" : 1.4511538253994412,
	"roll" : -1.3045919332693692,
	"x" : 0.061132870474666964,
	"y" : -0.30180866401366613,
	"yaw" : 1.498507858316618,
	"z" : -0.17037410779070011
}
