{
	"pitch" : 1.485985586089964,
	"roll" : -1.6723412799369317,
	"x" : 0.038048734725037989,
	"y" : 0.020501008838380089,
	"yaw" : 1.1483587941324018,
	"z" : -0.17120180323014406
}
