{
	"pitch" : 1.4867687272885128,
	"roll" : -1.6622419177442771,
	"x" : 0.045246273162882357,
	"y" : 0.0281132600938757,
	"yaw" : 1.1603530541765554,
	"z" : -0.17137690992503074
}
