{
	"pitch" : 1.4912535452679623,
	"roll" : -1.5449252966335629,
	"x" : 0.09196949562005062,
	"y" : 0.03300674397195269,
	"yaw" : 1.2740315191512868,
	"z" : -0.18801412029936426
}
