{
	"pitch" : 1.4691286010836266,
	"roll" : -1.4115962181479265,
	"x" : 0.037141329109307841,
	"y" : -0.13532068151506321,
	"yaw" : 1.4114120776319572,
	"z" : -0.19450435156158208
}
