{
	"pitch" : 1.4802673877265955,
	"roll" : -1.5317236716041756,
	"x" : 0.078497431668070827,
	"y" : -0.011473152599851674,
	"yaw" : 1.2793549396653139,
	"z" : -0.22023810385783907
}
