{
	"pitch" : 1.4735826209292804,
	"roll" : -1.5087252861795888,
	"x" : 0.07016595569544673,
	"y" : -0.035171024796987402,
	"yaw" : 1.2997394098571924,
	"z" : -0.1691720619413857
}
