{
	"pitch" : 1.4857489241879371,
	"roll" : -1.5028483422834589,
	"x" : 0.043520494023534181,
	"y" : -0.044227283685344565,
	"yaw" : 1.3163214057797483,
	"z" : -0.17006047582202333
}
