{
	"pitch" : 1.485296830474736,
	"roll" : -1.589021983354967,
	"x" : 0.090832667481929377,
	"y" : 0.02700309471737165,
	"yaw" : 1.2278359479981502,
	"z" : -0.19946082580495822
}
