{
	"pitch" : 1.4471300042181634,
	"roll" : -1.4351775281623247,
	"x" : -0.016827341164816365,
	"y" : -0.30921868995546686,
	"yaw" : 1.3679513585659433,
	"z" : -0.17359235100227582
}
