{
	"pitch" : 1.4898707701314959,
	"roll" : -1.4512899522096254,
	"x" : 0.041461872321420956,
	"y" : -0.12085106675487885,
	"yaw" : 1.3552555876890513,
	"z" : -0.22453214518211503
}
