{
	"pitch" : 1.4962569945761748,
	"roll" : -1.4746881277698174,
	"x" : 0.079212516305568123,
	"y" : 0.040068692533902751,
	"yaw" : 1.3612631765982162,
	"z" : -0.17101880889325333
}
