{
	"pitch" : 1.4755320544013395,
	"roll" : -1.5260371930919714,
	"x" : 0.072247914717395056,
	"y" : -0.029600153330267928,
	"yaw" : 1.2810023518720843,
	"z" : -0.2166766114566262
}
