{
	"pitch" : 1.4698455624024105,
	"roll" : -1.5523622145077547,
	"x" : 0.062899426316803356,
	"y" : -0.060477426463125518,
	"yaw" : 1.2628550777454852,
	"z" : -0.16982192690767609
}
