{
	"pitch" : 1.4696919904174197,
	"roll" : -1.5267407787154477,
	"x" : 0.044155052823633904,
	"y" : -0.051785964317167865,
	"yaw" : 1.2825853071818694,
	"z" : -0.16950983443337866
}
