{
	"pitch" : 1.4469049002651482,
	"roll" : -1.4942254013697207,
	"x" : -0.077004392390595269,
	"y" : -0.25794438012037657,
	"yaw" : 1.3094526959893713,
	"z" : -0.17437670085256654
}
