{
	"pitch" : 1.469767626033643,
	"roll" : -1.3116318683582122,
	"x" : 0.072673539947047991,
	"y" : -0.012343949855816471,
	"yaw" : 1.4781979513505699,
	"z" : -0.1687943581110572
}
