{
	"pitch" : 1.4739806421848196,
	"roll" : -1.5078519730637627,
	"x" : 0.062472450617780374,
	"y" : -0.059483160976071606,
	"yaw" : 1.3116986852835535,
	"z" : -0.16892028559020739
}
