{
	"pitch" : 1.4639298940052352,
	"roll" : -1.5165556965077267,
	"x" : -0.0040475192711282582,
	"y" : -0.26267319671237838,
	"yaw" : 1.2946679570963806,
	"z" : -0.12675566426733617
}
