{
	"pitch" : 1.4654109908530271,
	"roll" : -1.5952977759973579,
	"x" : -0.0055906498655052955,
	"y" : -0.12694189244987469,
	"yaw" : 1.214054395754445,
	"z" : -0.17175848122164097
}
