{
	"pitch" : 1.4505496762141075,
	"roll" : -1.280805674136817,
	"x" : 0.05524633811083679,
	"y" : -0.30062914393708395,
	"yaw" : 1.5272234452197893,
	"z" : -0.16985935057116255
}
