{
	"pitch" : 1.451152163941726,
	"roll" : -1.4527737104678453,
	"x" : 0.035229727229484066,
	"y" : -0.14402928031896478,
	"yaw" : 1.3459979989820727,
	"z" : -0.16927273579920166
}
