{
	"pitch" : 1.4563666212259834,
	"roll" : -1.5956218552078223,
	"x" : -0.0824868931555192,
	"y" : -0.17864001745362709,
	"yaw" : 1.2159301342594817,
	"z" : -0.17364771314727601
}
