{
	"pitch" : 1.4748576013011814,
	"roll" : -1.567218323784215,
	"x" : 0.065253920113956809,
	"y" : -0.050158286371386973,
	"yaw" : 1.2462197949917002,
	"z" : -0.13723913728385234
}
