{
	"pitch" : 1.4748299198713577,
	"roll" : -1.5522347284031421,
	"x" : 0.030133901676013694,
	"y" : -0.032347705783693184,
	"yaw" : 1.2676619661263526,
	"z" : -0.16970584187959309
}
