{
	"pitch" : 1.4551838867333131,
	"roll" : -1.4269871417421187,
	"x" : -0.02464122095061029,
	"y" : -0.27475278426752603,
	"yaw" : 1.3809264094529019,
	"z" : -0.17283598856948462
}
