{
	"pitch" : 1.4632581378090976,
	"roll" : -1.4880587930388731,
	"x" : 0.044678867603473019,
	"y" : -0.11492209221709516,
	"yaw" : 1.3175842645858449,
	"z" : -0.16943456177690205
}
