{
	"pitch" : 1.4806521173997254,
	"roll" : -1.4888031950575897,
	"x" : 0.075813320858028485,
	"y" : -0.014968122844647333,
	"yaw" : 1.3261806645204428,
	"z" : -0.16986594036842559
}
