{
	"pitch" : 1.4800183109534282,
	"roll" : -1.5765228733897509,
	"x" : 0.082262261307356532,
	"y" : -0.00058071051015328237,
	"yaw" : 1.2365659611863975,
	"z" : -0.21877530657343794
}
