{
	"pitch" : 1.4805718071113576,
	"roll" : -1.4294853104799281,
	"x" : 0.10398007974277028,
	"y" : -0.055144552657911447,
	"yaw" : 1.3934676816318947,
	"z" : -0.1685150457887554
}
