{
	"pitch" : 1.488408085586342,
	"roll" : -1.367245102841534,
	"x" : 0.12604540603767092,
	"y" : -0.021034465409880007,
	"yaw" : 1.4564674533686004,
	"z" : -0.16878678522828541
}
