{
	"pitch" : 1.4751887883449759,
	"roll" : -1.5819785343298123,
	"x" : 0.028734745712490226,
	"y" : -0.027347345086782261,
	"yaw" : 1.23746047826924,
	"z" : -0.17048927042729958
}
