{
	"pitch" : 1.446498182546389,
	"roll" : -1.492476436274583,
	"x" : -0.07665464117322883,
	"y" : -0.25788196812327918,
	"yaw" : 1.3113066656480856,
	"z" : -0.17434920148570215
}
