{
	"pitch" : 1.4737972371631562,
	"roll" : -1.5337083416788213,
	"x" : 0.044044362520776689,
	"y" : -0.11103571412457741,
	"yaw" : 1.2797263680045905,
	"z" : -0.16949719310765612
}
