{
	"pitch" : 1.4765168660856409,
	"roll" : -1.3955332119550583,
	"x" : 0.075528349395946479,
	"y" : -0.013353901029022321,
	"yaw" : 1.3987728512685165,
	"z" : -0.17014821180275036
}
