{
	"pitch" : 1.4775384010790504,
	"roll" : -1.4566716318506809,
	"x" : 0.082188402635111152,
	"y" : -0.062926584188464432,
	"yaw" : 1.3594915724418792,
	"z" : -0.16867353250060069
}
