{
	"pitch" : 1.4790489990195554,
	"roll" : -1.6164739334712364,
	"x" : 0.027168490752924136,
	"y" : -0.0096498548377830905,
	"yaw" : 1.20373941674436,
	"z" : -0.17083934681866303
}
