{
	"pitch" : 1.4719527329548021,
	"roll" : -1.5178368223849898,
	"x" : 0.038292761446921585,
	"y" : -0.045035792906948473,
	"yaw" : 1.3007387842307205,
	"z" : -0.16973476117645153
}
