{
	"pitch" : 1.4852069138730914,
	"roll" : -1.5685391754566045,
	"x" : 0.09137487929165522,
	"y" : 0.028140610608265809,
	"yaw" : 1.2491984789262902,
	"z" : -0.19750193525893223
}
