{
	"pitch" : 1.4617372935931936,
	"roll" : -1.3204003984947179,
	"x" : 0.11105005081103736,
	"y" : -0.23723713419460399,
	"yaw" : 1.4867332762736094,
	"z" : -0.16845705593908328
}
