{
	"pitch" : 1.4845255991779465,
	"roll" : -1.6408655528222393,
	"x" : 0.040587711686646911,
	"y" : 0.022789046519828833,
	"yaw" : 1.1836964792652207,
	"z" : -0.17164236964706203
}
