{
	"pitch" : 1.4784351685989807,
	"roll" : -1.525394940229601,
	"x" : 0.078186127063494107,
	"y" : -0.012893646701035426,
	"yaw" : 1.2843247297102449,
	"z" : -0.22066151980187962
}
