{
	"pitch" : 1.496763750075871,
	"roll" : -1.3965280011657701,
	"x" : 0.12418155739480713,
	"y" : 0.00808257110640879,
	"yaw" : 1.4267415210414292,
	"z" : -0.16930719510576051
}
