{
	"pitch" : 1.4543945294847016,
	"roll" : -1.4368007837990306,
	"x" : 0.011772420946265655,
	"y" : -0.21702378500778483,
	"yaw" : 1.364859384642821,
	"z" : -0.17077377860036544
}
