{
	"pitch" : 1.4679400452753781,
	"roll" : -1.3777159386932238,
	"x" : 0.034027579049852576,
	"y" : -0.14513346289496751,
	"yaw" : 1.4383956357153187,
	"z" : -0.20538865696946862
}
