{
	"pitch" : 1.4643044514985499,
	"roll" : -1.5883804189948165,
	"x" : 0.0026434717302421945,
	"y" : -0.1296877367425483,
	"yaw" : 1.2209083598078898,
	"z" : -0.17187136800018346
}
