{
	"pitch" : 1.4702794422214411,
	"roll" : -1.6078046593792437,
	"x" : 0.034671491954683026,
	"y" : -0.039170580130833549,
	"yaw" : 1.2101744110691117,
	"z" : -0.16979535938224694
}
