{
	"pitch" : 1.474977936692524,
	"roll" : -1.5159524380564744,
	"x" : 0.063685281193855858,
	"y" : -0.054994147108529678,
	"yaw" : 1.2972129489106812,
	"z" : -0.14430972098307904
}
