{
	"pitch" : 1.4754403827869029,
	"roll" : -1.5216618350141711,
	"x" : 0.063859547974388489,
	"y" : -0.054958023300197903,
	"yaw" : 1.2915106559429033,
	"z" : -0.14378152279569958
}
