{
	"pitch" : 1.4606446203674144,
	"roll" : -1.5643334453354516,
	"x" : 0.077001669116676247,
	"y" : -0.014657528749842318,
	"yaw" : 1.2406140308928923,
	"z" : -0.17091801998933839
}
