{
	"pitch" : 1.468231871821629,
	"roll" : -1.5038543398318469,
	"x" : 0.044959134903069201,
	"y" : -0.052234105210007972,
	"yaw" : 1.3056411420335239,
	"z" : -0.16961638547560648
}
