{
	"pitch" : 1.4617039482214842,
	"roll" : -1.5927416270428654,
	"x" : -0.08269379621629093,
	"y" : -0.17997772560897515,
	"yaw" : 1.216797639738435,
	"z" : -0.17279615132491749
}
