{
	"pitch" : 1.482160050372844,
	"roll" : -1.6936472104622304,
	"x" : 0.03669625343087856,
	"y" : 0.017261107565263684,
	"yaw" : 1.1255194765576804,
	"z" : -0.17145403796799771
}
