{
	"pitch" : 1.4948313782273075,
	"roll" : -1.3509988904749985,
	"x" : 0.12583752522455002,
	"y" : 0.0019948929988796993,
	"yaw" : 1.4722626737982223,
	"z" : -0.1692207204021757
}
