{
	"pitch" : 1.4797121589988256,
	"roll" : -1.6208618886064672,
	"x" : 0.031747682318010187,
	"y" : 0.012764049740019436,
	"yaw" : 1.1962753746545125,
	"z" : -0.17000290274448115
}
