{
	"pitch" : 1.4775022350636915,
	"roll" : -1.4790740346258751,
	"x" : 0.06195262985441307,
	"y" : -0.056559488253257573,
	"yaw" : 1.3365672741018728,
	"z" : -0.14752780633546653
}
