{
	"pitch" : 1.4742345533098546,
	"roll" : -1.5502939064505139,
	"x" : 0.055339843231315813,
	"y" : -0.023601688256023441,
	"yaw" : 1.2631105387295414,
	"z" : -0.17030111532756964
}
