{
	"pitch" : 1.4817135939955648,
	"roll" : -1.559494005386844,
	"x" : 0.030229465887430626,
	"y" : 0.0096988588220470982,
	"yaw" : 1.2620811936273002,
	"z" : -0.17055499265084664
}
