{
	"pitch" : 1.4736920502178965,
	"roll" : -1.368324717201884,
	"x" : 0.095559364607673322,
	"y" : -0.19640984170341177,
	"yaw" : 1.4460745287810426,
	"z" : -0.1679301616685322
}
