{
	"pitch" : 1.4948687401692384,
	"roll" : -1.6109750119660191,
	"x" : 0.092605716125952225,
	"y" : 0.033471613121380035,
	"yaw" : 1.2093793615552892,
	"z" : -0.15400617465916905
}
