{
	"pitch" : 1.473771250029829,
	"roll" : -1.4538136024223032,
	"x" : 0.052380873455582511,
	"y" : -0.093269277520154598,
	"yaw" : 1.3491364003267967,
	"z" : -0.16900805927420659
}
