{
	"pitch" : 1.448943319935877,
	"roll" : -1.3406865549549514,
	"x" : -0.013877767523168827,
	"y" : -0.29411879675251246,
	"yaw" : 1.4583281714528435,
	"z" : -0.17205707263185707
}
