{
	"pitch" : 1.4535635007602745,
	"roll" : -1.6489764085870102,
	"x" : -0.068406988248272599,
	"y" : -0.17291401547311303,
	"yaw" : 1.1580252439659844,
	"z" : -0.17380323251119792
}
