{
	"pitch" : 1.4656912788126566,
	"roll" : -1.2895911126923241,
	"x" : 0.10350987829248184,
	"y" : -0.2449440067988457,
	"yaw" : 1.5237540149350022,
	"z" : -0.16825712855183061
}
