{
	"pitch" : 1.4762443119956212,
	"roll" : -1.5101871638101572,
	"x" : -0.014448584986374205,
	"y" : -0.10022023674684799,
	"yaw" : 1.3044827213672463,
	"z" : -0.17212701552505741
}
