{
	"pitch" : 1.4835678651923951,
	"roll" : -1.6210755824052958,
	"x" : 0.039327068012300154,
	"y" : 0.021775085460353911,
	"yaw" : 1.2019409378807016,
	"z" : -0.171603841048725
}
