{
	"pitch" : 1.4668970202964371,
	"roll" : -1.6091101570188731,
	"x" : -0.029941487768699829,
	"y" : -0.12003374466989884,
	"yaw" : 1.2009192213210591,
	"z" : -0.17157072200867812
}
