{
	"pitch" : 1.4590476807084589,
	"roll" : -1.4139167248159421,
	"x" : 0.056076407286356378,
	"y" : -0.075100928894603403,
	"yaw" : 1.3865762321346782,
	"z" : -0.16976017942622498
}
