{
	"pitch" : 1.4939867484997533,
	"roll" : -1.3512999836983834,
	"x" : 0.12633350700031959,
	"y" : -0.001933748455128767,
	"yaw" : 1.4703019290084818,
	"z" : -0.16878407347310501
}
