{
	"pitch" : 1.4826550457258134,
	"roll" : -1.6168041951805494,
	"x" : 0.050683158783439944,
	"y" : 0.031626783990892963,
	"yaw" : 1.2079673117018304,
	"z" : -0.17142387873600398
}
