{
	"pitch" : 1.4709020978860619,
	"roll" : -1.4383578845171383,
	"x" : 0.1009871876852442,
	"y" : -0.17833761607471377,
	"yaw" : 1.3757654535856005,
	"z" : -0.16848106846853531
}
