{
	"pitch" : 1.4498703734989256,
	"roll" : -1.487583529277728,
	"x" : -0.076632313100470917,
	"y" : -0.25897767805533334,
	"yaw" : 1.3153026382979267,
	"z" : -0.17459838801565145
}
