{
	"pitch" : 1.4879533073427929,
	"roll" : -1.562989243352374,
	"x" : 0.076147396535147946,
	"y" : -0.01345915866853481,
	"yaw" : 1.2534991068418462,
	"z" : -0.16996420182795979
}
