{
	"pitch" : 1.4494100794245166,
	"roll" : -1.4123846457864282,
	"x" : -0.016918033604742283,
	"y" : -0.30881753232560327,
	"yaw" : 1.3895600304644085,
	"z" : -0.1728459604856894
}
