{
	"pitch" : 1.4785629247113132,
	"roll" : -1.614409441268077,
	"x" : 0.043376861073343341,
	"y" : -0.11973952343745499,
	"yaw" : 1.2040221187636964,
	"z" : -0.1623678382459261
}
