{
	"pitch" : 1.4923821327494227,
	"roll" : -1.5126369846911554,
	"x" : 0.081554283529491761,
	"y" : 0.0044342640517059367,
	"yaw" : 1.3010934486198245,
	"z" : -0.12223585538430702
}
