{
	"pitch" : 1.4808128355020751,
	"roll" : -1.6016975671377547,
	"x" : 0.06808812191276481,
	"y" : -0.044574081421394351,
	"yaw" : 1.2146769713114054,
	"z" : -0.16889967465556735
}
