{
	"pitch" : 1.476959076941065,
	"roll" : -1.4946890363025633,
	"x" : 0.073901806678926471,
	"y" : -0.021619966445047503,
	"yaw" : 1.3180244388138904,
	"z" : -0.17005420005166599
}
