{
	"pitch" : 1.4820750589343095,
	"roll" : -1.6143702674751808,
	"x" : 0.08372897033942174,
	"y" : 0.0034213837325024667,
	"yaw" : 1.2026712294677915,
	"z" : -0.21779773567497313
}
