{
	"pitch" : 1.4435625578135916,
	"roll" : -1.3747707405845746,
	"x" : -0.0153381155003154,
	"y" : -0.30339300287759396,
	"yaw" : 1.4278390045689899,
	"z" : -0.1739497316962722
}
