{
	"pitch" : 1.4913393257209475,
	"roll" : -1.6218153940515265,
	"x" : 0.084704470628193668,
	"y" : 0.01165909474935157,
	"yaw" : 1.1940193517584006,
	"z" : -0.12641389747828868
}
