{
	"pitch" : 1.4758825105608251,
	"roll" : -1.5488513979688669,
	"x" : 0.045042733476857701,
	"y" : -0.11035736711983342,
	"yaw" : 1.2685874372540482,
	"z" : -0.16943422312047429
}
