{
	"pitch" : 1.4605743629677603,
	"roll" : -1.3160841162704788,
	"x" : 0.11200493950190112,
	"y" : -0.23996037880860024,
	"yaw" : 1.4919783836674485,
	"z" : -0.16842700752399042
}
