{
	"pitch" : 1.4815083186029907,
	"roll" : -1.5233041976387558,
	"x" : 0.080500054722379533,
	"y" : -0.0069229282818410384,
	"yaw" : 1.2885266732079546,
	"z" : -0.21990024851765227
}
