{
	"pitch" : 1.4872400741043128,
	"roll" : -1.5662108870172555,
	"x" : 0.058329772142607039,
	"y" : 0.0362478536791545,
	"yaw" : 1.2629489143106505,
	"z" : -0.17202685320266536
}
