{
	"pitch" : 1.485714231409204,
	"roll" : -1.6140899852908026,
	"x" : 0.046384626777045065,
	"y" : 0.028837997572596408,
	"yaw" : 1.2162141645328601,
	"z" : -0.17145456806121248
}
