{
	"pitch" : 1.4621233303201711,
	"roll" : -1.4366119924723801,
	"x" : -0.010272331454330208,
	"y" : -0.28404901347015737,
	"yaw" : 1.3818570385491791,
	"z" : -0.14776046264731221
}
