{
	"pitch" : 1.4760410485322693,
	"roll" : -1.3566961753910838,
	"x" : 0.022070500450839456,
	"y" : -0.18738105508760755,
	"yaw" : 1.4554943211399989,
	"z" : -0.25894849871970271
}
