{
	"pitch" : 1.4909747223611391,
	"roll" : -1.4976505393426631,
	"x" : 0.072847086968043637,
	"y" : -0.019700466313087139,
	"yaw" : 1.3171093872922812,
	"z" : -0.16929718653921166
}
