{
	"pitch" : 1.4831360876617359,
	"roll" : -1.5543935638610058,
	"x" : 0.071295493873918689,
	"y" : -0.03100919421249838,
	"yaw" : 1.2574264974102527,
	"z" : -0.12374129205786366
}
