{
	"pitch" : 1.4698765250226449,
	"roll" : -1.5226259643257922,
	"x" : 0.063080444744385317,
	"y" : -0.055300244818394378,
	"yaw" : 1.2859895412110351,
	"z" : -0.16944012862010194
}
