{
	"pitch" : 1.4697616777577431,
	"roll" : -1.6341863303540851,
	"x" : 0.036634101075311551,
	"y" : -0.033977432398756141,
	"yaw" : 1.1753685510405196,
	"z" : -0.17024589473388971
}
