{
	"pitch" : 1.4620632075001114,
	"roll" : -1.3204662010246873,
	"x" : 0.11026699835373056,
	"y" : -0.23647553609771862,
	"yaw" : 1.4868013510633646,
	"z" : -0.16830747185682227
}
