{
	"pitch" : 1.4887813077057297,
	"roll" : -1.5004534030109553,
	"x" : 0.045615877265199709,
	"y" : -0.042555275012798426,
	"yaw" : 1.3186347731253041,
	"z" : -0.16998801964240901
}
