{
	"pitch" : 1.4723856081296181,
	"roll" : -1.5302935908281854,
	"x" : 0.037189204035336432,
	"y" : -0.043213169986998923,
	"yaw" : 1.2870596616687366,
	"z" : -0.16971959346398324
}
