{
	"pitch" : 1.4812171957338298,
	"roll" : -1.4930010270124363,
	"x" : 0.063268802585477485,
	"y" : -0.057516159260460907,
	"yaw" : 1.3289207855525533,
	"z" : -0.16824226006489679
}
