{
	"pitch" : 1.4767292743027347,
	"roll" : -1.580577742106906,
	"x" : 0.026758120933355264,
	"y" : -0.018246220753137886,
	"yaw" : 1.239002540396513,
	"z" : -0.17060987778168255
}
