{
	"pitch" : 1.4603829074733765,
	"roll" : -1.5155671363331307,
	"x" : 0.012555356579669413,
	"y" : -0.21148710912434474,
	"yaw" : 1.2939966153717215,
	"z" : -0.070636066979811896
}
