{
	"pitch" : 1.4622119933681712,
	"roll" : -1.4957299692761741,
	"x" : 0.012306724630895619,
	"y" : -0.21140649661303954,
	"yaw" : 1.3141253036625073,
	"z" : -0.070456661201470608
}
