{
	"pitch" : 1.4549951874104363,
	"roll" : -1.3594544977363634,
	"x" : 0.017838571342758347,
	"y" : -0.19828267537046865,
	"yaw" : 1.4521940810449598,
	"z" : -0.26121799994530903
}
