{
	"pitch" : 1.4545124486073695,
	"roll" : -1.4131745105452416,
	"x" : 0.0067490617850790996,
	"y" : -0.23270491243725769,
	"yaw" : 1.3886251242379206,
	"z" : -0.17061241040996655
}
