{
	"pitch" : 1.4965884308898707,
	"roll" : -1.529843783821055,
	"x" : 0.09200645892164297,
	"y" : 0.036445303812467585,
	"yaw" : 1.2920946407416352,
	"z" : -0.16994623792064989
}
