{
	"pitch" : 1.4537995356072853,
	"roll" : -1.3988832972464198,
	"x" : 0.015379774142311814,
	"y" : -0.20333752670063499,
	"yaw" : 1.4022360167628181,
	"z" : -0.17034170208120897
}
