{
	"pitch" : 1.4920420085143076,
	"roll" : -1.5281163122215007,
	"x" : 0.092401093499184156,
	"y" : 0.034046301070270485,
	"yaw" : 1.2925187558769538,
	"z" : -0.18588958874131858
}
