{
	"pitch" : 1.4549695227295183,
	"roll" : -1.4618058384173211,
	"x" : 0.014439823815978345,
	"y" : -0.20909047382707713,
	"yaw" : 1.3401733860008218,
	"z" : -0.17062204359841524
}
