{
	"pitch" : 1.4865969007216333,
	"roll" : -1.6208091874781472,
	"x" : 0.046477699104274531,
	"y" : 0.028822757061664629,
	"yaw" : 1.2089278342068728,
	"z" : -0.17149029224402731
}
