{
	"pitch" : 1.4929706328201608,
	"roll" : -1.5186024370410276,
	"x" : 0.081254813851068086,
	"y" : 0.0044004031013592897,
	"yaw" : 1.2951852909634598,
	"z" : -0.12215836407609798
}
