{
	"pitch" : 1.4933428915398748,
	"roll" : -1.5385454853532894,
	"x" : 0.076378323923829095,
	"y" : -0.013333753893654189,
	"yaw" : 1.2792312934569576,
	"z" : -0.17017328923969471
}
