{
	"pitch" : 1.4804373536752695,
	"roll" : -1.3560697429756403,
	"x" : 0.079789736310263079,
	"y" : -0.063387998229372786,
	"yaw" : 1.4674757363922699,
	"z" : -0.16837099237066996
}
