{
	"pitch" : 1.4655589822784654,
	"roll" : -1.5947339154030487,
	"x" : -0.081747329628724705,
	"y" : -0.17665035285004568,
	"yaw" : 1.211780542418055,
	"z" : -0.17254792595249241
}
