{
	"pitch" : 1.4928897435178721,
	"roll" : -1.5579258603235442,
	"x" : 0.084182580037700669,
	"y" : 0.039044589912828831,
	"yaw" : 1.2732694428570399,
	"z" : -0.17088711049180597
}
