{
	"pitch" : 1.4821024886526259,
	"roll" : -1.3893712129552112,
	"x" : 0.099543527390630937,
	"y" : -0.057238877276812074,
	"yaw" : 1.433144192312843,
	"z" : -0.1686563789767021
}
