{
	"pitch" : 1.4893225430352588,
	"roll" : -1.6103120546123875,
	"x" : 0.063884992874647772,
	"y" : 0.037567493292828817,
	"yaw" : 1.2263585101133394,
	"z" : -0.17193694521273262
}
