{
	"pitch" : 1.4936274200635231,
	"roll" : -1.5937023873432654,
	"x" : 0.090462743352332106,
	"y" : 0.028860827427159522,
	"yaw" : 1.2264972308378044,
	"z" : -0.14407269174641107
}
