{
	"pitch" : 1.4607189325858219,
	"roll" : -1.3086101607965088,
	"x" : 0.014503350808219309,
	"y" : -0.20919379322455633,
	"yaw" : 1.5027151560152603,
	"z" : -0.27122528450718486
}
