{
	"pitch" : 1.4511705386699312,
	"roll" : -1.3061492058314914,
	"x" : 0.06122489831131523,
	"y" : -0.30179042729947347,
	"yaw" : 1.4969669315906009,
	"z" : -0.17040025982882226
}
