{
	"pitch" : 1.4574987701358892,
	"roll" : -1.5135023701409784,
	"x" : -0.0068358281368177398,
	"y" : -0.22110714144164875,
	"yaw" : 1.2882486537056832,
	"z" : -0.17169077818270376
}
