{
	"pitch" : 1.4898945975209605,
	"roll" : -1.5069376808093118,
	"x" : 0.078855360422667248,
	"y" : -0.0037726808732355694,
	"yaw" : 1.3062301928277789,
	"z" : -0.11891194747092394
}
