{
	"pitch" : 1.4922457988053452,
	"roll" : -1.4338254928491359,
	"x" : 0.076703430847938639,
	"y" : -0.01109509652533457,
	"yaw" : 1.3825312433700427,
	"z" : -0.16865911110937568
}
