{
	"pitch" : 1.4752565954771892,
	"roll" : -1.5114375059807812,
	"x" : 0.06344760967835425,
	"y" : -0.054754774829527585,
	"yaw" : 1.301464175178022,
	"z" : -0.14429260107145536
}
