{
	"pitch" : 1.4776996461077314,
	"roll" : -1.6025024043808331,
	"x" : 0.042740732550561884,
	"y" : -0.1224158401810045,
	"yaw" : 1.2148189159078255,
	"z" : -0.15951388279075152
}
