{
	"pitch" : 1.4489155456645582,
	"roll" : -1.3391553255124835,
	"x" : -0.014462656264279561,
	"y" : -0.29749079520590416,
	"yaw" : 1.4606469227376813,
	"z" : -0.17250244169343773
}
