{
	"pitch" : 1.478832216761951,
	"roll" : -1.3980549761054308,
	"x" : 0.083413483657928791,
	"y" : -0.063022940772018643,
	"yaw" : 1.4273884457871957,
	"z" : -0.1685277545956308
}
