{
	"pitch" : 1.4902013128091007,
	"roll" : -1.567088502707394,
	"x" : 0.064578766567101334,
	"y" : 0.038215912261194467,
	"yaw" : 1.2704782636503764,
	"z" : -0.17186626224246088
}
