{
	"pitch" : 1.4781494625054215,
	"roll" : -1.6033385016707373,
	"x" : 0.026899002680958434,
	"y" : -0.007972061250793817,
	"yaw" : 1.2174046824114122,
	"z" : -0.17078296537118104
}
