{
	"pitch" : 1.4761289519935124,
	"roll" : -1.5578900082797758,
	"x" : 0.032060342225454175,
	"y" : -0.035182707739617396,
	"yaw" : 1.2624471155377797,
	"z" : -0.17011263343890767
}
