{
	"pitch" : 1.487136941687198,
	"roll" : -1.3125901628198102,
	"x" : 0.12090260048543458,
	"y" : -0.035937345887861301,
	"yaw" : 1.505470590971602,
	"z" : -0.16802142295935968
}
