{
	"pitch" : 1.4823462103862441,
	"roll" : -1.3582835311640369,
	"x" : 0.11396535997565896,
	"y" : -0.046625264521167137,
	"yaw" : 1.4639656402393919,
	"z" : -0.16807773859289413
}
