{
	"pitch" : 1.4857216071951964,
	"roll" : -1.3246459162138671,
	"x" : 0.11948123376465164,
	"y" : -0.039274241758678871,
	"yaw" : 1.4972185584076412,
	"z" : -0.16852794215831277
}
