{
	"pitch" : 1.4475261089121758,
	"roll" : -1.4127499503839891,
	"x" : -0.0097002405315968071,
	"y" : -0.28331091998312385,
	"yaw" : 1.3911834903488747,
	"z" : -0.17253691207651636
}
