{
	"pitch" : 1.4822020576609383,
	"roll" : -1.4024656824420918,
	"x" : 0.099574128137194198,
	"y" : -0.056906362612517698,
	"yaw" : 1.419916033801925,
	"z" : -0.16873576972421969
}
