{
	"pitch" : 1.4634891451850636,
	"roll" : -1.5560711158746761,
	"x" : 0.074485016895401421,
	"y" : -0.020412026674134789,
	"yaw" : 1.2493784840373754,
	"z" : -0.17029218124202197
}
