{
	"pitch" : 1.4504214547063343,
	"roll" : -1.2788245173117738,
	"x" : 0.058906821928788697,
	"y" : -0.30153345147321481,
	"yaw" : 1.5257753710242543,
	"z" : -0.16979427289022031
}
