{
	"pitch" : 1.4491634084104887,
	"roll" : -1.405736816378774,
	"x" : -0.016909731446282522,
	"y" : -0.30883886065285487,
	"yaw" : 1.3957697244439686,
	"z" : -0.17277134948149273
}
