{
	"pitch" : 1.4897865296874313,
	"roll" : -1.510071881477991,
	"x" : 0.079009856902464287,
	"y" : -0.0037150206302752602,
	"yaw" : 1.3030951420095314,
	"z" : -0.11897618035874966
}
