{
	"pitch" : 1.4780469618106336,
	"roll" : -1.4987116630637101,
	"x" : 0.044590185690650611,
	"y" : -0.11232773362190754,
	"yaw" : 1.3179342628700816,
	"z" : -0.16940426092539007
}
