{
	"pitch" : 1.477399839481917,
	"roll" : -1.552842492160645,
	"x" : 0.072060350599425171,
	"y" : -0.02424718132955405,
	"yaw" : 1.2572248465317688,
	"z" : -0.16968159694127397
}
