{
	"pitch" : 1.4788557977726078,
	"roll" : -1.492335083847226,
	"x" : 0.044782533800959833,
	"y" : -0.11222017711571466,
	"yaw" : 1.3246232675418865,
	"z" : -0.16926294971303429
}
