{
	"pitch" : 1.4862527091608786,
	"roll" : -1.2804843926291227,
	"x" : 0.11846083189910668,
	"y" : -0.039683209455803191,
	"yaw" : 1.5404466242370152,
	"z" : -0.16811741435198943
}
