{
	"pitch" : 1.4689887990929658,
	"roll" : -1.4927939894978117,
	"x" : 0.060798324655945576,
	"y" : -0.061508963323145205,
	"yaw" : 1.3165297014072439,
	"z" : -0.16948069035161234
}
