{
	"pitch" : 1.4570154061881571,
	"roll" : -1.3600911268032878,
	"x" : 0.069359274732065532,
	"y" : -0.27725991403250255,
	"yaw" : 1.4419772790957703,
	"z" : -0.17004526972539002
}
