{
	"pitch" : 1.4638287249349198,
	"roll" : -1.3925101028853579,
	"x" : 0.025703291397596473,
	"y" : -0.28586664716456456,
	"yaw" : 1.4147854518057437,
	"z" : -0.17204888679095781
}
