{
	"pitch" : 1.4665955281226741,
	"roll" : -1.4024621222761198,
	"x" : 0.099166613811971699,
	"y" : -0.21531192432918578,
	"yaw" : 1.4073158153296326,
	"z" : -0.1687296790433204
}
