{
	"pitch" : 1.455587729030851,
	"roll" : -1.4640720568017653,
	"x" : 0.03751831217103041,
	"y" : -0.14045401864119431,
	"yaw" : 1.3321766997513595,
	"z" : -0.16948948029800187
}
