{
	"pitch" : 1.4854675014131984,
	"roll" : -1.3182844880173499,
	"x" : 0.12318097942902712,
	"y" : -0.031128392922998273,
	"yaw" : 1.5056074729326616,
	"z" : -0.1681733348783474
}
