{
	"pitch" : 1.4546135927212149,
	"roll" : -1.4134133997233935,
	"x" : 0.010846243548887427,
	"y" : -0.21695710808544463,
	"yaw" : 1.3871816747080581,
	"z" : -0.16996245948029487
}
