{
	"pitch" : 1.4546623627515449,
	"roll" : -1.4337777947007271,
	"x" : 0.013170415221821594,
	"y" : -0.21144259710102417,
	"yaw" : 1.365163229588968,
	"z" : -0.17024163567994233
}
