{
	"pitch" : 1.480666873078925,
	"roll" : -1.5355955962579877,
	"x" : 0.078572029144379843,
	"y" : -0.011302027455457194,
	"yaw" : 1.2754332599894722,
	"z" : -0.22019388814212984
}
