{
	"pitch" : 1.4929764952735112,
	"roll" : -1.5937569837034344,
	"x" : 0.088865222603157004,
	"y" : 0.024179551983640996,
	"yaw" : 1.2239426484150104,
	"z" : -0.13751059177549385
}
