{
	"pitch" : 1.4686367646459357,
	"roll" : -1.6235955881087329,
	"x" : -0.025213391673479454,
	"y" : -0.12149108642689357,
	"yaw" : 1.1869404027316879,
	"z" : -0.1717206173969619
}
