{
	"pitch" : 1.489678446798643,
	"roll" : -1.3547664738410385,
	"x" : 0.12628658190921044,
	"y" : -0.022891623132370507,
	"yaw" : 1.4699077040979169,
	"z" : -0.1691275214957359
}
