{
	"pitch" : 1.4747056772687459,
	"roll" : -1.495227783744538,
	"x" : 0.063170338366502835,
	"y" : -0.05489753867132504,
	"yaw" : 1.317545440302337,
	"z" : -0.14437256890160083
}
