{
	"pitch" : 1.4614672515943132,
	"roll" : -1.3132020557799515,
	"x" : 0.05961519500656922,
	"y" : -0.26816962243777653,
	"yaw" : 1.4956448887833871,
	"z" : -0.16989934822717812
}
