{
	"pitch" : 1.4720559325944169,
	"roll" : -1.5897381177520238,
	"x" : 0.04666145913222098,
	"y" : -0.05187059519842277,
	"yaw" : 1.2287013982924802,
	"z" : -0.16938723095315342
}
