{
	"pitch" : 1.4814102203592923,
	"roll" : -1.4280831943804573,
	"x" : 0.10445747775248082,
	"y" : -0.054812346182611986,
	"yaw" : 1.3946493743926081,
	"z" : -0.16838530168227683
}
