{
	"pitch" : 1.4976440097706505,
	"roll" : -1.4918429235864981,
	"x" : 0.10308332206179516,
	"y" : 0.032586722430733378,
	"yaw" : 1.3395012412479239,
	"z" : -0.17061609314092738
}
