{
	"pitch" : 1.4972523296720965,
	"roll" : -1.4539251992163202,
	"x" : 0.11653180758727656,
	"y" : 0.020625201527376798,
	"yaw" : 1.375791973154747,
	"z" : -0.1699584272330121
}
