{
	"pitch" : 1.4928191423863948,
	"roll" : -1.5372578061118818,
	"x" : 0.072694088681994104,
	"y" : -0.016676011053441676,
	"yaw" : 1.2853198591662864,
	"z" : -0.16990005937600311
}
