{
	"pitch" : 1.4533994441783835,
	"roll" : -1.5218050308377897,
	"x" : -0.03042189201253126,
	"y" : -0.23238876785058282,
	"yaw" : 1.2783459487361415,
	"z" : -0.17245083081686882
}
