{
	"pitch" : 1.4591626737070182,
	"roll" : -1.5038816208338739,
	"x" : 0.011509230033038859,
	"y" : -0.21141880010797354,
	"yaw" : 1.3041219455722743,
	"z" : -0.07024335161363493
}
