{
	"pitch" : 1.4508833199195885,
	"roll" : -1.4507736817927053,
	"x" : -0.073048399350268689,
	"y" : -0.25548699029897559,
	"yaw" : 1.3533287216134111,
	"z" : -0.17411652942613598
}
