{
	"pitch" : 1.4789877539476348,
	"roll" : -1.6493895647568724,
	"x" : 0.026751484376987565,
	"y" : -0.0046834095389747862,
	"yaw" : 1.1689704738167028,
	"z" : -0.17077282586614881
}
