{
	"pitch" : 1.4946548062187861,
	"roll" : -1.3291966188800703,
	"x" : 0.12724372514641916,
	"y" : -0.009753441020258987,
	"yaw" : 1.4924897631951473,
	"z" : -0.16817159388602762
}
