{
	"pitch" : 1.469169308972563,
	"roll" : -1.5763168232488731,
	"x" : -0.031352799782302335,
	"y" : -0.11650048944351694,
	"yaw" : 1.2332860606139475,
	"z" : -0.17159016593035992
}
