{
	"pitch" : 1.4529058138099715,
	"roll" : -1.4548645554662192,
	"x" : 0.030475545308182188,
	"y" : -0.16286090257080321,
	"yaw" : 1.3492263631810772,
	"z" : -0.170019295848263
}
