{
	"pitch" : 1.4939939985831538,
	"roll" : -1.590904733138677,
	"x" : 0.090366358009724618,
	"y" : 0.028657934641747519,
	"yaw" : 1.2290838883662061,
	"z" : -0.14376967897947696
}
