{
	"pitch" : 1.4793144474094377,
	"roll" : -1.4113517807613625,
	"x" : 0.083950408229529427,
	"y" : -0.062862869469584831,
	"yaw" : 1.4139171154499421,
	"z" : -0.1685190831329931
}
