{
	"pitch" : 1.4739501173242711,
	"roll" : -1.4793438555821135,
	"x" : 0.060870216749690315,
	"y" : -0.06163372729363388,
	"yaw" : 1.3328492879320557,
	"z" : -0.1666869344013901
}
