{
	"pitch" : 1.4850515668669491,
	"roll" : -1.3048195551512611,
	"x" : 0.11914957098429443,
	"y" : -0.039605379652475292,
	"yaw" : 1.5168482197761333,
	"z" : -0.1683338935455764
}
