{
	"pitch" : 1.4517072881734712,
	"roll" : -1.3921417914955434,
	"x" : 0.016833863437856061,
	"y" : -0.19576302451807273,
	"yaw" : 1.4094851566451263,
	"z" : -0.17003579028535895
}
