{
	"pitch" : 1.4830256672109599,
	"roll" : -1.5529499421155863,
	"x" : 0.073712466400869203,
	"y" : -0.02058026892989781,
	"yaw" : 1.2609011847680875,
	"z" : -0.11961268995046991
}
