{
	"pitch" : 1.4930001833616415,
	"roll" : -1.596254965382816,
	"x" : 0.092184093650872656,
	"y" : 0.032735328695972468,
	"yaw" : 1.2240477981115574,
	"z" : -0.15222926505603887
}
