{
	"pitch" : 1.4885189238340588,
	"roll" : -1.6209720501872702,
	"x" : 0.057403331295928763,
	"y" : 0.035449274557075437,
	"yaw" : 1.2057805756872835,
	"z" : -0.17132522307059972
}
