{
	"pitch" : 1.4915426406693979,
	"roll" : -1.6111259277087,
	"x" : 0.084563050917068228,
	"y" : 0.011900916770507057,
	"yaw" : 1.2046986069213639,
	"z" : -0.12645938944709417
}
