{
	"pitch" : 1.4543459090185211,
	"roll" : -1.4389687197869774,
	"x" : -0.012328932302983306,
	"y" : -0.30605639669813939,
	"yaw" : 1.3653418943039723,
	"z" : -0.17307092604575608
}
