{
	"pitch" : 1.493680368460125,
	"roll" : -1.6119906290939667,
	"x" : 0.090921073762696925,
	"y" : 0.029427339415682562,
	"yaw" : 1.2087112506290651,
	"z" : -0.14533500324303342
}
