{
	"pitch" : 1.4724187698272015,
	"roll" : -1.4943283252112909,
	"x" : 0.073349937694535752,
	"y" : -0.022474923633659785,
	"yaw" : 1.3054480853273107,
	"z" : -0.16927912385453273
}
