{
	"pitch" : 1.487698280270195,
	"roll" : -1.3137929564560304,
	"x" : 0.12390147054635331,
	"y" : -0.026153775897327931,
	"yaw" : 1.5094707167063599,
	"z" : -0.16826267545888429
}
