{
	"pitch" : 1.4846504873864328,
	"roll" : -1.4878961362071423,
	"x" : 0.066681394516256515,
	"y" : -0.046301906046628982,
	"yaw" : 1.3344623943077769,
	"z" : -0.16819015115106195
}
