{
	"pitch" : 1.4949002760375851,
	"roll" : -1.3190441525695091,
	"x" : 0.12760064294393561,
	"y" : -0.0092188555677337296,
	"yaw" : 1.5030968697564568,
	"z" : -0.16830676571098555
}
