{
	"pitch" : 1.4522339759221607,
	"roll" : -1.4802185806580803,
	"x" : -0.072921368837535055,
	"y" : -0.26028712002162441,
	"yaw" : 1.3242357316555164,
	"z" : -0.174489330101784
}
