{
	"pitch" : 1.4794357888787719,
	"roll" : -1.5339461356622694,
	"x" : 0.045807949894238725,
	"y" : -0.11112043602282831,
	"yaw" : 1.2860241806576553,
	"z" : -0.16974939108689424
}
