{
	"pitch" : 1.480238013420323,
	"roll" : -1.6026289470710011,
	"x" : 0.057069312698017391,
	"y" : -0.13404384679156597,
	"yaw" : 1.2026412524080603,
	"z" : -0.16989346426627969
}
