{
	"pitch" : 1.4766192576002519,
	"roll" : -1.6400384875371978,
	"x" : 0.026407256494140351,
	"y" : -0.0092461016304170082,
	"yaw" : 1.1767281376201555,
	"z" : -0.17112791035708527
}
