{
	"pitch" : 1.4841042664850737,
	"roll" : -1.4969884738642441,
	"x" : 0.075813408667788879,
	"y" : -0.013444526524753459,
	"yaw" : 1.3193254011381348,
	"z" : -0.16950932571456384
}
