{
	"pitch" : 1.4889364437024308,
	"roll" : -1.5377838630003369,
	"x" : 0.032366345474762817,
	"y" : -0.061347180864245912,
	"yaw" : 1.2866159006972071,
	"z" : -0.16892396864544887
}
