{
	"pitch" : 1.4863385199665682,
	"roll" : -1.6073973008487057,
	"x" : 0.069610690175497356,
	"y" : -0.032660904522807316,
	"yaw" : 1.2058081743621134,
	"z" : -0.1690035141480207
}
