{
	"pitch" : 1.4935686304699078,
	"roll" : -1.6026067976940621,
	"x" : 0.092049501867165762,
	"y" : 0.033010288058439828,
	"yaw" : 1.218095044072012,
	"z" : -0.15249598766094591
}
