{
	"pitch" : 1.476309686781671,
	"roll" : -1.5776585575157598,
	"x" : 0.065680537339721554,
	"y" : -0.051254604523479408,
	"yaw" : 1.2346687129777754,
	"z" : -0.13912115417018459
}
