{
	"pitch" : 1.4949176504912629,
	"roll" : -1.6095594324927347,
	"x" : 0.092706635013296151,
	"y" : 0.033500913913050143,
	"yaw" : 1.2108582891000439,
	"z" : -0.15458800728938266
}
