{
	"pitch" : 1.4593544415405666,
	"roll" : -1.5076056528520922,
	"x" : 0.011620405947429857,
	"y" : -0.2113204126171625,
	"yaw" : 1.3005279254298867,
	"z" : -0.070150592497527642
}
