{
	"pitch" : 1.4902251288293564,
	"roll" : -1.5416477732283476,
	"x" : 0.082299903006277458,
	"y" : 0.0046339314221269107,
	"yaw" : 1.2722867811442695,
	"z" : -0.12268184832780318
}
