{
	"pitch" : 1.4661276681667426,
	"roll" : -1.617734549486757,
	"x" : -0.018661339742741367,
	"y" : -0.12359805532662768,
	"yaw" : 1.193502086102485,
	"z" : -0.17197040091400692
}
