{
	"pitch" : 1.4726130917454179,
	"roll" : -1.4221877539219219,
	"x" : 0.1033933230519838,
	"y" : -0.1629488491040777,
	"yaw" : 1.3718555073411147,
	"z" : -0.16831730212183552
}
