{
	"pitch" : 1.4732825991498026,
	"roll" : -1.6051871889507994,
	"x" : 0.042332223335376291,
	"y" : -0.048135753906190876,
	"yaw" : 1.2144723460629516,
	"z" : -0.17002908334435579
}
