{
	"pitch" : 1.4941932464987018,
	"roll" : -1.3603819293544686,
	"x" : 0.1264996135215373,
	"y" : -0.0025391813966881682,
	"yaw" : 1.4602976490711699,
	"z" : -0.16881348707095847
}
