{
	"pitch" : 1.4566851145670476,
	"roll" : -1.3548184187919861,
	"x" : 0.015767366955441162,
	"y" : -0.20721793245831355,
	"yaw" : 1.4572181662021562,
	"z" : -0.26997139443811763
}
