{
	"pitch" : 1.4699172724726282,
	"roll" : -1.3138875063025739,
	"x" : 0.086025465489858441,
	"y" : -0.22447937813075725,
	"yaw" : 1.4997462567074002,
	"z" : -0.16860743940850381
}
