{
	"pitch" : 1.4810917661932217,
	"roll" : -1.3668460340497077,
	"x" : 0.090647584335007053,
	"y" : -0.060643082585677958,
	"yaw" : 1.4582047623007679,
	"z" : -0.16805721742523178
}
