{
	"pitch" : 1.4552304626197126,
	"roll" : -1.4919569213187722,
	"x" : 0.012021278137624103,
	"y" : -0.20925445690347333,
	"yaw" : 1.3073783634915475,
	"z" : -0.17058965027344408
}
