{
	"pitch" : 1.4911560362563798,
	"roll" : -1.5376697142685412,
	"x" : 0.092050599052967058,
	"y" : 0.033432884866085338,
	"yaw" : 1.2814333313847888,
	"z" : -0.18772638057760088
}
