{
	"pitch" : 1.4547820159955971,
	"roll" : -1.4773409321157398,
	"x" : 0.010936888463123393,
	"y" : -0.20959819093643567,
	"yaw" : 1.3228743702350263,
	"z" : -0.17044018089828483
}
