{
	"pitch" : 1.4940484683547741,
	"roll" : -1.3839003224492914,
	"x" : 0.12365974350586162,
	"y" : 0.006139881310971599,
	"yaw" : 1.4412322377468183,
	"z" : -0.16916642927354797
}
