{
	"pitch" : 1.4697057329212446,
	"roll" : -1.5409029160664052,
	"x" : 0.067768369393336983,
	"y" : -0.04456490573031574,
	"yaw" : 1.2658483533019025,
	"z" : -0.20781432851096696
}
