{
	"pitch" : 1.4796474399373483,
	"roll" : -1.4462893609756922,
	"x" : 0.09730962590645531,
	"y" : -0.059147775289261406,
	"yaw" : 1.3702086536274445,
	"z" : -0.16893640352882913
}
