{
	"pitch" : 1.4671627963265597,
	"roll" : -1.5293587432119866,
	"x" : -0.052092923536081887,
	"y" : -0.14744217439881491,
	"yaw" : 1.2929690807221756,
	"z" : -0.17325345589077421
}
