{
	"pitch" : 1.4748016883915886,
	"roll" : -1.5466251983697472,
	"x" : 0.031244276112501239,
	"y" : -0.15673046725648376,
	"yaw" : 1.2667273366693501,
	"z" : -0.1258712071271374
}
