{
	"pitch" : 1.490208183624413,
	"roll" : -1.5493650776668664,
	"x" : 0.091466137264043235,
	"y" : 0.031639572382589638,
	"yaw" : 1.2675746975748905,
	"z" : -0.19096670023752155
}
