{
	"pitch" : 1.4766612900305054,
	"roll" : -1.5013509543029104,
	"x" : 0.044774287751799771,
	"y" : -0.11243317910247799,
	"yaw" : 1.3138071884283062,
	"z" : -0.17001419014860999
}
