{
	"pitch" : 1.4888633284178769,
	"roll" : -1.6282442777593835,
	"x" : 0.063241081518965209,
	"y" : 0.03711566146641751,
	"yaw" : 1.2077503362421136,
	"z" : -0.1718624301382061
}
