{
	"pitch" : 1.4504157713322456,
	"roll" : -1.2704421673249859,
	"x" : 0.058019252666754541,
	"y" : -0.30141218061511782,
	"yaw" : 1.5351456578483405,
	"z" : -0.16948089071411643
}
