{
	"pitch" : 1.4615506831186325,
	"roll" : -1.5800819428620714,
	"x" : -0.0018661935418674419,
	"y" : -0.13512135005107778,
	"yaw" : 1.2289652647613822,
	"z" : -0.17201151561535019
}
