{
	"pitch" : 1.4794583327210031,
	"roll" : -1.6428706733725063,
	"x" : 0.026431611257087567,
	"y" : -0.0049237239573613218,
	"yaw" : 1.1753138755295025,
	"z" : -0.17065775428574406
}
