{
	"pitch" : 1.4964625304492185,
	"roll" : -1.4222709720622859,
	"x" : 0.12444436717738638,
	"y" : 0.007553685174457897,
	"yaw" : 1.4004313739851781,
	"z" : -0.16917677870831666
}
