{
	"pitch" : 1.4814099368694855,
	"roll" : -1.4368944680313438,
	"x" : 0.10343056901965109,
	"y" : -0.055590016228568115,
	"yaw" : 1.3827768589926617,
	"z" : -0.1679866119171155
}
