{
	"pitch" : 1.4691295578149641,
	"roll" : -1.4365466150058506,
	"x" : 0.06019628942276866,
	"y" : -0.060633972675138897,
	"yaw" : 1.3698901788788549,
	"z" : -0.16857278415956561
}
