{
	"pitch" : 1.4677895564795389,
	"roll" : -1.5874393253015691,
	"x" : -0.032119154608253042,
	"y" : -0.11719451084555907,
	"yaw" : 1.2208304189412846,
	"z" : -0.17180905843620578
}
