{
	"pitch" : 1.494466051350906,
	"roll" : -1.5514527130293441,
	"x" : 0.088308144733085694,
	"y" : 0.025046007008363423,
	"yaw" : 1.2665693394755819,
	"z" : -0.13761764431210557
}
