{
	"pitch" : 1.4955626555974972,
	"roll" : -1.5760330372095688,
	"x" : 0.091764704644264228,
	"y" : 0.033457297716894423,
	"yaw" : 1.2437165437699214,
	"z" : -0.15290512167887804
}
