{
	"pitch" : 1.4537197137128701,
	"roll" : -1.389491209852624,
	"x" : -0.015583768947729115,
	"y" : -0.27826902120984215,
	"yaw" : 1.4215644449685512,
	"z" : -0.17236925494299413
}
