{
	"pitch" : 1.4893756322722851,
	"roll" : -1.5844957422553667,
	"x" : 0.053447776462730703,
	"y" : 0.033201392066820289,
	"yaw" : 1.2455465392658851,
	"z" : -0.17135740657599419
}
