{
	"pitch" : 1.4866788853718089,
	"roll" : -1.6619978242398168,
	"x" : 0.041705716620772881,
	"y" : 0.024771777527459023,
	"yaw" : 1.166403582043428,
	"z" : -0.17124359989680507
}
