{
	"pitch" : 1.4810739252885541,
	"roll" : -1.5539634754074094,
	"x" : -0.029659546168829473,
	"y" : -0.12484117902930963,
	"yaw" : 1.263967529169528,
	"z" : -0.17154064160129659
}
