{
	"pitch" : 1.495852153722983,
	"roll" : -1.438042582862223,
	"x" : 0.12204703221603799,
	"y" : 0.011668774864734449,
	"yaw" : 1.3849041959353683,
	"z" : -0.17005699455585174
}
