{
	"pitch" : 1.4934323806262688,
	"roll" : -1.6200589568987969,
	"x" : 0.092924044535231842,
	"y" : 0.033905194985848812,
	"yaw" : 1.2011383429860334,
	"z" : -0.15599087925172134
}
