{
	"pitch" : 1.4522932528213406,
	"roll" : -1.3903642919260053,
	"x" : 0.024900438691964608,
	"y" : -0.17491585508593821,
	"yaw" : 1.4104650807585017,
	"z" : -0.16934074060221316
}
