{
	"pitch" : 1.493753184502417,
	"roll" : -1.4096282986086592,
	"x" : 0.12606768389940295,
	"y" : 0.00053481893120898953,
	"yaw" : 1.4154577944762645,
	"z" : -0.16930623431225578
}
