{
	"pitch" : 1.4682747586202443,
	"roll" : -1.618941773437079,
	"x" : -0.024571676708552273,
	"y" : -0.12164289971934045,
	"yaw" : 1.1914523341843486,
	"z" : -0.17171737678797963
}
