{
	"pitch" : 1.4753625665957524,
	"roll" : -1.5180720698617887,
	"x" : -0.0044761776729307784,
	"y" : -0.097020444353913396,
	"yaw" : 1.2996399778764482,
	"z" : -0.17030550111229906
}
