{
	"pitch" : 1.4721549706993944,
	"roll" : -1.4166536381966197,
	"x" : 0.10231996886909209,
	"y" : -0.17298483831962211,
	"yaw" : 1.398299757821037,
	"z" : -0.16860006564927643
}
