{
	"pitch" : 1.4979210179879121,
	"roll" : -1.3851017521845841,
	"x" : 0.11018072453189691,
	"y" : 0.026078915916582172,
	"yaw" : 1.4428774811009648,
	"z" : -0.16940957770452927
}
