{
	"pitch" : 1.4938804393616771,
	"roll" : -1.563958235811995,
	"x" : 0.09708533039835307,
	"y" : 0.035611212939553043,
	"yaw" : 1.2680688541589131,
	"z" : -0.17111726254936568
}
