{
	"pitch" : 1.470246728460314,
	"roll" : -1.5302630140958609,
	"x" : 0.066603862657350257,
	"y" : -0.051914551133509873,
	"yaw" : 1.276381291240019,
	"z" : -0.19998332773021985
}
