{
	"pitch" : 1.4729362513157933,
	"roll" : -1.4912876213288075,
	"x" : 0.07216694748786083,
	"y" : -0.062863211021465082,
	"yaw" : 1.3182791500616005,
	"z" : -0.16892195087276499
}
