{
	"pitch" : 1.4812880581975472,
	"roll" : -1.5370907044215927,
	"x" : 0.085601604446957774,
	"y" : 0.010848975829053106,
	"yaw" : 1.2761791179122393,
	"z" : -0.21395487857809045
}
