{
	"pitch" : 1.4653542370971899,
	"roll" : -1.4746716652454908,
	"x" : 0.062141408428045233,
	"y" : -0.057195930211682372,
	"yaw" : 1.331637732493647,
	"z" : -0.1687376981730368
}
