{
	"pitch" : 1.4776376680925825,
	"roll" : -1.5879848703689254,
	"x" : 0.026986494717478965,
	"y" : -0.018435953921840401,
	"yaw" : 1.2315549717869883,
	"z" : -0.17071151533873927
}
