{
	"pitch" : 1.4794326253239301,
	"roll" : -1.5098560398108278,
	"x" : 0.06782400021560861,
	"y" : -0.035577830828502223,
	"yaw" : 1.3009031994646061,
	"z" : -0.12469360884213107
}
