{
	"pitch" : 1.4818355852452665,
	"roll" : -1.5965550047095272,
	"x" : 0.026959113016423647,
	"y" : -0.0007396198923902194,
	"yaw" : 1.2246564384247403,
	"z" : -0.17064412111126295
}
