{
	"pitch" : 1.4616021921455034,
	"roll" : -1.3087868073563991,
	"x" : 0.11159482901738399,
	"y" : -0.24059118520597852,
	"yaw" : 1.5027403800100945,
	"z" : -0.16791212466761102
}
