{
	"pitch" : 1.4801277315137782,
	"roll" : -1.3584131143578233,
	"x" : 0.091387413340796461,
	"y" : -0.060428478494606433,
	"yaw" : 1.4665653769087648,
	"z" : -0.16811731697610527
}
