{
	"pitch" : 1.4915174479891813,
	"roll" : -1.3662932945094284,
	"x" : 0.1274568736678322,
	"y" : -0.012358935572773431,
	"yaw" : 1.4581910373326969,
	"z" : -0.16852733682116383
}
