{
	"pitch" : 1.4891442353078741,
	"roll" : -1.4398446800244489,
	"x" : 0.051165628729248777,
	"y" : -0.02483531672699725,
	"yaw" : 1.3846020033535213,
	"z" : -0.16845053713660968
}
