{
	"pitch" : 1.4558912041645566,
	"roll" : -1.4674843198243119,
	"x" : 0.037854980065635133,
	"y" : -0.13961281161113595,
	"yaw" : 1.3279365689831737,
	"z" : -0.1695103321029838
}
