{
	"pitch" : 1.4748163303504653,
	"roll" : -1.5001351577431823,
	"x" : 0.060624253411846261,
	"y" : -0.061002441223341072,
	"yaw" : 1.3128248686797528,
	"z" : -0.16095961343653531
}
