{
	"pitch" : 1.4901591867618038,
	"roll" : -1.6149595188652179,
	"x" : 0.084116555134197413,
	"y" : 0.0096321265640411293,
	"yaw" : 1.200810525415255,
	"z" : -0.12565578857412107
}
