{
	"pitch" : 1.4862336252793935,
	"roll" : -1.6144216302976595,
	"x" : 0.069316480453204141,
	"y" : -0.034692028967393068,
	"yaw" : 1.1982457519415792,
	"z" : -0.16908110079337282
}
