{
	"pitch" : 1.496237299308441,
	"roll" : -1.3773660065672946,
	"x" : 0.12229854627744116,
	"y" : 0.011776235460058949,
	"yaw" : 1.4475726606399872,
	"z" : -0.16945497018390748
}
