{
	"pitch" : 1.4621429774228574,
	"roll" : -1.4554601621157317,
	"x" : 0.063082709057677447,
	"y" : -0.052407021999828815,
	"yaw" : 1.349987819351083,
	"z" : -0.16947839645288934
}
