{
	"pitch" : 1.4727011461524597,
	"roll" : -1.5360859496454422,
	"x" : 0.075419871542355757,
	"y" : -0.017314965306735482,
	"yaw" : 1.264483618281534,
	"z" : -0.1697999670216
}
