{
	"pitch" : 1.4742064014156759,
	"roll" : -1.537790654083059,
	"x" : 0.052910945132062015,
	"y" : -0.025073242510677211,
	"yaw" : 1.274206316671705,
	"z" : -0.17031558689415879
}
