{
	"pitch" : 1.4947739229599968,
	"roll" : -1.3929593380229375,
	"x" : 0.12452947777774566,
	"y" : 0.0043683452911423681,
	"yaw" : 1.4337802133771143,
	"z" : -0.16931604883446008
}
