{
	"pitch" : 1.4808917222810294,
	"roll" : -1.4321135288624847,
	"x" : 0.10413445465228247,
	"y" : -0.055031904638671067,
	"yaw" : 1.3907158120576826,
	"z" : -0.16852879354211053
}
