{
	"pitch" : 1.4914194012131987,
	"roll" : -1.6148068465934324,
	"x" : 0.084545978015709344,
	"y" : 0.011977014776108422,
	"yaw" : 1.2010596456056655,
	"z" : -0.12646445603113382
}
