{
	"pitch" : 1.4891569576963251,
	"roll" : -1.5830538721793188,
	"x" : 0.064210052386098837,
	"y" : 0.038016527424446146,
	"yaw" : 1.2541129171437113,
	"z" : -0.17210511314817792
}
