{
	"pitch" : 1.485026134209769,
	"roll" : -1.5535953669527591,
	"x" : 0.073756472459414732,
	"y" : -0.021214221633291817,
	"yaw" : 1.2597297297128265,
	"z" : -0.11974254967009648
}
