{
	"pitch" : 1.4606331599367279,
	"roll" : -1.298412834432572,
	"x" : 0.014461187169090381,
	"y" : -0.20912991669460343,
	"yaw" : 1.5128821300028708,
	"z" : -0.27111522716433334
}
