{
	"pitch" : 1.4668027586062873,
	"roll" : -1.6216652060784458,
	"x" : -0.028426871513926324,
	"y" : -0.12057329308320883,
	"yaw" : 1.1886319533455663,
	"z" : -0.17160688223222861
}
