{
	"pitch" : 1.4741901593689792,
	"roll" : -1.4211509070725921,
	"x" : 0.07454376858943576,
	"y" : -0.063288344602594721,
	"yaw" : 1.3982454191432012,
	"z" : -0.16868299967596714
}
