{
	"pitch" : 1.4794204700782212,
	"roll" : -1.5275396131046255,
	"x" : 0.068045074333103778,
	"y" : -0.039364047724087289,
	"yaw" : 1.2844541451737568,
	"z" : -0.1272337030519054
}
