{
	"pitch" : 1.4516468370461637,
	"roll" : -1.3980235687343623,
	"x" : 0.022699185197648866,
	"y" : -0.17828151999187544,
	"yaw" : 1.4013032738632143,
	"z" : -0.1686788794278658
}
