{
	"pitch" : 1.4678249474848284,
	"roll" : -1.5274302464072738,
	"x" : 0.062829595500859009,
	"y" : -0.059591579637373882,
	"yaw" : 1.2848230281765767,
	"z" : -0.17831337318218762
}
