{
	"pitch" : 1.47039204929578,
	"roll" : -1.4323079047802632,
	"x" : 0.085768859590794125,
	"y" : -0.15633491739809269,
	"yaw" : 1.368712774131942,
	"z" : -0.16867031714684913
}
