{
	"pitch" : 1.4753839511464839,
	"roll" : -1.5606837448113631,
	"x" : 0.06961231017692518,
	"y" : -0.039893884064899333,
	"yaw" : 1.2473086203014454,
	"z" : -0.21114254861659251
}
