{
	"pitch" : 1.4698322163129032,
	"roll" : -1.4948772376903721,
	"x" : 0.060785756299374896,
	"y" : -0.061599392827202684,
	"yaw" : 1.3145016881980254,
	"z" : -0.16945690466134408
}
