{
	"pitch" : 1.4721881856541927,
	"roll" : -1.4977834182578735,
	"x" : 0.065230323311642524,
	"y" : -0.048218843631073829,
	"yaw" : 1.3114848312491791,
	"z" : -0.16936897285811323
}
