{
	"pitch" : 1.4465716728020277,
	"roll" : -1.389585893287751,
	"x" : -0.014049381021817964,
	"y" : -0.30531848748262208,
	"yaw" : 1.413056630848246,
	"z" : -0.17401740567616758
}
