{
	"pitch" : 1.4866686427033011,
	"roll" : -1.3172388050178787,
	"x" : 0.12118655742356071,
	"y" : -0.035849853477644668,
	"yaw" : 1.5008212152111224,
	"z" : -0.16807621580612306
}
