{
	"pitch" : 1.4915082913525985,
	"roll" : -1.4463890407298698,
	"x" : 0.076314010863074516,
	"y" : -0.011502453323632981,
	"yaw" : 1.3709032069454041,
	"z" : -0.16900825348884127
}
