{
	"pitch" : 1.4949078924501797,
	"roll" : -1.5973971505145577,
	"x" : 0.092496062128509096,
	"y" : 0.035344433401655349,
	"yaw" : 1.2238531808116413,
	"z" : -0.16147468495515863
}
