{
	"pitch" : 1.4875884316810566,
	"roll" : -1.5286901654122687,
	"x" : 0.059432427004834046,
	"y" : 0.0372745683332232,
	"yaw" : 1.3015248672716817,
	"z" : -0.17153496197317306
}
