{
	"pitch" : 1.4449930472374402,
	"roll" : -1.4034363086128514,
	"x" : -0.016556094466199767,
	"y" : -0.30876434476211689,
	"yaw" : 1.3983310453664259,
	"z" : -0.17415844818115031
}
