{
	"pitch" : 1.4829348951538506,
	"roll" : -1.6240107859266897,
	"x" : 0.035699077604976502,
	"y" : 0.018277075552512762,
	"yaw" : 1.1977433807832096,
	"z" : -0.17103530935465835
}
