{
	"pitch" : 1.4863849353230132,
	"roll" : -1.4659773236303544,
	"x" : 0.077609763497493489,
	"y" : -0.010779504210910618,
	"yaw" : 1.3488146552496463,
	"z" : -0.16914005014772135
}
