{
	"pitch" : 1.4756750865796731,
	"roll" : -1.5818935038026134,
	"x" : 0.030169570478186893,
	"y" : -0.031360330511886143,
	"yaw" : 1.2378784115561727,
	"z" : -0.16987156091817573
}
