{
	"pitch" : 1.4744132838144637,
	"roll" : -1.6387697432262394,
	"x" : 0.026018190709911251,
	"y" : -0.011146562827981517,
	"yaw" : 1.1756335368646238,
	"z" : -0.17125339287193636
}
