{
	"pitch" : 1.4600218238936884,
	"roll" : -1.5945243139960521,
	"x" : -0.08336622856406177,
	"y" : -0.18005977886532543,
	"yaw" : 1.213838415631157,
	"z" : -0.17401848836445558
}
