{
	"pitch" : 1.4962219705905453,
	"roll" : -1.5311892379525991,
	"x" : 0.092206113166134501,
	"y" : 0.036428965656016069,
	"yaw" : 1.2907709447497133,
	"z" : -0.16987903816521505
}
