{
	"pitch" : 1.4887738002189559,
	"roll" : -1.3163089253428704,
	"x" : 0.12454700184322222,
	"y" : -0.023528486246949396,
	"yaw" : 1.5067062155914859,
	"z" : -0.16835660363903029
}
