{
	"pitch" : 1.4937326852163817,
	"roll" : -1.588172706200621,
	"x" : 0.092220512927828069,
	"y" : 0.032449292517940112,
	"yaw" : 1.2316963834470711,
	"z" : -0.15165975749702268
}
