{
	"pitch" : 1.4907693190226099,
	"roll" : -1.6048709357739168,
	"x" : 0.084880675311506074,
	"y" : 0.012320744020024203,
	"yaw" : 1.2110787362203379,
	"z" : -0.12692528239121206
}
