{
	"pitch" : 1.4822470865678057,
	"roll" : -1.5454140496624742,
	"x" : 0.085288650828061391,
	"y" : 0.0096875454849153671,
	"yaw" : 1.26950463998337,
	"z" : -0.21447352784917079
}
