{
	"pitch" : 1.482484741830544,
	"roll" : -1.370434388992273,
	"x" : 0.11378247639307554,
	"y" : -0.046669108731268442,
	"yaw" : 1.452093828140451,
	"z" : -0.16812016697274118
}
