{
	"pitch" : 1.4556300508948323,
	"roll" : -1.4713018354749992,
	"x" : 0.042691598151689006,
	"y" : -0.12384961907189138,
	"yaw" : 1.3290338973839959,
	"z" : -0.170607996289345
}
