{
	"pitch" : 1.4915981396211209,
	"roll" : -1.4226511519150216,
	"x" : 0.12837872199780601,
	"y" : -0.016286831390789062,
	"yaw" : 1.3978315085854409,
	"z" : -0.16912801543063261
}
