{
	"pitch" : 1.4906196974618133,
	"roll" : -1.4871035015123009,
	"x" : 0.047808138683957536,
	"y" : -0.10895009541236111,
	"yaw" : 1.3163259969995955,
	"z" : -0.21759618393685487
}
