{
	"pitch" : 1.4846354901781758,
	"roll" : -1.639214008039219,
	"x" : 0.039936291311534165,
	"y" : 0.022707884628693303,
	"yaw" : 1.1849082879863448,
	"z" : -0.17133945397725792
}
