{
	"pitch" : 1.4834706769052408,
	"roll" : -1.5924198255995266,
	"x" : 0.034081906975270665,
	"y" : 0.016320176206234934,
	"yaw" : 1.2290223676787602,
	"z" : -0.17082424642040406
}
