{
	"pitch" : 1.4649806339391236,
	"roll" : -1.5472835130572238,
	"x" : 0.072864197508769116,
	"y" : -0.026480495236377289,
	"yaw" : 1.2591288767619913,
	"z" : -0.17047093551650155
}
