{
	"pitch" : 1.4835955701073271,
	"roll" : -1.5670317894869072,
	"x" : 0.077311123182540742,
	"y" : -0.012235179920300262,
	"yaw" : 1.2512577687489854,
	"z" : -0.16955432341813706
}
