{
	"pitch" : 1.4597368779012387,
	"roll" : -1.5157395824983841,
	"x" : 0.011862435102148905,
	"y" : -0.21128512085711557,
	"yaw" : 1.2925109760753557,
	"z" : -0.070202999223592688
}
