{
	"pitch" : 1.4917900199789573,
	"roll" : -1.6340616710889071,
	"x" : 0.087884497816084067,
	"y" : 0.018448140263617133,
	"yaw" : 1.182963495782515,
	"z" : -0.13129985480812154
}
