{
	"pitch" : 1.473509664862013,
	"roll" : -1.5234763001048219,
	"x" : 0.074513802133403084,
	"y" : -0.019785485736397553,
	"yaw" : 1.2775823898771963,
	"z" : -0.16947499907569327
}
