{
	"pitch" : 1.4563927186453933,
	"roll" : -1.4228162501859769,
	"x" : 0.002297948781690623,
	"y" : -0.24750140018786029,
	"yaw" : 1.3790456736825358,
	"z" : -0.17160409647633612
}
