{
	"pitch" : 1.5015081722183303,
	"roll" : -1.520100041301645,
	"x" : 0.11484339717521182,
	"y" : 0.022888815845743989,
	"yaw" : 1.3114341416758546,
	"z" : -0.16969437482419641
}
