{
	"pitch" : 1.4961053127692641,
	"roll" : -1.5675680815403841,
	"x" : 0.09249356389993002,
	"y" : 0.036246422628165152,
	"yaw" : 1.2550849310353596,
	"z" : -0.1671031752375936
}
