{
	"pitch" : 1.446787882804909,
	"roll" : -1.4089740345235908,
	"x" : -0.0091048029958153698,
	"y" : -0.28144205312488152,
	"yaw" : 1.3946603423855843,
	"z" : -0.17256336470762088
}
