{
	"pitch" : 1.468258006212882,
	"roll" : -1.6131942059570954,
	"x" : 0.040535156633571559,
	"y" : -0.03193075026581231,
	"yaw" : 1.1975209045438802,
	"z" : -0.17059396176419833
}
