{
	"pitch" : 1.4875508689551549,
	"roll" : -1.3194016420390524,
	"x" : 0.12443260085671352,
	"y" : -0.024407574789427365,
	"yaw" : 1.503997848094869,
	"z" : -0.1683857505663667
}
