{
	"pitch" : 1.4702583510850271,
	"roll" : -1.5303012820632076,
	"x" : -0.022892506107753618,
	"y" : -0.10795921016846782,
	"yaw" : 1.2829519683013515,
	"z" : -0.17227167159334733
}
