{
	"pitch" : 1.4703991424513936,
	"roll" : -1.5386685534214601,
	"x" : 0.066694789259026985,
	"y" : -0.051702603734823771,
	"yaw" : 1.2677105336789065,
	"z" : -0.20017115303895316
}
