{
	"pitch" : 1.4716308901719712,
	"roll" : -1.4250188587260841,
	"x" : 0.090319155507170387,
	"y" : -0.15796470179628921,
	"yaw" : 1.3754176902934714,
	"z" : -0.16848313571589557
}
