{
	"pitch" : 1.479652956088531,
	"roll" : -1.5303171554921413,
	"x" : 0.068417699854642744,
	"y" : -0.036929257262282272,
	"yaw" : 1.2808952267434481,
	"z" : -0.12562022117095983
}
