{
	"pitch" : 1.4691426526867308,
	"roll" : -1.5113924983743454,
	"x" : 0.062289775811827972,
	"y" : -0.059773892055393144,
	"yaw" : 1.3007538725675234,
	"z" : -0.17634559571026795
}
