{
	"pitch" : 1.4977278640081497,
	"roll" : -1.4343111656167757,
	"x" : 0.11993494366571486,
	"y" : 0.014839298867507971,
	"yaw" : 1.3893485253733231,
	"z" : -0.1696754212658497
}
