{
	"pitch" : 1.4952855936413569,
	"roll" : -1.565453473959493,
	"x" : 0.092611668824891746,
	"y" : 0.035683617631897688,
	"yaw" : 1.2555499135106749,
	"z" : -0.16298084702887977
}
