{
	"pitch" : 1.4948465477137811,
	"roll" : -1.5665429676797793,
	"x" : 0.084003450487614609,
	"y" : 0.039026357423355341,
	"yaw" : 1.2638748416644667,
	"z" : -0.17084713290563405
}
