{
	"pitch" : 1.4838976217945392,
	"roll" : -1.5449452736306144,
	"x" : 0.073877680709353438,
	"y" : -0.021169934900927209,
	"yaw" : 1.2685597233839299,
	"z" : -0.11968454301964876
}
