{
	"pitch" : 1.4963738982095174,
	"roll" : -1.503938788534932,
	"x" : 0.079178518544844562,
	"y" : 0.039908446667871675,
	"yaw" : 1.3299271567205231,
	"z" : -0.17083111086620856
}
