{
	"pitch" : 1.4702235149607001,
	"roll" : -1.5303853923969173,
	"x" : 0.063886210739317953,
	"y" : -0.054124102939874991,
	"yaw" : 1.2785984299793347,
	"z" : -0.1694486196681893
}
