{
	"pitch" : 1.4884116651458463,
	"roll" : -1.5765913928183286,
	"x" : 0.08890014498496944,
	"y" : 0.021696140290211531,
	"yaw" : 1.2405907714131801,
	"z" : -0.20617710686311874
}
