{
	"pitch" : 1.4744788127871808,
	"roll" : -1.5596184357647822,
	"x" : 0.029222325909298116,
	"y" : -0.031311677418686679,
	"yaw" : 1.2558303749234114,
	"z" : -0.16932930188425177
}
