{
	"pitch" : 1.4841201558739558,
	"roll" : -1.6417979050709544,
	"x" : 0.040495439768693513,
	"y" : 0.022761281585250884,
	"yaw" : 1.183096180561652,
	"z" : -0.1716281392145198
}
