{
	"pitch" : 1.4507807861849351,
	"roll" : -1.2819087021515798,
	"x" : 0.058688610418536999,
	"y" : -0.30164877699798948,
	"yaw" : 1.5226432848522833,
	"z" : -0.16970507208928851
}
