{
	"pitch" : 1.4980356475983776,
	"roll" : -1.5693775295004191,
	"x" : 0.066345356394975297,
	"y" : 0.038549598325892331,
	"yaw" : 1.2607601803519004,
	"z" : -0.17134781327376672
}
