{
	"pitch" : 1.4924500165214931,
	"roll" : -1.4584175580019334,
	"x" : 0.074087444288611026,
	"y" : 0.039704134256630497,
	"yaw" : 1.3762214932247363,
	"z" : -0.17162427652524856
}
