{
	"pitch" : 1.497862228414339,
	"roll" : -1.5295343932249321,
	"x" : 0.088116290751628495,
	"y" : 0.038504243331659374,
	"yaw" : 1.305098657920239,
	"z" : -0.17113193153473502
}
