{
	"pitch" : 1.4682307984744432,
	"roll" : -1.5283340631946392,
	"x" : 0.0321266746322698,
	"y" : -0.11598351525853881,
	"yaw" : 1.2787855117881672,
	"z" : -0.17048830785442687
}
