{
	"pitch" : 1.485797762253908,
	"roll" : -1.5127322867396333,
	"x" : 0.076379839328759747,
	"y" : -0.012520901884026133,
	"yaw" : 1.3023952038028266,
	"z" : -0.11896113772935339
}
