{
	"pitch" : 1.4682900765748879,
	"roll" : -1.3209512934224861,
	"x" : 0.085653795784337905,
	"y" : -0.22595739855235586,
	"yaw" : 1.4906705129339159,
	"z" : -0.1686365744158837
}
