{
	"pitch" : 1.4689898239885195,
	"roll" : -1.5059724493886875,
	"x" : 0.040097774740976082,
	"y" : -0.048037017479466815,
	"yaw" : 1.3024577849901531,
	"z" : -0.16973011902036486
}
