{
	"pitch" : 1.4931637220881071,
	"roll" : -1.5545548620072152,
	"x" : 0.093000427473936165,
	"y" : 0.03563897699833328,
	"yaw" : 1.2680892537696498,
	"z" : -0.17705795857578344
}
