{
	"pitch" : 1.467254978265816,
	"roll" : -1.460806411364431,
	"x" : 0.052617542995558556,
	"y" : -0.057181553714173695,
	"yaw" : 1.351040489007624,
	"z" : -0.16889393746599127
}
