{
	"pitch" : 1.4783612479787018,
	"roll" : -1.6077553580751824,
	"x" : 0.026433009748628646,
	"y" : -0.0092367431848115206,
	"yaw" : 1.2125829217035013,
	"z" : -0.17067137761231096
}
