{
	"pitch" : 1.4857000520218595,
	"roll" : -1.5183882253921468,
	"x" : 0.076435476469026264,
	"y" : -0.012464297360305292,
	"yaw" : 1.2967030409555207,
	"z" : -0.11898709069449748
}
