{
	"pitch" : 1.4630155093229378,
	"roll" : -1.4964355544961137,
	"x" : 0.012223527822003658,
	"y" : -0.21144703295599043,
	"yaw" : 1.3135158252600962,
	"z" : -0.070416399486005643
}
