{
	"pitch" : 1.4884998444959108,
	"roll" : -1.575881837711149,
	"x" : 0.088998992157515555,
	"y" : 0.0225670262840671,
	"yaw" : 1.241699177489487,
	"z" : -0.20505074013346788
}
