{
	"pitch" : 1.4906189504649514,
	"roll" : -1.595310133283615,
	"x" : 0.080630212305302595,
	"y" : 0.0019571415071782967,
	"yaw" : 1.2192201987140601,
	"z" : -0.12106851519394607
}
