{
	"pitch" : 1.4738323126272261,
	"roll" : -1.5561496152520029,
	"x" : 0.070316404051216794,
	"y" : -0.037215012852145533,
	"yaw" : 1.2531237900527119,
	"z" : -0.21335924508979806
}
