{
	"pitch" : 1.4794782395191863,
	"roll" : -1.4145332000000712,
	"x" : 0.086642297964097725,
	"y" : -0.061842272462733272,
	"yaw" : 1.4023308729259145,
	"z" : -0.16864226852818276
}
