{
	"pitch" : 1.4511904900474337,
	"roll" : -1.5158617083962931,
	"x" : -0.059650804201433635,
	"y" : -0.24807975747933542,
	"yaw" : 1.2839351326464412,
	"z" : -0.17308857191676774
}
