{
	"pitch" : 1.4783595245294912,
	"roll" : -1.6889074369829093,
	"x" : 0.029443599000475579,
	"y" : 0.0031925420175568254,
	"yaw" : 1.1316841636379025,
	"z" : -0.17112666420140982
}
