{
	"pitch" : 1.4895923881332924,
	"roll" : -1.5378451765068677,
	"x" : 0.078561815367890447,
	"y" : -0.0041415770262268892,
	"yaw" : 1.2752114968103732,
	"z" : -0.11882850201697939
}
