{
	"pitch" : 1.4969801605874247,
	"roll" : -1.5888767708213727,
	"x" : 0.066344269079466944,
	"y" : 0.038295334702738708,
	"yaw" : 1.2408210009139773,
	"z" : -0.17119939742654394
}
