{
	"pitch" : 1.5021064314413526,
	"roll" : -1.4770950094684081,
	"x" : 0.10987445107335699,
	"y" : 0.02761269075163842,
	"yaw" : 1.3541685028503183,
	"z" : -0.1699353116414363
}
