{
	"pitch" : 1.486527303167233,
	"roll" : -1.5573076908078267,
	"x" : 0.07382471530984476,
	"y" : -0.021565320878818049,
	"yaw" : 1.25587759419254,
	"z" : -0.12001408771157857
}
