{
	"pitch" : 1.4516646156999877,
	"roll" : -1.3960663117446976,
	"x" : 0.022374683709158072,
	"y" : -0.17914797487254122,
	"yaw" : 1.4032781137410228,
	"z" : -0.1685799894126965
}
