{
	"pitch" : 1.4928494224769342,
	"roll" : -1.592099169750105,
	"x" : 0.08805006814810673,
	"y" : 0.022702760440690251,
	"yaw" : 1.2252529635621086,
	"z" : -0.13596258628993871
}
