{
	"pitch" : 1.4935197096879123,
	"roll" : -1.6292326586153758,
	"x" : 0.092726984668297124,
	"y" : 0.035099461352860045,
	"yaw" : 1.1929733523896551,
	"z" : -0.1615502737208119
}
