{
	"pitch" : 1.4978421073480654,
	"roll" : -1.5003409852245118,
	"x" : 0.072992235617319934,
	"y" : -0.024858848251776894,
	"yaw" : 1.3209959272207614,
	"z" : -0.17615677478065278
}
