{
	"pitch" : 1.4862891368007274,
	"roll" : -1.5846565054550115,
	"x" : 0.034135006902188111,
	"y" : 0.016074619334857231,
	"yaw" : 1.2367433163017529,
	"z" : -0.17076045124191028
}
