{
	"pitch" : 1.4619050022986848,
	"roll" : -1.3206994714484366,
	"x" : 0.110101689758366,
	"y" : -0.23624853993068515,
	"yaw" : 1.4866612766157659,
	"z" : -0.16821307446641098
}
