{
	"pitch" : 1.4706443227404744,
	"roll" : -1.4434769719725433,
	"x" : 0.066510843599366792,
	"y" : -0.062340792418311072,
	"yaw" : 1.3723944587111703,
	"z" : -0.16899114155994885
}
