{
	"pitch" : 1.4879318500945771,
	"roll" : -1.5016667765373379,
	"x" : 0.0752056539792159,
	"y" : -0.013459723049057156,
	"yaw" : 1.313225351382292,
	"z" : -0.11850468274612953
}
