{
	"pitch" : 1.4488586149555116,
	"roll" : -1.4465119009757272,
	"x" : -0.078522408526697396,
	"y" : -0.25826919844241036,
	"yaw" : 1.3560433327663111,
	"z" : -0.17450491251994998
}
