{
	"pitch" : 1.4587022580043596,
	"roll" : -1.5779926030124536,
	"x" : -0.083552543188462489,
	"y" : -0.17968538019775862,
	"yaw" : 1.231673937225209,
	"z" : -0.17377222681044741
}
