{
	"pitch" : 1.489170327015527,
	"roll" : -1.5926523189614081,
	"x" : 0.081012311003991547,
	"y" : 0.00042050985321567293,
	"yaw" : 1.2214390904785202,
	"z" : -0.12080704348654409
}
