{
	"pitch" : 1.4589006932197495,
	"roll" : -1.4556643957077102,
	"x" : 0.043140127408860994,
	"y" : -0.12204771842079323,
	"yaw" : 1.3453728661874722,
	"z" : -0.1697657646953257
}
