{
	"pitch" : 1.4718598074265472,
	"roll" : -1.5407934566763153,
	"x" : 0.03010257340469448,
	"y" : -0.036256047315359599,
	"yaw" : 1.2666672713777709,
	"z" : -0.16988336537240234
}
