{
	"pitch" : 1.4975831236859123,
	"roll" : -1.4368278879618024,
	"x" : 0.12012580889009628,
	"y" : 0.014549103536315543,
	"yaw" : 1.387113071085071,
	"z" : -0.1697055390618335
}
