{
	"pitch" : 1.4795478925370744,
	"roll" : -1.6061402312796098,
	"x" : 0.067467113953932831,
	"y" : -0.047309781140679623,
	"yaw" : 1.2099421945425708,
	"z" : -0.1691914095590441
}
