{
	"pitch" : 1.4513896097962022,
	"roll" : -1.3392679295203742,
	"x" : 0.061890247704667403,
	"y" : -0.30163445616486573,
	"yaw" : 1.465311126160552,
	"z" : -0.17036706168560917
}
