{
	"pitch" : 1.4573649563142763,
	"roll" : -1.4798061034297458,
	"x" : -0.035768437270133027,
	"y" : -0.2713628173084921,
	"yaw" : 1.3306102163344768,
	"z" : -0.1735918870541604
}
