{
	"pitch" : 1.4792217106109333,
	"roll" : -1.3893034092139003,
	"x" : 0.078508343516946077,
	"y" : -0.063510384686992397,
	"yaw" : 1.4315605682712373,
	"z" : -0.16834763085134252
}
