{
	"pitch" : 1.4767465643941649,
	"roll" : -1.5028637672391745,
	"x" : 0.061039006913740916,
	"y" : -0.060673906875730876,
	"yaw" : 1.3097166358888386,
	"z" : -0.15894956827986162
}
