{
	"pitch" : 1.4795092955760285,
	"roll" : -1.4972164803025967,
	"x" : 0.044770329579091481,
	"y" : -0.11208138633311895,
	"yaw" : 1.3198428335447776,
	"z" : -0.16922767173028971
}
