{
	"pitch" : 1.4841261979143621,
	"roll" : -1.4019313549049102,
	"x" : 0.11302031209024456,
	"y" : -0.047085173076394211,
	"yaw" : 1.416880690848576,
	"z" : -0.168562581743675
}
