{
	"pitch" : 1.4906125771665348,
	"roll" : -1.616106571634701,
	"x" : 0.083941683733724376,
	"y" : 0.0090052586163546743,
	"yaw" : 1.1999375366642524,
	"z" : -0.12538432459273291
}
