{
	"pitch" : 1.4951786865430787,
	"roll" : -1.5578681555615705,
	"x" : 0.070524049541301051,
	"y" : 0.039091610107507252,
	"yaw" : 1.2771916237807417,
	"z" : -0.17162667823137986
}
