{
	"pitch" : 1.4909482658577011,
	"roll" : -1.6175787531878345,
	"x" : 0.084611736353849082,
	"y" : 0.010846840790203526,
	"yaw" : 1.1986373938018695,
	"z" : -0.12635667265894415
}
