{
	"pitch" : 1.4975643904673364,
	"roll" : -1.4006037547052013,
	"x" : 0.12291014884014922,
	"y" : 0.01009926871079166,
	"yaw" : 1.4220815061310714,
	"z" : -0.16969271382252252
}
