{
	"pitch" : 1.4818501547718042,
	"roll" : -1.3413565526513762,
	"x" : 0.02729019920356144,
	"y" : -0.16990008741104284,
	"yaw" : 1.4698477074228253,
	"z" : -0.24965218910386144
}
