{
	"pitch" : 1.4949417662939999,
	"roll" : -1.5474006448848765,
	"x" : 0.092693685622437239,
	"y" : 0.03470881865601641,
	"yaw" : 1.2724955123874699,
	"z" : -0.18242488254979389
}
