{
	"pitch" : 1.4539119259013717,
	"roll" : -1.4638092117022445,
	"x" : 0.023069992738117197,
	"y" : -0.18064983987878055,
	"yaw" : 1.3426601599532457,
	"z" : -0.17020029353750271
}
