{
	"pitch" : 1.4815536452036944,
	"roll" : -1.3974320323277845,
	"x" : 0.10039468594249437,
	"y" : -0.057079362371206796,
	"yaw" : 1.4244937499898278,
	"z" : -0.16882246113656516
}
