{
	"pitch" : 1.469272721150285,
	"roll" : -1.5100561993197101,
	"x" : 0.06182074819882543,
	"y" : -0.061081753282184112,
	"yaw" : 1.2959043596252717,
	"z" : -0.16951441688342461
}
