{
	"pitch" : 1.4814495189999328,
	"roll" : -1.4195721737047313,
	"x" : 0.10387065080238675,
	"y" : -0.055294427187496692,
	"yaw" : 1.4002881020117157,
	"z" : -0.16812223750887195
}
