{
	"pitch" : 1.4902941958548659,
	"roll" : -1.5046850431687777,
	"x" : 0.075830598060396812,
	"y" : -0.0137723935313264,
	"yaw" : 1.3130856952843213,
	"z" : -0.17015029015706867
}
