{
	"pitch" : 1.4772494380505106,
	"roll" : -1.6458055315848863,
	"x" : 0.026440650511400272,
	"y" : -0.0084148839817692143,
	"yaw" : 1.1717043817220194,
	"z" : -0.17107435354045619
}
