{
	"pitch" : 1.4748612938492001,
	"roll" : -1.5667440775682751,
	"x" : 0.070116863800032292,
	"y" : -0.037794688760790528,
	"yaw" : 1.2422716593422387,
	"z" : -0.212985315541946
}
