{
	"pitch" : 1.4706331238613737,
	"roll" : -1.4873652042193117,
	"x" : 0.058841222153793775,
	"y" : -0.060246752359838861,
	"yaw" : 1.3267197021235111,
	"z" : -0.16902857046281763
}
