{
	"pitch" : 1.4683602445678872,
	"roll" : -1.5176723132005561,
	"x" : 0.075653546893394319,
	"y" : -0.012385078828914344,
	"yaw" : 1.287213798196037,
	"z" : -0.16962610379664772
}
