{
	"pitch" : 1.4474145844595137,
	"roll" : -1.4150916601570609,
	"x" : -0.015339374371177827,
	"y" : -0.30875806546411161,
	"yaw" : 1.3868661919958225,
	"z" : -0.17349521907272689
}
