{
	"pitch" : 1.4639030216819975,
	"roll" : -1.3073253725675695,
	"x" : 0.015065632890334399,
	"y" : -0.20892385836600397,
	"yaw" : 1.5041997473720548,
	"z" : -0.27044606726856452
}
