{
	"pitch" : 1.4960156391162391,
	"roll" : -1.4091046448482638,
	"x" : 0.12396988635069064,
	"y" : 0.0076504135082542165,
	"yaw" : 1.413713960569283,
	"z" : -0.16901585540461048
}
