{
	"pitch" : 1.4974930776263475,
	"roll" : -1.5982243037808976,
	"x" : 0.065671343117820635,
	"y" : 0.038435539050223032,
	"yaw" : 1.2300133801659976,
	"z" : -0.17088645585416956
}
