{
	"pitch" : 1.4503937320819542,
	"roll" : -1.2805319705554092,
	"x" : 0.058769742222713216,
	"y" : -0.30159233402847824,
	"yaw" : 1.5240807701701116,
	"z" : -0.16971538511356918
}
