{
	"pitch" : 1.48744196295103,
	"roll" : -1.6264332731656672,
	"x" : 0.04658072791936485,
	"y" : 0.028767255404273783,
	"yaw" : 1.203065816310156,
	"z" : -0.17153219458814251
}
