{
	"pitch" : 1.4875522331680946,
	"roll" : -1.6093807293601423,
	"x" : 0.048455817412745711,
	"y" : 0.02996569204321925,
	"yaw" : 1.2212197258396666,
	"z" : -0.1714107598566553
}
