{
	"pitch" : 1.4674594288829392,
	"roll" : -1.4679475437004603,
	"x" : 4.6678329938668051e-05,
	"y" : -0.25218227312581082,
	"yaw" : 1.3465550717104984,
	"z" : -0.11319910727953567
}
