{
	"pitch" : 1.4964025977452129,
	"roll" : -1.5008255581876033,
	"x" : 0.079157935507333382,
	"y" : 0.039917469535487943,
	"yaw" : 1.3335187655811513,
	"z" : -0.17086385483916958
}
