{
	"pitch" : 1.4754145684156805,
	"roll" : -1.4872037154472257,
	"x" : 0.061805884822339424,
	"y" : -0.058801430786398545,
	"yaw" : 1.3282533034106752,
	"z" : -0.15227349608383528
}
