{
	"pitch" : 1.4891142354413738,
	"roll" : -1.3415106741912961,
	"x" : 0.12524509216688709,
	"y" : -0.0237786070546816,
	"yaw" : 1.4788325274415706,
	"z" : -0.16854717195999835
}
