{
	"pitch" : 1.4916613939516499,
	"roll" : -1.4634415166826087,
	"x" : 0.073984217368532168,
	"y" : -0.017774889454561456,
	"yaw" : 1.3497509152883784,
	"z" : -0.16926847078546137
}
