{
	"pitch" : 1.4723832894943265,
	"roll" : -1.452412856243857,
	"x" : 0.0070899656307061576,
	"y" : -0.077952170822573955,
	"yaw" : 1.3739079422571434,
	"z" : -0.17116776679354767
}
