{
	"pitch" : 1.4810540957057661,
	"roll" : -1.6827483258031126,
	"x" : 0.030533825938062586,
	"y" : 0.0058615163361696726,
	"yaw" : 1.1384120100417092,
	"z" : -0.17087943595918881
}
