{
	"pitch" : 1.4621053548340546,
	"roll" : -1.3189131691215696,
	"x" : 0.11151043977426496,
	"y" : -0.2412079589591328,
	"yaw" : 1.4940566825777915,
	"z" : -0.16793435631705372
}
