{
	"pitch" : 1.4905266851060501,
	"roll" : -1.4733663557959698,
	"x" : 0.072432094174315773,
	"y" : -0.017252123013246221,
	"yaw" : 1.3444147324946887,
	"z" : -0.17000465815068302
}
