{
	"pitch" : 1.4574549797826626,
	"roll" : -1.4653492987357157,
	"x" : -0.041840362857955518,
	"y" : -0.26954903582674827,
	"yaw" : 1.3455966910623587,
	"z" : -0.17353241551950049
}
