{
	"pitch" : 1.4875602424309222,
	"roll" : -1.6154791173086946,
	"x" : 0.050499757706067031,
	"y" : 0.031047613350372219,
	"yaw" : 1.21498400138438,
	"z" : -0.17150451967492497
}
