{
	"pitch" : 1.4524387754556853,
	"roll" : -1.3298465882863895,
	"x" : 0.020811965959570418,
	"y" : -0.29001572880724008,
	"yaw" : 1.4749488095163164,
	"z" : -0.1713194870307343
}
