{
	"pitch" : 1.4837996521530676,
	"roll" : -1.4012844955110744,
	"x" : 0.10956624054310671,
	"y" : -0.051235092690560799,
	"yaw" : 1.4167786750725138,
	"z" : -0.16835451584628641
}
