{
	"pitch" : 1.4794356752698645,
	"roll" : -1.4192900798265582,
	"x" : 0.086781138290978999,
	"y" : -0.061835928828078007,
	"yaw" : 1.397322137991154,
	"z" : -0.16878258035752619
}
