{
	"pitch" : 1.4842894085481984,
	"roll" : -1.3783855631892588,
	"x" : 0.11025280618717051,
	"y" : -0.050205626490881547,
	"yaw" : 1.4403567630297713,
	"z" : -0.16815880730673505
}
