{
	"pitch" : 1.4804261691561251,
	"roll" : -1.5281183147943174,
	"x" : 0.044529140122796768,
	"y" : -0.11278202543627851,
	"yaw" : 1.2896158924746333,
	"z" : -0.16856689355415477
}
