{
	"pitch" : 1.4918967438535782,
	"roll" : -1.6479679331224508,
	"x" : 0.093134968713675131,
	"y" : 0.034865776392594944,
	"yaw" : 1.1744216659472482,
	"z" : -0.16149502794773593
}
