{
	"pitch" : 1.4829403665538339,
	"roll" : -1.4956548228304396,
	"x" : 0.075476298370111466,
	"y" : -0.013739525564832811,
	"yaw" : 1.3203498194770042,
	"z" : -0.16936968574178982
}
