{
	"pitch" : 1.4638593399444835,
	"roll" : -1.2793849252828728,
	"x" : 0.10271442520479962,
	"y" : -0.24572246728365435,
	"yaw" : 1.5327067951146449,
	"z" : -0.16822476397837532
}
