{
	"pitch" : 1.4874562860544287,
	"roll" : -1.4937981491389252,
	"x" : 0.075583297415586642,
	"y" : -0.012708768371388245,
	"yaw" : 1.3209284496343394,
	"z" : -0.11855465487126007
}
