{
	"pitch" : 1.487641247792358,
	"roll" : -1.5108319545916662,
	"x" : 0.075140712648619157,
	"y" : -0.013627541817373252,
	"yaw" : 1.3040405001048285,
	"z" : -0.1184997150316999
}
