{
	"pitch" : 1.4864344377610923,
	"roll" : -1.5599564043716281,
	"x" : 0.073842694192521388,
	"y" : -0.021607295809953759,
	"yaw" : 1.2530938510459126,
	"z" : -0.12008141381340046
}
