{
	"pitch" : 1.4902885911061252,
	"roll" : -1.3941452675917696,
	"x" : 0.127639578652888,
	"y" : -0.017573782958951172,
	"yaw" : 1.4271209730164662,
	"z" : -0.16881675598463747
}
