{
	"pitch" : 1.483959676853482,
	"roll" : -1.64267446600179,
	"x" : 0.040487612837386104,
	"y" : 0.022740372857809429,
	"yaw" : 1.1822921363846242,
	"z" : -0.17167137840824143
}
