{
	"pitch" : 1.4791242456825395,
	"roll" : -1.6198122799506891,
	"x" : 0.031927665385072489,
	"y" : 0.011955205149362132,
	"yaw" : 1.198187448382328,
	"z" : -0.17040050529339468
}
