{
	"pitch" : 1.4824369551381129,
	"roll" : -1.3564306124872874,
	"x" : 0.11419909794827823,
	"y" : -0.046412485351708152,
	"yaw" : 1.465959452936153,
	"z" : -0.16814528332672229
}
