{
	"pitch" : 1.4805786676864574,
	"roll" : -1.6520670381516578,
	"x" : 0.033729562969014359,
	"y" : 0.014643547764177527,
	"yaw" : 1.1643847680682642,
	"z" : -0.17064016591228909
}
