{
	"pitch" : 1.4536538850732457,
	"roll" : -1.4773069803658085,
	"x" : 0.032093030226743965,
	"y" : -0.15451030099922411,
	"yaw" : 1.3252281438810991,
	"z" : -0.16987355197440079
}
