{
	"pitch" : 1.4670676956731223,
	"roll" : -1.3800530028935745,
	"x" : 0.033757058628293313,
	"y" : -0.14622882342875587,
	"yaw" : 1.4355747586172822,
	"z" : -0.20640715258024769
}
