{
	"pitch" : 1.4939475837692973,
	"roll" : -1.5679986564647956,
	"x" : 0.092962534525749513,
	"y" : 0.035385698774635828,
	"yaw" : 1.2541914905430114,
	"z" : -0.17926327519510654
}
