{
	"pitch" : 1.4834837359309521,
	"roll" : -1.5997379586386651,
	"x" : 0.090831426605556029,
	"y" : 0.024686395288807238,
	"yaw" : 1.2184631356194284,
	"z" : -0.20300753044647846
}
