{
	"pitch" : 1.4823021141474595,
	"roll" : -1.3438488014029972,
	"x" : 0.10690026991315842,
	"y" : -0.052692275663323365,
	"yaw" : 1.4785997218053386,
	"z" : -0.16776443867632104
}
