{
	"pitch" : 1.4684582861003452,
	"roll" : -1.5544363995822259,
	"x" : 0.042886314491917855,
	"y" : -0.050621498089099742,
	"yaw" : 1.2558435873133549,
	"z" : -0.16970750434269619
}
