{
	"pitch" : 1.4534597601540447,
	"roll" : -1.4409182362814763,
	"x" : -0.016768315299500375,
	"y" : -0.30688292824725916,
	"yaw" : 1.3633698880667016,
	"z" : -0.17051616042498188
}
