{
	"pitch" : 1.4956919657250216,
	"roll" : -1.4741268297574281,
	"x" : 0.075520293074958639,
	"y" : 0.039580728758688954,
	"yaw" : 1.3589543323889155,
	"z" : -0.17124255595705626
}
