{
	"pitch" : 1.4515686032851753,
	"roll" : -1.3713186049384591,
	"x" : -0.0067082345247093389,
	"y" : -0.27417170899270904,
	"yaw" : 1.4290853116861841,
	"z" : -0.17296283161909382
}
