{
	"pitch" : 1.4866413010548074,
	"roll" : -1.5839100841268605,
	"x" : 0.033842224600664203,
	"y" : 0.015607600894160724,
	"yaw" : 1.2378399692500042,
	"z" : -0.17061318373933665
}
