{
	"pitch" : 1.4809719256441263,
	"roll" : -1.5289794780020576,
	"x" : 0.078359189259045448,
	"y" : -0.011785294712738276,
	"yaw" : 1.2819854905387325,
	"z" : -0.22028898025760471
}
