{
	"pitch" : 1.45663636280374,
	"roll" : -1.4373689453516403,
	"x" : 0.013484591651017647,
	"y" : -0.20874327351339431,
	"yaw" : 1.3620915343440942,
	"z" : -0.17044391716909515
}
