{
	"pitch" : 1.4488366277691185,
	"roll" : -1.4467957957305855,
	"x" : -0.078580279113928578,
	"y" : -0.25822296532242639,
	"yaw" : 1.3559040018901418,
	"z" : -0.1744729451443833
}
