{
	"pitch" : 1.4966564203397656,
	"roll" : -1.4790925771346406,
	"x" : 0.071785191118858602,
	"y" : 0.039482206093458538,
	"yaw" : 1.3569146440917612,
	"z" : -0.17160491579691406
}
