{
	"pitch" : 1.4694886289793045,
	"roll" : -1.5557866651436842,
	"x" : 0.062659006176610979,
	"y" : -0.060411852037980614,
	"yaw" : 1.2586690553981705,
	"z" : -0.1697110202642064
}
