{
	"pitch" : 1.4797115730296873,
	"roll" : -1.530727443748219,
	"x" : 0.068409983111901579,
	"y" : -0.03691394381944374,
	"yaw" : 1.2804817935471957,
	"z" : -0.12562097601468342
}
