{
	"pitch" : 1.491135864569479,
	"roll" : -1.3859290050683108,
	"x" : 0.12707560103321952,
	"y" : -0.0193094787867201,
	"yaw" : 1.4346099614848242,
	"z" : -0.16871724966966054
}
