{
	"pitch" : 1.4781686348484004,
	"roll" : -1.5898545050844481,
	"x" : 0.060869347391716587,
	"y" : -0.14150082611180656,
	"yaw" : 1.216164638046336,
	"z" : -0.17004801110427389
}
