{
	"pitch" : 1.4521859827625023,
	"roll" : -1.476750467639121,
	"x" : -0.063254066813844614,
	"y" : -0.24968002223288491,
	"yaw" : 1.3211756171459619,
	"z" : -0.17331346704159858
}
