{
	"pitch" : 1.4692086311992347,
	"roll" : -1.5094840203099751,
	"x" : 0.061930066122298934,
	"y" : -0.061109726257070167,
	"yaw" : 1.2963873808793334,
	"z" : -0.16956622751804051
}
