{
	"pitch" : 1.4887580123704556,
	"roll" : -1.5991817828369002,
	"x" : 0.063443782754131928,
	"y" : 0.037193653116764994,
	"yaw" : 1.2371725499838235,
	"z" : -0.17204345646014454
}
