{
	"pitch" : 1.4685836807177386,
	"roll" : -1.5348811654929195,
	"x" : -0.079003853426209414,
	"y" : -0.17493668000425588,
	"yaw" : 1.2748300214329149,
	"z" : -0.17273473151374991
}
