{
	"pitch" : 1.4796195097335707,
	"roll" : -1.6057477881272457,
	"x" : 0.067664678367373721,
	"y" : -0.046408007133970718,
	"yaw" : 1.2105819474160171,
	"z" : -0.16907644423915755
}
