{
	"pitch" : 1.4737761471218305,
	"roll" : -1.5340050147920852,
	"x" : 0.069007412893985112,
	"y" : -0.039845626418160002,
	"yaw" : 1.274174572361501,
	"z" : -0.21101850977422837
}
