{
	"pitch" : 1.4919981688640207,
	"roll" : -1.4566902652354623,
	"x" : 0.074442090347214857,
	"y" : -0.016791572091999753,
	"yaw" : 1.3559220534183025,
	"z" : -0.16932842030748885
}
