{
	"pitch" : 1.4509663438081783,
	"roll" : -1.3796627359026936,
	"x" : -0.0063004268244194889,
	"y" : -0.2731951389097268,
	"yaw" : 1.4215122554030268,
	"z" : -0.17297336434772179
}
