{
	"pitch" : 1.492872092760761,
	"roll" : -1.5184805634290537,
	"x" : 0.081160260626261971,
	"y" : 0.0044422853648015664,
	"yaw" : 1.2953780326244608,
	"z" : -0.12210696492586985
}
