{
	"pitch" : 1.4655324736023825,
	"roll" : -1.5941328854686536,
	"x" : -0.006147697776502814,
	"y" : -0.12678942246627825,
	"yaw" : 1.2151915742164994,
	"z" : -0.17179455203539401
}
