{
	"pitch" : 1.498120430783072,
	"roll" : -1.3642158683004064,
	"x" : 0.1102567725917328,
	"y" : 0.026207398373560058,
	"yaw" : 1.4633456494595281,
	"z" : -0.16962542898160973
}
