{
	"pitch" : 1.4947965677993589,
	"roll" : -1.56523118020901,
	"x" : 0.08832753439621735,
	"y" : 0.024905383166976679,
	"yaw" : 1.252736554153661,
	"z" : -0.13757761898544518
}
