{
	"pitch" : 1.4797446743718627,
	"roll" : -1.3602357412201616,
	"x" : 0.091512456929803351,
	"y" : -0.060392098265177413,
	"yaw" : 1.4641406177378467,
	"z" : -0.16812515114838211
}
