{
	"pitch" : 1.472151460437561,
	"roll" : -1.6317772980505674,
	"x" : 0.026549512473607116,
	"y" : -0.012853968863331081,
	"yaw" : 1.1837275763395547,
	"z" : -0.17154991826191393
}
