{
	"pitch" : 1.4924166106310068,
	"roll" : -1.5093359158278044,
	"x" : 0.075639365424017405,
	"y" : -0.013547229187099165,
	"yaw" : 1.303291192700494,
	"z" : -0.16964531078032283
}
