{
	"pitch" : 1.4906578049360448,
	"roll" : -1.6063855552216779,
	"x" : 0.08493096969428969,
	"y" : 0.012445626254479026,
	"yaw" : 1.2095496645829744,
	"z" : -0.12704670848012189
}
