{
	"pitch" : 1.4562766121110771,
	"roll" : -1.3663253486375497,
	"x" : 0.068260517614709512,
	"y" : -0.28011225821972846,
	"yaw" : 1.4356229062101042,
	"z" : -0.16994809060019467
}
