{
	"pitch" : 1.4758954300971723,
	"roll" : -1.5077523054218687,
	"x" : 0.061913665851479699,
	"y" : -0.058353427700150055,
	"yaw" : 1.3069663636989015,
	"z" : -0.15122136767413216
}
