{
	"pitch" : 1.49703714114429,
	"roll" : -1.4064702224775698,
	"x" : 0.10494997876836788,
	"y" : 0.030995442087501004,
	"yaw" : 1.4205550822275996,
	"z" : -0.17015097653632977
}
