{
	"pitch" : 1.4725313580088637,
	"roll" : -1.3677845587188759,
	"x" : 0.095361091814947452,
	"y" : -0.19685055727056949,
	"yaw" : 1.4469359039081302,
	"z" : -0.16797335585056095
}
