{
	"pitch" : 1.4826656194583261,
	"roll" : -1.6065929579893632,
	"x" : 0.08352411940701325,
	"y" : 0.0034310781985542448,
	"yaw" : 1.2100115023079858,
	"z" : -0.21777350680454222
}
