{
	"pitch" : 1.4845256917566485,
	"roll" : -1.382047805437421,
	"x" : 0.1103919878924414,
	"y" : -0.050085558848375997,
	"yaw" : 1.4366034221627861,
	"z" : -0.16824896196399791
}
