{
	"pitch" : 1.474154282312343,
	"roll" : -1.4234331581494575,
	"x" : 0.074233112082839642,
	"y" : -0.063251495693673401,
	"yaw" : 1.3959249580754893,
	"z" : -0.16869729775477191
}
