{
	"pitch" : 1.4453412753331394,
	"roll" : -1.3595676311365261,
	"x" : -0.013668763592529151,
	"y" : -0.30362324109282957,
	"yaw" : 1.442386664530003,
	"z" : -0.17366933033685442
}
