{
	"pitch" : 1.4691380481702634,
	"roll" : -1.4383347917174443,
	"x" : 0.061010971107308007,
	"y" : -0.06104523785204382,
	"yaw" : 1.3682145456302626,
	"z" : -0.16914218736802833
}
