{
	"pitch" : 1.4981511446011422,
	"roll" : -1.3686835058749549,
	"x" : 0.11027203465905752,
	"y" : 0.026345903925357943,
	"yaw" : 1.4592005750798511,
	"z" : -0.16982504890347078
}
