{
	"pitch" : 1.4880465573461696,
	"roll" : -1.3183580336727336,
	"x" : 0.12449405944742323,
	"y" : -0.024018789428480687,
	"yaw" : 1.5053359811458034,
	"z" : -0.16837044542094265
}
