{
	"pitch" : 1.4504029169919015,
	"roll" : -1.3498750851118746,
	"x" : -0.0076048559291235079,
	"y" : -0.27603757894576592,
	"yaw" : 1.4493243440822479,
	"z" : -0.17293934856433621
}
