{
	"pitch" : 1.4780715159742934,
	"roll" : -1.4779074537086394,
	"x" : 0.07354457759855669,
	"y" : -0.020112143026353713,
	"yaw" : 1.3281358078700485,
	"z" : -0.22003836532344928
}
