{
	"pitch" : 1.4713655553625822,
	"roll" : -1.4991598508826325,
	"x" : 0.065696854068679311,
	"y" : -0.046553264078334745,
	"yaw" : 1.3111143586178238,
	"z" : -0.16955459454340296
}
