{
	"pitch" : 1.4663419290668092,
	"roll" : -1.5867669107186404,
	"x" : -0.033181850266029281,
	"y" : -0.11872182872925113,
	"yaw" : 1.222312686085085,
	"z" : -0.17151290891623777
}
