{
	"pitch" : 1.4842131593079944,
	"roll" : -1.53390450347039,
	"x" : 0.07206201487631142,
	"y" : -0.025931268650859526,
	"yaw" : 1.279236467313394,
	"z" : -0.12114461424720674
}
