{
	"pitch" : 1.4838653508703497,
	"roll" : -1.548624165330678,
	"x" : 0.073863274110448587,
	"y" : -0.019426999867052538,
	"yaw" : 1.2650345271937158,
	"z" : -0.11951073405817965
}
