{
	"pitch" : 1.456888401281329,
	"roll" : -1.4268340421559913,
	"x" : 0.013741821529451755,
	"y" : -0.2101009041051109,
	"yaw" : 1.372708380540258,
	"z" : -0.17032707932044092
}
