{
	"pitch" : 1.4885201126531946,
	"roll" : -1.5613917128630526,
	"x" : 0.078344230988696917,
	"y" : -0.0081317746240135279,
	"yaw" : 1.2531412697297621,
	"z" : -0.11884854918054968
}
