{
	"pitch" : 1.4608353639690972,
	"roll" : -1.3117473460468401,
	"x" : 0.014542205548372635,
	"y" : -0.20921259641909704,
	"yaw" : 1.4995835356168679,
	"z" : -0.27120087071633608
}
