{
	"pitch" : 1.4677125295876781,
	"roll" : -1.4776553649946493,
	"x" : 0.049123354490685694,
	"y" : -0.055628908631439142,
	"yaw" : 1.3333918750850549,
	"z" : -0.1691702806313411
}
