{
	"pitch" : 1.4876714820593702,
	"roll" : -1.5211767807889196,
	"x" : 0.076315774057220773,
	"y" : -0.012830806545927543,
	"yaw" : 1.2961904742559027,
	"z" : -0.16958760223556657
}
