{
	"pitch" : 1.4949197960670315,
	"roll" : -1.5279088232456612,
	"x" : 0.073488239080216594,
	"y" : -0.020899375498481566,
	"yaw" : 1.2930787552431851,
	"z" : -0.17439274746107727
}
