{
	"pitch" : 1.4705249142581478,
	"roll" : -1.4950356378867289,
	"x" : 0.053516153076911731,
	"y" : -0.056240309711858671,
	"yaw" : 1.3214208639345717,
	"z" : -0.16899975486037019
}
