{
	"pitch" : 1.4963212789100353,
	"roll" : -1.3285111353333561,
	"x" : 0.12552619739245954,
	"y" : -0.00086923608268244489,
	"yaw" : 1.4929255242815873,
	"z" : -0.16891055022155951
}
