{
	"pitch" : 1.4745927653653537,
	"roll" : -1.5375530480225503,
	"x" : 0.073720183904181058,
	"y" : -0.025807673695215565,
	"yaw" : 1.2681628297152803,
	"z" : -0.21827998473320501
}
