{
	"pitch" : 1.4688130474747469,
	"roll" : -1.5322064267935886,
	"x" : 0.035611606245489133,
	"y" : -0.042779966328819058,
	"yaw" : 1.2769971579144272,
	"z" : -0.17019162353721112
}
