{
	"pitch" : 1.4954394436629228,
	"roll" : -1.5612313921048817,
	"x" : 0.070466142059550096,
	"y" : 0.039166198736789795,
	"yaw" : 1.2736632847057534,
	"z" : -0.1714263656882202
}
