{
	"pitch" : 1.4992587708244445,
	"roll" : -1.4056262956332697,
	"x" : 0.11918159042299355,
	"y" : 0.015732423536464767,
	"yaw" : 1.4184063434958554,
	"z" : -0.16960960514951742
}
