{
	"pitch" : 1.4940141550503798,
	"roll" : -1.366059501918498,
	"x" : 0.12875108441665908,
	"y" : -0.0053807531520917631,
	"yaw" : 1.4572202714557438,
	"z" : -0.16868704614314245
}
