{
	"pitch" : 1.4914948518186477,
	"roll" : -1.6147599949263625,
	"x" : 0.084538671913338234,
	"y" : 0.011939731198817059,
	"yaw" : 1.2010772321993697,
	"z" : -0.12645513377468329
}
