{
	"pitch" : 1.4943842219690779,
	"roll" : -1.6164403735496295,
	"x" : 0.092506074589274692,
	"y" : 0.035233104707510655,
	"yaw" : 1.2054555202117319,
	"z" : -0.16149529275494412
}
