{
	"pitch" : 1.4515969622899665,
	"roll" : -1.3914290136853997,
	"x" : 0.022064207966570361,
	"y" : -0.1809356981651625,
	"yaw" : 1.4082760227707074,
	"z" : -0.16875609458208954
}
