{
	"pitch" : 1.4607249395076216,
	"roll" : -1.4287058337824923,
	"x" : 0.051776258308361162,
	"y" : -0.087816735183635641,
	"yaw" : 1.3735108553265627,
	"z" : -0.17028952723230292
}
