{
	"pitch" : 1.4923849990334375,
	"roll" : -1.5482228683310899,
	"x" : 0.080481377191616105,
	"y" : 0.0033347509950769228,
	"yaw" : 1.2658826234483107,
	"z" : -0.12148346672778727
}
