{
	"pitch" : 1.4824359020262148,
	"roll" : -1.5324830818164903,
	"x" : 0.091050827247361937,
	"y" : 0.029997049525736591,
	"yaw" : 1.2839637788180269,
	"z" : -0.19506110283566039
}
