{
	"pitch" : 1.4858180410022515,
	"roll" : -1.6173405907687239,
	"x" : 0.046415256137154047,
	"y" : 0.028843719339405917,
	"yaw" : 1.2129178723002305,
	"z" : -0.1714380192516009
}
