{
	"pitch" : 1.4661138074059792,
	"roll" : -1.4989676260395193,
	"x" : 0.063574251924720049,
	"y" : -0.055875831499854013,
	"yaw" : 1.3081247441064356,
	"z" : -0.18931639397028993
}
