{
	"pitch" : 1.4520414279825733,
	"roll" : -1.4130299811031821,
	"x" : 0.0079726312537465316,
	"y" : -0.22773074476642652,
	"yaw" : 1.3864389440128182,
	"z" : -0.17050544902837961
}
