{
	"pitch" : 1.4598682399024416,
	"roll" : -1.6132492652395742,
	"x" : -0.082962832025849392,
	"y" : -0.18003768136752277,
	"yaw" : 1.1946093921928205,
	"z" : -0.17391930007175357
}
