{
	"pitch" : 1.494640375135097,
	"roll" : -1.5239958488333187,
	"x" : 0.068171315949488873,
	"y" : 0.038755158068148637,
	"yaw" : 1.306099353073388,
	"z" : -0.17136513092550629
}
