{
	"pitch" : 1.4864556920191834,
	"roll" : -1.3312038927451908,
	"x" : 0.12014042044281878,
	"y" : -0.036857200398893043,
	"yaw" : 1.4871270838049018,
	"z" : -0.16806976824043113
}
