{
	"pitch" : 1.4708828951682638,
	"roll" : -1.5353022762832691,
	"x" : 0.076366735690575449,
	"y" : -0.015132751636068193,
	"yaw" : 1.2656098272826881,
	"z" : -0.16979942341907758
}
