{
	"pitch" : 1.4782631387846252,
	"roll" : -1.592451405159482,
	"x" : 0.027323323158866729,
	"y" : -0.018612979710384586,
	"yaw" : 1.2270604507294782,
	"z" : -0.17086131120420403
}
