{
	"pitch" : 1.4835386375134041,
	"roll" : -1.5103475746288364,
	"x" : 0.066351086741878618,
	"y" : -0.048872478365899766,
	"yaw" : 1.313926747062101,
	"z" : -0.16820457285406193
}
