{
	"pitch" : 1.4596917051872633,
	"roll" : -1.4498966331938721,
	"x" : 0.057557214677178184,
	"y" : -0.069571914317416536,
	"yaw" : 1.3510353545345031,
	"z" : -0.16973447898713781
}
