{
	"pitch" : 1.4667049849376976,
	"roll" : -1.6145162227212673,
	"x" : -0.020144752630304491,
	"y" : -0.12314681285683414,
	"yaw" : 1.1965591251580379,
	"z" : -0.17178403788642638
}
