{
	"pitch" : 1.472030298252784,
	"roll" : -1.584947871734727,
	"x" : 0.046474873269426321,
	"y" : -0.051861569935727769,
	"yaw" : 1.2333646637394655,
	"z" : -0.16926781428151408
}
