{
	"pitch" : 1.4693684642153049,
	"roll" : -1.5078374779339203,
	"x" : 0.061747937933001693,
	"y" : -0.061043474850873164,
	"yaw" : 1.2981780023546841,
	"z" : -0.16951732088634708
}
