{
	"pitch" : 1.4695368013366374,
	"roll" : -1.5508268399479257,
	"x" : 0.067794792699429215,
	"y" : -0.044844961762351712,
	"yaw" : 1.2559674176090261,
	"z" : -0.20759737029979078
}
