{
	"pitch" : 1.4487695015922977,
	"roll" : -1.2766105270087711,
	"x" : 0.054011706865798356,
	"y" : -0.30060479671349127,
	"yaw" : 1.532279657126715,
	"z" : -0.17011944776411494
}
