{
	"pitch" : 1.4875634977183545,
	"roll" : -1.5517912120825796,
	"x" : 0.053304288223646926,
	"y" : 0.034054645049521902,
	"yaw" : 1.280123529843596,
	"z" : -0.17116869434829288
}
