{
	"pitch" : 1.4822109038298534,
	"roll" : -1.6099267114729785,
	"x" : 0.050625516686549542,
	"y" : 0.031859716914132169,
	"yaw" : 1.2146669612266574,
	"z" : -0.17142290046583772
}
