{
	"pitch" : 1.4532094788115906,
	"roll" : -1.4222479049089416,
	"x" : 0.014274238531732472,
	"y" : -0.20811910592048266,
	"yaw" : 1.3791873426733665,
	"z" : -0.17078297231108303
}
