{
	"pitch" : 1.4928045467481532,
	"roll" : -1.3292015556528791,
	"x" : 0.12698710342930888,
	"y" : -0.0044981298364914109,
	"yaw" : 1.4907478999862249,
	"z" : -0.16861630796345359
}
