{
	"pitch" : 1.4800428766572578,
	"roll" : -1.6331225133129388,
	"x" : 0.026342669130249116,
	"y" : -0.0056934293886921877,
	"yaw" : 1.1859319640141934,
	"z" : -0.17083150280803563
}
