{
	"pitch" : 1.4784927528033902,
	"roll" : -1.5305310247875465,
	"x" : 0.074677345969295372,
	"y" : -0.017568256231282747,
	"yaw" : 1.2842563192660943,
	"z" : -0.16966378750599323
}
