{
	"pitch" : 1.4829952380268048,
	"roll" : -1.4176829239014495,
	"x" : 0.10659145985437248,
	"y" : -0.053897001219319979,
	"yaw" : 1.4024983339465273,
	"z" : -0.16834141479641093
}
