{
	"pitch" : 1.4538794178146472,
	"roll" : -1.4843999657805167,
	"x" : 0.041790529011545174,
	"y" : -0.1271056273224932,
	"yaw" : 1.3148360620782844,
	"z" : -0.17037194476076503
}
