{
	"pitch" : 1.4728881063790045,
	"roll" : -1.5620987666114856,
	"x" : 0.070365757141567051,
	"y" : -0.037069263443999537,
	"yaw" : 1.2472463368602567,
	"z" : -0.21342208760743617
}
