{
	"pitch" : 1.4812146482548698,
	"roll" : -1.4275301819483419,
	"x" : 0.10348859743298319,
	"y" : -0.055536061033143652,
	"yaw" : 1.3924267831026191,
	"z" : -0.1679574027387426
}
