{
	"pitch" : 1.4983137434708202,
	"roll" : -1.4304078649467256,
	"x" : 0.10425753412104945,
	"y" : 0.031381354292795025,
	"yaw" : 1.3975373560620459,
	"z" : -0.17039059526121259
}
