{
	"pitch" : 1.4588608510931276,
	"roll" : -1.4384098254579152,
	"x" : 0.056641129625548042,
	"y" : -0.074584420673845353,
	"yaw" : 1.3634506054061721,
	"z" : -0.1694788840221792
}
