{
	"pitch" : 1.4661579477329565,
	"roll" : -1.6157665069632443,
	"x" : -0.019450985420685657,
	"y" : -0.12333239807546978,
	"yaw" : 1.195082049253072,
	"z" : -0.17191525046490835
}
