{
	"pitch" : 1.4700160717203015,
	"roll" : -1.6120352541486229,
	"x" : 0.029770398709715061,
	"y" : -0.030236027754580806,
	"yaw" : 1.2040577127229903,
	"z" : -0.16945934694704778
}
