{
	"pitch" : 1.4668266982143636,
	"roll" : -1.301647036973872,
	"x" : 0.10432150500549577,
	"y" : -0.24400950176319658,
	"yaw" : 1.5102487954678885,
	"z" : -0.16811486229702799
}
