{
	"pitch" : 1.4597387639551407,
	"roll" : -1.3207409687777041,
	"x" : 0.046336651257289405,
	"y" : -0.27527544206659971,
	"yaw" : 1.4867745576970346,
	"z" : -0.16998565639284868
}
