{
	"pitch" : 1.4487083670048444,
	"roll" : -1.4292581971463139,
	"x" : -0.015722582673889027,
	"y" : -0.30886617274829103,
	"yaw" : 1.3752855169092453,
	"z" : -0.17340230222410466
}
