{
	"pitch" : 1.4825978947392029,
	"roll" : -1.6267319506837459,
	"x" : 0.090780608699577228,
	"y" : 0.024532264089104756,
	"yaw" : 1.1913553730068234,
	"z" : -0.20337028951804159
}
