{
	"pitch" : 1.46429525306661,
	"roll" : -1.3432904578121454,
	"x" : 0.019171116076567879,
	"y" : -0.28941712134263969,
	"yaw" : 1.4651391523452049,
	"z" : -0.17142617205310082
}
