{
	"pitch" : 1.4796285854885001,
	"roll" : -1.5464510069921091,
	"x" : 0.081016090075466854,
	"y" : -0.0038643950029191784,
	"yaw" : 1.2651015036076307,
	"z" : -0.21926733130616888
}
