{
	"pitch" : 1.4816274376021807,
	"roll" : -1.3502468129428571,
	"x" : 0.11102880883718669,
	"y" : -0.049779310918918171,
	"yaw" : 1.4732084445749485,
	"z" : -0.16840734050726408
}
