{
	"pitch" : 1.495556906599079,
	"roll" : -1.5434873110587974,
	"x" : 0.097197176192640011,
	"y" : 0.035445588650479434,
	"yaw" : 1.2873801977075054,
	"z" : -0.17130292304034192
}
