{
	"pitch" : 1.4689033478569851,
	"roll" : -1.502525742518797,
	"x" : 0.067221320698902798,
	"y" : -0.042932926898901665,
	"yaw" : 1.3039895786926321,
	"z" : -0.20922080544874033
}
