{
	"pitch" : 1.499087239371993,
	"roll" : -1.4324169320727695,
	"x" : 0.11936938619573761,
	"y" : 0.015514262257535267,
	"yaw" : 1.3916469172706021,
	"z" : -0.169630342773673
}
