{
	"pitch" : 1.4869698571594809,
	"roll" : -1.6402667747298718,
	"x" : 0.049868153312890955,
	"y" : 0.031014167041055817,
	"yaw" : 1.1838302235348013,
	"z" : -0.17112694273425422
}
