{
	"pitch" : 1.4750875058046828,
	"roll" : -1.5544921688996374,
	"x" : 0.028690339005013381,
	"y" : -0.027152032698196129,
	"yaw" : 1.2648448295235819,
	"z" : -0.17021401265697472
}
