{
	"pitch" : 1.4679965122071417,
	"roll" : -1.5287832643874946,
	"x" : 0.062825581571089376,
	"y" : -0.059588561298496934,
	"yaw" : 1.2832519032940306,
	"z" : -0.17814649205133001
}
