{
	"pitch" : 1.486653225805552,
	"roll" : -1.3893790789247331,
	"x" : 0.11713098903199096,
	"y" : -0.042732657166301459,
	"yaw" : 1.4283616931409604,
	"z" : -0.16847354295579348
}
