{
	"pitch" : 1.4592524046349329,
	"roll" : -1.5061771252768097,
	"x" : 0.011552448384934522,
	"y" : -0.21136381222887801,
	"yaw" : 1.3019503446908403,
	"z" : -0.070191337419861971
}
