{
	"pitch" : 1.4758064923241205,
	"roll" : -1.5582592640791117,
	"x" : 0.032132558976639851,
	"y" : -0.035259661226253458,
	"yaw" : 1.2621897061273564,
	"z" : -0.17019203911869743
}
