{
	"pitch" : 1.4773223784001068,
	"roll" : -1.4908243868712636,
	"x" : -0.0021655500316969389,
	"y" : -0.094243336140145378,
	"yaw" : 1.3261522380924466,
	"z" : -0.16989543768188903
}
