{
	"pitch" : 1.4843504688218199,
	"roll" : -1.643777270541511,
	"x" : 0.040751426555560126,
	"y" : 0.023507299560113631,
	"yaw" : 1.1813317951434898,
	"z" : -0.17143509488557582
}
