{
	"pitch" : 1.498757359816193,
	"roll" : -1.4477139255237292,
	"x" : 0.056826902570034366,
	"y" : -0.069370948977362928,
	"yaw" : 1.3616913012557517,
	"z" : -0.19817353291314224
}
