{
	"pitch" : 1.4712947712333999,
	"roll" : -1.5654621129989714,
	"x" : -0.072688977720954229,
	"y" : -0.16784302081102737,
	"yaw" : 1.2406309237894459,
	"z" : -0.17319669142721295
}
