{
	"pitch" : 1.4939242447464716,
	"roll" : -1.4810792267455382,
	"x" : 0.082486632798861093,
	"y" : 0.039495686474822274,
	"yaw" : 1.3544990128205103,
	"z" : -0.17101316657301574
}
