{
	"pitch" : 1.4607880709833472,
	"roll" : -1.293095939850873,
	"x" : 0.11214551352587773,
	"y" : -0.24080826462422028,
	"yaw" : 1.5178734366257869,
	"z" : -0.16801826180773111
}
