{
	"pitch" : 1.4925626922120261,
	"roll" : -1.5540092593457986,
	"x" : 0.09175111680130138,
	"y" : 0.032828706689162983,
	"yaw" : 1.2643729652565008,
	"z" : -0.18800810107189392
}
