{
	"pitch" : 1.4748157400756221,
	"roll" : -1.3370110644866313,
	"x" : 0.021224409994324206,
	"y" : -0.18947353953647472,
	"yaw" : 1.4764769965290614,
	"z" : -0.25981120232303462
}
