{
	"pitch" : 1.4673750845337497,
	"roll" : -1.5394083604336006,
	"x" : 0.038777928026567113,
	"y" : -0.13982928130143954,
	"yaw" : 1.2701026617771178,
	"z" : -0.17029578484935085
}
