{
	"pitch" : 1.4860490910689412,
	"roll" : -1.5928571590401097,
	"x" : 0.089594443728396436,
	"y" : 0.023560619490532557,
	"yaw" : 1.2236950567403317,
	"z" : -0.20397474804588214
}
