{
	"pitch" : 1.4750739585134305,
	"roll" : -1.5134464749058156,
	"x" : 0.071810540655264682,
	"y" : -0.031124532729466848,
	"yaw" : 1.2926850075649283,
	"z" : -0.21619609630374159
}
