{
	"pitch" : 1.4805835248176695,
	"roll" : -1.409111827551315,
	"x" : 0.096200497240394783,
	"y" : -0.059175378925890837,
	"yaw" : 1.4142396258970107,
	"z" : -0.16862737545533454
}
