{
	"pitch" : 1.4801089409786559,
	"roll" : -1.5048444362186659,
	"x" : 0.073681157776983613,
	"y" : -0.019488367792113201,
	"yaw" : 1.3021515047780068,
	"z" : -0.21985973882125864
}
