{
	"pitch" : 1.4838763162123605,
	"roll" : -1.5683966568516778,
	"x" : 0.07732427177997131,
	"y" : -0.012308616452223128,
	"yaw" : 1.2498448583986326,
	"z" : -0.16957586203372554
}
