{
	"pitch" : 1.4897665637209585,
	"roll" : -1.5722462170873728,
	"x" : 0.076490175474019664,
	"y" : -0.013126008141799589,
	"yaw" : 1.2447278327811762,
	"z" : -0.17001061491041314
}
