{
	"pitch" : 1.4912705040561482,
	"roll" : -1.4305957536860536,
	"x" : 0.064796437769923457,
	"y" : -0.050614825139000917,
	"yaw" : 1.3844726416680249,
	"z" : -0.18914698656714665
}
