{
	"pitch" : 1.4757505283635102,
	"roll" : -1.4767093269345375,
	"x" : 0.061176628467773858,
	"y" : -0.060864019194173634,
	"yaw" : 1.3382788882033965,
	"z" : -0.16283222678424189
}
