{
	"pitch" : 1.4856204204060355,
	"roll" : -1.3578300481286003,
	"x" : 0.12392752822568801,
	"y" : -0.032449477572287881,
	"yaw" : 1.4663604196407387,
	"z" : -0.16878463108314429
}
