{
	"pitch" : 1.4727098588779268,
	"roll" : -1.6990756553419237,
	"x" : 0.027105341213946157,
	"y" : -0.015116805176233808,
	"yaw" : 1.1171121901604344,
	"z" : -0.17184150697761449
}
