{
	"pitch" : 1.4532028215647423,
	"roll" : -1.4522141385428931,
	"x" : 0.021581777910423511,
	"y" : -0.18376337373687554,
	"yaw" : 1.3523168670101111,
	"z" : -0.17028036623052337
}
