{
	"pitch" : 1.4848430909326968,
	"roll" : -1.5772125274822113,
	"x" : 0.091339316404756316,
	"y" : 0.027877486662810116,
	"yaw" : 1.2401742119925894,
	"z" : -0.19783741686352666
}
