{
	"pitch" : 1.4614163430754719,
	"roll" : -1.3079655415886808,
	"x" : 0.11188946888438218,
	"y" : -0.24086783048973295,
	"yaw" : 1.504022419814254,
	"z" : -0.16795695324589394
}
