{
	"pitch" : 1.4507672284061708,
	"roll" : -1.381683138294749,
	"x" : -0.0060405435584602041,
	"y" : -0.27231779308375592,
	"yaw" : 1.419745815441116,
	"z" : -0.17305321994861517
}
