{
	"pitch" : 1.4781942321949852,
	"roll" : -1.5812923680389626,
	"x" : 0.031954813129653939,
	"y" : -0.03543215304652262,
	"yaw" : 1.2400538066378768,
	"z" : -0.17003994933110719
}
