{
	"pitch" : 1.491374531586801,
	"roll" : -1.5219254969602278,
	"x" : 0.074836953178942664,
	"y" : -0.0144705554487232,
	"yaw" : 1.2967548680876402,
	"z" : -0.17051037268424499
}
