{
	"pitch" : 1.49375660784945,
	"roll" : -1.4739861600055923,
	"x" : 0.087944291384621495,
	"y" : 0.038765289890330179,
	"yaw" : 1.3616142937931675,
	"z" : -0.17114298922189336
}
