{
	"pitch" : 1.4573286438142929,
	"roll" : -1.5636719783611277,
	"x" : -0.055105896990989542,
	"y" : -0.16349329217569672,
	"yaw" : 1.2435286140597781,
	"z" : -0.17258492172166914
}
