{
	"pitch" : 1.4656675084082618,
	"roll" : -1.595427803940489,
	"x" : -0.0066579309480349347,
	"y" : -0.12657464638699056,
	"yaw" : 1.2138921717467914,
	"z" : -0.1717354969765468
}
