{
	"pitch" : 1.476451380745764,
	"roll" : -1.4645736002774572,
	"x" : 0.062281812341705177,
	"y" : -0.055107579525697045,
	"yaw" : 1.3477044252944546,
	"z" : -0.14586504558639349
}
