{
	"pitch" : 1.4863300051923753,
	"roll" : -1.3887705945324642,
	"x" : 0.11687379210448558,
	"y" : -0.043220062342952448,
	"yaw" : 1.4287653495227293,
	"z" : -0.16841587920763476
}
