{
	"pitch" : 1.4777228699944835,
	"roll" : -1.6514960308595108,
	"x" : 0.026506089414521081,
	"y" : -0.0078390521183179813,
	"yaw" : 1.1668720229798963,
	"z" : -0.1711002624698616
}
