{
	"pitch" : 1.4692163211268017,
	"roll" : -1.5240443849866645,
	"x" : 0.063115304920058068,
	"y" : -0.061405689495657112,
	"yaw" : 1.2822814335756167,
	"z" : -0.16939900316541509
}
