{
	"pitch" : 1.4971284193313201,
	"roll" : -1.4853627441834745,
	"x" : 0.07160210843552163,
	"y" : 0.03943315519944135,
	"yaw" : 1.3503599482246269,
	"z" : -0.17149584699253054
}
