{
	"pitch" : 1.4939416852602359,
	"roll" : -1.5772002873925126,
	"x" : 0.091812441656020746,
	"y" : 0.031990205896995597,
	"yaw" : 1.2430708016940637,
	"z" : -0.15033507779218847
}
