{
	"pitch" : 1.4858865913926889,
	"roll" : -1.507320411779359,
	"x" : 0.076301999651704727,
	"y" : -0.012565787580383595,
	"yaw" : 1.3077893218973624,
	"z" : -0.1189173306787944
}
