{
	"pitch" : 1.4801130676812948,
	"roll" : -1.4349723062495514,
	"x" : 0.095788093183551276,
	"y" : -0.059623652224735681,
	"yaw" : 1.3819863095987288,
	"z" : -0.16855973098139654
}
