{
	"pitch" : 1.494828950693422,
	"roll" : -1.5564923976446365,
	"x" : 0.083799996913122898,
	"y" : 0.038878130132999608,
	"yaw" : 1.2735798759500443,
	"z" : -0.17070504965788189
}
