{
	"pitch" : 1.4887829766387781,
	"roll" : -1.5777027804903627,
	"x" : 0.08815385567326102,
	"y" : 0.020160727326403997,
	"yaw" : 1.2394344757394822,
	"z" : -0.20770892114310988
}
