{
	"pitch" : 1.4843164616927398,
	"roll" : -1.327522278054218,
	"x" : 0.11996979959292683,
	"y" : -0.03782755006756508,
	"yaw" : 1.494525113259153,
	"z" : -0.16846436436311965
}
