{
	"pitch" : 1.472047114725662,
	"roll" : -1.5179261232164287,
	"x" : 0.038399831052968153,
	"y" : -0.045295616868320898,
	"yaw" : 1.3014424771500146,
	"z" : -0.16963352180149086
}
