{
	"pitch" : 1.4583914184140649,
	"roll" : -1.4291512394698123,
	"x" : -0.011447526329675939,
	"y" : -0.28725897897919583,
	"yaw" : 1.3882430885403574,
	"z" : -0.15137397622270735
}
