{
	"pitch" : 1.4790783724276837,
	"roll" : -1.6765148094602678,
	"x" : 0.029180278968025476,
	"y" : 0.0035061081518492146,
	"yaw" : 1.1440473933972448,
	"z" : -0.17092825283086649
}
