{
	"pitch" : 1.4994041672601666,
	"roll" : -1.3987257058593512,
	"x" : 0.11901543584260491,
	"y" : 0.015885462038297819,
	"yaw" : 1.4254861902903631,
	"z" : -0.16960424317551634
}
