{
	"pitch" : 1.4918935831184519,
	"roll" : -1.4302682495359134,
	"x" : 0.12857964778600917,
	"y" : -0.015685863360894274,
	"yaw" : 1.3903816192351681,
	"z" : -0.16923937634545999
}
