{
	"pitch" : 1.493650051531034,
	"roll" : -1.6009678930618794,
	"x" : 0.090184826683508162,
	"y" : 0.028255931402693786,
	"yaw" : 1.2187917760663383,
	"z" : -0.14294155795508748
}
