{
	"pitch" : 1.4567808780811546,
	"roll" : -1.3686457490409203,
	"x" : 0.016224102058653156,
	"y" : -0.20593415107022195,
	"yaw" : 1.443827204078387,
	"z" : -0.26844999950725928
}
