{
	"pitch" : 1.458269661746745,
	"roll" : -1.4091728496250995,
	"x" : 0.047692592625324541,
	"y" : -0.10436823591318677,
	"yaw" : 1.3867871857862466,
	"z" : -0.16926361964784867
}
