{
	"pitch" : 1.4907503738795029,
	"roll" : -1.3684334041729891,
	"x" : 0.12725898362598201,
	"y" : -0.015128073427003577,
	"yaw" : 1.4560364687109371,
	"z" : -0.16882505800852199
}
