{
	"pitch" : 1.4714724619951933,
	"roll" : -1.5189341339133628,
	"x" : 0.066626263699959387,
	"y" : -0.061671282274542369,
	"yaw" : 1.2902699349172551,
	"z" : -0.16851878916664007
}
