{
	"pitch" : 1.4544552481938873,
	"roll" : -1.4201786426070064,
	"x" : 0.011504268247571045,
	"y" : -0.21561248409446712,
	"yaw" : 1.3796130397809339,
	"z" : -0.16996469447470847
}
