{
	"pitch" : 1.4719509805292594,
	"roll" : -1.5779354576404503,
	"x" : 0.046738420688278617,
	"y" : -0.051821670816481397,
	"yaw" : 1.2407923734660662,
	"z" : -0.16936510555563933
}
