{
	"pitch" : 1.4993307926632304,
	"roll" : -1.4172572962699153,
	"x" : 0.11934333643323802,
	"y" : 0.015644431469253921,
	"yaw" : 1.4067379334847017,
	"z" : -0.16962615677610368
}
