{
	"pitch" : 1.4427117943214283,
	"roll" : -1.3737349331926543,
	"x" : -0.016138669099764469,
	"y" : -0.30764631461159037,
	"yaw" : 1.427701641435795,
	"z" : -0.1744752880549994
}
