{
	"pitch" : 1.4695778813084039,
	"roll" : -1.5582207665008501,
	"x" : 0.076200609127460531,
	"y" : -0.012601830935208159,
	"yaw" : 1.2477765326622579,
	"z" : -0.16978112414771471
}
