{
	"pitch" : 1.493171361485613,
	"roll" : -1.618204596140606,
	"x" : 0.091101505739596148,
	"y" : 0.029330294344928426,
	"yaw" : 1.2024043602633747,
	"z" : -0.14536559439800273
}
