{
	"pitch" : 1.4875185170152665,
	"roll" : -1.3152126137363538,
	"x" : 0.12368529822734992,
	"y" : -0.027039817873992129,
	"yaw" : 1.5077379205601085,
	"z" : -0.16816436142912217
}
