{
	"pitch" : 1.4706474578354916,
	"roll" : -1.5053221036839417,
	"x" : 0.065687202489388169,
	"y" : -0.050347203225428253,
	"yaw" : 1.3006697306420079,
	"z" : -0.20152653167253076
}
