{
	"pitch" : 1.4630755130139761,
	"roll" : -1.4643482285940839,
	"x" : 0.063704718908352151,
	"y" : -0.051205248940521364,
	"yaw" : 1.3397536559155845,
	"z" : -0.16940217920524436
}
