{
	"pitch" : 1.4715835412077511,
	"roll" : -1.6730558631970587,
	"x" : 0.026922948458358575,
	"y" : -0.014209211377447111,
	"yaw" : 1.1429724373011925,
	"z" : -0.17165997348027334
}
