{
	"pitch" : 1.4692137900433646,
	"roll" : -1.3131814318507311,
	"x" : 0.085002171524947864,
	"y" : -0.22772306067684825,
	"yaw" : 1.4980000161194378,
	"z" : -0.16876439320484155
}
