{
	"pitch" : 1.4786349976065565,
	"roll" : -1.3867025477880697,
	"x" : 0.082917184788018822,
	"y" : -0.062970731044203671,
	"yaw" : 1.4396757941455742,
	"z" : -0.16843969220511185
}
