{
	"pitch" : 1.4837969827913622,
	"roll" : -1.5653322207453857,
	"x" : 0.077072070171432069,
	"y" : -0.012517694916048301,
	"yaw" : 1.2526792511948805,
	"z" : -0.1696048290388556
}
