{
	"pitch" : 1.4667970884959916,
	"roll" : -1.4681848577448333,
	"x" : -0.0054294627975479959,
	"y" : -0.26777474479749364,
	"yaw" : 1.3444620993603573,
	"z" : -0.13139630066823346
}
