{
	"pitch" : 1.4968425748847936,
	"roll" : -1.452264466029906,
	"x" : 0.055750530957474731,
	"y" : -0.073027894796869122,
	"yaw" : 1.3551891821688886,
	"z" : -0.19963536579307328
}
