{
	"pitch" : 1.4696350628114756,
	"roll" : -1.4906319287780072,
	"x" : 0.061428365904211482,
	"y" : -0.060920501543846838,
	"yaw" : 1.3155342369373495,
	"z" : -0.16943399471588558
}
