{
	"pitch" : 1.441697708675818,
	"roll" : -1.3549575721136922,
	"x" : -0.014742512822200182,
	"y" : -0.29977191360599137,
	"yaw" : 1.4480252385535355,
	"z" : -0.1735124597357024
}
