{
	"pitch" : 1.5007927819375491,
	"roll" : -1.4654115294271095,
	"x" : 0.11326334927704845,
	"y" : 0.024029794070166623,
	"yaw" : 1.3635270104880344,
	"z" : -0.1698570825486922
}
