{
	"pitch" : 1.4513909585185671,
	"roll" : -1.2861292294507616,
	"x" : 0.059500521027433501,
	"y" : -0.30140707464214678,
	"yaw" : 1.5174771169228396,
	"z" : -0.16980243208006762
}
