{
	"pitch" : 1.4696000146885475,
	"roll" : -1.4415212011282448,
	"x" : 0.065162345096750007,
	"y" : -0.062018519231632735,
	"yaw" : 1.374014715561338,
	"z" : -0.16900078757792467
}
