{
	"pitch" : 1.4932697291810091,
	"roll" : -1.5119342385783563,
	"x" : 0.074912475399673412,
	"y" : -0.014048293285391877,
	"yaw" : 1.3112445894918885,
	"z" : -0.16939730824487936
}
