{
	"pitch" : 1.4776844113323218,
	"roll" : -1.4984434388679435,
	"x" : 0.066070682643801545,
	"y" : -0.04420031816369073,
	"yaw" : 1.3138094917549368,
	"z" : -0.13135774638364903
}
