{
	"pitch" : 1.4704201580443119,
	"roll" : -1.6532677348810931,
	"x" : 0.02866429239563105,
	"y" : -0.022887772803596176,
	"yaw" : 1.161563070072946,
	"z" : -0.17023261752068644
}
