{
	"pitch" : 1.4808683010306727,
	"roll" : -1.5388298634054192,
	"x" : 0.076123778766197206,
	"y" : -0.015208716396533057,
	"yaw" : 1.2780834367893066,
	"z" : -0.16983868786135894
}
