{
	"pitch" : 1.4727341417195092,
	"roll" : -1.5435821478159384,
	"x" : 0.062271209092053123,
	"y" : -0.059582851956963903,
	"yaw" : 1.2686085359004824,
	"z" : -0.16939616190022283
}
