{
	"pitch" : 1.4946213448908801,
	"roll" : -1.5880154201058345,
	"x" : 0.091565871225679496,
	"y" : 0.031308100359490221,
	"yaw" : 1.2323230573409094,
	"z" : -0.14888652628171292
}
