{
	"pitch" : 1.4956843090304632,
	"roll" : -1.5926000606265049,
	"x" : 0.091438956177766151,
	"y" : 0.030829721901723596,
	"yaw" : 1.2283330454842294,
	"z" : -0.14810764242272934
}
