{
	"pitch" : 1.4842955528491846,
	"roll" : -1.400451037374808,
	"x" : 0.11405091270200966,
	"y" : -0.046043299397788028,
	"yaw" : 1.4185465391760073,
	"z" : -0.16864547174872707
}
