{
	"pitch" : 1.4889662988761101,
	"roll" : -1.6086647997853212,
	"x" : 0.083158899113584678,
	"y" : 0.0060446192554381405,
	"yaw" : 1.2060515736491513,
	"z" : -0.12409174291922927
}
