{
	"pitch" : 1.4925496576101385,
	"roll" : -1.4974545568483664,
	"x" : 0.075290355566446865,
	"y" : -0.013174148323529939,
	"yaw" : 1.3242766580838921,
	"z" : -0.16928065602450965
}
