{
	"pitch" : 1.4952277011366626,
	"roll" : -1.5934541001716553,
	"x" : 0.092383855890567856,
	"y" : 0.033472235358238601,
	"yaw" : 1.2264080687203978,
	"z" : -0.15362521898093795
}
