{
	"pitch" : 1.4805372675493005,
	"roll" : -1.5109653075903788,
	"x" : 0.080481369504828301,
	"y" : -0.0038959776196537121,
	"yaw" : 1.300816819295322,
	"z" : -0.2191019803077203
}
