{
	"pitch" : 1.4940733465810709,
	"roll" : -1.5753709464003323,
	"x" : 0.089477341186343429,
	"y" : 0.025815310347089518,
	"yaw" : 1.2430385581182399,
	"z" : -0.13921224175297675
}
