{
	"pitch" : 1.474812541707367,
	"roll" : -1.4555324101212987,
	"x" : 0.064217945548745048,
	"y" : -0.0531862432734031,
	"yaw" : 1.3498441724451073,
	"z" : -0.16966082595092621
}
