{
	"pitch" : 1.4918294660798948,
	"roll" : -1.636250732168949,
	"x" : 0.062675579269050721,
	"y" : 0.037061887451719282,
	"yaw" : 1.1982468108974382,
	"z" : -0.17161782713660026
}
