{
	"pitch" : 1.4627224827853762,
	"roll" : -1.4542329136835632,
	"x" : 0.062831477244111061,
	"y" : -0.053406679755803411,
	"yaw" : 1.3506775002956695,
	"z" : -0.16961900351052961
}
