{
	"pitch" : 1.4700907244902415,
	"roll" : -1.5078653937991082,
	"x" : 0.066627546759049708,
	"y" : -0.044872850793859213,
	"yaw" : 1.2902018620472446,
	"z" : -0.16992333675443433
}
