{
	"pitch" : 1.485050672004502,
	"roll" : -1.6580717989585374,
	"x" : 0.042956819055259568,
	"y" : 0.02594749347042306,
	"yaw" : 1.1641049519443445,
	"z" : -0.17167255376791815
}
