{
	"pitch" : 1.4777229222130672,
	"roll" : -1.6631577464700491,
	"x" : 0.027480556916221047,
	"y" : -0.011227783327212259,
	"yaw" : 1.156946179937048,
	"z" : -0.17087628444045663
}
