{
	"pitch" : 1.4639165534566188,
	"roll" : -1.3761314752414846,
	"x" : 0.024104688478235305,
	"y" : -0.28657858070634201,
	"yaw" : 1.4311158339447576,
	"z" : -0.17177591311627971
}
