{
	"pitch" : 1.4688531883805178,
	"roll" : -1.6117567131103259,
	"x" : -0.031158778260995723,
	"y" : -0.11936547977306182,
	"yaw" : 1.1990255645069965,
	"z" : -0.171487265764599
}
