{
	"pitch" : 1.4947602754736808,
	"roll" : -1.3475797370626665,
	"x" : 0.12589675153367108,
	"y" : 0.0018092377044152536,
	"yaw" : 1.4755323134142981,
	"z" : -0.1692126120975985
}
