{
	"pitch" : 1.4917470366422525,
	"roll" : -1.3882715818522338,
	"x" : 0.127049846686423,
	"y" : -0.019146068508081995,
	"yaw" : 1.4323192517118557,
	"z" : -0.1686826173443392
}
