{
	"pitch" : 1.4759212208134311,
	"roll" : -1.522557849282125,
	"x" : 0.072566618591081766,
	"y" : -0.029433361261972508,
	"yaw" : 1.2845430906190625,
	"z" : -0.21682481256828592
}
