{
	"pitch" : 1.4522206659355232,
	"roll" : -1.3895317442247457,
	"x" : -0.016986778912756503,
	"y" : -0.27742751802889598,
	"yaw" : 1.4227634506515325,
	"z" : -0.17247550819881
}
