{
	"pitch" : 1.4787326112380359,
	"roll" : -1.5252701313597627,
	"x" : 0.068459183626955189,
	"y" : -0.036898974141946012,
	"yaw" : 1.2860404420842368,
	"z" : -0.12551363319
}
