{
	"pitch" : 1.4751588338012711,
	"roll" : -1.5641433305048811,
	"x" : 0.06518342918279417,
	"y" : -0.050205637074973178,
	"yaw" : 1.248734576593612,
	"z" : -0.13711411728207171
}
