{
	"pitch" : 1.4890422470135596,
	"roll" : -1.5597411850194571,
	"x" : 0.078485622318085382,
	"y" : -0.0063055442516383609,
	"yaw" : 1.2538238310589644,
	"z" : -0.11878875931700031
}
