{
	"pitch" : 1.4710546954723078,
	"roll" : -1.3876422748940724,
	"x" : 0.035982947069061591,
	"y" : -0.1372208428480492,
	"yaw" : 1.4318330484101247,
	"z" : -0.19631726015035059
}
