{
	"pitch" : 1.4943908708805069,
	"roll" : -1.5391576832516702,
	"x" : 0.095935014351213821,
	"y" : 0.035816298951115183,
	"yaw" : 1.291830563656108,
	"z" : -0.17073194332026589
}
