{
	"pitch" : 1.4687495922624956,
	"roll" : -1.5107564268552582,
	"x" : 0.042517647471842127,
	"y" : -0.050248442280165673,
	"yaw" : 1.2991467412933091,
	"z" : -0.16979588471319548
}
