{
	"pitch" : 1.4598877417085414,
	"roll" : -1.3278964070236607,
	"x" : 0.07351873332410841,
	"y" : -0.26216311469878556,
	"yaw" : 1.4767116717334592,
	"z" : -0.16905579347931249
}
