{
	"pitch" : 1.471915194353391,
	"roll" : -1.3750973512683986,
	"x" : 0.094773157146847295,
	"y" : -0.19855609318562037,
	"yaw" : 1.4409020984614203,
	"z" : -0.16810012382486852
}
