{
	"pitch" : 1.4935675986372965,
	"roll" : -1.6389553403689159,
	"x" : 0.058929504695651405,
	"y" : 0.035676533706456542,
	"yaw" : 1.1944552432347848,
	"z" : -0.17143626364133774
}
