{
	"pitch" : 1.4898133095549713,
	"roll" : -1.304765662529058,
	"x" : 0.12500038564527544,
	"y" : -0.022997124743201303,
	"yaw" : 1.5183893143170515,
	"z" : -0.16855043579749823
}
