{
	"pitch" : 1.4719598166107772,
	"roll" : -1.5783125884301625,
	"x" : 0.046709220748256536,
	"y" : -0.051833314273152492,
	"yaw" : 1.2403721010466218,
	"z" : -0.16933213866383623
}
