{
	"pitch" : 1.4883277931028831,
	"roll" : -1.5240160320595084,
	"x" : 0.045927744181282759,
	"y" : -0.026760986396123829,
	"yaw" : 1.3006233793357667,
	"z" : -0.16811215773905494
}
