{
	"pitch" : 1.4860737122013659,
	"roll" : -1.6417071583118232,
	"x" : 0.03955016937006417,
	"y" : 0.022670899649561715,
	"yaw" : 1.1808779364051465,
	"z" : -0.17105016911079157
}
