{
	"pitch" : 1.4779680989773414,
	"roll" : -1.5542064329769636,
	"x" : 0.068454185370514856,
	"y" : -0.039506048410163697,
	"yaw" : 1.2557225894314765,
	"z" : -0.17027446774756375
}
