{
	"pitch" : 1.4791856980837486,
	"roll" : -1.4105515390379619,
	"x" : 0.083744367875354761,
	"y" : -0.062975621349730282,
	"yaw" : 1.4148836058164331,
	"z" : -0.16852063400923084
}
