{
	"pitch" : 1.4855235298725755,
	"roll" : -1.4054445339441595,
	"x" : 0.017242854779482453,
	"y" : -0.075389229129271526,
	"yaw" : 1.4224934366210644,
	"z" : -0.16841635916282313
}
