{
	"pitch" : 1.4535595839487068,
	"roll" : -1.4185857472093852,
	"x" : -0.0099707990804027841,
	"y" : -0.30555840062119666,
	"yaw" : 1.3868480181061242,
	"z" : -0.17322950487685421
}
