{
	"pitch" : 1.4792080022327734,
	"roll" : -1.620351532313445,
	"x" : 0.031877522203135625,
	"y" : 0.012274573377872253,
	"yaw" : 1.1973676390043946,
	"z" : -0.17028132377651314
}
