{
	"pitch" : 1.4842308116116425,
	"roll" : -1.6359297112545745,
	"x" : 0.039935076107826317,
	"y" : 0.022602534519102119,
	"yaw" : 1.1875871191115703,
	"z" : -0.17147776768923642
}
