{
	"pitch" : 1.4602121442328941,
	"roll" : -1.61488146906269,
	"x" : -0.08308855043734642,
	"y" : -0.18036578358123201,
	"yaw" : 1.1944253501024968,
	"z" : -0.1734504555018874
}
