{
	"pitch" : 1.4795125810567369,
	"roll" : -1.5517863079175673,
	"x" : 0.075295601004471538,
	"y" : -0.017099788868920943,
	"yaw" : 1.2592712481023023,
	"z" : -0.17029683290256972
}
