{
	"pitch" : 1.4576676107730906,
	"roll" : -1.5984015808385781,
	"x" : -0.035295921814849571,
	"y" : -0.15250597356779785,
	"yaw" : 1.2072537185698111,
	"z" : -0.17263042538002862
}
