{
	"pitch" : 1.4842652236904836,
	"roll" : -1.3639553506071769,
	"x" : 0.11510253279399887,
	"y" : -0.044908653457417465,
	"yaw" : 1.4585602011969938,
	"z" : -0.1681085590299693
}
