{
	"pitch" : 1.4739798092941379,
	"roll" : -1.4058936366297092,
	"x" : 0.074474291971602102,
	"y" : -0.063323593822237886,
	"yaw" : 1.4138524064983959,
	"z" : -0.1686410815302205
}
