{
	"pitch" : 1.4668506636609588,
	"roll" : -1.592177531438828,
	"x" : -0.032249601838762756,
	"y" : -0.11914809647005824,
	"yaw" : 1.218463521568443,
	"z" : -0.1713681324564833
}
