{
	"pitch" : 1.4770948577879062,
	"roll" : -1.6483555273939452,
	"x" : 0.026531947423232422,
	"y" : -0.0079307986504880048,
	"yaw" : 1.1700360086461365,
	"z" : -0.17109968900798778
}
