{
	"pitch" : 1.4703960167702999,
	"roll" : -1.5388723598212368,
	"x" : 0.022334304450434744,
	"y" : -0.17875859284884382,
	"yaw" : 1.272765341486733,
	"z" : -0.10309071099904733
}
