{
	"pitch" : 1.4842340987335902,
	"roll" : -1.6517996474587335,
	"x" : 0.039859659473313533,
	"y" : 0.022677862387985581,
	"yaw" : 1.172752815004473,
	"z" : -0.1714066782900151
}
