{
	"pitch" : 1.4762347998814764,
	"roll" : -1.4665478132868968,
	"x" : 0.062515629591987962,
	"y" : -0.019713155696149013,
	"yaw" : 1.3480521704481307,
	"z" : -0.16955504972395513
}
