{
	"pitch" : 1.4514570276605248,
	"roll" : -1.4031789138556234,
	"x" : -0.0012370323204422967,
	"y" : -0.25715877175470214,
	"yaw" : 1.3995685535558406,
	"z" : -0.1717143518721157
}
