{
	"pitch" : 1.4740915977107536,
	"roll" : -1.5227501887669392,
	"x" : 0.026389460295345536,
	"y" : -0.16699913893527674,
	"yaw" : 1.2893254316276732,
	"z" : -0.1152537037440336
}
