{
	"pitch" : 1.4967404715511108,
	"roll" : -1.4395327571869494,
	"x" : 0.12470313394220009,
	"y" : 0.0073371411296428851,
	"yaw" : 1.3829181167670177,
	"z" : -0.16936498435102704
}
