{
	"pitch" : 1.4873081908630232,
	"roll" : -1.4467991354230882,
	"x" : 0.019536822390432994,
	"y" : -0.0728089388583536,
	"yaw" : 1.3816755583269051,
	"z" : -0.16885346618934499
}
