{
	"pitch" : 1.4732767514677432,
	"roll" : -1.5579949345234576,
	"x" : 0.070338298519795478,
	"y" : -0.037133091203771423,
	"yaw" : 1.2513194123632758,
	"z" : -0.21339514172075733
}
