{
	"pitch" : 1.4838604187339781,
	"roll" : -1.6303835308808292,
	"x" : 0.028846219763220937,
	"y" : 0.0038744650179997793,
	"yaw" : 1.1908518303150422,
	"z" : -0.17096986174409567
}
