{
	"pitch" : 1.4829608622376196,
	"roll" : -1.5447845523600188,
	"x" : 0.076669643462535839,
	"y" : -0.013488670243359214,
	"yaw" : 1.2725168776457247,
	"z" : -0.16982178990954491
}
