{
	"pitch" : 1.4906290600809211,
	"roll" : -1.4089027316099458,
	"x" : 0.05425307462297161,
	"y" : -0.023563183608081066,
	"yaw" : 1.4137535874171914,
	"z" : -0.16884122504432666
}
