{
	"pitch" : 1.4733702537842759,
	"roll" : -1.4773255602758382,
	"x" : 0.072497645312251252,
	"y" : -0.062818497177438426,
	"yaw" : 1.3324793588970552,
	"z" : -0.16871661234975308
}
