{
	"pitch" : 1.4839682886210532,
	"roll" : -1.5835513624657671,
	"x" : 0.037060669902419352,
	"y" : -0.033187760424960716,
	"yaw" : 1.2406304050190329,
	"z" : -0.16961565227246952
}
