{
	"pitch" : 1.491547142162795,
	"roll" : -1.5869098497352967,
	"x" : 0.056834208787419307,
	"y" : 0.035730126074638727,
	"yaw" : 1.2459833655033679,
	"z" : -0.17124517715110768
}
