{
	"pitch" : 1.4808503535782127,
	"roll" : -1.6803488185800246,
	"x" : 0.035661061621169866,
	"y" : 0.016373946934561255,
	"yaw" : 1.1371319691493731,
	"z" : -0.17119051569024721
}
