{
	"pitch" : 1.4932064393348932,
	"roll" : -1.5789199891321959,
	"x" : 0.080729955269983569,
	"y" : 0.039589919985550844,
	"yaw" : 1.2504035074698394,
	"z" : -0.17095790788965598
}
