{
	"pitch" : 1.4887786254177668,
	"roll" : -1.3642496613941535,
	"x" : 0.1260649916401464,
	"y" : -0.020566552619090961,
	"yaw" : 1.4594474403785411,
	"z" : -0.16869074021952071
}
