{
	"pitch" : 1.4666931695946921,
	"roll" : -1.4950194293611461,
	"x" : 0.063497592080996923,
	"y" : -0.055927097244770768,
	"yaw" : 1.3112912327925901,
	"z" : -0.18963350194245635
}
