{
	"pitch" : 1.473165495577758,
	"roll" : -1.5978858263686992,
	"x" : 0.041322490102637902,
	"y" : -0.047302642206865218,
	"yaw" : 1.2214497883647377,
	"z" : -0.17010174178900708
}
