{
	"pitch" : 1.4984509373992707,
	"roll" : -1.4322279182057993,
	"x" : 0.10430963215800582,
	"y" : 0.031445772985863998,
	"yaw" : 1.3957372937833266,
	"z" : -0.1704460811681808
}
