{
	"pitch" : 1.4677791691469722,
	"roll" : -1.5514148388181497,
	"x" : 0.038711893799741187,
	"y" : -0.11398232430258023,
	"yaw" : 1.2580302934829655,
	"z" : -0.1700341536792685
}
