{
	"pitch" : 1.4946666446203523,
	"roll" : -1.5816681534580916,
	"x" : 0.092111230342778821,
	"y" : 0.032156394168985289,
	"yaw" : 1.2383154131797036,
	"z" : -0.1511272765066568
}
