{
	"pitch" : 1.4761842910346596,
	"roll" : -1.5783969924985668,
	"x" : 0.026620056591847872,
	"y" : -0.01813507925103959,
	"yaw" : 1.2408934931127986,
	"z" : -0.17055373893706377
}
