{
	"pitch" : 1.490672345981253,
	"roll" : -1.4364022801778504,
	"x" : 0.076006900440184225,
	"y" : -0.01160924979646318,
	"yaw" : 1.3811786886415558,
	"z" : -0.16907395749224655
}
