{
	"pitch" : 1.4734873397400199,
	"roll" : -1.557051066437976,
	"x" : 0.029916369456697116,
	"y" : -0.15922787930872745,
	"yaw" : 1.2533274690359935,
	"z" : -0.12314918570529648
}
