{
	"pitch" : 1.4938194529421258,
	"roll" : -1.59632488814897,
	"x" : 0.090379945094971811,
	"y" : 0.028553287644757463,
	"yaw" : 1.2236627044086978,
	"z" : -0.14355710747794856
}
