{
	"pitch" : 1.4760653050378421,
	"roll" : -1.5104833846599368,
	"x" : 0.061902353631057026,
	"y" : -0.058134402074920599,
	"yaw" : 1.3042164544919341,
	"z" : -0.15068043859632108
}
