{
	"pitch" : 1.472992146198882,
	"roll" : -1.5633957280277,
	"x" : 0.0398527608451274,
	"y" : -0.046223140839870773,
	"yaw" : 1.2563404160311689,
	"z" : -0.16989529781948995
}
