{
	"pitch" : 1.4740617491478858,
	"roll" : -1.4218622667482221,
	"x" : 0.074279358780942495,
	"y" : -0.063248389469113889,
	"yaw" : 1.3976107908808,
	"z" : -0.16869171130148455
}
