{
	"pitch" : 1.4524344006782359,
	"roll" : -1.4312276215019162,
	"x" : -0.071906764793041464,
	"y" : -0.254865354550743,
	"yaw" : 1.3685441108744103,
	"z" : -0.17385889217098713
}
