{
	"pitch" : 1.4606584763191257,
	"roll" : -1.2998214694895622,
	"x" : 0.014458135307846155,
	"y" : -0.20914930413524371,
	"yaw" : 1.5114616292238172,
	"z" : -0.27111637370614644
}
