{
	"pitch" : 1.494021285880333,
	"roll" : -1.5924213166779362,
	"x" : 0.088764156890937862,
	"y" : 0.024465838349366453,
	"yaw" : 1.225296689373744,
	"z" : -0.13756431629827617
}
