{
	"pitch" : 1.4849077730346045,
	"roll" : -1.5872758719168323,
	"x" : 0.090790465742562373,
	"y" : 0.026870312692750545,
	"yaw" : 1.2298072097780195,
	"z" : -0.19993825082517636
}
