{
	"pitch" : 1.4679560296065428,
	"roll" : -1.5164939532562671,
	"x" : 0.034429088575422269,
	"y" : -0.040686429751170497,
	"yaw" : 1.2913813896836759,
	"z" : -0.17102283862028733
}
