{
	"pitch" : 1.4741374151731221,
	"roll" : -1.5710459762069529,
	"x" : 0.049219301229080178,
	"y" : -0.027348861379993612,
	"yaw" : 1.2422730377589444,
	"z" : -0.17065165311417355
}
