{
	"pitch" : 1.4734219847408094,
	"roll" : -1.5269126662599699,
	"x" : 0.067065965854678722,
	"y" : -0.043670436483463373,
	"yaw" : 1.279694388866381,
	"z" : -0.16980645495018271
}
