{
	"pitch" : 1.4837405711135774,
	"roll" : -1.6372586851213915,
	"x" : 0.038416393185473866,
	"y" : 0.020756926119281018,
	"yaw" : 1.1860662965151312,
	"z" : -0.17143348856078133
}
