{
	"pitch" : 1.4660210517313115,
	"roll" : -1.5329220127098362,
	"x" : 0.064436994041624951,
	"y" : -0.054974658132134493,
	"yaw" : 1.2735599888904079,
	"z" : -0.19247219377060959
}
