{
	"pitch" : 1.4854020982006291,
	"roll" : -1.5788456217180671,
	"x" : 0.091457770751054934,
	"y" : 0.028385246955888781,
	"yaw" : 1.2388594162541877,
	"z" : -0.19710836891968084
}
