{
	"pitch" : 1.4871026759609423,
	"roll" : -1.3301173464374059,
	"x" : 0.1199074698470964,
	"y" : -0.037139928730380092,
	"yaw" : 1.4885784186389575,
	"z" : -0.16807712460263752
}
