{
	"pitch" : 1.4784423586034596,
	"roll" : -1.525196448229325,
	"x" : 0.068382934077596824,
	"y" : -0.036917683009189128,
	"yaw" : 1.2861281520162113,
	"z" : -0.12538471652446156
}
