{
	"pitch" : 1.4749932698915089,
	"roll" : -1.5057834955238856,
	"x" : 0.063235828408823178,
	"y" : -0.054787767167537665,
	"yaw" : 1.3069486680095219,
	"z" : -0.14435564828189901
}
