{
	"pitch" : 1.4514101661347063,
	"roll" : -1.4114099038226635,
	"x" : 0.0055794505526842453,
	"y" : -0.23549812831561592,
	"yaw" : 1.3883758706718197,
	"z" : -0.17055819108880954
}
