{
	"pitch" : 1.4720945469589681,
	"roll" : -1.5029980506722647,
	"x" : 0.065872871052089083,
	"y" : -0.047531268741783747,
	"yaw" : 1.3020833492654396,
	"z" : -0.1692829392203796
}
