{
	"pitch" : 1.4613226790566252,
	"roll" : -1.4823406367860683,
	"x" : 0.060963383857947362,
	"y" : -0.059008799261789285,
	"yaw" : 1.3229258789383385,
	"z" : -0.17015281225790341
}
