{
	"pitch" : 1.4755209955034891,
	"roll" : -1.5116747872461389,
	"x" : 0.062104415333655877,
	"y" : -0.058610241528956941,
	"yaw" : 1.3030999140996107,
	"z" : -0.15179079025842643
}
