{
	"pitch" : 1.4770987981886381,
	"roll" : -1.6009526977850732,
	"x" : 0.042447654342255232,
	"y" : -0.12271787760294144,
	"yaw" : 1.2167779957977822,
	"z" : -0.15899491731016946
}
