{
	"pitch" : 1.4859346724025979,
	"roll" : -1.6043501236394755,
	"x" : 0.087443277133220212,
	"y" : 0.017134604092282069,
	"yaw" : 1.2107820338416024,
	"z" : -0.2102609649621591
}
