{
	"pitch" : 1.4931584252258334,
	"roll" : -1.5268178197902786,
	"x" : 0.080421949827047229,
	"y" : 0.0039472294444088517,
	"yaw" : 1.2870614264606357,
	"z" : -0.12167400974730164
}
