{
	"pitch" : 1.4519069764053656,
	"roll" : -1.4274813527159402,
	"x" : -0.017127322519478363,
	"y" : -0.30747009082019239,
	"yaw" : 1.3753646352460784,
	"z" : -0.17139036769124902
}
