{
	"pitch" : 1.4801370479779539,
	"roll" : -1.5131565657333315,
	"x" : 0.071340624585522608,
	"y" : -0.026113718472199184,
	"yaw" : 1.2984735381632724,
	"z" : -0.16997756685985746
}
