{
	"pitch" : 1.480915138663697,
	"roll" : -1.6815777984271434,
	"x" : 0.035133610128227209,
	"y" : 0.015814521659209657,
	"yaw" : 1.1348420212590398,
	"z" : -0.17100927329728513
}
