{
	"pitch" : 1.451734528424798,
	"roll" : -1.4345596219451859,
	"x" : -0.014857049127414132,
	"y" : -0.30807406184894742,
	"yaw" : 1.371011226170276,
	"z" : -0.17317941682110918
}
