{
	"pitch" : 1.4772956793058758,
	"roll" : -1.5523069213642375,
	"x" : 0.074453480359792407,
	"y" : -0.019250396146885486,
	"yaw" : 1.2584039987741913,
	"z" : -0.17024186765896326
}
