{
	"pitch" : 1.4491155774642472,
	"roll" : -1.4063544867187259,
	"x" : -0.016907981975012171,
	"y" : -0.30882935751327373,
	"yaw" : 1.3951926387016724,
	"z" : -0.17276818711282327
}
