{
	"pitch" : 1.4671217123628211,
	"roll" : -1.3628620823937365,
	"x" : 0.034195153556943324,
	"y" : -0.14348396818426995,
	"yaw" : 1.4542588525895301,
	"z" : -0.20426916294169456
}
