{
	"pitch" : 1.4802835116791573,
	"roll" : -1.542821666634677,
	"x" : 0.075512718967484196,
	"y" : -0.018459936343947048,
	"yaw" : 1.2656650107100293,
	"z" : -0.22032843175562256
}
