{
	"pitch" : 1.4436689443953694,
	"roll" : -1.3705144840301706,
	"x" : -0.013743950073021927,
	"y" : -0.29512035780364154,
	"yaw" : 1.4324868335218621,
	"z" : -0.17301332298888497
}
