{
	"pitch" : 1.4582917488881928,
	"roll" : -1.4499990337629869,
	"x" : -0.059783295798601685,
	"y" : -0.26397280592236355,
	"yaw" : 1.3636517328851427,
	"z" : -0.1740640114707471
}
