{
	"pitch" : 1.4812315006104444,
	"roll" : -1.4977813522580221,
	"x" : 0.069531262952752304,
	"y" : -0.033028546498443348,
	"yaw" : 1.3138766704308626,
	"z" : -0.12382202679300514
}
