{
	"pitch" : 1.5037905802445399,
	"roll" : -1.4870478731861621,
	"x" : 0.10787914644569868,
	"y" : 0.029526806665679643,
	"yaw" : 1.3448982241022298,
	"z" : -0.1699347378803969
}
