{
	"pitch" : 1.4605384771114216,
	"roll" : -1.4855107931488354,
	"x" : 0.058558198582459906,
	"y" : -0.066834658031643929,
	"yaw" : 1.3176802834731534,
	"z" : -0.17008499851835318
}
