{
	"pitch" : 1.481940152543147,
	"roll" : -1.5020358514216055,
	"x" : 0.069896811869404829,
	"y" : -0.032526105320351786,
	"yaw" : 1.3097231449939093,
	"z" : -0.1238847960293753
}
