{
	"pitch" : 1.4826482616634962,
	"roll" : -1.3734815616871701,
	"x" : 0.11379793315002255,
	"y" : -0.046692073920567789,
	"yaw" : 1.449166207927733,
	"z" : -0.1682104518346966
}
