{
	"pitch" : 1.4577276623113506,
	"roll" : -1.4785068335303961,
	"x" : -0.03247297135151421,
	"y" : -0.27231445914341601,
	"yaw" : 1.3322515282493497,
	"z" : -0.1732650146319647
}
