{
	"pitch" : 1.4868066578538539,
	"roll" : -1.3785079234108517,
	"x" : 0.1232208477744387,
	"y" : -0.03260881741112686,
	"yaw" : 1.4408896503234567,
	"z" : -0.16889713075931923
}
