{
	"pitch" : 1.499121496955135,
	"roll" : -1.4432841507658958,
	"x" : 0.1035185748596332,
	"y" : 0.031972555065533294,
	"yaw" : 1.3854778185588776,
	"z" : -0.1700288215270703
}
