{
	"pitch" : 1.4610021606117494,
	"roll" : -1.3257029931416204,
	"x" : 0.062400798207489463,
	"y" : -0.26661414170660691,
	"yaw" : 1.4830159792992814,
	"z" : -0.1700206825577866
}
