{
	"pitch" : 1.467020081157034,
	"roll" : -1.5926526851211376,
	"x" : -0.032270406961292936,
	"y" : -0.11915097260390217,
	"yaw" : 1.217929835355537,
	"z" : -0.17147842813622116
}
