{
	"pitch" : 1.5034923121597219,
	"roll" : -1.4817870607061174,
	"x" : 0.10819172613607504,
	"y" : 0.029488867618230524,
	"yaw" : 1.349924024357176,
	"z" : -0.17003476515800731
}
