{
	"pitch" : 1.45778054436673,
	"roll" : -1.3845078587630983,
	"x" : 0.018924800817770218,
	"y" : -0.19526005377595848,
	"yaw" : 1.4302675932655133,
	"z" : -0.25859772281712312
}
