{
	"pitch" : 1.4962499453308766,
	"roll" : -1.4507923031973506,
	"x" : 0.11162615245984728,
	"y" : 0.025002226329610681,
	"yaw" : 1.3760276731568148,
	"z" : -0.16976244122701706
}
