{
	"pitch" : 1.4688648038333574,
	"roll" : -1.4815893063816399,
	"x" : 0.0028695600245938896,
	"y" : -0.2401667808485822,
	"yaw" : 1.326406146553184,
	"z" : -0.10078334063163127
}
