{
	"pitch" : 1.4792882478771927,
	"roll" : -1.5592798610509642,
	"x" : 0.077752252200505231,
	"y" : -0.011871623766970905,
	"yaw" : 1.242030980263473,
	"z" : -0.16876733263014393
}
