{
	"pitch" : 1.4832464700437977,
	"roll" : -1.5560966385473964,
	"x" : 0.070162656970318898,
	"y" : -0.028999994907444239,
	"yaw" : 1.2568076026739148,
	"z" : -0.12207541848027463
}
