{
	"pitch" : 1.4704989306019296,
	"roll" : -1.4979818598967165,
	"x" : 0.053681291515774304,
	"y" : -0.056282249869750819,
	"yaw" : 1.3185283024988279,
	"z" : -0.16905961572426365
}
