{
	"pitch" : 1.478509901797433,
	"roll" : -1.4917496994557813,
	"x" : 0.075424545493001038,
	"y" : -0.016677283893130335,
	"yaw" : 1.3217443419959223,
	"z" : -0.1699436044432385
}
