{
	"pitch" : 1.4688898818426517,
	"roll" : -1.5261551847319079,
	"x" : 0.036242912675590745,
	"y" : -0.042824844803655102,
	"yaw" : 1.2840785214972943,
	"z" : -0.17016889134527236
}
