{
	"pitch" : 1.4731108135203199,
	"roll" : -1.4487660714536359,
	"x" : 0.060387436803818396,
	"y" : -0.05886715517549445,
	"yaw" : 1.3704883160065342,
	"z" : -0.16882271939234211
}
