{
	"pitch" : 1.49626515140704,
	"roll" : -1.4906452174402554,
	"x" : 0.078995619376520512,
	"y" : 0.039856340094226277,
	"yaw" : 1.3440955393539433,
	"z" : -0.17083411179593821
}
