{
	"pitch" : 1.4803896798345586,
	"roll" : -1.5235479059097687,
	"x" : 0.080475250086867747,
	"y" : -0.0038924126081693374,
	"yaw" : 1.288041604614881,
	"z" : -0.21913302944270491
}
