{
	"pitch" : 1.4793750906594818,
	"roll" : -1.5528421377337689,
	"x" : 0.076297188569270882,
	"y" : -0.017788927467396812,
	"yaw" : 1.2563522239034215,
	"z" : -0.22054327507911217
}
