{
	"pitch" : 1.4820437653679503,
	"roll" : -1.5033073801044237,
	"x" : 0.085390212774267588,
	"y" : 0.01253766908160118,
	"yaw" : 1.3076391679896793,
	"z" : -0.2132014887908292
}
