{
	"pitch" : 1.4623594747852593,
	"roll" : -1.2886679865968935,
	"x" : 0.11002085482271774,
	"y" : -0.2420713961679771,
	"yaw" : 1.5257156285872853,
	"z" : -0.16823722262280685
}
