{
	"pitch" : 1.4933728342038857,
	"roll" : -1.5407312730320448,
	"x" : 0.09151575729542917,
	"y" : 0.032629100257436455,
	"yaw" : 1.2769211824294158,
	"z" : -0.18835724873372414
}
