{
	"pitch" : 1.4637200683254812,
	"roll" : -1.4986491162222424,
	"x" : 0.01209192926098239,
	"y" : -0.21147136670527122,
	"yaw" : 1.3115065271401001,
	"z" : -0.070424135344424446
}
