{
	"pitch" : 1.4938870671757485,
	"roll" : -1.3481221356301101,
	"x" : 0.12582718634391152,
	"y" : -6.8891659133058641e-05,
	"yaw" : 1.4740544848928063,
	"z" : -0.16899575176921888
}
