{
	"pitch" : 1.4926313216406659,
	"roll" : -1.6133604188605988,
	"x" : 0.062403320046042786,
	"y" : 0.036764361204518793,
	"yaw" : 1.220016867580529,
	"z" : -0.17145721067594477
}
