{
	"pitch" : 1.4595794550960677,
	"roll" : -1.5990247992796989,
	"x" : -0.019337452656224025,
	"y" : -0.14452375788854749,
	"yaw" : 1.2077854078116799,
	"z" : -0.17270753246333309
}
