{
	"pitch" : 1.4648064687862463,
	"roll" : -1.5421029398680512,
	"x" : 0.019250919868585903,
	"y" : -0.19083988383585013,
	"yaw" : 1.267556276168825,
	"z" : -0.091706320053952919
}
