{
	"pitch" : 1.4979438718809657,
	"roll" : -1.361328591498703,
	"x" : 0.11028130085830787,
	"y" : 0.026261807026487602,
	"yaw" : 1.4664430553150398,
	"z" : -0.16966139194662025
}
