{
	"pitch" : 1.493079963893196,
	"roll" : -1.5173630838801198,
	"x" : 0.080672801744062772,
	"y" : 0.0043844833703089777,
	"yaw" : 1.2963926506071435,
	"z" : -0.12198960225273564
}
