{
	"pitch" : 1.4908966746456715,
	"roll" : -1.3570630638824681,
	"x" : 0.1268534808384455,
	"y" : -0.020671195981082219,
	"yaw" : 1.4631053318498617,
	"z" : -0.16868296844830785
}
