{
	"pitch" : 1.4797367466667761,
	"roll" : -1.5294150917636631,
	"x" : 0.077982330433329347,
	"y" : -0.012426941243664554,
	"yaw" : 1.2803471430572553,
	"z" : -0.22040106511780877
}
