{
	"pitch" : 1.4963780189682199,
	"roll" : -1.4556106626802119,
	"x" : 0.11785489226352672,
	"y" : 0.01925566852413569,
	"yaw" : 1.372886324879832,
	"z" : -0.17016145688491252
}
