{
	"pitch" : 1.4946080112041176,
	"roll" : -1.5674386641735263,
	"x" : 0.08405620737808954,
	"y" : 0.039025293404211382,
	"yaw" : 1.2631227886720497,
	"z" : -0.17090513430930276
}
