{
	"pitch" : 1.468076747367155,
	"roll" : -1.4761406610084129,
	"x" : 0.00057793842552002206,
	"y" : -0.24663244909569398,
	"yaw" : 1.3363862395193828,
	"z" : -0.10798145286633162
}
