{
	"pitch" : 1.4705341491587212,
	"roll" : -1.4814171310417781,
	"x" : 0.058986681687511408,
	"y" : -0.060257947277649056,
	"yaw" : 1.3329395850610943,
	"z" : -0.16894730716207057
}
