{
	"pitch" : 1.476030374977664,
	"roll" : -1.452992568311825,
	"x" : 0.064701075261938648,
	"y" : -0.051547009616971298,
	"yaw" : 1.3537889548363258,
	"z" : -0.16971163190234012
}
