{
	"pitch" : 1.4960700652140881,
	"roll" : -1.503128276635985,
	"x" : 0.098345741217732041,
	"y" : 0.034982818953485227,
	"yaw" : 1.3268941917112407,
	"z" : -0.17111557149007103
}
