{
	"pitch" : 1.4624072915085464,
	"roll" : -1.3008643782386493,
	"x" : 0.11036275759312469,
	"y" : -0.24190591503718961,
	"yaw" : 1.5129143803997493,
	"z" : -0.16826679068120157
}
