{
	"pitch" : 1.482230924148803,
	"roll" : -1.6110331904609005,
	"x" : 0.027184689977916128,
	"y" : -0.000698364010886127,
	"yaw" : 1.2103800259160924,
	"z" : -0.17065860082463485
}
