{
	"pitch" : 1.4673353805806451,
	"roll" : -1.447017754827415,
	"x" : 0.039626765870036169,
	"y" : -0.12716877203337099,
	"yaw" : 1.3652484881687321,
	"z" : -0.18642766631563196
}
