{
	"pitch" : 1.4872157841943299,
	"roll" : -1.306173424530211,
	"x" : 0.12100770468956412,
	"y" : -0.03589907732429036,
	"yaw" : 1.511741320638285,
	"z" : -0.16801948894867738
}
