{
	"pitch" : 1.4766209542032305,
	"roll" : -1.5363142764883078,
	"x" : 0.064375381577376323,
	"y" : -0.053745410687943404,
	"yaw" : 1.275919014118386,
	"z" : -0.14212266710698829
}
