{
	"pitch" : 1.4822106217193614,
	"roll" : -1.6338490336456437,
	"x" : 0.030106724866698999,
	"y" : 0.0073518068745186127,
	"yaw" : 1.1892909227010799,
	"z" : -0.17101856321609063
}
