{
	"pitch" : 1.4828348059662171,
	"roll" : -1.3605901762679176,
	"x" : 0.1142632519474177,
	"y" : -0.0462254042796863,
	"yaw" : 1.4618919754043356,
	"z" : -0.16820490729215454
}
