{
	"pitch" : 1.4955341062315108,
	"roll" : -1.5590241326231664,
	"x" : 0.07042538225549215,
	"y" : 0.039174249544723976,
	"yaw" : 1.2757148952099033,
	"z" : -0.17138002227991356
}
