{
	"pitch" : 1.4884632904103456,
	"roll" : -1.4010641124023713,
	"x" : 0.12468075113926315,
	"y" : -0.028697281085813587,
	"yaw" : 1.4198194182129742,
	"z" : -0.16900220400679383
}
