{
	"pitch" : 1.4757635078946851,
	"roll" : -1.581128331838894,
	"x" : 0.030242220216860904,
	"y" : -0.031554356904175511,
	"yaw" : 1.2387157818702399,
	"z" : -0.1698087474991041
}
