{
	"pitch" : 1.4960080617927967,
	"roll" : -1.5503186904152422,
	"x" : 0.092813976636144269,
	"y" : 0.036094594902635391,
	"yaw" : 1.2705760364129619,
	"z" : -0.17224185273029552
}
