{
	"pitch" : 1.490408239250852,
	"roll" : -1.5324742829730431,
	"x" : 0.06517374780449843,
	"y" : -0.026287783287260474,
	"yaw" : 1.287490008424214,
	"z" : -0.17045599798679648
}
