{
	"pitch" : 1.4697513737121046,
	"roll" : -1.5494611499842403,
	"x" : 0.021967725250961995,
	"y" : -0.17963289097852492,
	"yaw" : 1.2605243842585425,
	"z" : -0.10214326412673583
}
