{
	"pitch" : 1.4779389969200618,
	"roll" : -1.5519648632696896,
	"x" : 0.073972678118012794,
	"y" : -0.020288592623727283,
	"yaw" : 1.2583614393560851,
	"z" : -0.17007929360674112
}
