{
	"pitch" : 1.4964206474886166,
	"roll" : -1.4573234184400943,
	"x" : 0.11794695640678368,
	"y" : 0.019440785403056299,
	"yaw" : 1.3715530637417241,
	"z" : -0.17019668861143883
}
