{
	"pitch" : 1.4689362226570806,
	"roll" : -1.5835593915028225,
	"x" : 0.031747531304371773,
	"y" : -0.035963364078879859,
	"yaw" : 1.2242864242642473,
	"z" : -0.17031143526228201
}
