{
	"pitch" : 1.4554357422551767,
	"roll" : -1.4288482153523125,
	"x" : -0.013434972653167371,
	"y" : -0.29414670382802982,
	"yaw" : 1.3791138851927018,
	"z" : -0.15712166929484647
}
