{
	"pitch" : 1.4796326230271342,
	"roll" : -1.4401990811296086,
	"x" : 0.088935506237133574,
	"y" : -0.061561256139217271,
	"yaw" : 1.3755470756184052,
	"z" : -0.16912401750667752
}
