{
	"pitch" : 1.4788607583295734,
	"roll" : -1.5723139696053887,
	"x" : 0.061262525755372416,
	"y" : -0.14276115199383457,
	"yaw" : 1.233246109184903,
	"z" : -0.16985298508516908
}
