{
	"pitch" : 1.4762815978238184,
	"roll" : -1.509479407608278,
	"x" : 0.044814463229221495,
	"y" : -0.11253324803545627,
	"yaw" : 1.3051924264257893,
	"z" : -0.17015616786162707
}
