{
	"pitch" : 1.4689419042574252,
	"roll" : -1.5073369986602414,
	"x" : 0.065998059124559361,
	"y" : -0.047453352425456487,
	"yaw" : 1.2974179617532804,
	"z" : -0.20393897484922258
}
