{
	"pitch" : 1.4574011461374996,
	"roll" : -1.4694308025099694,
	"x" : -0.048351031246583631,
	"y" : -0.26744930246198023,
	"yaw" : 1.3432532286096626,
	"z" : -0.1737805331254679
}
