{
	"pitch" : 1.492793716147417,
	"roll" : -1.5616468317632379,
	"x" : 0.069778084915058061,
	"y" : 0.039086598833780316,
	"yaw" : 1.266981172025047,
	"z" : -0.1712680797674809
}
