{
	"pitch" : 1.4507188302160949,
	"roll" : -1.4410601764490694,
	"x" : 0.0175729367014303,
	"y" : -0.19818885935175692,
	"yaw" : 1.3616384401521857,
	"z" : -0.16995741351199875
}
