{
	"pitch" : 1.481020756598501,
	"roll" : -1.3602946102567395,
	"x" : 0.090736093050070132,
	"y" : -0.060588079415143548,
	"yaw" : 1.4649162160159348,
	"z" : -0.1679615238262101
}
