{
	"pitch" : 1.4594808279455875,
	"roll" : -1.3992787324794158,
	"x" : 0.020736958525428277,
	"y" : -0.19151175044744739,
	"yaw" : 1.4214321152355254,
	"z" : -0.2548757098142565
}
