{
	"pitch" : 1.4883562767901912,
	"roll" : -1.516289943377825,
	"x" : 0.079441187750615913,
	"y" : -0.0032833953878958124,
	"yaw" : 1.2970870243155654,
	"z" : -0.11903282340640031
}
