{
	"pitch" : 1.4477008768005004,
	"roll" : -1.2687157497882666,
	"x" : 0.053488063233933306,
	"y" : -0.30042466644533161,
	"yaw" : 1.5405892577953599,
	"z" : -0.17016402827410271
}
