{
	"pitch" : 1.4986009585055484,
	"roll" : -1.4357813814574634,
	"x" : 0.10430435174700992,
	"y" : 0.031513391040421806,
	"yaw" : 1.3921878753901487,
	"z" : -0.17041282218649365
}
