{
	"pitch" : 1.4732423551058893,
	"roll" : -1.6736915733105033,
	"x" : 0.027528588339877785,
	"y" : -0.018151754679460758,
	"yaw" : 1.1395482167532465,
	"z" : -0.17101676876215754
}
