{
	"pitch" : 1.4698592338258472,
	"roll" : -1.6301824813213202,
	"x" : 0.030177829650180669,
	"y" : -0.029037170873940952,
	"yaw" : 1.1857041216293365,
	"z" : -0.17000719119788291
}
