{
	"pitch" : 1.4691416181427479,
	"roll" : -1.5333301467525493,
	"x" : 0.067185110789315786,
	"y" : -0.045357586072274816,
	"yaw" : 1.2732606194756946,
	"z" : -0.20667335967351574
}
