{
	"pitch" : 1.4777759960548198,
	"roll" : -1.5528655991155762,
	"x" : 0.073799097174184772,
	"y" : -0.020612684657052609,
	"yaw" : 1.2574627015565876,
	"z" : -0.17007876640891431
}
