{
	"pitch" : 1.4679514971867638,
	"roll" : -1.5595290122525476,
	"x" : 0.040559444952285535,
	"y" : -0.11309876804519214,
	"yaw" : 1.2518734129249314,
	"z" : -0.16979645497684379
}
