{
	"pitch" : 1.4968465717358925,
	"roll" : -1.5251980073843368,
	"x" : 0.091948057662826058,
	"y" : 0.036456836752519796,
	"yaw" : 1.2964767678458593,
	"z" : -0.16996910955149103
}
