{
	"pitch" : 1.4670636941762201,
	"roll" : -1.2999959814749813,
	"x" : 0.10471296154551596,
	"y" : -0.24362419452898115,
	"yaw" : 1.511484043743345,
	"z" : -0.16804976619342446
}
