{
	"pitch" : 1.4743076941234421,
	"roll" : -1.5204071816264482,
	"x" : 0.044816507449581669,
	"y" : -0.11107747026803295,
	"yaw" : 1.2941421322494939,
	"z" : -0.16949827197924616
}
