{
	"pitch" : 1.4908929094358052,
	"roll" : -1.4406646994639762,
	"x" : 0.076110508915359962,
	"y" : -0.011541784612630045,
	"yaw" : 1.3769824056600957,
	"z" : -0.16905075272705278
}
