{
	"pitch" : 1.4568087095011051,
	"roll" : -1.5849156419031911,
	"x" : -0.083854304301927488,
	"y" : -0.17974276726542551,
	"yaw" : 1.2267746465485176,
	"z" : -0.17372949602579862
}
