{
	"pitch" : 1.486060338719893,
	"roll" : -1.5533440479608589,
	"x" : 0.091221547595594907,
	"y" : 0.029116869376769477,
	"yaw" : 1.2642377564134524,
	"z" : -0.19597403291819562
}
