{
	"pitch" : 1.4761317667986296,
	"roll" : -1.5401905325111955,
	"x" : 0.064644550477266249,
	"y" : -0.052998028426997579,
	"yaw" : 1.2713604626761774,
	"z" : -0.14136351896998767
}
