{
	"pitch" : 1.4685722117139499,
	"roll" : -1.4307284246801621,
	"x" : 0.065117004908797751,
	"y" : -0.061686396094430176,
	"yaw" : 1.3854638706842866,
	"z" : -0.16923873566706843
}
