{
	"pitch" : 1.484353998715475,
	"roll" : -1.5133142265040676,
	"x" : 0.04732092148042414,
	"y" : -0.11506997423349111,
	"yaw" : 1.3070988014184572,
	"z" : -0.17020501587720768
}
