{
	"pitch" : 1.4926632738291661,
	"roll" : -1.506737362475824,
	"x" : 0.093558146232457257,
	"y" : 0.037628751879943162,
	"yaw" : 1.3240541468372087,
	"z" : -0.17133259576378038
}
