{
	"pitch" : 1.4847309650817071,
	"roll" : -1.3280267231675054,
	"x" : 0.12318800510617756,
	"y" : -0.031846534013614355,
	"yaw" : 1.4957640170098738,
	"z" : -0.16824705271799439
}
