{
	"pitch" : 1.4616266054972236,
	"roll" : -1.2936509064393138,
	"x" : 0.056741862148109459,
	"y" : -0.26970867091313427,
	"yaw" : 1.5126134954433248,
	"z" : -0.1695785982818234
}
