{
	"pitch" : 1.4742408135486507,
	"roll" : -1.631934587289678,
	"x" : 0.02682767050044807,
	"y" : -0.016492790891659469,
	"yaw" : 1.1870926213101236,
	"z" : -0.17115869601416436
}
