{
	"pitch" : 1.4995991923906302,
	"roll" : -1.4806241702702749,
	"x" : 0.058228768480776162,
	"y" : -0.063139769949293795,
	"yaw" : 1.3282634535174922,
	"z" : -0.19566071217122977
}
