{
	"pitch" : 1.5013897061673662,
	"roll" : -1.516977353454213,
	"x" : 0.11463786797938741,
	"y" : 0.02304508448917858,
	"yaw" : 1.3143691606405321,
	"z" : -0.16966353421748717
}
