{
	"pitch" : 1.4946384136694422,
	"roll" : -1.4362280282742879,
	"x" : 0.12592277394304177,
	"y" : 0.0029155830216371133,
	"yaw" : 1.3901657571139887,
	"z" : -0.17005786743074033
}
