{
	"pitch" : 1.4474346445152098,
	"roll" : -1.4863434877754975,
	"x" : -0.077726899476697503,
	"y" : -0.25792657529416457,
	"yaw" : 1.3166745513630247,
	"z" : -0.17439330425217042
}
