{
	"pitch" : 1.4736611268910564,
	"roll" : -1.5124122416542105,
	"x" : 0.071533695930777866,
	"y" : -0.031876645276005589,
	"yaw" : 1.294948096836565,
	"z" : -0.21592605261858799
}
