{
	"pitch" : 1.470721359692031,
	"roll" : -1.6002309978438471,
	"x" : 0.033307879014705166,
	"y" : -0.03534212073188437,
	"yaw" : 1.2088030670850403,
	"z" : -0.1702437922535672
}
