{
	"pitch" : 1.4881381251353902,
	"roll" : -1.5058353436189864,
	"x" : 0.07678933405154717,
	"y" : -0.012984861882491391,
	"yaw" : 1.3116610676632185,
	"z" : -0.16990929408373745
}
