{
	"pitch" : 1.4710490425843923,
	"roll" : -1.4997906947057957,
	"x" : 0.064628114820507579,
	"y" : -0.051794505679650882,
	"yaw" : 1.3095314728036558,
	"z" : -0.16958181205078313
}
