{
	"pitch" : 1.4749291897396639,
	"roll" : -1.5804132345542317,
	"x" : 0.02942336709713253,
	"y" : -0.031519116434649622,
	"yaw" : 1.2342453825232258,
	"z" : -0.16960508497627419
}
