{
	"pitch" : 1.468975026745589,
	"roll" : -1.3747746826072738,
	"x" : 0.016950185459505926,
	"y" : -0.20388783855713824,
	"yaw" : 1.4378401374261502,
	"z" : -0.26791163873582002
}
