{
	"pitch" : 1.489161162712036,
	"roll" : -1.5137168469679294,
	"x" : 0.079202750183548679,
	"y" : -0.0034659595153658292,
	"yaw" : 1.2994579425358261,
	"z" : -0.11894991632792508
}
