{
	"pitch" : 1.4945375506329936,
	"roll" : -1.3440408660657046,
	"x" : 0.12591858445611559,
	"y" : 0.0016776283991525118,
	"yaw" : 1.4788357946600295,
	"z" : -0.16920012274619328
}
