{
	"pitch" : 1.4545769580429178,
	"roll" : -1.3655359783156877,
	"x" : 0.070122940852458099,
	"y" : -0.27505071960812394,
	"yaw" : 1.4390662681941426,
	"z" : -0.1702315997253678
}
