{
	"pitch" : 1.4546982953201453,
	"roll" : -1.4268740079477036,
	"x" : 0.0027175214918726126,
	"y" : -0.29818969928439432,
	"yaw" : 1.3826739030108195,
	"z" : -0.1728981493090504
}
