{
	"pitch" : 1.484031236592195,
	"roll" : -1.656212402064597,
	"x" : 0.03996430681869409,
	"y" : 0.022679721947460901,
	"yaw" : 1.168588295327301,
	"z" : -0.17143992462942498
}
