{
	"pitch" : 1.4810515886885411,
	"roll" : -1.5157684453543792,
	"x" : 0.062626772252756438,
	"y" : -0.14596503840734423,
	"yaw" : 1.2890975464400811,
	"z" : -0.16938159456370672
}
