{
	"pitch" : 1.4751839798550008,
	"roll" : -1.4384985706256648,
	"x" : 0.078630935207689587,
	"y" : -0.062896932403641179,
	"yaw" : 1.376057870009695,
	"z" : -0.1687158907811821
}
