{
	"pitch" : 1.481589860424684,
	"roll" : -1.3939628503124981,
	"x" : 0.10519302865209848,
	"y" : -0.053983757961014261,
	"yaw" : 1.4287139857494586,
	"z" : -0.16838884430978424
}
