{
	"pitch" : 1.4664044601922415,
	"roll" : -1.5844722076674125,
	"x" : -0.033015543359091196,
	"y" : -0.11835718120310468,
	"yaw" : 1.2247860893880993,
	"z" : -0.17176589935973138
}
