{
	"pitch" : 1.4450246434117984,
	"roll" : -1.4018581567782467,
	"x" : -0.016309557443776532,
	"y" : -0.30873600124942713,
	"yaw" : 1.3992687031214048,
	"z" : -0.17422607279972552
}
