{
	"pitch" : 1.4638535235619945,
	"roll" : -1.4858503451663903,
	"x" : 0.011305847167916452,
	"y" : -0.21291189022704488,
	"yaw" : 1.3266776076758231,
	"z" : -0.071648114396708443
}
