{
	"pitch" : 1.4817149779169787,
	"roll" : -1.3519214727726279,
	"x" : 0.11135729483325633,
	"y" : -0.049532227347921981,
	"yaw" : 1.4716483364549056,
	"z" : -0.16841130710818344
}
