{
	"pitch" : 1.4566489824991447,
	"roll" : -1.4256709608311531,
	"x" : 0.013587398888474531,
	"y" : -0.20932609004381711,
	"yaw" : 1.3746414086229199,
	"z" : -0.17030214680766825
}
