{
	"pitch" : 1.4706278200888832,
	"roll" : -1.3658161438444192,
	"x" : 0.017862591398067777,
	"y" : -0.19977177856662398,
	"yaw" : 1.4471689044426739,
	"z" : -0.26530554685530394
}
