{
	"pitch" : 1.480198149625068,
	"roll" : -1.4158775105982722,
	"x" : 0.098232181478050781,
	"y" : -0.05790740055711012,
	"yaw" : 1.4058884863447747,
	"z" : -0.16863003655634173
}
