{
	"pitch" : 1.4827908364697442,
	"roll" : -1.5372972281928721,
	"x" : 0.090973842415120645,
	"y" : 0.030106379245198885,
	"yaw" : 1.2789472003350664,
	"z" : -0.1948652569338033
}
