{
	"pitch" : 1.4724073855810935,
	"roll" : -1.4252505133308835,
	"x" : 0.10388488074163391,
	"y" : -0.16321870306359743,
	"yaw" : 1.3681918036185376,
	"z" : -0.1684275457441661
}
