{
	"pitch" : 1.4926437661375023,
	"roll" : -1.447596905119138,
	"x" : 0.12896261742080439,
	"y" : -0.013664450340955646,
	"yaw" : 1.3740945574964136,
	"z" : -0.16933624583295001
}
