{
	"pitch" : 1.4615349115235774,
	"roll" : -1.5128325852257292,
	"x" : 0.013699539507235625,
	"y" : -0.20393388018695743,
	"yaw" : 1.2937649394939967,
	"z" : -0.07801011225479082
}
