{
	"pitch" : 1.4660632133840381,
	"roll" : -1.3297273629601687,
	"x" : 0.01628443074383229,
	"y" : -0.20767665452853037,
	"yaw" : 1.4838950488731677,
	"z" : -0.2698186197733996
}
