{
	"pitch" : 1.4781789310250646,
	"roll" : -1.5039034574412191,
	"x" : 0.065765376465638417,
	"y" : -0.045093741928131648,
	"yaw" : 1.3076247482886159,
	"z" : -0.13225631538870897
}
