{
	"pitch" : 1.4829995816430017,
	"roll" : -1.5132415343151169,
	"x" : 0.047760502542362387,
	"y" : -0.11718434114309692,
	"yaw" : 1.3012196039158801,
	"z" : -0.1701150610957152
}
