{
	"pitch" : 1.4966433972840094,
	"roll" : -1.3700882666592027,
	"x" : 0.06256902220033761,
	"y" : -0.057061999783706609,
	"yaw" : 1.4440730446554308,
	"z" : -0.19163763383269317
}
