{
	"pitch" : 1.474587910048885,
	"roll" : -1.5788680608448857,
	"x" : 0.029568303704980967,
	"y" : -0.031605066217076427,
	"yaw" : 1.2356818807419607,
	"z" : -0.16952912372962289
}
