{
	"pitch" : 1.4945059814810386,
	"roll" : -1.376709367560671,
	"x" : 0.12289516271156622,
	"y" : 0.0076190418005276702,
	"yaw" : 1.448507045241354,
	"z" : -0.16899971228770086
}
