{
	"pitch" : 1.4876714018175525,
	"roll" : -1.5172200129510798,
	"x" : 0.079890653587136748,
	"y" : -0.0030472789871647515,
	"yaw" : 1.2964037803729584,
	"z" : -0.11918685521877734
}
