{
	"pitch" : 1.4686709783830334,
	"roll" : -1.5359212312782309,
	"x" : 0.035865248004722072,
	"y" : -0.042824931422852194,
	"yaw" : 1.2739213747970068,
	"z" : -0.17015814115915645
}
