{
	"pitch" : 1.4712299312528789,
	"roll" : -1.4379437507105988,
	"x" : 0.0049672213627447726,
	"y" : -0.080136500040080952,
	"yaw" : 1.389471467424128,
	"z" : -0.17127328820734028
}
