{
	"pitch" : 1.451275232862077,
	"roll" : -1.4842205099669243,
	"x" : -0.07324447073630666,
	"y" : -0.26011946470011138,
	"yaw" : 1.319870635625584,
	"z" : -0.17450817362805335
}
