{
	"pitch" : 1.4760400443289905,
	"roll" : -1.5571219690703173,
	"x" : 0.032002014805112486,
	"y" : -0.035015176437499511,
	"yaw" : 1.2632923203595474,
	"z" : -0.17008444341388751
}
