{
	"pitch" : 1.4706208184124097,
	"roll" : -1.4924752431793518,
	"x" : 0.065592211715669813,
	"y" : -0.050258914363821058,
	"yaw" : 1.3134818937755324,
	"z" : -0.20150748098805688
}
