{
	"pitch" : 1.4905641832946261,
	"roll" : -1.5038228300173708,
	"x" : 0.075777035595426687,
	"y" : -0.013855269835282701,
	"yaw" : 1.3140163470187245,
	"z" : -0.17009094037156489
}
