{
	"pitch" : 1.496332526041007,
	"roll" : -1.5043726428454429,
	"x" : 0.094260781199744265,
	"y" : 0.037141910457419484,
	"yaw" : 1.3278168831554038,
	"z" : -0.17102384246979807
}
