{
	"pitch" : 1.4690753033642012,
	"roll" : -1.5653325420730659,
	"x" : 0.042088259755511594,
	"y" : -0.11255119103355468,
	"yaw" : 1.2467135989093217,
	"z" : -0.16972475811866905
}
