{
	"pitch" : 1.4534459896493892,
	"roll" : -1.3637118628762637,
	"x" : -0.0092857813781352105,
	"y" : -0.28066406936507299,
	"yaw" : 1.4468226574723524,
	"z" : -0.17228634423099476
}
