{
	"pitch" : 1.4958533637637623,
	"roll" : -1.4296769656660564,
	"x" : 0.11913486508854357,
	"y" : 0.017000957254845375,
	"yaw" : 1.3974862615345809,
	"z" : -0.17003449946313609
}
