{
	"pitch" : 1.4700514947340078,
	"roll" : -1.5737200124863269,
	"x" : -0.039806622419177762,
	"y" : -0.1341331817748635,
	"yaw" : 1.248213461741936,
	"z" : -0.17225678603611633
}
