{
	"pitch" : 1.4685284674305783,
	"roll" : -1.3836224313262464,
	"x" : 0.035383540501630187,
	"y" : -0.13871538363077585,
	"yaw" : 1.436659178060617,
	"z" : -0.19889625813648693
}
