{
	"pitch" : 1.4882554106476666,
	"roll" : -1.6393547891278168,
	"x" : 0.046876786045660895,
	"y" : 0.02843666200598706,
	"yaw" : 1.1900231452028733,
	"z" : -0.17168434352091741
}
