{
	"pitch" : 1.4577153172189801,
	"roll" : -1.4506751028570359,
	"x" : -0.015390112743068105,
	"y" : -0.30379229932423446,
	"yaw" : 1.356948700883573,
	"z" : -0.16655485259144526
}
