{
	"pitch" : 1.4779470950565734,
	"roll" : -1.3995803352928302,
	"x" : 0.10526064299679225,
	"y" : -0.16374183013812851,
	"yaw" : 1.3799521663517575,
	"z" : -0.1682771066289396
}
