{
	"pitch" : 1.4943029322152259,
	"roll" : -1.5936187333618195,
	"x" : 0.074536575382994505,
	"y" : 0.039712990122231132,
	"yaw" : 1.2347916865981567,
	"z" : -0.1708128194568326
}
