{
	"pitch" : 1.4624360716266038,
	"roll" : -1.501730311534256,
	"x" : 0.013218401216293099,
	"y" : -0.20553861715223995,
	"yaw" : 1.3041731968361316,
	"z" : -0.076576433029759972
}
