{
	"pitch" : 1.4816769913124948,
	"roll" : -1.5593093736248582,
	"x" : 0.0303353006350571,
	"y" : 0.0099223558288657424,
	"yaw" : 1.2619356954982253,
	"z" : -0.17055284357136821
}
