{
	"pitch" : 1.4890249704587974,
	"roll" : -1.5536638866280896,
	"x" : 0.078755524644080727,
	"y" : -0.0052756598911379571,
	"yaw" : 1.2594324156757617,
	"z" : -0.11881161304192059
}
