{
	"pitch" : 1.4884934213793171,
	"roll" : -1.6213850017833595,
	"x" : 0.057490375760475484,
	"y" : 0.035474088195759174,
	"yaw" : 1.2055316354337771,
	"z" : -0.17132023120501155
}
