{
	"pitch" : 1.4815428486253457,
	"roll" : -1.5589861232270101,
	"x" : 0.029940984910051191,
	"y" : 0.0090681576064674547,
	"yaw" : 1.2628611907186775,
	"z" : -0.17048605765040989
}
