{
	"pitch" : 1.4693505028442058,
	"roll" : -1.6277157065775019,
	"x" : 0.036167648291910937,
	"y" : -0.034111230234869658,
	"yaw" : 1.1815200817176115,
	"z" : -0.17029474549442758
}
