{
	"pitch" : 1.4873348308403065,
	"roll" : -1.3190805624842508,
	"x" : 0.12439312354243612,
	"y" : -0.024541636241725631,
	"yaw" : 1.5041632922563724,
	"z" : -0.16840815886773569
}
