{
	"pitch" : 1.4762114502983736,
	"roll" : -1.5316175007118091,
	"x" : 0.064450322973721497,
	"y" : -0.053198814424134586,
	"yaw" : 1.2803009845265987,
	"z" : -0.14159349985240519
}
