{
	"pitch" : 1.47681907424536,
	"roll" : -1.5985351892490172,
	"x" : 0.027242392469408114,
	"y" : -0.022417489827495921,
	"yaw" : 1.2213478591450946,
	"z" : -0.17023987066970089
}
