{
	"pitch" : 1.4697645213774446,
	"roll" : -1.6257780159998496,
	"x" : 0.030182698479141942,
	"y" : -0.027400908370014528,
	"yaw" : 1.1899858884556307,
	"z" : -0.17013812733513078
}
