{
	"pitch" : 1.4678457450348059,
	"roll" : -1.4718191665536637,
	"x" : 0.049022374060195203,
	"y" : -0.05547464902766662,
	"yaw" : 1.339177342740812,
	"z" : -0.16919292748093212
}
