{
	"pitch" : 1.471044892557176,
	"roll" : -1.5709638036201183,
	"x" : -0.071999681833092175,
	"y" : -0.16719101113141896,
	"yaw" : 1.235073617345245,
	"z" : -0.17308931177845088
}
