{
	"pitch" : 1.4980129527512078,
	"roll" : -1.365049487592926,
	"x" : 0.11027977302251241,
	"y" : 0.026342946572660404,
	"yaw" : 1.4628765091261382,
	"z" : -0.1697874173411458
}
