{
	"pitch" : 1.4670042975355047,
	"roll" : -1.3021660137231319,
	"x" : 0.1041445559906919,
	"y" : -0.24411084299514738,
	"yaw" : 1.5099453013442585,
	"z" : -0.16813657551765385
}
