{
	"pitch" : 1.4825753344639105,
	"roll" : -1.3733760985706966,
	"x" : 0.11378744982218783,
	"y" : -0.046684889328048124,
	"yaw" : 1.4492191267740735,
	"z" : -0.16817996198861626
}
