{
	"pitch" : 1.4846904498177451,
	"roll" : -1.5853504622852153,
	"x" : 0.033807683212572978,
	"y" : 0.016216721580742367,
	"yaw" : 1.2357050901445741,
	"z" : -0.17065522307439668
}
