{
	"pitch" : 1.4524818906409169,
	"roll" : -1.394486328226431,
	"x" : 0.016979572919374415,
	"y" : -0.19550636857488229,
	"yaw" : 1.4070298636352609,
	"z" : -0.17003821224973553
}
