{
	"pitch" : 1.4560378173405322,
	"roll" : -1.3907729174370671,
	"x" : 0.016610471061380222,
	"y" : -0.20478600933310034,
	"yaw" : 1.4226074228240309,
	"z" : -0.26747555954845065
}
