{
	"pitch" : 1.4631564619203969,
	"roll" : -1.4866796070635895,
	"x" : 0.042962433484378657,
	"y" : -0.12102732069326552,
	"yaw" : 1.3149796841892332,
	"z" : -0.1690683752094907
}
