{
	"pitch" : 1.5040339313259778,
	"roll" : -1.4913132119572179,
	"x" : 0.10800266770318692,
	"y" : 0.02930089592522225,
	"yaw" : 1.3412465076370759,
	"z" : -0.16992029434296863
}
