{
	"pitch" : 1.5003193097532164,
	"roll" : -1.4572491080831664,
	"x" : 0.11617334009561037,
	"y" : 0.020515409745618989,
	"yaw" : 1.3701964437273773,
	"z" : -0.17000992232732223
}
