{
	"pitch" : 1.4852821865107264,
	"roll" : -1.5752845109162101,
	"x" : 0.032781140501589999,
	"y" : 0.014080606738942963,
	"yaw" : 1.246810233318548,
	"z" : -0.17047770351856112
}
