{
	"pitch" : 1.4983837094056873,
	"roll" : -1.3711820712048055,
	"x" : 0.11003778812520909,
	"y" : 0.026159681557953729,
	"yaw" : 1.456545304251605,
	"z" : -0.16946087548999236
}
