{
	"pitch" : 1.4931089266353259,
	"roll" : -1.3197171710552884,
	"x" : 0.12769644789056461,
	"y" : -0.0081728421700717705,
	"yaw" : 1.5015119320261483,
	"z" : -0.16829063116763576
}
