{
	"pitch" : 1.4430967093574061,
	"roll" : -1.3678728381259351,
	"x" : -0.015203180652605355,
	"y" : -0.30261659104354599,
	"yaw" : 1.4358585241635142,
	"z" : -0.17389747685884061
}
