{
	"pitch" : 1.468684688564079,
	"roll" : -1.5605942712342198,
	"x" : 0.076874544576249967,
	"y" : -0.012580860071598759,
	"yaw" : 1.2477797782361062,
	"z" : -0.16974844823803367
}
