{
	"pitch" : 1.4697938821107026,
	"roll" : -1.445746861938414,
	"x" : 0.065216080612749278,
	"y" : -0.062038173863548887,
	"yaw" : 1.369625927787796,
	"z" : -0.16907122293589175
}
