{
	"pitch" : 1.5034213918081365,
	"roll" : -1.4813563778332974,
	"x" : 0.10821828365858263,
	"y" : 0.029473733796498307,
	"yaw" : 1.3502876766192999,
	"z" : -0.17003962084642996
}
