{
	"pitch" : 1.4570452056836833,
	"roll" : -1.4701184849077726,
	"x" : -0.036508326854722661,
	"y" : -0.27117784531119626,
	"yaw" : 1.3396405452247497,
	"z" : -0.17363536940093294
}
