{
	"pitch" : 1.4750308084156507,
	"roll" : -1.5215964436991052,
	"x" : 0.063825065025089084,
	"y" : -0.055071378316200598,
	"yaw" : 1.2918017659725625,
	"z" : -0.14402784607512698
}
