{
	"pitch" : 1.4840848539867677,
	"roll" : -1.5447538424649341,
	"x" : 0.073853342290148699,
	"y" : -0.021172518770016822,
	"yaw" : 1.2687225290156154,
	"z" : -0.11967414028393729
}
