{
	"pitch" : 1.4833771675564342,
	"roll" : -1.5740535360762364,
	"x" : 0.077472140624837926,
	"y" : -0.01223377503639024,
	"yaw" : 1.2442835150216989,
	"z" : -0.16949424211807496
}
