{
	"pitch" : 1.4703568118015196,
	"roll" : -1.4912466252449932,
	"x" : 0.057897698184756867,
	"y" : -0.059876009343787798,
	"yaw" : 1.322700353239384,
	"z" : -0.16923721375320236
}
