{
	"pitch" : 1.4747283370047564,
	"roll" : -1.5418665860085758,
	"x" : 0.062703069909632564,
	"y" : -0.059000942664656636,
	"yaw" : 1.2713862996283991,
	"z" : -0.16924842152438024
}
