{
	"pitch" : 1.491863812357586,
	"roll" : -1.4410575906336762,
	"x" : 0.1287180560209428,
	"y" : -0.015007556113683826,
	"yaw" : 1.379969991869439,
	"z" : -0.16918094178754489
}
