{
	"pitch" : 1.479510890211901,
	"roll" : -1.4374133526187245,
	"x" : 0.089075958802876554,
	"y" : -0.061504051192553089,
	"yaw" : 1.3783314936050814,
	"z" : -0.16912285469032037
}
