{
	"pitch" : 1.4944407226971244,
	"roll" : -1.5643335366724502,
	"x" : 0.092855717627524398,
	"y" : 0.035193656402606896,
	"yaw" : 1.2574332103019816,
	"z" : -0.17937896705879453
}
