{
	"pitch" : 1.4822636754417571,
	"roll" : -1.3793305848914503,
	"x" : 0.02794908588198379,
	"y" : -0.16641856233988253,
	"yaw" : 1.432539008934395,
	"z" : -0.24832577603427664
}
