{
	"pitch" : 1.4668870221103343,
	"roll" : -1.3796558586052168,
	"x" : 0.033499119368769356,
	"y" : -0.14710836900006943,
	"yaw" : 1.4365784541716546,
	"z" : -0.20723318885346934
}
