{
	"pitch" : 1.4726861499788921,
	"roll" : -1.5704204063927831,
	"x" : 0.070671828500341163,
	"y" : -0.037090279023854519,
	"yaw" : 1.2389887278306053,
	"z" : -0.21371916794203305
}
