{
	"pitch" : 1.4923854016745319,
	"roll" : -1.4210009508706845,
	"x" : 0.064773430805176058,
	"y" : -0.051842483206858636,
	"yaw" : 1.3938090286153801,
	"z" : -0.18952958225960898
}
