{
	"pitch" : 1.4865813762112663,
	"roll" : -1.381088235132431,
	"x" : 0.11666979496269694,
	"y" : -0.043719878004586994,
	"yaw" : 1.4366569208752842,
	"z" : -0.16857951567298116
}
