{
	"pitch" : 1.4952550410597878,
	"roll" : -1.3656857783872771,
	"x" : 0.12550921731916154,
	"y" : 0.0033541233645168946,
	"yaw" : 1.4572886246758634,
	"z" : -0.16937983606662854
}
