{
	"pitch" : 1.4704503903944959,
	"roll" : -1.5998566715040656,
	"x" : 0.02958820406233463,
	"y" : -0.03050021828983852,
	"yaw" : 1.2161655884006033,
	"z" : -0.16940156275349452
}
