{
	"pitch" : 1.4980685369042768,
	"roll" : -1.3890674752038683,
	"x" : 0.10570920124490499,
	"y" : 0.030440833829023198,
	"yaw" : 1.4398042939586202,
	"z" : -0.17006105871012231
}
