{
	"pitch" : 1.4973599828618021,
	"roll" : -1.4059593537808863,
	"x" : 0.11758413877254625,
	"y" : 0.018163865983753365,
	"yaw" : 1.41909246331915,
	"z" : -0.16980868114391062
}
