{
	"pitch" : 1.4786576424790145,
	"roll" : -1.6841227474388196,
	"x" : 0.02868046550740172,
	"y" : 0.0011165205896989105,
	"yaw" : 1.1349614793135894,
	"z" : -0.17099406836800826
}
