{
	"pitch" : 1.4799854107569834,
	"roll" : -1.5114392805089674,
	"x" : 0.044666455783235942,
	"y" : -0.11256193415803349,
	"yaw" : 1.3065662659412718,
	"z" : -0.1687597292029453
}
