{
	"pitch" : 1.4688020803660573,
	"roll" : -1.5449472827469957,
	"x" : 0.043169448340441292,
	"y" : -0.050385812742058222,
	"yaw" : 1.2657399359318871,
	"z" : -0.16985271369015373
}
