{
	"pitch" : 1.4702900475392944,
	"roll" : -1.6555283814200636,
	"x" : 0.028566266592227996,
	"y" : -0.023317761049205615,
	"yaw" : 1.1588145153239342,
	"z" : -0.17019826402266622
}
