{
	"pitch" : 1.4486610887940197,
	"roll" : -1.2846493406782775,
	"x" : 0.050722519064102307,
	"y" : -0.29923612782155939,
	"yaw" : 1.5253483238040046,
	"z" : -0.1698393094117728
}
