{
	"pitch" : 1.4719680160172435,
	"roll" : -1.4941261566372726,
	"x" : 0.070226512582627118,
	"y" : -0.06241931475903062,
	"yaw" : 1.3149262933419901,
	"z" : -0.16899944371005132
}
