{
	"pitch" : 1.4771659956926464,
	"roll" : -1.5045229265341071,
	"x" : 0.074645545184476275,
	"y" : -0.020616423790039237,
	"yaw" : 1.3013452343315024,
	"z" : -0.22027648140501549
}
