{
	"pitch" : 1.498302915719113,
	"roll" : -1.4328939465986241,
	"x" : 0.12074052347814709,
	"y" : 0.013410230053093575,
	"yaw" : 1.3904594772737962,
	"z" : -0.17002396355146834
}
