{
	"pitch" : 1.497811833605907,
	"roll" : -1.5756924220278117,
	"x" : 0.066460655755502529,
	"y" : 0.038433332958608998,
	"yaw" : 1.2541021048746881,
	"z" : -0.17127714241082412
}
