{
	"pitch" : 1.4572072082821586,
	"roll" : -1.5850510454643378,
	"x" : -0.08402732720782867,
	"y" : -0.17978428888817619,
	"yaw" : 1.2263022592108235,
	"z" : -0.17379536769891157
}
