{
	"pitch" : 1.4865282800353874,
	"roll" : -1.3890575389233935,
	"x" : 0.11702278568166312,
	"y" : -0.042877536346740186,
	"yaw" : 1.4285406839635073,
	"z" : -0.16847762196887328
}
