{
	"pitch" : 1.4667861890722791,
	"roll" : -1.342527407516442,
	"x" : 0.016771389175894644,
	"y" : -0.20552017829103372,
	"yaw" : 1.4704368176540266,
	"z" : -0.2687843303680485
}
