{
	"pitch" : 1.4963215808725339,
	"roll" : -1.3290640331874493,
	"x" : 0.12558129873196994,
	"y" : -0.00086826664234544715,
	"yaw" : 1.4923716122004371,
	"z" : -0.1689433753683301
}
