{
	"pitch" : 1.4709201767336118,
	"roll" : -1.5307997807186413,
	"x" : 0.075823040711812936,
	"y" : -0.012590740123879479,
	"yaw" : 1.2733424451440962,
	"z" : -0.16999404342716148
}
