{
	"pitch" : 1.4638769566746765,
	"roll" : -1.4983614941078491,
	"x" : 0.011995409426152709,
	"y" : -0.21146309562207594,
	"yaw" : 1.3119578529554279,
	"z" : -0.070446032900205499
}
