{
	"pitch" : 1.4753604660796107,
	"roll" : -1.4923818983255619,
	"x" : 0.061915633607054925,
	"y" : -0.058843275536071465,
	"yaw" : 1.3228669772949724,
	"z" : -0.15230147930200183
}
