{
	"pitch" : 1.4564907484970293,
	"roll" : -1.3587792143205382,
	"x" : 0.069173118835371569,
	"y" : -0.27764530191006032,
	"yaw" : 1.4431696061214803,
	"z" : -0.17008144927249771
}
