{
	"pitch" : 1.480474651263447,
	"roll" : -1.3958661321088255,
	"x" : 0.086964167356891442,
	"y" : -0.062429509217295467,
	"yaw" : 1.4290202237570724,
	"z" : -0.16860748723565777
}
