{
	"pitch" : 1.4741482203653222,
	"roll" : -1.5101087488934926,
	"x" : 0.062498261922973038,
	"y" : -0.059420738149692787,
	"yaw" : 1.3094322620472907,
	"z" : -0.16886384739945001
}
