{
	"pitch" : 1.478499784247006,
	"roll" : -1.3838517743456702,
	"x" : 0.091760169589810869,
	"y" : -0.060289056844471126,
	"yaw" : 1.439412668350698,
	"z" : -0.16831919992755612
}
