{
	"pitch" : 1.4836354922131885,
	"roll" : -1.5645965111113711,
	"x" : 0.077272610969075908,
	"y" : -0.012230238443886378,
	"yaw" : 1.2536830702508133,
	"z" : -0.16957111510310607
}
