{
	"pitch" : 1.4531894823602445,
	"roll" : -1.4324113308820918,
	"x" : 0.026982489665183504,
	"y" : -0.16792915973096717,
	"yaw" : 1.3678869042208692,
	"z" : -0.16927162498020407
}
