{
	"pitch" : 1.4843546511506447,
	"roll" : -1.5888364377344515,
	"x" : 0.090752296701389873,
	"y" : 0.026228409495809159,
	"yaw" : 1.2293903730664648,
	"z" : -0.20108434772050313
}
