{
	"pitch" : 1.4883211075503002,
	"roll" : -1.6485664928689578,
	"x" : 0.046920922981041654,
	"y" : 0.028398623593049874,
	"yaw" : 1.1807573666117823,
	"z" : -0.17162407394682125
}
