{
	"pitch" : 1.4742698401092711,
	"roll" : -1.4709436271938994,
	"x" : 0.063188057987667509,
	"y" : -0.055057569077810016,
	"yaw" : 1.3416077736521212,
	"z" : -0.14439190068584568
}
