{
	"pitch" : 1.4840362836878813,
	"roll" : -1.4947853599360983,
	"x" : 0.064027117781701989,
	"y" : -0.05604156489372962,
	"yaw" : 1.3283100497500826,
	"z" : -0.16807803206013844
}
