{
	"pitch" : 1.456270378746505,
	"roll" : -1.6030784725217178,
	"x" : -0.042243381554726123,
	"y" : -0.15656777290959112,
	"yaw" : 1.2032857026465722,
	"z" : -0.17262194524459107
}
