{
	"pitch" : 1.4494792831471117,
	"roll" : -1.3430188379936288,
	"x" : -0.0135189653914079,
	"y" : -0.29272476013056153,
	"yaw" : 1.4583303975898168,
	"z" : -0.17192826991227442
}
