{
	"pitch" : 1.4765183160897613,
	"roll" : -1.5851378474767215,
	"x" : 0.036142577030750481,
	"y" : -0.14111185136782253,
	"yaw" : 1.2306875080472965,
	"z" : -0.14019784873085436
}
