{
	"pitch" : 1.4761200280643416,
	"roll" : -1.5582232705134582,
	"x" : 0.065284944470284698,
	"y" : -0.051953896162375196,
	"yaw" : 1.2541057272588076,
	"z" : -0.14005404354635265
}
