{
	"pitch" : 1.4752876984247112,
	"roll" : -1.5590459884200225,
	"x" : 0.064728601002500136,
	"y" : -0.049866202908520695,
	"yaw" : 1.2532569715065722,
	"z" : -0.13688749374967743
}
