{
	"pitch" : 1.4925891336147525,
	"roll" : -1.4474477003879582,
	"x" : 0.075776524693334069,
	"y" : -0.013189258577639725,
	"yaw" : 1.3633051271941747,
	"z" : -0.1682857791465272
}
