{
	"pitch" : 1.4834413928159307,
	"roll" : -1.6272097691517635,
	"x" : 0.028665063083572681,
	"y" : 0.0033916509712979947,
	"yaw" : 1.1937707699238507,
	"z" : -0.17089284028353005
}
