{
	"pitch" : 1.5006169396710878,
	"roll" : -1.4767129722935595,
	"x" : 0.11379740269049733,
	"y" : 0.023586193851167413,
	"yaw" : 1.353116375478,
	"z" : -0.16991266618678008
}
