{
	"pitch" : 1.4971762846106726,
	"roll" : -1.5131008041124432,
	"x" : 0.071768542941932328,
	"y" : -0.027487741063989685,
	"yaw" : 1.3081232695172127,
	"z" : -0.1776645631869547
}
