{
	"pitch" : 1.4843098995794162,
	"roll" : -1.4596319214009599,
	"x" : 0.10357670329611419,
	"y" : -0.056351660882319084,
	"yaw" : 1.3596448929069149,
	"z" : -0.16840622003039324
}
