{
	"pitch" : 1.4813015158055047,
	"roll" : -1.5202965350624267,
	"x" : 0.048659620315116656,
	"y" : -0.11960415213923556,
	"yaw" : 1.2905643009929937,
	"z" : -0.17004801061585428
}
