{
	"pitch" : 1.4800277290311579,
	"roll" : -1.4382130071052348,
	"x" : 0.086527034655930188,
	"y" : -0.061646712489376143,
	"yaw" : 1.378913383726843,
	"z" : -0.16848549507858535
}
