{
	"pitch" : 1.4554733792738326,
	"roll" : -1.4318913777926681,
	"x" : 0.020591826052831511,
	"y" : -0.1866218071312454,
	"yaw" : 1.3710385146346171,
	"z" : -0.17004349759292486
}
