{
	"pitch" : 1.4978465398610559,
	"roll" : -1.4310598995528221,
	"x" : 0.12040548897405794,
	"y" : 0.014024601872476396,
	"yaw" : 1.3923027535187116,
	"z" : -0.1698366309751928
}
