{
	"pitch" : 1.4676497277052405,
	"roll" : -1.5425261646259401,
	"x" : 0.03769069975999266,
	"y" : -0.11433550650197612,
	"yaw" : 1.2660598179212148,
	"z" : -0.17009182961652322
}
