{
	"pitch" : 1.4563031983338708,
	"roll" : -1.5149418254771818,
	"x" : -0.010120321248965281,
	"y" : -0.22288135854736052,
	"yaw" : 1.2851571923490224,
	"z" : -0.1719551615243696
}
