{
	"pitch" : 1.4714683937601505,
	"roll" : -1.5081117982598291,
	"x" : 0.066126976426627501,
	"y" : -0.046561632600099788,
	"yaw" : 1.2975554709810251,
	"z" : -0.16929071466513715
}
