{
	"pitch" : 1.4960012406459862,
	"roll" : -1.5129408921236522,
	"x" : 0.097886350942498049,
	"y" : 0.035135856513008601,
	"yaw" : 1.3176309231736609,
	"z" : -0.17102517809188919
}
