{
	"pitch" : 1.4784781651587846,
	"roll" : -1.6627053755143868,
	"x" : 0.027531793372700661,
	"y" : -0.0018351900509600717,
	"yaw" : 1.1566702673821869,
	"z" : -0.17070973610378209
}
