{
	"pitch" : 1.4976436599324263,
	"roll" : -1.4391635651449366,
	"x" : 0.11763891195491882,
	"y" : 0.019164351398509007,
	"yaw" : 1.3890005905964573,
	"z" : -0.16990238627080745
}
