{
	"pitch" : 1.4814315925372046,
	"roll" : -1.4434919090254645,
	"x" : 0.10344550747761033,
	"y" : -0.055611093308793366,
	"yaw" : 1.3761120769690052,
	"z" : -0.16803490493466328
}
