{
	"pitch" : 1.4895704600422734,
	"roll" : -1.445815536095159,
	"x" : 0.069170301813255494,
	"y" : -0.037003401769019693,
	"yaw" : 1.3743965508046525,
	"z" : -0.16792781894283376
}
