{
	"pitch" : 1.4749956942059774,
	"roll" : -1.450350973011213,
	"x" : 0.063743478675089324,
	"y" : -0.054564846150021259,
	"yaw" : 1.3552464747256452,
	"z" : -0.16970150550448729
}
