{
	"pitch" : 1.4686112098463751,
	"roll" : -1.505769703388828,
	"x" : 0.062269582438666066,
	"y" : -0.059651947728893658,
	"yaw" : 1.3061233351109354,
	"z" : -0.17664926857475644
}
