{
	"pitch" : 1.478913929502641,
	"roll" : -1.6077200677166703,
	"x" : 0.026682615736584037,
	"y" : -0.0095121874541271145,
	"yaw" : 1.2123527547886017,
	"z" : -0.1707342399291604
}
