{
	"pitch" : 1.4665632322407638,
	"roll" : -1.2926036392510889,
	"x" : 0.10363527286174384,
	"y" : -0.24471922230706286,
	"yaw" : 1.520677540284646,
	"z" : -0.16824371143388539
}
