{
	"pitch" : 1.4940409340284975,
	"roll" : -1.5141205573708172,
	"x" : 0.092384313855261829,
	"y" : 0.037124555376770965,
	"yaw" : 1.3133730515014728,
	"z" : -0.17130730520428228
}
