{
	"pitch" : 1.4662397484628971,
	"roll" : -1.5200513580511066,
	"x" : 0.048600751201319438,
	"y" : -0.1435950058258014,
	"yaw" : 1.2882635376418512,
	"z" : -0.17031893070130971
}
