{
	"pitch" : 1.4703090778804822,
	"roll" : -1.5124180890060159,
	"x" : 0.06468591747580589,
	"y" : -0.052435108127953461,
	"yaw" : 1.296957649627722,
	"z" : -0.16951865040512643
}
