{
	"pitch" : 1.4956336860677966,
	"roll" : -1.4939113176102978,
	"x" : 0.074941341013632506,
	"y" : -0.016884308462961097,
	"yaw" : 1.3269548351622871,
	"z" : -0.17178669923042644
}
