{
	"pitch" : 1.4829190834251753,
	"roll" : -1.5947315757290377,
	"x" : 0.034179221089089953,
	"y" : 0.016466057619032748,
	"yaw" : 1.226568859480148,
	"z" : -0.17084233363606394
}
