{
	"pitch" : 1.4690264019878847,
	"roll" : -1.4385844783121007,
	"x" : 0.065407198375603492,
	"y" : -0.061939067724073871,
	"yaw" : 1.3775710447752461,
	"z" : -0.16904028569003968
}
