{
	"pitch" : 1.4832317689260475,
	"roll" : -1.5882332786156932,
	"x" : 0.07021300175636741,
	"y" : -0.029176451143040023,
	"yaw" : 1.2245074276158323,
	"z" : -0.12229593296814076
}
