{
	"pitch" : 1.4464243048541143,
	"roll" : -1.4219250495031546,
	"x" : -0.017619297830136882,
	"y" : -0.30923220659641842,
	"yaw" : 1.3790028945925397,
	"z" : -0.17314080962458439
}
