{
	"pitch" : 1.4679201001008018,
	"roll" : -1.4715006188022675,
	"x" : 0.00053079151064229502,
	"y" : -0.24870450086974236,
	"yaw" : 1.341405414715124,
	"z" : -0.10977604233233472
}
