{
	"pitch" : 1.4685684246756152,
	"roll" : -1.4919472124856095,
	"x" : 0.060811622595853994,
	"y" : -0.061430463546113756,
	"yaw" : 1.3173258119372155,
	"z" : -0.16945236976857134
}
