{
	"pitch" : 1.4772382432815585,
	"roll" : -1.5151455341932025,
	"x" : 0.070341011154918101,
	"y" : -0.030025074591080093,
	"yaw" : 1.2946989610492838,
	"z" : -0.16966760477555776
}
