{
	"pitch" : 1.4845694545368233,
	"roll" : -1.5569262032271469,
	"x" : 0.071689640528961929,
	"y" : -0.026914457902590332,
	"yaw" : 1.2567028742258755,
	"z" : -0.12138870652823523
}
