{
	"pitch" : 1.4507015292640113,
	"roll" : -1.4156079706453895,
	"x" : -0.0029830917791783818,
	"y" : -0.26522116514680716,
	"yaw" : 1.3867873076975867,
	"z" : -0.17167199345169612
}
