{
	"pitch" : 1.4570037861741691,
	"roll" : -1.4939840154770732,
	"x" : 0.043563528954019312,
	"y" : -0.12140585418364003,
	"yaw" : 1.3067208512182431,
	"z" : -0.17037410449408213
}
