{
	"pitch" : 1.4486189647342758,
	"roll" : -1.5295006328818344,
	"x" : -0.05725771404956978,
	"y" : -0.24700388080273261,
	"yaw" : 1.2723047730762667,
	"z" : -0.1732891727387911
}
