{
	"pitch" : 1.4717533019560867,
	"roll" : -1.4725239950868465,
	"x" : 0.06994610664368231,
	"y" : -0.062487859500973492,
	"yaw" : 1.3364759292681221,
	"z" : -0.16885100203931538
}
