{
	"pitch" : 1.456922105252173,
	"roll" : -1.5943277470260586,
	"x" : -0.060873059371274477,
	"y" : -0.16810494330572928,
	"yaw" : 1.2139671884580412,
	"z" : -0.17344802216126412
}
