{
	"pitch" : 1.45659363828775,
	"roll" : -1.4272575613800702,
	"x" : 0.013534313727301461,
	"y" : -0.20923198311981264,
	"yaw" : 1.373067658307078,
	"z" : -0.17029187430177564
}
