{
	"pitch" : 1.4765232586482437,
	"roll" : -1.5826712720377809,
	"x" : 0.04062129313598184,
	"y" : -0.12830216573829936,
	"yaw" : 1.2344925422139281,
	"z" : -0.15333656054228545
}
