{
	"pitch" : 1.481262546628078,
	"roll" : -1.5424434317998492,
	"x" : 0.085805190129334907,
	"y" : 0.011286669390240867,
	"yaw" : 1.2704210695569242,
	"z" : -0.21393455186610377
}
