{
	"pitch" : 1.4796406249740783,
	"roll" : -1.6432597912011431,
	"x" : 0.02628599649414369,
	"y" : -0.0070036642124551348,
	"yaw" : 1.1754947382240626,
	"z" : -0.17103112656630848
}
