{
	"pitch" : 1.4733369470724156,
	"roll" : -1.5588438052586331,
	"x" : 0.071067464190809115,
	"y" : -0.036771626954979687,
	"yaw" : 1.2503568403411673,
	"z" : -0.21414895252411431
}
