{
	"pitch" : 1.4794170565572058,
	"roll" : -1.4454134766446518,
	"x" : 0.089812577719040207,
	"y" : -0.061479404975646176,
	"yaw" : 1.3702849821214731,
	"z" : -0.16908072436939428
}
