{
	"pitch" : 1.4760088455308817,
	"roll" : -1.4255124097571639,
	"x" : 0.066309346075755116,
	"y" : -0.045770125660890129,
	"yaw" : 1.3844456921956645,
	"z" : -0.16944212324127755
}
