{
	"pitch" : 1.4706412137854661,
	"roll" : -1.3666673728987957,
	"x" : 0.017584067084112545,
	"y" : -0.20040067474740605,
	"yaw" : 1.4452553753804278,
	"z" : -0.26569552421472103
}
