{
	"pitch" : 1.4847694552259769,
	"roll" : -1.6185362125778651,
	"x" : 0.054323222752162899,
	"y" : 0.033434841913012756,
	"yaw" : 1.2067612791742721,
	"z" : -0.17138650572299485
}
