{
	"pitch" : 1.4848480449884129,
	"roll" : -1.5541614628358031,
	"x" : 0.072601451479954573,
	"y" : -0.025150107628228544,
	"yaw" : 1.2588636406973654,
	"z" : -0.12103239655364935
}
