{
	"pitch" : 1.4554449691635207,
	"roll" : -1.4336340533848526,
	"x" : 0.014758748416223516,
	"y" : -0.20444551025104382,
	"yaw" : 1.3660796028767159,
	"z" : -0.17046802896712884
}
