{
	"pitch" : 1.4702530198289008,
	"roll" : -1.4123672185312568,
	"x" : 0.10216372329522408,
	"y" : -0.17508688525357405,
	"yaw" : 1.4040917227902274,
	"z" : -0.16842270518012695
}
