{
	"pitch" : 1.4564034033894828,
	"roll" : -1.4415314146102483,
	"x" : 0.034573151405112384,
	"y" : -0.14537480497054542,
	"yaw" : 1.3626936512993519,
	"z" : -0.16973180429138357
}
