{
	"pitch" : 1.4697842659581071,
	"roll" : -1.553546603799582,
	"x" : 0.062893702277244473,
	"y" : -0.060519878522291924,
	"yaw" : 1.2615930607901693,
	"z" : -0.16986887582890062
}
