{
	"pitch" : 1.4832039792519831,
	"roll" : -1.7162342538360218,
	"x" : 0.037548068173384977,
	"y" : 0.019328597923782592,
	"yaw" : 1.1038570490542892,
	"z" : -0.17145400502909722
}
