{
	"pitch" : 1.496250303699538,
	"roll" : -1.3291041328333448,
	"x" : 0.12567026719731508,
	"y" : -0.00082987169236609613,
	"yaw" : 1.4924182206106205,
	"z" : -0.16901480510202702
}
