{
	"pitch" : 1.4800634944059188,
	"roll" : -1.3783549220547773,
	"x" : 0.082798477439737617,
	"y" : -0.062798618864382344,
	"yaw" : 1.4497127221897292,
	"z" : -0.16843519994863621
}
