{
	"pitch" : 1.4743440438153033,
	"roll" : -1.5243750909055471,
	"x" : 0.044745976949354956,
	"y" : -0.11091181364137942,
	"yaw" : 1.2910670409631055,
	"z" : -0.16947923611782872
}
