{
	"pitch" : 1.4496494319905415,
	"roll" : -1.4866582788044305,
	"x" : -0.076836189981569339,
	"y" : -0.25888432631560926,
	"yaw" : 1.3160823045322674,
	"z" : -0.17461811349283862
}
