{
	"pitch" : 1.4506662396352428,
	"roll" : -1.4781528828451462,
	"x" : -0.074969192335989532,
	"y" : -0.25963404165077569,
	"yaw" : 1.3264164801676579,
	"z" : -0.17449648115990646
}
