{
	"pitch" : 1.4645243443193947,
	"roll" : -1.3765396770522076,
	"x" : 0.03105052527339406,
	"y" : -0.15278196737377872,
	"yaw" : 1.4413509365267656,
	"z" : -0.21242750402185318
}
