{
	"pitch" : 1.4506301088929929,
	"roll" : -1.4332285804916307,
	"x" : 0.016619619999159285,
	"y" : -0.2005563336244964,
	"yaw" : 1.3704113026674907,
	"z" : -0.16994653643662003
}
