{
	"pitch" : 1.4599604599060976,
	"roll" : -1.5915837037586753,
	"x" : -0.08352874942431826,
	"y" : -0.1800628899915267,
	"yaw" : 1.2169938695206397,
	"z" : -0.17395506369820432
}
