{
	"pitch" : 1.4650669386576185,
	"roll" : -1.4021262132763204,
	"x" : 0.038113102328838688,
	"y" : -0.13213811530810443,
	"yaw" : 1.4226799259112857,
	"z" : -0.19157206391344189
}
