{
	"pitch" : 1.451496549930585,
	"roll" : -1.3820947530948537,
	"x" : 0.020821346981097402,
	"y" : -0.18818527040703067,
	"yaw" : 1.4183049422498661,
	"z" : -0.16912687410364846
}
