{
	"pitch" : 1.4914483303492085,
	"roll" : -1.4696847387838345,
	"x" : 0.075792071038263423,
	"y" : -0.012394372332645832,
	"yaw" : 1.3501919156428275,
	"z" : -0.16924020446895899
}
