{
	"pitch" : 1.4786021617942156,
	"roll" : -1.6091530270767282,
	"x" : 0.026448359001593348,
	"y" : -0.0091866898318497172,
	"yaw" : 1.2111698456314006,
	"z" : -0.17067214594789448
}
