{
	"pitch" : 1.4706760406290691,
	"roll" : -1.4924038199140404,
	"x" : 0.062262614247799997,
	"y" : -0.059757074112335593,
	"yaw" : 1.3227904989313741,
	"z" : -0.17161030173853317
}
