{
	"pitch" : 1.4845107287489274,
	"roll" : -1.6973884080719277,
	"x" : 0.037126737195642689,
	"y" : 0.018857909229338585,
	"yaw" : 1.1225493106849647,
	"z" : -0.17137714284206204
}
