{
	"pitch" : 1.4777244322982988,
	"roll" : -1.5001059570824185,
	"x" : 0.044553262323493638,
	"y" : -0.11225751934122985,
	"yaw" : 1.3161565567438658,
	"z" : -0.16946088599231499
}
