{
	"pitch" : 1.4563188122280868,
	"roll" : -1.3352402264160952,
	"x" : 0.027209786541407856,
	"y" : -0.29194806001398388,
	"yaw" : 1.4685592743126485,
	"z" : -0.17111292804344316
}
