{
	"pitch" : 1.481767565872625,
	"roll" : -1.5087104991402567,
	"x" : 0.063314897546526375,
	"y" : -0.14728572597384565,
	"yaw" : 1.2962693909124565,
	"z" : -0.16918061866062273
}
