{
	"pitch" : 1.4794887902727469,
	"roll" : -1.6596014813173525,
	"x" : 0.029213983709368535,
	"y" : 0.0035641712088120732,
	"yaw" : 1.160593110266241,
	"z" : -0.17066194208563451
}
