{
	"pitch" : 1.472114853278127,
	"roll" : -1.4119071435702144,
	"x" : 0.069003549256836827,
	"y" : -0.062558420444411997,
	"yaw" : 1.4059212821482425,
	"z" : -0.16891349488167717
}
