{
	"pitch" : 1.4777887070640614,
	"roll" : -1.4707972962464098,
	"x" : 0.081681767900242327,
	"y" : -0.063020184244237887,
	"yaw" : 1.3446868128947798,
	"z" : -0.1686267795631807
}
