{
	"pitch" : 1.4478655195493675,
	"roll" : -1.4105491320286203,
	"x" : -0.016508207440634221,
	"y" : -0.3089989987021553,
	"yaw" : 1.3910898602257884,
	"z" : -0.17304522496312227
}
