{
	"pitch" : 1.4786487565657602,
	"roll" : -1.6622934636944726,
	"x" : 0.027489670440753664,
	"y" : -0.010847660568875154,
	"yaw" : 1.1577474099134477,
	"z" : -0.17093285704134134
}
