{
	"pitch" : 1.4780569180746319,
	"roll" : -1.6132765263641222,
	"x" : 0.027687515641586113,
	"y" : -0.019408692515969692,
	"yaw" : 1.2066764891443356,
	"z" : -0.17101993798159326
}
