{
	"pitch" : 1.4676043362361104,
	"roll" : -1.5341565922476914,
	"x" : 0.037250705926880179,
	"y" : -0.1144009260046467,
	"yaw" : 1.274643151474429,
	"z" : -0.17012937746613702
}
