{
	"pitch" : 1.4871489093975929,
	"roll" : -1.6444798261885198,
	"x" : 0.050306309724612058,
	"y" : 0.031365915946994075,
	"yaw" : 1.1800797019413751,
	"z" : -0.17119019245985323
}
