{
	"pitch" : 1.4798093204421447,
	"roll" : -1.6425470081805027,
	"x" : 0.026271740455191248,
	"y" : -0.0068266698381922748,
	"yaw" : 1.1763292913607293,
	"z" : -0.17098482022964809
}
