{
	"pitch" : 1.4667423887679649,
	"roll" : -1.5842012218727737,
	"x" : -0.033161591787771991,
	"y" : -0.11865378398662346,
	"yaw" : 1.2250435952284595,
	"z" : -0.17158361255445612
}
