{
	"pitch" : 1.4967752184791299,
	"roll" : -1.5301399883558708,
	"x" : 0.092234794571961404,
	"y" : 0.036869230543048151,
	"yaw" : 1.2968388425853794,
	"z" : -0.1707879286024466
}
