{
	"pitch" : 1.4928645933626858,
	"roll" : -1.5002348032024735,
	"x" : 0.07515477736658191,
	"y" : -0.013420020412935767,
	"yaw" : 1.321681539872549,
	"z" : -0.16926551394842193
}
