{
	"pitch" : 1.4805509010954387,
	"roll" : -1.502123175201509,
	"x" : 0.080551886001830358,
	"y" : -0.004158046972601373,
	"yaw" : 1.3096860518337679,
	"z" : -0.21922245152193023
}
