{
	"pitch" : 1.4981296507572242,
	"roll" : -1.3675493664422564,
	"x" : 0.11010699697257892,
	"y" : 0.026203608662497494,
	"yaw" : 1.4601150824730873,
	"z" : -0.16956139830647149
}
