{
	"pitch" : 1.4799606560510499,
	"roll" : -1.5508030278782763,
	"x" : 0.08166056172307265,
	"y" : -0.0030576557784698245,
	"yaw" : 1.261705752548413,
	"z" : -0.21952974854819074
}
