{
	"pitch" : 1.4774128524192529,
	"roll" : -1.5347637750410807,
	"x" : 0.068787736033277855,
	"y" : -0.036871338131624742,
	"yaw" : 1.2769765815954899,
	"z" : -0.17025725084843296
}
