{
	"pitch" : 1.4697175401171922,
	"roll" : -1.4738155309735264,
	"x" : 0.061259775151346181,
	"y" : -0.06086739027824159,
	"yaw" : 1.3325151865450851,
	"z" : -0.16929869166511696
}
