{
	"pitch" : 1.4752553630103975,
	"roll" : -1.5923847595743861,
	"x" : 0.026467597460654205,
	"y" : -0.018165687281736589,
	"yaw" : 1.2269854428506926,
	"z" : -0.17064137976840765
}
