{
	"pitch" : 1.4705740969676941,
	"roll" : -1.4963100598143078,
	"x" : 0.053616723202041514,
	"y" : -0.056276741997149132,
	"yaw" : 1.32021907288006,
	"z" : -0.16904226136041409
}
