{
	"pitch" : 1.4551930097088976,
	"roll" : -1.4294421445913996,
	"x" : 0.01387515802740643,
	"y" : -0.20809446296688378,
	"yaw" : 1.3709637746244228,
	"z" : -0.17046052406673037
}
