{
	"pitch" : 1.4792507972107938,
	"roll" : -1.506983033304943,
	"x" : 0.0041979723363691213,
	"y" : -0.087396489242886871,
	"yaw" : 1.3130294138486347,
	"z" : -0.16957389332804096
}
