{
	"pitch" : 1.5030446666031676,
	"roll" : -1.4761923320974606,
	"x" : 0.10832154865165894,
	"y" : 0.029454421763570559,
	"yaw" : 1.3550596303419566,
	"z" : -0.1700971637498572
}
