{
	"pitch" : 1.4702408062579007,
	"roll" : -1.485571471360998,
	"x" : 0.057636527858206048,
	"y" : -0.059751915116900284,
	"yaw" : 1.3283157502565577,
	"z" : -0.16920113886822388
}
