{
	"pitch" : 1.4679619054547233,
	"roll" : -1.4043335117251192,
	"x" : 0.06434703546922238,
	"y" : -0.061401204013949447,
	"yaw" : 1.412245630171638,
	"z" : -0.16916623069614614
}
