{
	"pitch" : 1.4517052437688889,
	"roll" : -1.3932793050794856,
	"x" : 0.022042421370181843,
	"y" : -0.18156169494943938,
	"yaw" : 1.4063980233747424,
	"z" : -0.16878207233668441
}
