{
	"pitch" : 1.487305531211699,
	"roll" : -1.3449714283689496,
	"x" : 0.12470033291983723,
	"y" : -0.024818188129931355,
	"yaw" : 1.4757798181085344,
	"z" : -0.168459847307735
}
