{
	"pitch" : 1.4932125020427338,
	"roll" : -1.5706861368419074,
	"x" : 0.093002697928693367,
	"y" : 0.035431285070360669,
	"yaw" : 1.251152428891428,
	"z" : -0.17917961455764977
}
