{
	"pitch" : 1.4796464281301018,
	"roll" : -1.5645283797774381,
	"x" : 0.044403059402769056,
	"y" : -0.11597286631799228,
	"yaw" : 1.2554809464164909,
	"z" : -0.16590132180877573
}
