{
	"pitch" : 1.4674890863578574,
	"roll" : -1.4826351959165984,
	"x" : 0.051114978170066785,
	"y" : -0.056382663149266224,
	"yaw" : 1.3278407289600771,
	"z" : -0.16909222154237794
}
