{
	"pitch" : 1.4749620356710713,
	"roll" : -1.5467153300018786,
	"x" : 0.064832493905466498,
	"y" : -0.052560996456862422,
	"yaw" : 1.2648766608873587,
	"z" : -0.14116261396717253
}
