{
	"pitch" : 1.4937097196665448,
	"roll" : -1.5223850953684261,
	"x" : 0.073961501922920739,
	"y" : -0.015118155458997889,
	"yaw" : 1.3003839035245457,
	"z" : -0.16996481594781868
}
