{
	"pitch" : 1.4541480903089936,
	"roll" : -1.3306530695125853,
	"x" : 0.063342110320774567,
	"y" : -0.29499116007792059,
	"yaw" : 1.4719783737162417,
	"z" : -0.17010245561688886
}
