{
	"pitch" : 1.4783287387301522,
	"roll" : -1.701030969919604,
	"x" : 0.029055642650600108,
	"y" : 0.0027678249542176427,
	"yaw" : 1.1191815246865726,
	"z" : -0.17115837391178093
}
