{
	"pitch" : 1.4519034258787251,
	"roll" : -1.3320737962272444,
	"x" : 0.061842624614829901,
	"y" : -0.30187029711823127,
	"yaw" : 1.4711422656415245,
	"z" : -0.1707250388972828
}
