{
	"pitch" : 1.4668593375860983,
	"roll" : -1.6232833753233611,
	"x" : -0.027747136740146283,
	"y" : -0.1206208955916756,
	"yaw" : 1.1873526095282965,
	"z" : -0.17176734769672999
}
