{
	"pitch" : 1.4937026499204595,
	"roll" : -1.5572606318538689,
	"x" : 0.089072117328675274,
	"y" : 0.025715598095562144,
	"yaw" : 1.2607834177536745,
	"z" : -0.13866395861918923
}
