{
	"pitch" : 1.4955623247322647,
	"roll" : -1.5637895733676723,
	"x" : 0.09275521503556737,
	"y" : 0.035294207551559098,
	"yaw" : 1.2565885103260233,
	"z" : -0.17935941223794993
}
