{
	"pitch" : 1.4876017204196132,
	"roll" : -1.657492111417217,
	"x" : 0.042816676627908064,
	"y" : 0.025729200814595884,
	"yaw" : 1.1710948894494442,
	"z" : -0.17112819188833586
}
