{
	"pitch" : 1.4796086765508123,
	"roll" : -1.5074132435705396,
	"x" : 0.044450551157137926,
	"y" : -0.11226246493011351,
	"yaw" : 1.3104197565031526,
	"z" : -0.1691204842480119
}
