{
	"pitch" : 1.452589760291138,
	"roll" : -1.3867595125209444,
	"x" : 0.016086940671137154,
	"y" : -0.20072437656247247,
	"yaw" : 1.4138385457365166,
	"z" : -0.17012028924696362
}
