{
	"pitch" : 1.4873269249243732,
	"roll" : -1.31502387412448,
	"x" : 0.12369056474428371,
	"y" : -0.027220369084983688,
	"yaw" : 1.5079784416190727,
	"z" : -0.16817084013596631
}
