{
	"pitch" : 1.4881555009328722,
	"roll" : -1.5996244776094621,
	"x" : 0.052756496199605991,
	"y" : 0.032644006220621719,
	"yaw" : 1.2308186838063819,
	"z" : -0.17157912054374638
}
