{
	"pitch" : 1.4615841653575818,
	"roll" : -1.3078502038909192,
	"x" : 0.082024942259842359,
	"y" : -0.23539732374692246,
	"yaw" : 1.502165203281064,
	"z" : -0.16896802456297241
}
