{
	"pitch" : 1.484684107706735,
	"roll" : -1.3884590934478538,
	"x" : 0.11515433871141559,
	"y" : -0.045144155929910355,
	"yaw" : 1.4303571903535461,
	"z" : -0.16873108913243676
}
