{
	"pitch" : 1.4672880655712712,
	"roll" : -1.5013977963481024,
	"x" : 0.061181429159291839,
	"y" : -0.060685971281545445,
	"yaw" : 1.3009603225793922,
	"z" : -0.17002110017398797
}
