{
	"pitch" : 1.4643549317823286,
	"roll" : -1.4873095322357368,
	"x" : 0.011124486979408668,
	"y" : -0.21269261928044256,
	"yaw" : 1.3245503689454825,
	"z" : -0.071463995523608673
}
