{
	"pitch" : 1.4674478047801991,
	"roll" : -1.5209576727555782,
	"x" : -0.052439820612419544,
	"y" : -0.14792921908206758,
	"yaw" : 1.3007663492574013,
	"z" : -0.17347601958125708
}
