{
	"pitch" : 1.4794092209256335,
	"roll" : -1.4513157963571515,
	"x" : 0.071332436301568741,
	"y" : -0.014882774317920431,
	"yaw" : 1.3637779764825613,
	"z" : -0.16906435842635634
}
