{
	"pitch" : 1.4831380265786536,
	"roll" : -1.5782478094863353,
	"x" : 0.07754935163265958,
	"y" : -0.012214742460523141,
	"yaw" : 1.2401055112261425,
	"z" : -0.16946427991166563
}
