{
	"pitch" : 1.4968116893718,
	"roll" : -1.4386398843497599,
	"x" : 0.12471077945213835,
	"y" : 0.0071907402256615165,
	"yaw" : 1.3837802818137983,
	"z" : -0.16944705141017799
}
