{
	"pitch" : 1.497063572997968,
	"roll" : -1.5187853202441044,
	"x" : 0.10170611089187469,
	"y" : 0.033324765733531755,
	"yaw" : 1.3119217419096061,
	"z" : -0.17049688219589262
}
