{
	"pitch" : 1.4825334761148312,
	"roll" : -1.3611410402424959,
	"x" : 0.11557706186606491,
	"y" : -0.043971874140694735,
	"yaw" : 1.4606233280781302,
	"z" : -0.16817510316748738
}
