{
	"pitch" : 1.4559949196210757,
	"roll" : -1.4319690656649549,
	"x" : 0.013618001859607154,
	"y" : -0.20856813237621966,
	"yaw" : 1.3675903933103584,
	"z" : -0.17054401291977267
}
