{
	"pitch" : 1.4678994828867813,
	"roll" : -1.4832941140057696,
	"x" : 0.0017377507044585988,
	"y" : -0.24170474415224699,
	"yaw" : 1.3264644563552972,
	"z" : -0.10295268543264335
}
