{
	"pitch" : 1.4532012818391495,
	"roll" : -1.3384312407214947,
	"x" : 0.064718886452567168,
	"y" : -0.29184067608808079,
	"yaw" : 1.4643337299171322,
	"z" : -0.17023333308763219
}
