{
	"pitch" : 1.4776150693788774,
	"roll" : -1.6114177413318995,
	"x" : 0.043234361065204799,
	"y" : -0.1209746008227266,
	"yaw" : 1.2062375475403098,
	"z" : -0.1611874069417602
}
