{
	"pitch" : 1.4865638485159227,
	"roll" : -1.3834305700938672,
	"x" : 0.11660346939725284,
	"y" : -0.043881752785204273,
	"yaw" : 1.4343918500589905,
	"z" : -0.16866943798275041
}
