{
	"pitch" : 1.4773771569121743,
	"roll" : -1.4949798892785859,
	"x" : 0.07377952435646401,
	"y" : -0.021961937781819131,
	"yaw" : 1.3179958998929311,
	"z" : -0.17010604340382299
}
