{
	"pitch" : 1.4792043583264698,
	"roll" : -1.4459679953054572,
	"x" : 0.086340142726239411,
	"y" : -0.061949305314847679,
	"yaw" : 1.3710871374277398,
	"z" : -0.16838449003884595
}
