{
	"pitch" : 1.4743487146137426,
	"roll" : -1.5633717022289062,
	"x" : 0.033533625036030079,
	"y" : -0.15089848215976881,
	"yaw" : 1.2545452644945549,
	"z" : -0.13169806810076004
}
