{
	"pitch" : 1.467820605695153,
	"roll" : -1.4912096245094364,
	"x" : 0.062910817711053238,
	"y" : -0.059052147083251988,
	"yaw" : 1.3239253351138676,
	"z" : -0.17922138909469143
}
