{
	"pitch" : 1.4692179393596638,
	"roll" : -1.4368346486426689,
	"x" : 0.065404464328826142,
	"y" : -0.062059570394952343,
	"yaw" : 1.3790514960875966,
	"z" : -0.16899378311983995
}
