{
	"pitch" : 1.4805955971884388,
	"roll" : -1.5913989987125547,
	"x" : 0.033640588015758199,
	"y" : -0.035105659901915505,
	"yaw" : 1.2292302235037647,
	"z" : -0.1701953487669591
}
