{
	"pitch" : 1.4820029954198777,
	"roll" : -1.5945228434512431,
	"x" : 0.068351764612676405,
	"y" : -0.043157738147153638,
	"yaw" : 1.2209418202387281,
	"z" : -0.16893493141132249
}
