{
	"pitch" : 1.4732204689899946,
	"roll" : -1.4689411884032741,
	"x" : 0.06204902977560537,
	"y" : -0.059012975431293843,
	"yaw" : 1.3498807963082571,
	"z" : -0.16892393708811257
}
