{
	"pitch" : 1.4786879617897639,
	"roll" : -1.6062157700506057,
	"x" : 0.026310766539796797,
	"y" : -0.0094731093208397146,
	"yaw" : 1.2138936826824023,
	"z" : -0.17064291855439628
}
