{
	"pitch" : 1.4952943492305288,
	"roll" : -1.554175845464518,
	"x" : 0.092922753203703551,
	"y" : 0.03601900814479439,
	"yaw" : 1.2668838647313156,
	"z" : -0.17264879114239035
}
