{
	"pitch" : 1.466735708966189,
	"roll" : -1.6184059841082568,
	"x" : -0.028762529022243064,
	"y" : -0.12044587376657534,
	"yaw" : 1.1921829842346616,
	"z" : -0.17158553681624386
}
