{
	"pitch" : 1.4785134818615244,
	"roll" : -1.473989441407739,
	"x" : 0.083427370507546256,
	"y" : -0.06274848128541588,
	"yaw" : 1.3432172529907462,
	"z" : -0.1686385336842039
}
