{
	"pitch" : 1.4603890645411532,
	"roll" : -1.5160179312445197,
	"x" : 0.012564832570856027,
	"y" : -0.21150842996701469,
	"yaw" : 1.2935375261335023,
	"z" : -0.070676970585839952
}
