{
	"pitch" : 1.4524065190231399,
	"roll" : -1.3782434321184447,
	"x" : 0.020229464362796788,
	"y" : -0.18980795462277086,
	"yaw" : 1.4217230757822188,
	"z" : -0.16924357733214809
}
