{
	"pitch" : 1.4971564577493457,
	"roll" : -1.4945802713198508,
	"x" : 0.076331455545730925,
	"y" : 0.039525823747915231,
	"yaw" : 1.3381671675169511,
	"z" : -0.17097732312864714
}
