{
	"pitch" : 1.4850062740203469,
	"roll" : -1.5782037328976943,
	"x" : 0.090949193319471017,
	"y" : 0.027392808129543866,
	"yaw" : 1.2389806230341827,
	"z" : -0.19876373429281102
}
