{
	"pitch" : 1.4879350277381269,
	"roll" : -1.5306886904332944,
	"x" : 0.076510751043068301,
	"y" : -0.012850585522437499,
	"yaw" : 1.286759072269497,
	"z" : -0.16985714638276952
}
