{
	"pitch" : 1.471179955945692,
	"roll" : -1.5208470108684013,
	"x" : 0.0640325510703115,
	"y" : -0.053729059207470911,
	"yaw" : 1.2883864923395036,
	"z" : -0.16949548673336615
}
