{
	"pitch" : 1.4850302786186733,
	"roll" : -1.6132220558491521,
	"x" : 0.069356087003539929,
	"y" : -0.036460230197510143,
	"yaw" : 1.1982715699959483,
	"z" : -0.1690895682052006
}
