{
	"pitch" : 1.4608376501521827,
	"roll" : -1.4360531286052658,
	"x" : 0.051094303783922226,
	"y" : -0.090310745654980457,
	"yaw" : 1.3640508227060935,
	"z" : -0.17021860704382019
}
