{
	"pitch" : 1.4776861963017465,
	"roll" : -1.5188518615180104,
	"x" : 0.078315631223237162,
	"y" : -0.010897889889719944,
	"yaw" : 1.292046235490637,
	"z" : -0.16948856972187457
}
