{
	"pitch" : 1.4657553733166453,
	"roll" : -1.4893593212801197,
	"x" : 0.062878317391450028,
	"y" : -0.056239048524464874,
	"yaw" : 1.3186106477683421,
	"z" : -0.16909751771605935
}
