{
	"pitch" : 1.4694434830564576,
	"roll" : -1.5568801441672966,
	"x" : 0.062758112311105452,
	"y" : -0.060490112452945916,
	"yaw" : 1.2578762279946558,
	"z" : -0.16979261921216682
}
