{
	"pitch" : 1.4887351050471249,
	"roll" : -1.3525720073732186,
	"x" : 0.12408335992968844,
	"y" : -0.026285516038986524,
	"yaw" : 1.4687153632350465,
	"z" : -0.16842374068812785
}
