{
	"pitch" : 1.457986513088495,
	"roll" : -1.4439784559338646,
	"x" : -0.063843934332540014,
	"y" : -0.26297329610387438,
	"yaw" : 1.37092604916103,
	"z" : -0.17421761537362107
}
