{
	"pitch" : 1.4774537776052084,
	"roll" : -1.5255577596312382,
	"x" : 0.066448553694280849,
	"y" : -0.043826593340148282,
	"yaw" : 1.2868980045177898,
	"z" : -0.13098749133916521
}
