{
	"pitch" : 1.4949708404616902,
	"roll" : -1.5650759955101876,
	"x" : 0.063054515649408546,
	"y" : 0.0378498921056152,
	"yaw" : 1.2622159703036935,
	"z" : -0.17073085260281981
}
