{
	"pitch" : 1.4600245132344216,
	"roll" : -1.5187530684661958,
	"x" : 0.012477274873425939,
	"y" : -0.21151773090655701,
	"yaw" : 1.2907119464781747,
	"z" : -0.070644020711703823
}
