{
	"pitch" : 1.4988671557497639,
	"roll" : -1.5120210310892945,
	"x" : 0.091289649151555893,
	"y" : 0.037041561969746957,
	"yaw" : 1.3148236195667873,
	"z" : -0.17051843124379287
}
