{
	"pitch" : 1.4878487208575131,
	"roll" : -1.5277982352280164,
	"x" : 0.076404980856471905,
	"y" : -0.01284393608394865,
	"yaw" : 1.2895302425100905,
	"z" : -0.16975484437517371
}
