{
	"pitch" : 1.495177622652649,
	"roll" : -1.411050122455636,
	"x" : 0.11966190971888743,
	"y" : 0.016281944631820047,
	"yaw" : 1.4148972476759607,
	"z" : -0.16992770579628155
}
