{
	"pitch" : 1.4948362538235427,
	"roll" : -1.5853180664763689,
	"x" : 0.092528390224226431,
	"y" : 0.035365664658510147,
	"yaw" : 1.2358230399882673,
	"z" : -0.16150661656208423
}
