{
	"pitch" : 1.4880970758725882,
	"roll" : -1.6240533716756429,
	"x" : 0.057754632673321697,
	"y" : 0.035635947130091723,
	"yaw" : 1.2033488781914892,
	"z" : -0.17146598246013595
}
