{
	"pitch" : 1.4785553828605065,
	"roll" : -1.3841920330704471,
	"x" : 0.082989973233049005,
	"y" : -0.062993992431582033,
	"yaw" : 1.4420340595764669,
	"z" : -0.16845971915277039
}
