{
	"pitch" : 1.4715335598044248,
	"roll" : -1.5575934209208584,
	"x" : 0.076509129862841571,
	"y" : -0.014215908478419661,
	"yaw" : 1.2429204009498662,
	"z" : -0.17002314442262748
}
