{
	"pitch" : 1.4692503990705694,
	"roll" : -1.5033283715194365,
	"x" : 0.065647338245297213,
	"y" : -0.04807134169572401,
	"yaw" : 1.3013471764489921,
	"z" : -0.20323497576385369
}
