{
	"pitch" : 1.4892857457165483,
	"roll" : -1.5635533645132005,
	"x" : 0.082609062844483536,
	"y" : 0.0048769515204413246,
	"yaw" : 1.2508081076598161,
	"z" : -0.12314094518383263
}
