{
	"pitch" : 1.4944130079528342,
	"roll" : -1.5628889320724673,
	"x" : 0.092853238557945791,
	"y" : 0.035237944382763141,
	"yaw" : 1.2589553860649507,
	"z" : -0.17936438993862017
}
