{
	"pitch" : 1.475038063692073,
	"roll" : -1.5674681365076601,
	"x" : 0.033934946018926104,
	"y" : -0.14958191169800772,
	"yaw" : 1.2502383274909237,
	"z" : -0.13306529514311194
}
