{
	"pitch" : 1.4859185677156999,
	"roll" : -1.6576953096575244,
	"x" : 0.038717153690493625,
	"y" : 0.021562544102005456,
	"yaw" : 1.1627045692421365,
	"z" : -0.17102492664529262
}
