{
	"pitch" : 1.4676204683106584,
	"roll" : -1.5163264379415091,
	"x" : 0.063081696201074303,
	"y" : -0.059273340449519193,
	"yaw" : 1.2971508096715911,
	"z" : -0.17841608924155014
}
