{
	"pitch" : 1.4882769235314235,
	"roll" : -1.5496614284092134,
	"x" : 0.078893446758411867,
	"y" : -0.0048132541049880594,
	"yaw" : 1.2637557655514826,
	"z" : -0.11893501458481107
}
