{
	"pitch" : 1.4929523995843474,
	"roll" : -1.5647781230750231,
	"x" : 0.093043743484765212,
	"y" : 0.03555539736560781,
	"yaw" : 1.2578586792590249,
	"z" : -0.17830813220072292
}
