{
	"pitch" : 1.4957083038006218,
	"roll" : -1.501404304924348,
	"x" : 0.087719029779800228,
	"y" : 0.038760918542246739,
	"yaw" : 1.3343910935093772,
	"z" : -0.1709624223178296
}
