{
	"pitch" : 1.4865551540383697,
	"roll" : -1.4300281341595897,
	"x" : 0.0064855433193563572,
	"y" : -0.085353235609415629,
	"yaw" : 1.3934918846373754,
	"z" : -0.16822458565998935
}
