{
	"pitch" : 1.451683073049211,
	"roll" : -1.3947204782206719,
	"x" : 0.02201985198462425,
	"y" : -0.18219778307672382,
	"yaw" : 1.4051170540441307,
	"z" : -0.16873304006343157
}
