{
	"pitch" : 1.4602291580031865,
	"roll" : -1.3868449866665624,
	"x" : 0.02203716774461606,
	"y" : -0.18760751539984549,
	"yaw" : 1.4359773258550796,
	"z" : -0.24936398968049009
}
