{
	"pitch" : 1.496134204300555,
	"roll" : -1.61038532396539,
	"x" : 0.052629280949176335,
	"y" : -0.088736043286386693,
	"yaw" : 1.1974657205673969,
	"z" : -0.20819296413304098
}
