{
	"pitch" : 1.4981972479323309,
	"roll" : -1.5136457293729317,
	"x" : 0.091884996316868237,
	"y" : 0.036887742311548538,
	"yaw" : 1.3130140086872628,
	"z" : -0.17045015765530905
}
