{
	"pitch" : 1.4837444400567481,
	"roll" : -1.5501035534441547,
	"x" : 0.070491738428368658,
	"y" : -0.028160740992514949,
	"yaw" : 1.2628348153773741,
	"z" : -0.12174762964934799
}
