{
	"pitch" : 1.4943522929228876,
	"roll" : -1.3697061818447187,
	"x" : 0.12269482628481704,
	"y" : 0.00841364921437141,
	"yaw" : 1.4555186764860324,
	"z" : -0.16900491174887822
}
