{
	"pitch" : 1.4558875336922255,
	"roll" : -1.4284074006815999,
	"x" : 0.013570758220816118,
	"y" : -0.20855368259852777,
	"yaw" : 1.3712253478257725,
	"z" : -0.1706297728730144
}
