{
	"pitch" : 1.496090463776429,
	"roll" : -1.5303144222669185,
	"x" : 0.092210345447114997,
	"y" : 0.036422373587960646,
	"yaw" : 1.2916188110995643,
	"z" : -0.16982923396370739
}
