{
	"pitch" : 1.469576945708061,
	"roll" : -1.4891188224620615,
	"x" : 0.041710386789485361,
	"y" : -0.049533018101210621,
	"yaw" : 1.3206449842244952,
	"z" : -0.16962477137959009
}
