{
	"pitch" : 1.4606218101920772,
	"roll" : -1.2961312522509634,
	"x" : 0.014463026365142115,
	"y" : -0.20911442250996215,
	"yaw" : 1.5151268958925708,
	"z" : -0.27106389927999608
}
