{
	"pitch" : 1.4791087177044688,
	"roll" : -1.3859771878099132,
	"x" : 0.082780361591229173,
	"y" : -0.062894648751933332,
	"yaw" : 1.4408423493127251,
	"z" : -0.16847419625908741
}
