{
	"pitch" : 1.4734871135747283,
	"roll" : -1.5568091227078862,
	"x" : 0.070339913420996783,
	"y" : -0.03715421576985023,
	"yaw" : 1.252523154510196,
	"z" : -0.21335391096938797
}
