{
	"pitch" : 1.4781915173523177,
	"roll" : -1.5186238852166063,
	"x" : 0.067751902603750136,
	"y" : -0.036235954541328677,
	"yaw" : 1.2920984165802862,
	"z" : -0.12508884280093457
}
