{
	"pitch" : 1.4636338714672321,
	"roll" : -1.5310715277368609,
	"x" : 0.076992206437920041,
	"y" : -0.012776587982883655,
	"yaw" : 1.2741653493829999,
	"z" : -0.17050258879485566
}
