{
	"pitch" : 1.4864117507288455,
	"roll" : -1.5985055865711302,
	"x" : 0.058034879034927163,
	"y" : 0.035751095337845595,
	"yaw" : 1.2300374399855767,
	"z" : -0.17187182146652069
}
