{
	"pitch" : 1.4503492779751044,
	"roll" : -1.5158483160496248,
	"x" : -0.059056661798256554,
	"y" : -0.24780644671396224,
	"yaw" : 1.2845563646646392,
	"z" : -0.17313219073445357
}
