{
	"pitch" : 1.4690844578350366,
	"roll" : -1.4341048071695288,
	"x" : 0.060204316883767636,
	"y" : -0.06058713364751097,
	"yaw" : 1.3722098965373244,
	"z" : -0.16857317597376079
}
