{
	"pitch" : 1.4497995096573251,
	"roll" : -1.3006012070955415,
	"x" : 0.049604748307521603,
	"y" : -0.29860543628180658,
	"yaw" : 1.5101104043949201,
	"z" : -0.16974367142608549
}
