{
	"pitch" : 1.452068861949007,
	"roll" : -1.4278492649355821,
	"x" : 0.01437072494832918,
	"y" : -0.20477503857262624,
	"yaw" : 1.3761508980063435,
	"z" : -0.17026967303820345
}
