{
	"pitch" : 1.4535235811992506,
	"roll" : -1.4320319808075694,
	"x" : 0.0098023082389423755,
	"y" : -0.22147529455223919,
	"yaw" : 1.3665048081168061,
	"z" : -0.17080963624662654
}
