{
	"pitch" : 1.4638172935043916,
	"roll" : -1.5040626297603155,
	"x" : 0.011431462513236901,
	"y" : -0.20741253674786622,
	"yaw" : 1.3006489397228829,
	"z" : -0.073891833624678632
}
