{
	"pitch" : 1.4814005651750024,
	"roll" : -1.5983514644473029,
	"x" : 0.035466587254149404,
	"y" : -0.034412573862649828,
	"yaw" : 1.2233362716365912,
	"z" : -0.17000251655236379
}
