{
	"pitch" : 1.4661981530648625,
	"roll" : -1.4704266191343547,
	"x" : 0.048928912332460925,
	"y" : -0.055103442434061248,
	"yaw" : 1.3405645650297859,
	"z" : -0.16940220199519762
}
