{
	"pitch" : 1.4563715587267161,
	"roll" : -1.3594739130886269,
	"x" : 0.068969210301890946,
	"y" : -0.27815229771074085,
	"yaw" : 1.4418516481639745,
	"z" : -0.16998690118209928
}
