{
	"pitch" : 1.4879900239408923,
	"roll" : -1.6621162243473206,
	"x" : 0.04351562782277317,
	"y" : 0.026115578142883192,
	"yaw" : 1.166260623064638,
	"z" : -0.17115338781576106
}
