{
	"pitch" : 1.4960195284123496,
	"roll" : -1.3729059596712312,
	"x" : 0.12221116396002951,
	"y" : 0.011824157335364493,
	"yaw" : 1.4521518820339849,
	"z" : -0.16938744278777354
}
