{
	"pitch" : 1.4808380115689672,
	"roll" : -1.4136274617499431,
	"x" : 0.095556284847485004,
	"y" : -0.059669454191574135,
	"yaw" : 1.40464127562054,
	"z" : -0.16852713070403555
}
