{
	"pitch" : 1.4918328106294632,
	"roll" : -1.3725787861167624,
	"x" : 0.12755979985613564,
	"y" : -0.014754595561174876,
	"yaw" : 1.4518318870460631,
	"z" : -0.16894532233927481
}
