{
	"pitch" : 1.4700595105516008,
	"roll" : -1.528651784616591,
	"x" : 0.022502505294907396,
	"y" : -0.17823933343439849,
	"yaw" : 1.2833401469972991,
	"z" : -0.10363244388135998
}
