{
	"pitch" : 1.494661034751767,
	"roll" : -1.5588322825429455,
	"x" : 0.088293830534865447,
	"y" : 0.024959535070612666,
	"yaw" : 1.2591353837628476,
	"z" : -0.13756170081872166
}
