{
	"pitch" : 1.4816181559997781,
	"roll" : -1.6324610381810984,
	"x" : 0.030206440912572748,
	"y" : 0.0074432513716787101,
	"yaw" : 1.1906791993428183,
	"z" : -0.17097401589923983
}
