{
	"pitch" : 1.4517372319057713,
	"roll" : -1.3900553440470726,
	"x" : 0.0032287426025441879,
	"y" : -0.24573069018425719,
	"yaw" : 1.4074605134993128,
	"z" : -0.17041760710047568
}
