{
	"pitch" : 1.4922242610813621,
	"roll" : -1.394443165860167,
	"x" : 0.1277112658405245,
	"y" : -0.014452010059904648,
	"yaw" : 1.4302579065339749,
	"z" : -0.16902644981046397
}
