{
	"pitch" : 1.4944035061416652,
	"roll" : -1.5502093432848763,
	"x" : 0.09269516964056547,
	"y" : 0.034607612444398167,
	"yaw" : 1.269339688682426,
	"z" : -0.1828784110767922
}
