{
	"pitch" : 1.4704361097134471,
	"roll" : -1.4840616979280594,
	"x" : 0.052775127848998633,
	"y" : -0.055911959693195526,
	"yaw" : 1.3330143466303241,
	"z" : -0.16889379591008852
}
