{
	"pitch" : 1.4430445957052764,
	"roll" : -1.375390380449574,
	"x" : -0.016114687401203975,
	"y" : -0.30781466281672221,
	"yaw" : 1.42591511303981,
	"z" : -0.17444319996376756
}
