{
	"pitch" : 1.4585122677270435,
	"roll" : -1.4587672401978649,
	"x" : -0.053074662617288132,
	"y" : -0.26559969400494232,
	"yaw" : 1.3519140396803275,
	"z" : -0.17385778565731078
}
