{
	"pitch" : 1.4735131935211256,
	"roll" : -1.4381230883126479,
	"x" : 0.061045751747685138,
	"y" : -0.058642242021263467,
	"yaw" : 1.3781741509576464,
	"z" : -0.15425905652121902
}
