{
	"pitch" : 1.49427027666978,
	"roll" : -1.6193796369936553,
	"x" : 0.090907354722523467,
	"y" : 0.029291088761585607,
	"yaw" : 1.2012657116830674,
	"z" : -0.14526507393372623
}
