{
	"pitch" : 1.4538592893536597,
	"roll" : -1.4224318278597994,
	"x" : 0.001309385474598912,
	"y" : -0.2500221355799544,
	"yaw" : 1.3795282056833957,
	"z" : -0.17172612965672829
}
