{
	"pitch" : 1.4555743130491294,
	"roll" : -1.4433412673333279,
	"x" : 0.013365132916694035,
	"y" : -0.2113752696116154,
	"yaw" : 1.3593654276594691,
	"z" : -0.17018572328439546
}
