{
	"pitch" : 1.4525718438574016,
	"roll" : -1.4601466831175098,
	"x" : 0.030458268805325456,
	"y" : -0.1556204721195219,
	"yaw" : 1.341754659581639,
	"z" : -0.1692609448853501
}
