{
	"pitch" : 1.4942309140560455,
	"roll" : -1.5780950380099934,
	"x" : 0.088595580055207512,
	"y" : 0.024768241083474377,
	"yaw" : 1.2397334083623179,
	"z" : -0.13761383357153162
}
