{
	"pitch" : 1.4992985038123541,
	"roll" : -1.4198502843765257,
	"x" : 0.1193407734039659,
	"y" : 0.015632620116627912,
	"yaw" : 1.4042374136154212,
	"z" : -0.16962480754643597
}
