{
	"pitch" : 1.4996162605915659,
	"roll" : -1.5597769785007258,
	"x" : 0.097387149279660731,
	"y" : 0.034764410807777715,
	"yaw" : 1.2710577018418359,
	"z" : -0.17043496746310166
}
