{
	"pitch" : 1.4963823771265921,
	"roll" : -1.4842518122123638,
	"x" : 0.079043557048164265,
	"y" : 0.039973390652193103,
	"yaw" : 1.3508879460190231,
	"z" : -0.17090469813959372
}
