{
	"pitch" : 1.4841625855473932,
	"roll" : -1.639762496276606,
	"x" : 0.043837100625838538,
	"y" : 0.027241287170283936,
	"yaw" : 1.1819229441333099,
	"z" : -0.17150571121549718
}
