{
	"pitch" : 1.4633798150959658,
	"roll" : -1.2717963651912507,
	"x" : 0.10239159256110894,
	"y" : -0.2460132812245604,
	"yaw" : 1.5393385810156135,
	"z" : -0.16829546450518948
}
