{
	"pitch" : 1.4859449234358366,
	"roll" : -1.5481568954183795,
	"x" : 0.053772015212153516,
	"y" : 0.034790204173289777,
	"yaw" : 1.2855347857577601,
	"z" : -0.1714938853132999
}
