{
	"pitch" : 1.4726320457665991,
	"roll" : -1.5109595972400813,
	"x" : 0.056079260429678035,
	"y" : -0.080002477427664531,
	"yaw" : 1.3002784577787942,
	"z" : -0.1694228193604676
}
