{
	"pitch" : 1.4847866573375041,
	"roll" : -1.6624526349077779,
	"x" : 0.042715402509809056,
	"y" : 0.025650392131576973,
	"yaw" : 1.1594272958734904,
	"z" : -0.17146390478798026
}
