{
	"pitch" : 1.4552427114049071,
	"roll" : -1.4107718788651216,
	"x" : 0.0032413872312145459,
	"y" : -0.24408880864655669,
	"yaw" : 1.3915430894052816,
	"z" : -0.17130761503526415
}
