{
	"pitch" : 1.4969564021062955,
	"roll" : -1.5229897129867742,
	"x" : 0.091978086877806051,
	"y" : 0.036410481249475032,
	"yaw" : 1.2986099641462516,
	"z" : -0.17006228035973633
}
