{
	"pitch" : 1.4674214862136699,
	"roll" : -1.506879066566871,
	"x" : 0.01528738550031785,
	"y" : -0.19924198670898868,
	"yaw" : 1.3012500847399902,
	"z" : -0.082665047364017627
}
