{
	"pitch" : 1.4861953041620717,
	"roll" : -1.3806555267401526,
	"x" : 0.11689784946824308,
	"y" : -0.043452074552444223,
	"yaw" : 1.4368032246222604,
	"z" : -0.1684730759015827
}
