{
	"pitch" : 1.467539459919684,
	"roll" : -1.6109978971779655,
	"x" : -0.021938339305842755,
	"y" : -0.12245764143996976,
	"yaw" : 1.200397247330163,
	"z" : -0.17159350748031035
}
