{
	"pitch" : 1.4718364169138982,
	"roll" : -1.5202321809275661,
	"x" : 0.076153733824954647,
	"y" : -0.015862040205786666,
	"yaw" : 1.2811631360581603,
	"z" : -0.16969569544031515
}
