{
	"pitch" : 1.4594245885938419,
	"roll" : -1.4140000463520301,
	"x" : 0.048894678011943929,
	"y" : -0.099148070342729114,
	"yaw" : 1.3813265234841738,
	"z" : -0.16953025973963809
}
