{
	"pitch" : 1.4728107480446484,
	"roll" : -1.5877100659847472,
	"x" : 0.046253649911884319,
	"y" : -0.051399364095390199,
	"yaw" : 1.2314197716377113,
	"z" : -0.16947721744560998
}
