{
	"pitch" : 1.4654425022012754,
	"roll" : -1.4657060142663869,
	"x" : 0.048734790999350588,
	"y" : -0.054965486378717204,
	"yaw" : 1.3455756524040003,
	"z" : -0.16932671174517036
}
