{
	"pitch" : 1.4966006000850161,
	"roll" : -1.4311490108734022,
	"x" : 0.12463308964688856,
	"y" : 0.0074871039364190484,
	"yaw" : 1.3915475128328501,
	"z" : -0.16928865326507583
}
