{
	"pitch" : 1.4658961734535436,
	"roll" : -1.4458688665425803,
	"x" : -0.0082865263541321427,
	"y" : -0.092632188139523577,
	"yaw" : 1.3742231273406516,
	"z" : -0.17266982701304431
}
