{
	"pitch" : 1.4959521103265732,
	"roll" : -1.5600279794397147,
	"x" : 0.070330655109217585,
	"y" : 0.039151193406025506,
	"yaw" : 1.2742148924127665,
	"z" : -0.17122334587391985
}
