{
	"pitch" : 1.4569217191351607,
	"roll" : -1.3824209529293339,
	"x" : 0.018534429461732657,
	"y" : -0.19621794931909753,
	"yaw" : 1.431177542679553,
	"z" : -0.25927709834807972
}
