{
	"pitch" : 1.4527683537708049,
	"roll" : -1.4280143416630042,
	"x" : 0.014393257854364169,
	"y" : -0.20589813626908113,
	"yaw" : 1.3764773995925677,
	"z" : -0.17035800459857051
}
