{
	"pitch" : 1.4565516631043345,
	"roll" : -1.4035424186860064,
	"x" : 0.0093236383111193477,
	"y" : -0.22443388941625622,
	"yaw" : 1.3949465850798319,
	"z" : -0.17060737134777362
}
