{
	"pitch" : 1.4941645679503719,
	"roll" : -1.5543053582012625,
	"x" : 0.088633928992780303,
	"y" : 0.025364849423662815,
	"yaw" : 1.2636339249530002,
	"z" : -0.1379616629392566
}
