{
	"pitch" : 1.4690116347158197,
	"roll" : -1.5192341300157088,
	"x" : 0.06245221889897265,
	"y" : -0.061265428521833795,
	"yaw" : 1.2868239326092774,
	"z" : -0.16944886715045285
}
