{
	"pitch" : 1.4780720378039951,
	"roll" : -1.5170761448182974,
	"x" : 0.066099388163290224,
	"y" : -0.044712755988995143,
	"yaw" : 1.2951185435302903,
	"z" : -0.1316912137005655
}
