{
	"pitch" : 1.4991943944846506,
	"roll" : -1.4215224676137235,
	"x" : 0.11932545532156494,
	"y" : 0.01562712707349391,
	"yaw" : 1.4026644218432134,
	"z" : -0.16963013841737348
}
