{
	"pitch" : 1.4808187382959039,
	"roll" : -1.4926741302067976,
	"x" : 0.070524427199076159,
	"y" : -0.028269833312062734,
	"yaw" : 1.3215013831811928,
	"z" : -0.16977527142385856
}
