{
	"pitch" : 1.4937576024259556,
	"roll" : -1.6034393052557034,
	"x" : 0.090225990288760882,
	"y" : 0.028285425337487746,
	"yaw" : 1.2164099005877893,
	"z" : -0.14297650420196881
}
