{
	"pitch" : 1.4727113697218475,
	"roll" : -1.4944617056418212,
	"x" : 0.024847486534735341,
	"y" : -0.17118766298927887,
	"yaw" : 1.3163936843805824,
	"z" : -0.11079277614080853
}
