{
	"pitch" : 1.475715357095313,
	"roll" : -1.560664187599057,
	"x" : 0.038461893388763983,
	"y" : -0.13392059258589409,
	"yaw" : 1.2535454346135719,
	"z" : -0.14769479435743588
}
