{
	"pitch" : 1.4533384557104756,
	"roll" : -1.3321524529448783,
	"x" : 0.018775330466405796,
	"y" : -0.28942123950259413,
	"yaw" : 1.47254662194512,
	"z" : -0.1713291726091688
}
