{
	"pitch" : 1.4788888783646987,
	"roll" : -1.6596465991458511,
	"x" : 0.029277644771665459,
	"y" : 0.0039710377657442442,
	"yaw" : 1.1614671686307223,
	"z" : -0.17046928991138016
}
