{
	"pitch" : 1.4812074129235862,
	"roll" : -1.5944226843534526,
	"x" : 0.082663043349790299,
	"y" : 0.00050700147404563432,
	"yaw" : 1.2192756919688363,
	"z" : -0.21886857266039633
}
