{
	"pitch" : 1.4721930546587532,
	"roll" : -1.5043443899277356,
	"x" : 0.070686890379926731,
	"y" : -0.06254393852723672,
	"yaw" : 1.3046169714403559,
	"z" : -0.16910499324728834
}
