{
	"pitch" : 1.4857211779129922,
	"roll" : -1.6740111218489264,
	"x" : 0.03805687174482273,
	"y" : 0.020384157602759842,
	"yaw" : 1.1466365588404497,
	"z" : -0.17119756019746166
}
