{
	"pitch" : 1.4688402349062184,
	"roll" : -1.5283520596786531,
	"x" : 0.036315581718887012,
	"y" : -0.042780305002625696,
	"yaw" : 1.2816960994330844,
	"z" : -0.17019925707967581
}
