{
	"pitch" : 1.481449634443472,
	"roll" : -1.6300041166945873,
	"x" : 0.031670596096060523,
	"y" : 0.0094854072527470971,
	"yaw" : 1.1895124660763676,
	"z" : -0.17068022853977285
}
