{
	"pitch" : 1.4834013484319097,
	"roll" : -1.5716868050833501,
	"x" : 0.077388003478214992,
	"y" : -0.012225099784806627,
	"yaw" : 1.2466063239575167,
	"z" : -0.16952928922134169
}
