{
	"pitch" : 1.4770418719715015,
	"roll" : -1.6291061427565547,
	"x" : 0.02763571109389748,
	"y" : -0.020524072022264871,
	"yaw" : 1.1913572003236128,
	"z" : -0.1708367084989191
}
