{
	"pitch" : 1.4790856863801261,
	"roll" : -1.4257521435636211,
	"x" : 0.067501727529866329,
	"y" : -0.038947423714565547,
	"yaw" : 1.3784487069206468,
	"z" : -0.16923628902405971
}
