{
	"pitch" : 1.4472542776358848,
	"roll" : -1.2752743753939766,
	"x" : 0.053085654005234045,
	"y" : -0.30021319234837807,
	"yaw" : 1.5343713857159527,
	"z" : -0.17006097239953091
}
