{
	"pitch" : 1.4476982880031861,
	"roll" : -1.4382343571104723,
	"x" : -0.016322813872462372,
	"y" : -0.30915039642401876,
	"yaw" : 1.3651018858544022,
	"z" : -0.173626296698698
}
