{
	"pitch" : 1.4829938511638623,
	"roll" : -1.6159142458334661,
	"x" : 0.090509181221452101,
	"y" : 0.024253836631050938,
	"yaw" : 1.2016653172680849,
	"z" : -0.20333471364550432
}
