{
	"pitch" : 1.4532244901138598,
	"roll" : -1.4813010156259105,
	"x" : 0.014856389292458715,
	"y" : -0.20883520415500292,
	"yaw" : 1.3205766270227521,
	"z" : -0.17097501240171764
}
