{
	"pitch" : 1.4542366795764996,
	"roll" : -1.409456844455961,
	"x" : 0.014119075397090598,
	"y" : -0.2074474802410653,
	"yaw" : 1.3926749886007053,
	"z" : -0.17047850829290664
}
