{
	"pitch" : 1.4967022151174185,
	"roll" : -1.4974343158019143,
	"x" : 0.070866047127796344,
	"y" : 0.039548768083843638,
	"yaw" : 1.3390854892333524,
	"z" : -0.17188477449591003
}
