{
	"pitch" : 1.4769116988214108,
	"roll" : -1.5761027910668155,
	"x" : 0.036328183758432359,
	"y" : -0.13922817269079074,
	"yaw" : 1.2394785396341441,
	"z" : -0.1417800468038867
}
