{
	"pitch" : 1.4710335880228818,
	"roll" : -1.6638200765985272,
	"x" : 0.026733797927016953,
	"y" : -0.013988126170896122,
	"yaw" : 1.152175647692564,
	"z" : -0.17152977168037417
}
