{
	"pitch" : 1.4433362079160021,
	"roll" : -1.3789186249883161,
	"x" : -0.015386962009582811,
	"y" : -0.30380369212137881,
	"yaw" : 1.4234533309584492,
	"z" : -0.17402033763530167
}
