{
	"pitch" : 1.4809197736161848,
	"roll" : -1.3827294446673686,
	"x" : 0.082817814960801081,
	"y" : -0.062857527556703971,
	"yaw" : 1.4453844901953707,
	"z" : -0.16852251360116252
}
