{
	"pitch" : 1.4995986811079383,
	"roll" : -1.5386314450670604,
	"x" : 0.095445469771085076,
	"y" : 0.036024965679652021,
	"yaw" : 1.2930676466501887,
	"z" : -0.17069680035018692
}
