{
	"pitch" : 1.4841581265335053,
	"roll" : -1.486394999021124,
	"x" : 0.066951180051796164,
	"y" : -0.045019147952241274,
	"yaw" : 1.3351944958785975,
	"z" : -0.16825318469580708
}
