{
	"pitch" : 1.4752876151138246,
	"roll" : -1.5796708892515434,
	"x" : 0.026573153407395092,
	"y" : -0.01815039423557014,
	"yaw" : 1.240068980265838,
	"z" : -0.17054370033734673
}
