{
	"pitch" : 1.4574594949460342,
	"roll" : -1.3342667777491048,
	"x" : 0.014514380339298305,
	"y" : -0.2089521883857261,
	"yaw" : 1.4782155102848884,
	"z" : -0.27096659822819275
}
