{
	"pitch" : 1.4954051075230532,
	"roll" : -1.5589984402667807,
	"x" : 0.070454514286791087,
	"y" : 0.039157877022341116,
	"yaw" : 1.2758201278153443,
	"z" : -0.17142937469984629
}
