{
	"pitch" : 1.473706598263961,
	"roll" : -1.388652924245827,
	"x" : 0.073703477501309914,
	"y" : -0.011448209728405056,
	"yaw" : 1.4046561450934372,
	"z" : -0.16855442981039753
}
