{
	"pitch" : 1.4574007848984947,
	"roll" : -1.3780833760125588,
	"x" : 0.016295087040115695,
	"y" : -0.20564020716791895,
	"yaw" : 1.4343862427785834,
	"z" : -0.26826688042861369
}
