{
	"pitch" : 1.4609438498146454,
	"roll" : -1.2936674090039761,
	"x" : 0.11212300929743028,
	"y" : -0.24081233587813627,
	"yaw" : 1.5172221374015131,
	"z" : -0.16801076867843287
}
