{
	"pitch" : 1.4839943424185065,
	"roll" : -1.5549995587324952,
	"x" : 0.077109070621544096,
	"y" : -0.012247942467625565,
	"yaw" : 1.2632183274398787,
	"z" : -0.16963612829961427
}
