{
	"pitch" : 1.4817537928728817,
	"roll" : -1.5472836446879386,
	"x" : 0.079017648881915814,
	"y" : -0.010261733440787147,
	"yaw" : 1.2650574403662662,
	"z" : -0.22007601530285612
}
