{
	"pitch" : 1.4817212447630641,
	"roll" : -1.3924300296795389,
	"x" : 0.10635498293471932,
	"y" : -0.053641947616933701,
	"yaw" : 1.4306017192282185,
	"z" : -0.16830715075280336
}
