{
	"pitch" : 1.4795419810898423,
	"roll" : -1.5763263375114003,
	"x" : 0.050074518395269968,
	"y" : -0.1212172935242217,
	"yaw" : 1.2329876825455384,
	"z" : -0.16976415213249624
}
