{
	"pitch" : 1.4865147977805899,
	"roll" : -1.3173286825225003,
	"x" : 0.12037079438527484,
	"y" : -0.036417961584590763,
	"yaw" : 1.5008265867784811,
	"z" : -0.16811081632019281
}
