{
	"pitch" : 1.4703221279493586,
	"roll" : -1.4855035478905592,
	"x" : 0.060512427884680448,
	"y" : -0.061933897963615786,
	"yaw" : 1.3238406585702289,
	"z" : -0.16940600689339314
}
