{
	"pitch" : 1.4669090912224119,
	"roll" : -1.5939456486417849,
	"x" : -0.032618937554056884,
	"y" : -0.11897073945439832,
	"yaw" : 1.2160631801228381,
	"z" : -0.17121457900571305
}
