{
	"pitch" : 1.4828174880791791,
	"roll" : -1.541553361984356,
	"x" : 0.076620673432357428,
	"y" : -0.013695189377291316,
	"yaw" : 1.2756290070174956,
	"z" : -0.16984696678805758
}
