{
	"pitch" : 1.4474884765962917,
	"roll" : -1.4863091568128874,
	"x" : -0.075408225670213574,
	"y" : -0.25754741479504051,
	"yaw" : 1.3176293008646103,
	"z" : -0.17438829815241313
}
