{
	"pitch" : 1.4931790112634333,
	"roll" : -1.6069463176489684,
	"x" : 0.087002944687993522,
	"y" : 0.019111126814789395,
	"yaw" : 1.2102228075282868,
	"z" : -0.13142143178797433
}
