{
	"pitch" : 1.4774890326443799,
	"roll" : -1.4245681754890653,
	"x" : 0.066441373347943339,
	"y" : -0.045308442200870394,
	"yaw" : 1.3842820333220434,
	"z" : -0.16935532163386138
}
