{
	"pitch" : 1.4752530613614958,
	"roll" : -1.476469390398967,
	"x" : 0.061641248863012393,
	"y" : -0.058725502531123401,
	"yaw" : 1.3388697161296506,
	"z" : -0.15220230778787094
}
