{
	"pitch" : 1.442869793731073,
	"roll" : -1.3791597807808638,
	"x" : -0.015766231633530373,
	"y" : -0.30456471954984515,
	"yaw" : 1.4233413718285977,
	"z" : -0.17391945486154375
}
