{
	"pitch" : 1.4897420523456637,
	"roll" : -1.3616394494561832,
	"x" : 0.12651183576616321,
	"y" : -0.017195196686391252,
	"yaw" : 1.462475454293978,
	"z" : -0.16863272339880167
}
