{
	"pitch" : 1.4696462932750685,
	"roll" : -1.5360938317260002,
	"x" : 0.054855027034492548,
	"y" : -0.056768498352207278,
	"yaw" : 1.2799482627992049,
	"z" : -0.16916811825233663
}
