{
	"pitch" : 1.4798104358486484,
	"roll" : -1.4372433609455377,
	"x" : 0.1021735462807869,
	"y" : -0.056517706892064382,
	"yaw" : 1.3853448052177695,
	"z" : -0.16897039430027619
}
