{
	"pitch" : 1.4706485712644322,
	"roll" : -1.5200955458917069,
	"x" : -0.076913354035659132,
	"y" : -0.1735554484846373,
	"yaw" : 1.2900220445326775,
	"z" : -0.1730759502061783
}
