{
	"pitch" : 1.4640220305300138,
	"roll" : -1.3390783056831383,
	"x" : 0.028627270087951157,
	"y" : -0.158084591054962,
	"yaw" : 1.4777630511475139,
	"z" : -0.21800488381617264
}
