{
	"pitch" : 1.4842343701112271,
	"roll" : -1.3851667808240393,
	"x" : 0.11033474873137145,
	"y" : -0.050296475586984676,
	"yaw" : 1.4332785741075329,
	"z" : -0.16821690879601764
}
