{
	"pitch" : 1.4488866240512639,
	"roll" : -1.4213533742200415,
	"x" : -0.0064646070345272116,
	"y" : -0.27465017168858391,
	"yaw" : 1.3819377999074658,
	"z" : -0.17245076845918161
}
