{
	"pitch" : 1.4855275352149568,
	"roll" : -1.5549246643966854,
	"x" : 0.072751115504970654,
	"y" : -0.024531607158540449,
	"yaw" : 1.2588303954316384,
	"z" : -0.12096446905835959
}
