{
	"pitch" : 1.4689655218020174,
	"roll" : -1.6070750710654982,
	"x" : -0.030919195259216325,
	"y" : -0.11965710778481245,
	"yaw" : 1.2031738521865889,
	"z" : -0.17153104003308989
}
