{
	"pitch" : 1.4763033028937897,
	"roll" : -1.5433875068407017,
	"x" : 0.068812796647532745,
	"y" : -0.037452195635570139,
	"yaw" : 1.2683865667741401,
	"z" : -0.17033514742662587
}
