{
	"pitch" : 1.4812855690798592,
	"roll" : -1.4341035315179738,
	"x" : 0.10127682474332766,
	"y" : -0.056883725230377213,
	"yaw" : 1.3881299542976064,
	"z" : -0.16909496728495874
}
