{
	"pitch" : 1.4558453338027619,
	"roll" : -1.3681521470232192,
	"x" : 0.018002804146176173,
	"y" : -0.19787283714265086,
	"yaw" : 1.4431133981421056,
	"z" : -0.26070757535129474
}
