{
	"pitch" : 1.4495604318504485,
	"roll" : -1.4215072734871845,
	"x" : -0.0019940183971182412,
	"y" : -0.2622670815201204,
	"yaw" : 1.379066023024863,
	"z" : -0.17141984720525788
}
