{
	"pitch" : 1.4619449517385212,
	"roll" : -1.3028464335894421,
	"x" : 0.10856132756819323,
	"y" : -0.23158897584709023,
	"yaw" : 1.5050057156576586,
	"z" : -0.1687441181051394
}
