{
	"pitch" : 1.48554870963585,
	"roll" : -1.6188114191426197,
	"x" : 0.047005975695613732,
	"y" : 0.029200066220081623,
	"yaw" : 1.2118308304089183,
	"z" : -0.17145380370767954
}
