{
	"pitch" : 1.4730417756581475,
	"roll" : -1.527604915850177,
	"x" : 0.076762746362816756,
	"y" : -0.011797071042304406,
	"yaw" : 1.2802060975154372,
	"z" : -0.16935692277066011
}
