{
	"pitch" : 1.4764912939899342,
	"roll" : -1.5870934344033023,
	"x" : 0.031770578634151239,
	"y" : -0.03531242563958796,
	"yaw" : 1.2339747943596844,
	"z" : -0.16981829942546706
}
