{
	"pitch" : 1.4940006026797579,
	"roll" : -1.4035583162129752,
	"x" : 0.12805131177923396,
	"y" : -0.0031244250953399531,
	"yaw" : 1.4217870125303642,
	"z" : -0.16933797698318109
}
