{
	"pitch" : 1.460752340601611,
	"roll" : -1.3003987498505913,
	"x" : 0.11216809613462286,
	"y" : -0.24040546728510437,
	"yaw" : 1.5085879862967997,
	"z" : -0.16796216891463936
}
