{
	"pitch" : 1.4721046716976121,
	"roll" : -1.44119177652525,
	"x" : 0.10067704151560711,
	"y" : -0.17883024439349152,
	"yaw" : 1.3726159013053802,
	"z" : -0.16849449555597848
}
