{
	"pitch" : 1.4821227335498126,
	"roll" : -1.5380426458598402,
	"x" : 0.076542654765333479,
	"y" : -0.013931694411967418,
	"yaw" : 1.2790877037694206,
	"z" : -0.1698549618049916
}
