{
	"pitch" : 1.4527998706505176,
	"roll" : -1.4587508333219794,
	"x" : 0.03043415398079246,
	"y" : -0.16356360234027675,
	"yaw" : 1.3455814264537007,
	"z" : -0.17010491567131575
}
