{
	"pitch" : 1.4764523635013078,
	"roll" : -1.504363635750037,
	"x" : 0.070021911267695983,
	"y" : -0.15944237599533553,
	"yaw" : 1.3070233876924884,
	"z" : -0.16923978340469384
}
