{
	"pitch" : 1.4796869373612214,
	"roll" : -1.5125917610559008,
	"x" : 0.044477191788176065,
	"y" : -0.11201564172427766,
	"yaw" : 1.3051117665850467,
	"z" : -0.16924165254521631
}
