{
	"pitch" : 1.4804820904452174,
	"roll" : -1.5007342557651915,
	"x" : 0.080462591215665347,
	"y" : -0.0058931880181222959,
	"yaw" : 1.3110982445736243,
	"z" : -0.2195469477583688
}
