{
	"pitch" : 1.4962749382711116,
	"roll" : -1.3833554912382113,
	"x" : 0.1223872295091868,
	"y" : 0.011754146997650769,
	"yaw" : 1.441384543728693,
	"z" : -0.1695211419258133
}
