{
	"pitch" : 1.4837948012741238,
	"roll" : -1.4789062863294355,
	"x" : 0.077743458735366908,
	"y" : -0.010650080274269707,
	"yaw" : 1.3334312215566579,
	"z" : -0.1692807795527915
}
