{
	"pitch" : 1.4704346744974712,
	"roll" : -1.4429788612713088,
	"x" : 0.083823360643737369,
	"y" : -0.1555358407724757,
	"yaw" : 1.357770735339823,
	"z" : -0.16870754358787898
}
