{
	"pitch" : 1.4723666962253856,
	"roll" : -1.4977217389965176,
	"x" : 0.071350820191122696,
	"y" : -0.062701084651698033,
	"yaw" : 1.3114791175243261,
	"z" : -0.16915106690516479
}
