{
	"pitch" : 1.4557682718053222,
	"roll" : -1.4455149483082659,
	"x" : 0.012558456753009664,
	"y" : -0.21435576601310427,
	"yaw" : 1.3550283634932871,
	"z" : -0.17049139772139407
}
