{
	"pitch" : 1.4751649361247641,
	"roll" : -1.5709971371531541,
	"x" : 0.030284659791694771,
	"y" : -0.032155526185474896,
	"yaw" : 1.2488523971284475,
	"z" : -0.1696538905637521
}
