{
	"pitch" : 1.4748198805635682,
	"roll" : -1.4760617987068572,
	"x" : 0.061023936725403252,
	"y" : -0.05944040332644028,
	"yaw" : 1.3384639669479248,
	"z" : -0.15573135331158638
}
