{
	"pitch" : 1.4537973010634995,
	"roll" : -1.4301793662225066,
	"x" : 0.010499073798778527,
	"y" : -0.21971436023852295,
	"yaw" : 1.3702439909193198,
	"z" : -0.17076480404910321
}
