{
	"pitch" : 1.4809613561200936,
	"roll" : -1.4324778754237917,
	"x" : 0.10140244884735805,
	"y" : -0.056787374729898102,
	"yaw" : 1.3899582725330297,
	"z" : -0.16899814093294355
}
