{
	"pitch" : 1.4881790150724232,
	"roll" : -1.556237452315594,
	"x" : 0.053387970280659523,
	"y" : 0.034018981740654874,
	"yaw" : 1.2754172787933775,
	"z" : -0.17119903159216121
}
