{
	"pitch" : 1.48239749714415,
	"roll" : -1.3549877089899283,
	"x" : 0.11417217391483422,
	"y" : -0.046461055318083921,
	"yaw" : 1.4673855621571503,
	"z" : -0.16810973016925188
}
