{
	"pitch" : 1.4868897015421352,
	"roll" : -1.6304833296468781,
	"x" : 0.040991717560734255,
	"y" : 0.024202755451917947,
	"yaw" : 1.1916590126823243,
	"z" : -0.17101814696137863
}
