{
	"pitch" : 1.4905300722336483,
	"roll" : -1.4063618987654931,
	"x" : 0.054474981990293762,
	"y" : -0.023462867100717676,
	"yaw" : 1.4160976602851505,
	"z" : -0.16889736610531605
}
