{
	"pitch" : 1.493983256147847,
	"roll" : -1.5096611654936238,
	"x" : 0.073242170473767104,
	"y" : -0.015582296245473186,
	"yaw" : 1.312933063170479,
	"z" : -0.16988086267871924
}
