{
	"pitch" : 1.4809389418411918,
	"roll" : -1.3339218908818682,
	"x" : 0.026451112958044948,
	"y" : -0.17315315666321374,
	"yaw" : 1.4794495621515356,
	"z" : -0.25114304893698236
}
