{
	"pitch" : 1.4847320437694822,
	"roll" : -1.3663464448179419,
	"x" : 0.038087847842428121,
	"y" : -0.13135576184610853,
	"yaw" : 1.4417333834397794,
	"z" : -0.22862634136970916
}
