{
	"pitch" : 1.4744890175467913,
	"roll" : -1.6381161679339415,
	"x" : 0.026309196498940826,
	"y" : -0.0099221270119295834,
	"yaw" : 1.1773709076433569,
	"z" : -0.17113767796448281
}
