{
	"pitch" : 1.4687295818587396,
	"roll" : -1.49495990293534,
	"x" : 0.043239268516584273,
	"y" : -0.11985087410867232,
	"yaw" : 1.3169075644337238,
	"z" : -0.17835881884689656
}
