{
	"pitch" : 1.4585830024051456,
	"roll" : -1.4521325093579103,
	"x" : -0.058781987966687529,
	"y" : -0.26412876813963843,
	"yaw" : 1.3611242631420342,
	"z" : -0.17390100772160169
}
