{
	"pitch" : 1.4605932460762789,
	"roll" : -1.3353190077489845,
	"x" : 0.011610418854610463,
	"y" : -0.29477375161894703,
	"yaw" : 1.4751641076306889,
	"z" : -0.17150252133847388
}
