{
	"pitch" : 1.4856302890274657,
	"roll" : -1.6283961292391578,
	"x" : 0.040227265888074029,
	"y" : 0.023388803719372672,
	"yaw" : 1.1941982650763692,
	"z" : -0.17103369568894772
}
