{
	"pitch" : 1.4634472236077907,
	"roll" : -1.3513046422286099,
	"x" : 0.028678031704374621,
	"y" : -0.15902119699634601,
	"yaw" : 1.4641078742558937,
	"z" : -0.21899867508014517
}
