{
	"pitch" : 1.4778367706298485,
	"roll" : -1.5134092216787629,
	"x" : 0.066139512712689558,
	"y" : -0.044055264120610116,
	"yaw" : 1.2988422519822693,
	"z" : -0.13104814451604446
}
