{
	"pitch" : 1.4536586734784955,
	"roll" : -1.3105159151808843,
	"x" : 0.037056522223356092,
	"y" : -0.29517901921218465,
	"yaw" : 1.4958462560843597,
	"z" : -0.17074974949725077
}
