{
	"pitch" : 1.4940093595008264,
	"roll" : -1.5971115014026982,
	"x" : 0.075002859915436981,
	"y" : 0.039736845397717373,
	"yaw" : 1.2314505350895328,
	"z" : -0.17086228263391326
}
