{
	"pitch" : 1.4810793015625388,
	"roll" : -1.5371938332483706,
	"x" : 0.085721926273922611,
	"y" : 0.011149508961141474,
	"yaw" : 1.2757967982352287,
	"z" : -0.21393189698496712
}
