{
	"pitch" : 1.4937722490073333,
	"roll" : -1.4126404732073581,
	"x" : 0.12689007212804645,
	"y" : -0.0010458211910949599,
	"yaw" : 1.4128025148275953,
	"z" : -0.169360217736261
}
