{
	"pitch" : 1.4656254522027516,
	"roll" : -1.4780655975335391,
	"x" : 0.06244434845390149,
	"y" : -0.056710834022463436,
	"yaw" : 1.3293829025740933,
	"z" : -0.16884814282108726
}
