{
	"pitch" : 1.4877180032917767,
	"roll" : -1.531942336032206,
	"x" : 0.059144937478275122,
	"y" : 0.037223660836852232,
	"yaw" : 1.2984031987533484,
	"z" : -0.17157897969616032
}
