{
	"pitch" : 1.4811853261104448,
	"roll" : -1.5954443177931792,
	"x" : 0.026742535997435965,
	"y" : -0.00012051659520712077,
	"yaw" : 1.2243318195021973,
	"z" : -0.17060551027333085
}
