{
	"pitch" : 1.4774024368565033,
	"roll" : -1.4970350865293995,
	"x" : -0.0083101056842945081,
	"y" : -0.10078635257850814,
	"yaw" : 1.3224349499868804,
	"z" : -0.17031289060851673
}
