{
	"pitch" : 1.4987990930007968,
	"roll" : -1.3749161821404174,
	"x" : 0.10949890798665497,
	"y" : 0.026895315335403965,
	"yaw" : 1.4537308963192359,
	"z" : -0.16985307016218792
}
