{
	"pitch" : 1.4842775255932137,
	"roll" : -1.6367057552277617,
	"x" : 0.039939151318838587,
	"y" : 0.02266049858670301,
	"yaw" : 1.187092640713014,
	"z" : -0.17142713935693585
}
