{
	"pitch" : 1.489730764810409,
	"roll" : -1.5355116478444886,
	"x" : 0.078579116123421305,
	"y" : -0.0041392223274610528,
	"yaw" : 1.2775267347025383,
	"z" : -0.11884731377119856
}
