{
	"pitch" : 1.472144629012426,
	"roll" : -1.3841010609788706,
	"x" : 0.09426706164686155,
	"y" : -0.19987645521606273,
	"yaw" : 1.4330947529874303,
	"z" : -0.16823270885923858
}
