{
	"pitch" : 1.4806051524686266,
	"roll" : -1.4198027089488494,
	"x" : 0.085632666164865714,
	"y" : -0.062723404478774836,
	"yaw" : 1.4049459623672582,
	"z" : -0.16850785617458136
}
