{
	"pitch" : 1.4872480522927609,
	"roll" : -1.3047325690015732,
	"x" : 0.12102855488499556,
	"y" : -0.035890365671184483,
	"yaw" : 1.5131721083796335,
	"z" : -0.1680101730495456
}
