{
	"pitch" : 1.4820591080258307,
	"roll" : -1.4094295347118111,
	"x" : 0.028594866604502917,
	"y" : -0.162201211172978,
	"yaw" : 1.4003466880570294,
	"z" : -0.24617182107675589
}
