{
	"pitch" : 1.4738806714579624,
	"roll" : -1.3990851771499371,
	"x" : 0.074056828946452366,
	"y" : -0.063290922590357221,
	"yaw" : 1.4209886940866474,
	"z" : -0.16870490722192358
}
