{
	"pitch" : 1.4753838658710063,
	"roll" : -1.5244847072378955,
	"x" : 0.072222056922782205,
	"y" : -0.029636328082427471,
	"yaw" : 1.2824591100265379,
	"z" : -0.21665398733177973
}
