{
	"pitch" : 1.4861127309865518,
	"roll" : -1.5624972029573903,
	"x" : 0.073841806527227188,
	"y" : -0.021805808327639516,
	"yaw" : 1.250206742551951,
	"z" : -0.12033009959762003
}
