{
	"pitch" : 1.475259925254107,
	"roll" : -1.4975664279356522,
	"x" : 0.062018820215587758,
	"y" : -0.058854606896937681,
	"yaw" : 1.3175935204326719,
	"z" : -0.15226742866969978
}
