{
	"pitch" : 1.45476271945467,
	"roll" : -1.6502904330635333,
	"x" : -0.066596731705364218,
	"y" : -0.17237625048151814,
	"yaw" : 1.1579666614371575,
	"z" : -0.17390182642749216
}
