{
	"pitch" : 1.486981713822175,
	"roll" : -1.6232187290123028,
	"x" : 0.055279754604206859,
	"y" : 0.033877047985811287,
	"yaw" : 1.2016297858161002,
	"z" : -0.17116293756651357
}
