{
	"pitch" : 1.4958427529513636,
	"roll" : -1.4681967032033707,
	"x" : 0.066807280584656348,
	"y" : -0.041371852971930759,
	"yaw" : 1.3450019676543161,
	"z" : -0.18367727066882247
}
