{
	"pitch" : 1.4625740086234298,
	"roll" : -1.3118827028638094,
	"x" : 0.013101843834387505,
	"y" : -0.2938227027696893,
	"yaw" : 1.4997304129036135,
	"z" : -0.17141526638634225
}
