{
	"pitch" : 1.4701600213313053,
	"roll" : -1.5192850583590991,
	"x" : 0.06787665749369759,
	"y" : -0.044064909447867215,
	"yaw" : 1.2867965023181096,
	"z" : -0.20871499870866508
}
