{
	"pitch" : 1.465931850496609,
	"roll" : -1.5320860108552983,
	"x" : 0.01955942059928107,
	"y" : -0.18705929894486489,
	"yaw" : 1.2781549454491024,
	"z" : -0.094332679549991791
}
