{
	"pitch" : 1.4812891925589073,
	"roll" : -1.5362933494331386,
	"x" : 0.085674253748671644,
	"y" : 0.011036943242798707,
	"yaw" : 1.2767177922297557,
	"z" : -0.21392310298710041
}
