{
	"pitch" : 1.4553035904664715,
	"roll" : -1.3348964797594862,
	"x" : 0.026593407467297256,
	"y" : -0.29159492181270436,
	"yaw" : 1.4688803470710079,
	"z" : -0.17110560998677168
}
