{
	"pitch" : 1.4653994895630613,
	"roll" : -1.3238875324918891,
	"x" : 0.015892071402944866,
	"y" : -0.20800799961461955,
	"yaw" : 1.4895473613808594,
	"z" : -0.26995696908138522
}
