{
	"pitch" : 1.4955103240766201,
	"roll" : -1.4755655991333134,
	"x" : 0.091038980450228846,
	"y" : 0.037915089387465586,
	"yaw" : 1.3578266986749321,
	"z" : -0.17110141806605067
}
