{
	"pitch" : 1.4956000967153604,
	"roll" : -1.5667825332242811,
	"x" : 0.092790104816125221,
	"y" : 0.035296893259278241,
	"yaw" : 1.2535240033443886,
	"z" : -0.17934691077258105
}
