{
	"pitch" : 1.4506790556185434,
	"roll" : -1.4839231275863498,
	"x" : -0.074127765104001458,
	"y" : -0.2598735727469067,
	"yaw" : 1.3207643139396019,
	"z" : -0.17450774478201175
}
