{
	"pitch" : 1.4777620534349942,
	"roll" : -1.4744060110677246,
	"x" : 0.061990664741206222,
	"y" : -0.056337352098885622,
	"yaw" : 1.3409741351321041,
	"z" : -0.14716531902229352
}
