{
	"pitch" : 1.4704747674492287,
	"roll" : -1.4934995388363994,
	"x" : 0.060724711461691276,
	"y" : -0.061669623236353964,
	"yaw" : 1.315680585341271,
	"z" : -0.16945673566300845
}
