{
	"pitch" : 1.481294138108074,
	"roll" : -1.4168100514268758,
	"x" : 0.098693744731173871,
	"y" : -0.057695644445894596,
	"yaw" : 1.4047946951677566,
	"z" : -0.16859309469486006
}
