{
	"pitch" : 1.4840661045326999,
	"roll" : -1.4054024908328577,
	"x" : 0.11328334123000956,
	"y" : -0.046777493380967969,
	"yaw" : 1.4134119812759103,
	"z" : -0.16854397375160593
}
