{
	"pitch" : 1.4697681369009592,
	"roll" : -1.5830373317524939,
	"x" : 0.035357986807152714,
	"y" : -0.038236138895920931,
	"yaw" : 1.2340079797653019,
	"z" : -0.17020750855983696
}
