{
	"pitch" : 1.4824901807181348,
	"roll" : -1.5253855342905702,
	"x" : 0.091034848648890901,
	"y" : 0.029814679656313525,
	"yaw" : 1.2907364922424649,
	"z" : -0.19536675904412334
}
