{
	"pitch" : 1.4610145399832695,
	"roll" : -1.2919951270422387,
	"x" : 0.055361603005473867,
	"y" : -0.27038975306663393,
	"yaw" : 1.5142126389447568,
	"z" : -0.16957082574806001
}
