{
	"pitch" : 1.4852482533319407,
	"roll" : -1.4616877728898519,
	"x" : 0.038935348221689522,
	"y" : -0.049376691738307638,
	"yaw" : 1.36169332807786,
	"z" : -0.16965427320001117
}
