{
	"pitch" : 1.4814437170268155,
	"roll" : -1.4288509281829394,
	"x" : 0.10411209178860362,
	"y" : -0.055055889380080499,
	"yaw" : 1.3908717371078334,
	"z" : -0.16822318419980783
}
