{
	"pitch" : 1.478654336641964,
	"roll" : -1.5291736364104846,
	"x" : 0.068445178349509542,
	"y" : -0.036935025425999225,
	"yaw" : 1.2821080550059407,
	"z" : -0.12543363809099356
}
