{
	"pitch" : 1.4594441288380458,
	"roll" : -1.4104513775470999,
	"x" : 0.048546141317313551,
	"y" : -0.1005474583723113,
	"yaw" : 1.3850775687156296,
	"z" : -0.16932823303101516
}
