{
	"pitch" : 1.4884638597501483,
	"roll" : -1.5230151542164569,
	"x" : 0.075956605560176083,
	"y" : -0.012819134662774637,
	"yaw" : 1.2941926262923173,
	"z" : -0.16984373022180704
}
