{
	"pitch" : 1.4918895870223976,
	"roll" : -1.6297696841368459,
	"x" : 0.087808534302319094,
	"y" : 0.018680082122893019,
	"yaw" : 1.187295143847797,
	"z" : -0.13135512352098805
}
