{
	"pitch" : 1.4777176365939388,
	"roll" : -1.4997498038764987,
	"x" : 0.044604369909735229,
	"y" : -0.11224293553706097,
	"yaw" : 1.3164155906837927,
	"z" : -0.16942623650876881
}
