{
	"pitch" : 1.4770673790927189,
	"roll" : -1.5220831421606427,
	"x" : 0.077621186135169967,
	"y" : -0.013348912752763795,
	"yaw" : 1.2756659565815389,
	"z" : -0.17050675249519737
}
