{
	"pitch" : 1.4516289219183887,
	"roll" : -1.3346951373759368,
	"x" : 0.0622353539807751,
	"y" : -0.30102101776067625,
	"yaw" : 1.4702885383409092,
	"z" : -0.17020835568129292
}
