{
	"pitch" : 1.4941630847559071,
	"roll" : -1.5884447572194442,
	"x" : 0.075921852051556341,
	"y" : 0.039388339100788233,
	"yaw" : 1.2419253981063794,
	"z" : -0.17105853976980293
}
