{
	"pitch" : 1.4771533366074761,
	"roll" : -1.6272139778997201,
	"x" : 0.027532030365880783,
	"y" : -0.020864511653845882,
	"yaw" : 1.1930243694801133,
	"z" : -0.17086813550484301
}
