{
	"pitch" : 1.4831042065000521,
	"roll" : -1.5950360595696014,
	"x" : 0.083344687711873866,
	"y" : 0.003399146546842445,
	"yaw" : 1.2210837210444678,
	"z" : -0.21777959648839507
}
