{
	"pitch" : 1.4663513675906814,
	"roll" : -1.4968001667311575,
	"x" : 0.04280681973313822,
	"y" : -0.12100719392318195,
	"yaw" : 1.3153413880453202,
	"z" : -0.1795379874444199
}
