{
	"pitch" : 1.4584333846848541,
	"roll" : -1.4495900294575803,
	"x" : -0.058080082164287825,
	"y" : -0.26416759299163634,
	"yaw" : 1.3631912656731784,
	"z" : -0.17384330828427849
}
