{
	"pitch" : 1.4879343587005418,
	"roll" : -1.6213309393802948,
	"x" : 0.057746543686948267,
	"y" : 0.03561376537533989,
	"yaw" : 1.2061092547340804,
	"z" : -0.17151331142908668
}
