{
	"pitch" : 1.4717499110732366,
	"roll" : -1.5056417986777826,
	"x" : -0.061433168963236917,
	"y" : -0.15644967434873103,
	"yaw" : 1.3149025838737654,
	"z" : -0.17313251663834231
}
