{
	"pitch" : 1.4714340791593505,
	"roll" : -1.5072861887374549,
	"x" : 0.067231906297375493,
	"y" : -0.061812125920106639,
	"yaw" : 1.3021514918566151,
	"z" : -0.16849964920134039
}
