{
	"pitch" : 1.4700764710097416,
	"roll" : -1.5183317660598399,
	"x" : 0.068077398648775683,
	"y" : -0.044147562125615297,
	"yaw" : 1.287899976125553,
	"z" : -0.20879508260011331
}
