{
	"pitch" : 1.4533870533262565,
	"roll" : -1.4212189907944262,
	"x" : 0.014264936393485535,
	"y" : -0.20638059809443551,
	"yaw" : 1.3835652099044617,
	"z" : -0.17037385540994104
}
