{
	"pitch" : 1.4809235158124956,
	"roll" : -1.5461378540026764,
	"x" : 0.07548828959994297,
	"y" : -0.016279574455976956,
	"yaw" : 1.2659666470597146,
	"z" : -0.17030517385264426
}
