{
	"pitch" : 1.4821931431536015,
	"roll" : -1.3451180390594202,
	"x" : 0.10706799889002301,
	"y" : -0.052474793877437885,
	"yaw" : 1.4771051794472503,
	"z" : -0.16783436165248555
}
