{
	"pitch" : 1.479291270505906,
	"roll" : -1.5518655488391973,
	"x" : 0.077213936994309049,
	"y" : -0.016529417731891247,
	"yaw" : 1.2586227746280534,
	"z" : -0.22060700638974279
}
