{
	"pitch" : 1.4949344610168127,
	"roll" : -1.5635094872340694,
	"x" : 0.083910210571087274,
	"y" : 0.03891639577967651,
	"yaw" : 1.2668180795514945,
	"z" : -0.17072543483939925
}
