{
	"pitch" : 1.4738225493853092,
	"roll" : -1.4182445336227154,
	"x" : 0.10008798510696564,
	"y" : -0.16167818492155422,
	"yaw" : 1.3791514795719721,
	"z" : -0.16823795913773171
}
