{
	"pitch" : 1.4932247344616474,
	"roll" : -1.3774124604147464,
	"x" : 0.12385306478231636,
	"y" : 0.0059128078208253946,
	"yaw" : 1.4481369774155135,
	"z" : -0.16920599661795926
}
