{
	"pitch" : 1.4714221350160217,
	"roll" : -1.484426978971946,
	"x" : 0.064659128450336043,
	"y" : -0.050407728438693913,
	"yaw" : 1.3259504717766095,
	"z" : -0.16937725519596925
}
