{
	"pitch" : 1.4683945099891142,
	"roll" : -1.5306280643181709,
	"x" : -0.021915649990353447,
	"y" : -0.10686495504393259,
	"yaw" : 1.2834884578724655,
	"z" : -0.17232286680217088
}
