{
	"pitch" : 1.4704892728269565,
	"roll" : -1.585258855326273,
	"x" : 0.03471287542471909,
	"y" : -0.037547272190689748,
	"yaw" : 1.230455820087629,
	"z" : -0.17019650901033143
}
