{
	"pitch" : 1.479642583912385,
	"roll" : -1.6349607727321402,
	"x" : 0.02599839355466315,
	"y" : -0.0050852649806232709,
	"yaw" : 1.1836681746622948,
	"z" : -0.17052447932731013
}
