{
	"pitch" : 1.4522541340042998,
	"roll" : -1.3764543009562575,
	"x" : 0.021262815434549658,
	"y" : -0.18619462398259759,
	"yaw" : 1.4241895940818168,
	"z" : -0.16900385282464586
}
