{
	"pitch" : 1.4703562580428464,
	"roll" : -1.6631192337034237,
	"x" : 0.028603461009900397,
	"y" : -0.022638429433527167,
	"yaw" : 1.1515043647700929,
	"z" : -0.17042512646077004
}
