{
	"pitch" : 1.4940716708615078,
	"roll" : -1.552246393423417,
	"x" : 0.088646385074706346,
	"y" : 0.025397947947224487,
	"yaw" : 1.2656257610558272,
	"z" : -0.13799454898631178
}
