{
	"pitch" : 1.487009927356771,
	"roll" : -1.3859251959801295,
	"x" : 0.12337998260883229,
	"y" : -0.032257477405476763,
	"yaw" : 1.4332558830068933,
	"z" : -0.16893109426615294
}
