{
	"pitch" : 1.4987463126678824,
	"roll" : -1.4627380909214462,
	"x" : 0.11380014652121692,
	"y" : 0.023033139878311511,
	"yaw" : 1.3640901092804572,
	"z" : -0.16989027529939479
}
