{
	"pitch" : 1.4694372873493169,
	"roll" : -1.5225122279693355,
	"x" : 0.03421459845410102,
	"y" : -0.11548052173060315,
	"yaw" : 1.2843585992973576,
	"z" : -0.17039160187164501
}
