{
	"pitch" : 1.4530591842119382,
	"roll" : -1.468168863668539,
	"x" : 0.014817869092620013,
	"y" : -0.20890505306367216,
	"yaw" : 1.3336702902322466,
	"z" : -0.17111233662786254
}
