{
	"pitch" : 1.4837024520021926,
	"roll" : -1.5424060810586155,
	"x" : 0.090984863017628953,
	"y" : 0.030429861730661346,
	"yaw" : 1.2736734883058491,
	"z" : -0.19434775403458465
}
