{
	"pitch" : 1.4857682372389962,
	"roll" : -1.6356014967953405,
	"x" : 0.040419970836771797,
	"y" : 0.02345726201155671,
	"yaw" : 1.1869610236543382,
	"z" : -0.17100353222011797
}
