{
	"pitch" : 1.4848982493634117,
	"roll" : -1.6320113705926367,
	"x" : 0.029166219764908172,
	"y" : 0.0047342442395915379,
	"yaw" : 1.1902385670410416,
	"z" : -0.17097353946436536
}
