{
	"pitch" : 1.4736448755006257,
	"roll" : -1.3975047494404818,
	"x" : 0.073622204244114434,
	"y" : -0.0632675180813983,
	"yaw" : 1.4220795915773139,
	"z" : -0.16873366124176065
}
