{
	"pitch" : 1.4838524827717723,
	"roll" : -1.5672328058383382,
	"x" : 0.077300308646565744,
	"y" : -0.012279955291052172,
	"yaw" : 1.2510416446510793,
	"z" : -0.16955719093825344
}
