{
	"pitch" : 1.4830388434956314,
	"roll" : -1.5530786218581194,
	"x" : 0.073680762029171176,
	"y" : -0.020489097825391558,
	"yaw" : 1.2606569159141212,
	"z" : -0.11960537901640718
}
