{
	"pitch" : 1.496073288099161,
	"roll" : -1.5583906782543653,
	"x" : 0.07025536924524356,
	"y" : 0.039116161301734349,
	"yaw" : 1.2754982517389724,
	"z" : -0.17115129125754763
}
