{
	"pitch" : 1.4839941902102121,
	"roll" : -1.6492483771641855,
	"x" : 0.040443275038870505,
	"y" : 0.022738486799149062,
	"yaw" : 1.1756879146582715,
	"z" : -0.17154293381570834
}
