{
	"pitch" : 1.4831090745525295,
	"roll" : -1.438585323753355,
	"x" : 0.10613996706222883,
	"y" : -0.054211878144630639,
	"yaw" : 1.3812588188635562,
	"z" : -0.16847269343894325
}
