{
	"pitch" : 1.4704041754952779,
	"roll" : -1.4159399614229591,
	"x" : 0.095707932139296653,
	"y" : -0.15959393849425535,
	"yaw" : 1.383948982296809,
	"z" : -0.16828103290102076
}
