{
	"pitch" : 1.4959427614073455,
	"roll" : -1.5755950956767393,
	"x" : 0.09274738986267754,
	"y" : 0.035226147608241436,
	"yaw" : 1.2449729984667259,
	"z" : -0.18009462919565314
}
