{
	"pitch" : 1.4754567803536875,
	"roll" : -1.5072097182371644,
	"x" : 0.072750703998711905,
	"y" : -0.028360911338355575,
	"yaw" : 1.2993569848615893,
	"z" : -0.21721169328802808
}
