{
	"pitch" : 1.5279918828255146,
	"roll" : -1.2481107220984298,
	"x" : 0.10218933689585356,
	"y" : -0.16963405744415591,
	"yaw" : 1.5210869412670927,
	"z" : -0.16684155342914408
}
