{
	"pitch" : 1.497711236648368,
	"roll" : -1.4267741637261402,
	"x" : 0.11720494704459863,
	"y" : 0.018698573067863225,
	"yaw" : 1.3983979925043266,
	"z" : -0.16988612608775666
}
