{
	"pitch" : 1.4662195833801877,
	"roll" : -1.5833289755854825,
	"x" : -0.081538604992031485,
	"y" : -0.17642736013683702,
	"yaw" : 1.2209774967336955,
	"z" : -0.17265663697786818
}
