{
	"pitch" : 1.4541469107515019,
	"roll" : -1.4218748063355475,
	"x" : 0.012022693432258202,
	"y" : -0.21423861805435759,
	"yaw" : 1.3775463550327638,
	"z" : -0.16996586566309624
}
