{
	"pitch" : 1.4860811592059964,
	"roll" : -1.6533043205128768,
	"x" : 0.041483953139382607,
	"y" : 0.024696342093084522,
	"yaw" : 1.1746084282120777,
	"z" : -0.17128209861887397
}
