{
	"pitch" : 1.4724005064829062,
	"roll" : -1.5003790997585809,
	"x" : 0.071685601983110719,
	"y" : -0.062775958173001731,
	"yaw" : 1.308947685713441,
	"z" : -0.16905577858942186
}
