{
	"pitch" : 1.4924026810536628,
	"roll" : -1.6431815509007437,
	"x" : 0.093103371288947814,
	"y" : 0.034924677889428365,
	"yaw" : 1.179176556012234,
	"z" : -0.16148571865775677
}
