{
	"pitch" : 1.4443164429921751,
	"roll" : -1.376255128657327,
	"x" : -0.013311945773433892,
	"y" : -0.29182791293132104,
	"yaw" : 1.4278759473787312,
	"z" : -0.17266989145522865
}
