{
	"pitch" : 1.4884983473569593,
	"roll" : -1.5609357034032838,
	"x" : 0.053514405867820136,
	"y" : 0.033940857821268273,
	"yaw" : 1.2705594319200055,
	"z" : -0.17123128573604982
}
