{
	"pitch" : 1.4483303223142463,
	"roll" : -1.432082072905321,
	"x" : -0.015851676975950912,
	"y" : -0.30894030193904298,
	"yaw" : 1.3721830044464889,
	"z" : -0.17346706435756151
}
