{
	"pitch" : 1.4632002396339947,
	"roll" : -1.520150756377042,
	"x" : 0.01375838643468151,
	"y" : -0.12669690887481352,
	"yaw" : 1.2878523256714203,
	"z" : -0.1715134481676831
}
