{
	"pitch" : 1.4863358135076985,
	"roll" : -1.4589703871560076,
	"x" : 0.033487870079452413,
	"y" : -0.054625673608932279,
	"yaw" : 1.3627763307653438,
	"z" : -0.16973812643503328
}
