{
	"pitch" : 1.4773847167253491,
	"roll" : -1.4276149166606971,
	"x" : 0.074744610462745956,
	"y" : -0.011302205039124552,
	"yaw" : 1.3753969803115174,
	"z" : -0.16832390585794299
}
