{
	"pitch" : 1.4916792585377383,
	"roll" : -1.5133546512951075,
	"x" : 0.075844247307151919,
	"y" : -0.013465379108617148,
	"yaw" : 1.2992782850427618,
	"z" : -0.16970146537495798
}
