{
	"pitch" : 1.4781610938699969,
	"roll" : -1.5202608298202158,
	"x" : 0.065577169258291462,
	"y" : -0.046291420205053578,
	"yaw" : 1.2925093296114909,
	"z" : -0.13316665685543294
}
