{
	"pitch" : 1.469064063725334,
	"roll" : -1.576807649381174,
	"x" : -0.032818731404357204,
	"y" : -0.11892023429302485,
	"yaw" : 1.2343767294160317,
	"z" : -0.17146444121847748
}
