{
	"pitch" : 1.4945794043941614,
	"roll" : -1.5698998419229879,
	"x" : 0.092758908539221627,
	"y" : 0.035161576996520408,
	"yaw" : 1.2512690100305062,
	"z" : -0.1794200718770308
}
