{
	"pitch" : 1.4866618051410068,
	"roll" : -1.3886699134725662,
	"x" : 0.117248038695038,
	"y" : -0.042556865641145122,
	"yaw" : 1.4289810211535368,
	"z" : -0.16846313909911961
}
