{
	"pitch" : 1.4753911847039465,
	"roll" : -1.5732868014056696,
	"x" : 0.0302740634927091,
	"y" : -0.032021982549670751,
	"yaw" : 1.2464809153620222,
	"z" : -0.1697019280409951
}
