{
	"pitch" : 1.4692344236274375,
	"roll" : -1.4873549000790518,
	"x" : 0.062102773650740038,
	"y" : -0.059822293720330676,
	"yaw" : 1.3247518396178766,
	"z" : -0.17432699382341318
}
