{
	"pitch" : 1.462817608062865,
	"roll" : -1.4341934701136994,
	"x" : -0.0089754095111257981,
	"y" : -0.28061299884083246,
	"yaw" : 1.3842204906024749,
	"z" : -0.14323057354181595
}
