{
	"pitch" : 1.4950536640150771,
	"roll" : -1.4117047860304985,
	"x" : 0.11931698731763053,
	"y" : 0.016762762151014632,
	"yaw" : 1.4150123598312203,
	"z" : -0.17005728413693894
}
