{
	"pitch" : 1.4508259554795371,
	"roll" : -1.4361151037272069,
	"x" : 0.015579794427419878,
	"y" : -0.20226145020855599,
	"yaw" : 1.366840282820257,
	"z" : -0.17013776696225222
}
