{
	"pitch" : 1.4722211938600978,
	"roll" : -1.5335878036055848,
	"x" : 0.039315131514242666,
	"y" : -0.046103387276226121,
	"yaw" : 1.2861679961324344,
	"z" : -0.16974213085705211
}
