{
	"pitch" : 1.4984898250079473,
	"roll" : -1.3971662137018368,
	"x" : 0.11843294369225776,
	"y" : 0.017094417908705924,
	"yaw" : 1.4274222070194578,
	"z" : -0.16979176418431349
}
