{
	"pitch" : 1.4829915883914029,
	"roll" : -1.3423228377812684,
	"x" : 0.03290630638912078,
	"y" : -0.15207168836037985,
	"yaw" : 1.4662136070492477,
	"z" : -0.23991836309293374
}
