{
	"pitch" : 1.4879149506485609,
	"roll" : -1.528570774060906,
	"x" : 0.091344637217145988,
	"y" : 0.031307861370910246,
	"yaw" : 1.2896827126603312,
	"z" : -0.19259569330435367
}
