{
	"pitch" : 1.4551525380035053,
	"roll" : -1.4599674437324166,
	"x" : 0.013659318642970722,
	"y" : -0.2086803233888706,
	"yaw" : 1.3419129574498962,
	"z" : -0.1704931751353094
}
