{
	"pitch" : 1.486488479122138,
	"roll" : -1.5561490082835032,
	"x" : 0.091224200804047653,
	"y" : 0.029102737132404952,
	"yaw" : 1.2615341474507002,
	"z" : -0.19600898630533214
}
