{
	"pitch" : 1.4552462493382006,
	"roll" : -1.437624946874013,
	"x" : 0.01338528359110696,
	"y" : -0.2112867580732668,
	"yaw" : 1.3615874479823742,
	"z" : -0.17023726723111396
}
