{
	"pitch" : 1.4779352887358947,
	"roll" : -1.5025725524461218,
	"x" : 0.066064767854281836,
	"y" : -0.044462045442719242,
	"yaw" : 1.3096727037861144,
	"z" : -0.13150258232533263
}
