{
	"pitch" : 1.4604078521269488,
	"roll" : -1.2937584130465125,
	"x" : 0.11212639995254378,
	"y" : -0.24082040787263767,
	"yaw" : 1.5170285121374474,
	"z" : -0.1680576998239757
}
