{
	"pitch" : 1.4912458944027107,
	"roll" : -1.6042311945613634,
	"x" : 0.087529839519626909,
	"y" : 0.016539485324609929,
	"yaw" : 1.2127433689018563,
	"z" : -0.13047301072509959
}
