{
	"pitch" : 1.4906095538415167,
	"roll" : -1.4182065809036291,
	"x" : 0.065275898443899472,
	"y" : -0.018058599062504316,
	"yaw" : 1.4017524049883452,
	"z" : -0.16905636876855179
}
