{
	"pitch" : 1.4864558940293255,
	"roll" : -1.6198603471166542,
	"x" : 0.046461607035109646,
	"y" : 0.028808135695616445,
	"yaw" : 1.209884328284875,
	"z" : -0.17148627038203354
}
