{
	"pitch" : 1.4769149047307251,
	"roll" : -1.479463455113313,
	"x" : 0.077167671138996502,
	"y" : -0.013637800348592745,
	"yaw" : 1.3171715322752744,
	"z" : -0.17062479153588836
}
