{
	"pitch" : 1.4804443924014605,
	"roll" : -1.5873109112024597,
	"x" : 0.082386366063545435,
	"y" : -0.0002804649178172712,
	"yaw" : 1.2260185754627067,
	"z" : -0.21883443131372712
}
