{
	"pitch" : 1.479712620400558,
	"roll" : -1.6020194544016988,
	"x" : 0.027069341757620567,
	"y" : -0.0054880446771518546,
	"yaw" : 1.2190607703632008,
	"z" : -0.17086326585464828
}
