{
	"pitch" : 1.481753593315698,
	"roll" : -1.3651894555152086,
	"x" : 0.031350432789925317,
	"y" : -0.15560147139627267,
	"yaw" : 1.4496706852160102,
	"z" : -0.241872962167406
}
