{
	"pitch" : 1.4860317479406855,
	"roll" : -1.6046316368870024,
	"x" : 0.069204711388051454,
	"y" : -0.038845679199119257,
	"yaw" : 1.2060592026407431,
	"z" : -0.16909367609368733
}
