{
	"pitch" : 1.4584847005481512,
	"roll" : -1.4455115388134998,
	"x" : 0.042861772573538875,
	"y" : -0.12292636952414704,
	"yaw" : 1.3544774424254504,
	"z" : -0.16992352492899901
}
