{
	"pitch" : 1.4719010187710386,
	"roll" : -1.5831883706019225,
	"x" : 0.046507989137380634,
	"y" : -0.051860488445962805,
	"yaw" : 1.2351544882065812,
	"z" : -0.16927427021306854
}
