{
	"pitch" : 1.4651931671624279,
	"roll" : -1.2999566520461301,
	"x" : 0.10776251402107516,
	"y" : -0.24271138403813167,
	"yaw" : 1.5124732552505491,
	"z" : -0.1682008948154993
}
