{
	"pitch" : 1.4750217591529842,
	"roll" : -1.5701049156359947,
	"x" : 0.065374978887873469,
	"y" : -0.050143082119608245,
	"yaw" : 1.2430502373225045,
	"z" : -0.13740008304076978
}
