{
	"pitch" : 1.4931899393724624,
	"roll" : -1.526791837590886,
	"x" : 0.072726380556628126,
	"y" : -0.016453062225057352,
	"yaw" : 1.2960520006479161,
	"z" : -0.16990408178825545
}
