{
	"pitch" : 1.4934718238118021,
	"roll" : -1.5557259418855238,
	"x" : 0.084115494376843375,
	"y" : 0.039017914746859415,
	"yaw" : 1.275332600622612,
	"z" : -0.17087482603048793
}
