{
	"pitch" : 1.4740318341144711,
	"roll" : -1.4914245419700409,
	"x" : 0.054210458365628995,
	"y" : -0.086027323700907196,
	"yaw" : 1.3182300664412949,
	"z" : -0.16948980433377644
}
