{
	"pitch" : 1.4561767026114609,
	"roll" : -1.4214865384389028,
	"x" : -0.011807771884565305,
	"y" : -0.2892461581698515,
	"yaw" : 1.3932552075973121,
	"z" : -0.15336519589510919
}
