{
	"pitch" : 1.4972443573274927,
	"roll" : -1.4514184541585502,
	"x" : 0.069247960079164603,
	"y" : -0.034956946521013006,
	"yaw" : 1.3658940599425684,
	"z" : -0.18055238233043133
}
