{
	"pitch" : 1.4534705656701974,
	"roll" : -1.3238252045854841,
	"x" : -5.9363932799386121e-05,
	"y" : -0.283261171260623,
	"yaw" : 1.4847065886438144,
	"z" : -0.17160311625210975
}
