{
	"pitch" : 1.4695947175241117,
	"roll" : -1.4941768117941436,
	"x" : 0.06151045724224212,
	"y" : -0.060944360825862742,
	"yaw" : 1.3119297564676033,
	"z" : -0.16949129015548919
}
