{
	"pitch" : 1.520912695458269,
	"roll" : -1.3043776092340791,
	"x" : 0.10252261364629622,
	"y" : -0.16832685785522614,
	"yaw" : 1.4651597670386267,
	"z" : -0.16688634975028172
}
