{
	"pitch" : 1.4475265123904903,
	"roll" : -1.548395581538758,
	"x" : -0.044521933480508077,
	"y" : -0.24190679186880903,
	"yaw" : 1.2527404662511137,
	"z" : -0.17381994351091065
}
