{
	"pitch" : 1.4756547650323737,
	"roll" : -1.5322205513521865,
	"x" : 0.073815712928740368,
	"y" : -0.025383871769475631,
	"yaw" : 1.2730899960837405,
	"z" : -0.21865450891955729
}
