{
	"pitch" : 1.4770942311090136,
	"roll" : -1.4689090414668071,
	"x" : 0.079069043920676721,
	"y" : -0.062925734487591117,
	"yaw" : 1.3446181670016466,
	"z" : -0.16869343667784467
}
