{
	"pitch" : 1.469757107111763,
	"roll" : -1.5539304951312551,
	"x" : 0.062450729985335518,
	"y" : -0.060187923173240628,
	"yaw" : 1.2598478383821103,
	"z" : -0.16968003581151786
}
