{
	"pitch" : 1.4660089093521214,
	"roll" : -1.5983679958589772,
	"x" : -0.081911014202080315,
	"y" : -0.17691039874551079,
	"yaw" : 1.2081705992527301,
	"z" : -0.17253718209458926
}
