{
	"pitch" : 1.4878733407550064,
	"roll" : -1.5176637250632885,
	"x" : 0.076620492801657267,
	"y" : -0.012914537319703342,
	"yaw" : 1.299895388613924,
	"z" : -0.16995544675656737
}
