{
	"pitch" : 1.4700184336974038,
	"roll" : -1.6384565900883765,
	"x" : 0.030079782788450027,
	"y" : -0.029478638851136239,
	"yaw" : 1.1777183340817594,
	"z" : -0.16987317901737845
}
