{
	"pitch" : 1.4414002840507718,
	"roll" : -1.3617604123946587,
	"x" : -0.014726727438649445,
	"y" : -0.30004148699988781,
	"yaw" : 1.4415630750788639,
	"z" : -0.17354832987196445
}
