{
	"pitch" : 1.4832223037231969,
	"roll" : -1.4999831856240478,
	"x" : 0.066042469605946105,
	"y" : -0.050165033425739053,
	"yaw" : 1.3241870185003477,
	"z" : -0.16820729757935712
}
