{
	"pitch" : 1.4833938099642747,
	"roll" : -1.5681451411722025,
	"x" : 0.077377276819387705,
	"y" : -0.012213263155481678,
	"yaw" : 1.250168476448174,
	"z" : -0.16953173669302149
}
