{
	"pitch" : 1.474732051793155,
	"roll" : -1.4838839331939395,
	"x" : 0.073062153690161474,
	"y" : -0.062812531973799934,
	"yaw" : 1.3264272344109151,
	"z" : -0.16856216692728812
}
