{
	"pitch" : 1.4730428141638279,
	"roll" : -1.3751576574870801,
	"x" : 0.096112130304593271,
	"y" : -0.19501930502469508,
	"yaw" : 1.4397100749596294,
	"z" : -0.1679002691750125
}
