{
	"pitch" : 1.5396032437284703,
	"roll" : -1.0826812289763788,
	"x" : 0.10094996140459588,
	"y" : -0.17430486767080136,
	"yaw" : 1.685816013948366,
	"z" : -0.16660821935574108
}
