{
	"pitch" : 1.4775667608022995,
	"roll" : -1.527206332668086,
	"x" : 0.06650106173515985,
	"y" : -0.043892061198171128,
	"yaw" : 1.2852418015712195,
	"z" : -0.13101711002744765
}
