{
	"pitch" : 1.4747656319486977,
	"roll" : -1.4667322004830272,
	"x" : 0.061568941386075347,
	"y" : -0.058739761103575122,
	"yaw" : 1.3488331043538015,
	"z" : -0.15227740378541446
}
