{
	"pitch" : 1.4532652541999669,
	"roll" : -1.4249245660480072,
	"x" : 0.054514444004442206,
	"y" : -0.080095488695923062,
	"yaw" : 1.3789373722104157,
	"z" : -0.16913766877149053
}
