{
	"pitch" : 1.4511625071181427,
	"roll" : -1.3918082326437142,
	"x" : 0.016483328418664241,
	"y" : -0.19704582100815438,
	"yaw" : 1.409975266916871,
	"z" : -0.17005203373637823
}
