{
	"pitch" : 1.4700250761554199,
	"roll" : -1.4759893978377021,
	"x" : 0.057536163786339203,
	"y" : -0.059729181438597123,
	"yaw" : 1.3380750806138297,
	"z" : -0.16905175349676507
}
