{
	"pitch" : 1.4653643111548127,
	"roll" : -1.4961023152005795,
	"x" : 0.011421416774824278,
	"y" : -0.21353582321064288,
	"yaw" : 1.3165186943868514,
	"z" : -0.072298392578653364
}
