{
	"pitch" : 1.4597501451881638,
	"roll" : -1.5613686660634596,
	"x" : 0.076863797278455423,
	"y" : -0.015095486061194369,
	"yaw" : 1.2437159764547359,
	"z" : -0.17077007493400145
}
