{
	"pitch" : 1.4762640616780562,
	"roll" : -1.6516492765774684,
	"x" : 0.027370100300022814,
	"y" : -0.013209726770579975,
	"yaw" : 1.1674801665960581,
	"z" : -0.17098126846023562
}
