{
	"pitch" : 1.4529337032799707,
	"roll" : -1.4722076027846802,
	"x" : 0.03150781523074029,
	"y" : -0.15366559995914583,
	"yaw" : 1.3307176221728965,
	"z" : -0.16960473946438356
}
