{
	"pitch" : 1.4841871650117571,
	"roll" : -1.3825246367472095,
	"x" : 0.11028032376227606,
	"y" : -0.050373921121602952,
	"yaw" : 1.4359918657013464,
	"z" : -0.16822500180737296
}
