{
	"pitch" : 1.4798348747015948,
	"roll" : -1.4307339923611702,
	"x" : 0.095842298153700517,
	"y" : -0.059677325148356108,
	"yaw" : 1.3860898296139976,
	"z" : -0.16857069560312343
}
