{
	"pitch" : 1.4531829339838833,
	"roll" : -1.3822514386882507,
	"x" : 0.025650175864290498,
	"y" : -0.17070523219465494,
	"yaw" : 1.4171828274239069,
	"z" : -0.16886916593296405
}
