{
	"pitch" : 1.4781915536948973,
	"roll" : -1.4645385537444136,
	"x" : 0.085027751551923811,
	"y" : -0.062134496758675543,
	"yaw" : 1.3540286546426687,
	"z" : -0.16857449327000618
}
