{
	"pitch" : 1.4957801624340423,
	"roll" : -1.5586141895139989,
	"x" : 0.070389513878424528,
	"y" : 0.0391555678889874,
	"yaw" : 1.2760464862558203,
	"z" : -0.17134396708044794
}
