{
	"pitch" : 1.4906485923740131,
	"roll" : -1.4217017442221547,
	"x" : 0.062433625700363121,
	"y" : -0.019582677109250761,
	"yaw" : 1.3994717771150011,
	"z" : -0.16926560178509789
}
