{
	"pitch" : 1.4865798494898612,
	"roll" : -1.5462667460964852,
	"x" : 0.077357952824974097,
	"y" : -0.011501509625073745,
	"yaw" : 1.2691832595573085,
	"z" : -0.11915917795239747
}
