{
	"pitch" : 1.4722456515873572,
	"roll" : -1.5389911775747698,
	"x" : 0.043887628741558507,
	"y" : -0.11136496382331712,
	"yaw" : 1.2737123579693674,
	"z" : -0.16950048456882919
}
