{
	"pitch" : 1.4825584842823649,
	"roll" : -1.5531975055928997,
	"x" : 0.030829565142668519,
	"y" : 0.010759768492029271,
	"yaw" : 1.2673799230734475,
	"z" : -0.17050448160515824
}
