{
	"pitch" : 1.4780157250817423,
	"roll" : -1.5156874280438015,
	"x" : 0.066102444701366336,
	"y" : -0.043863354149694028,
	"yaw" : 1.296049070873623,
	"z" : -0.13099891440425454
}
