{
	"pitch" : 1.4850392480517096,
	"roll" : -1.5930474324572306,
	"x" : 0.090816565081523498,
	"y" : 0.026716258775674202,
	"yaw" : 1.2240208364045819,
	"z" : -0.20003338852066549
}
