{
	"pitch" : 1.4761518136740721,
	"roll" : -1.5651242479471552,
	"x" : 0.028343069736969206,
	"y" : -0.026387750559180797,
	"yaw" : 1.2545353742872836,
	"z" : -0.17028109717414619
}
