{
	"pitch" : 1.4595516938640511,
	"roll" : -1.6181613215143733,
	"x" : -0.083066497477317744,
	"y" : -0.18020080591977361,
	"yaw" : 1.190206544896004,
	"z" : -0.17394398974936801
}
