{
	"pitch" : 1.487464101277749,
	"roll" : -1.65097078537966,
	"x" : 0.048747164041402648,
	"y" : 0.030170804752002907,
	"yaw" : 1.171550009783825,
	"z" : -0.17136911996141962
}
