{
	"pitch" : 1.4976460577245414,
	"roll" : -1.4587431162816387,
	"x" : 0.11790305839830437,
	"y" : 0.018720858784859115,
	"yaw" : 1.3694122686684767,
	"z" : -0.16988804968861909
}
