{
	"pitch" : 1.4535984001816327,
	"roll" : -1.431501997974165,
	"x" : 0.010610306149028387,
	"y" : -0.21956835307152331,
	"yaw" : 1.3689349884727127,
	"z" : -0.17075306212010569
}
