{
	"pitch" : 1.4750067353729235,
	"roll" : -1.4981451741573573,
	"x" : 0.059216880095284967,
	"y" : -0.021406514929449342,
	"yaw" : 1.3150403265785637,
	"z" : -0.17012417566323546
}
