{
	"pitch" : 1.4955179918645667,
	"roll" : -1.5845304703416165,
	"x" : 0.091481218136485937,
	"y" : 0.033474158590292867,
	"yaw" : 1.2353980795022776,
	"z" : -0.15274453666377316
}
