{
	"pitch" : 1.484003672982195,
	"roll" : -1.4092711973798639,
	"x" : 0.11145107769818667,
	"y" : -0.049082239471253876,
	"yaw" : 1.4096152561050674,
	"z" : -0.16859377055645655
}
