{
	"pitch" : 1.4586115241715045,
	"roll" : -1.4073845808062588,
	"x" : 0.044494447191299712,
	"y" : -0.11592604986880874,
	"yaw" : 1.3956066546812946,
	"z" : -0.16930482528518259
}
