{
	"pitch" : 1.5008313206332353,
	"roll" : -1.4615542937242612,
	"x" : 0.11033976497434064,
	"y" : 0.027015651360128401,
	"yaw" : 1.3689994607708149,
	"z" : -0.16987860323797732
}
