{
	"pitch" : 1.4777983897416664,
	"roll" : -1.4647192914426099,
	"x" : 0.012212297887494131,
	"y" : -0.07348599956218424,
	"yaw" : 1.3634551368911634,
	"z" : -0.1711162307701683
}
