{
	"pitch" : 1.4753162984289572,
	"roll" : -1.5407858343663108,
	"x" : 0.045003086778572537,
	"y" : -0.11058366555974301,
	"yaw" : 1.2762635700753295,
	"z" : -0.16934307423667369
}
