{
	"pitch" : 1.4885080924825931,
	"roll" : -1.4988198759785618,
	"x" : 0.07607394641105901,
	"y" : -0.01279116211459547,
	"yaw" : 1.3191374059802754,
	"z" : -0.16962940133783999
}
