{
	"pitch" : 1.4736503313493159,
	"roll" : -1.5432765197220419,
	"x" : 0.052048214230613316,
	"y" : -0.025512265825184885,
	"yaw" : 1.2686004144207443,
	"z" : -0.17022976077388832
}
