{
	"pitch" : 1.4833791930468259,
	"roll" : -1.4869896400740006,
	"x" : 0.076012010822899712,
	"y" : -0.013972967970954984,
	"yaw" : 1.3301560640393508,
	"z" : -0.16975463232006505
}
