{
	"pitch" : 1.4798048450583707,
	"roll" : -1.4977548404501759,
	"x" : 0.068191058751346331,
	"y" : -0.038301870223502212,
	"yaw" : 1.3139372917749181,
	"z" : -0.12641190615624404
}
