{
	"pitch" : 1.4877919453625568,
	"roll" : -1.5065608799777674,
	"x" : 0.059884310921892003,
	"y" : 0.037660509353062657,
	"yaw" : 1.3228681889569638,
	"z" : -0.17145691288349443
}
