{
	"pitch" : 1.4726356935330314,
	"roll" : -1.5079185568690145,
	"x" : 0.068627203703120934,
	"y" : -0.039080175211228529,
	"yaw" : 1.303580422648505,
	"z" : -0.16935954709879214
}
