{
	"pitch" : 1.4886317855689299,
	"roll" : -1.6217332408113903,
	"x" : 0.057637578634046074,
	"y" : 0.035612754722493978,
	"yaw" : 1.2053432164109195,
	"z" : -0.17132469286980398
}
