{
	"pitch" : 1.4729396238797849,
	"roll" : -1.4088988441306751,
	"x" : 0.10115050414790736,
	"y" : -0.16204517297221388,
	"yaw" : 1.3869462982231369,
	"z" : -0.16821239808477964
}
