{
	"pitch" : 1.4733200050206439,
	"roll" : -1.5832301952634484,
	"x" : 0.029068465977038146,
	"y" : -0.030972565844846277,
	"yaw" : 1.2324126813434702,
	"z" : -0.16938018832328378
}
