{
	"pitch" : 1.4665906331212948,
	"roll" : -1.2980452005011343,
	"x" : 0.10395246693044997,
	"y" : -0.24433250826402003,
	"yaw" : 1.5142133806810465,
	"z" : -0.16820598379799753
}
