{
	"pitch" : 1.4542647994205788,
	"roll" : -1.4222801619392644,
	"x" : 0.0039627117514290516,
	"y" : -0.24222661936684872,
	"yaw" : 1.3806185671834441,
	"z" : -0.17119167249730421
}
