{
	"pitch" : 1.4502871178838697,
	"roll" : -1.4241794678384896,
	"x" : -0.017128618754670186,
	"y" : -0.30824873609928666,
	"yaw" : 1.3776626388453201,
	"z" : -0.17265294943268042
}
