{
	"pitch" : 1.4857285832880163,
	"roll" : -1.3300321012994554,
	"x" : 0.1195702278578672,
	"y" : -0.039108786372460534,
	"yaw" : 1.4919483669032996,
	"z" : -0.16858154022747196
}
