{
	"pitch" : 1.4832014977758097,
	"roll" : -1.5942453403354475,
	"x" : 0.034108183864019745,
	"y" : 0.016395876331881765,
	"yaw" : 1.2271460236453555,
	"z" : -0.17080821731315052
}
