{
	"pitch" : 1.4858134855824165,
	"roll" : -1.4603300364811658,
	"x" : 0.034102368209115899,
	"y" : -0.054083570837464776,
	"yaw" : 1.3613931898150797,
	"z" : -0.16970938056465051
}
