{
	"pitch" : 1.4595532100607589,
	"roll" : -1.5095843842242391,
	"x" : 0.011701451464601886,
	"y" : -0.2112913317151566,
	"yaw" : 1.2985272040076288,
	"z" : -0.070114324120418556
}
