{
	"pitch" : 1.4543426790140264,
	"roll" : -1.4187822518962618,
	"x" : 0.011723201714059564,
	"y" : -0.21503356009741253,
	"yaw" : 1.3809409671860982,
	"z" : -0.16994834658817248
}
