{
	"pitch" : 1.4518537120179984,
	"roll" : -1.3161874592818854,
	"x" : 0.047480781008878647,
	"y" : -0.29784407485827968,
	"yaw" : 1.4928012737439753,
	"z" : -0.17001905435114364
}
