{
	"pitch" : 1.4710549416061545,
	"roll" : -1.6213317812010055,
	"x" : 0.028755884159353012,
	"y" : -0.022626484647118326,
	"yaw" : 1.192910880484904,
	"z" : -0.17044837991705911
}
