{
	"pitch" : 1.4828304902151521,
	"roll" : -1.3436889672759165,
	"x" : 0.1071509210846161,
	"y" : -0.05266785726093523,
	"yaw" : 1.4791554761748986,
	"z" : -0.16772720507316236
}
