{
	"pitch" : 1.4751327375682082,
	"roll" : -1.3668776962295861,
	"x" : 0.023237853096533971,
	"y" : -0.18316589584643275,
	"yaw" : 1.4447446068074996,
	"z" : -0.25694597774301059
}
