{
	"pitch" : 1.4968960707555621,
	"roll" : -1.6048363568335156,
	"x" : 0.065998433483523966,
	"y" : 0.038267119697692836,
	"yaw" : 1.2242569899474687,
	"z" : -0.17108523048095564
}
