{
	"pitch" : 1.4862766645158525,
	"roll" : -1.3825615604993928,
	"x" : 0.11666103081924753,
	"y" : -0.043680645701145597,
	"yaw" : 1.4352665305745858,
	"z" : -0.16850990190295836
}
