{
	"pitch" : 1.4965869318610712,
	"roll" : -1.4325519694548945,
	"x" : 0.12465134438892188,
	"y" : 0.0074162600601746509,
	"yaw" : 1.3901092890341535,
	"z" : -0.16939843008865149
}
