{
	"pitch" : 1.469172944601989,
	"roll" : -1.4997413199084162,
	"x" : 0.062115971920542135,
	"y" : -0.059910547256645907,
	"yaw" : 1.3119501384069789,
	"z" : -0.17512813458761223
}
