{
	"pitch" : 1.4978280666636599,
	"roll" : -1.5672283475691247,
	"x" : 0.066388972050745329,
	"y" : 0.038555122707985064,
	"yaw" : 1.2629438158930824,
	"z" : -0.17132250747459757
}
