{
	"pitch" : 1.48218022997859,
	"roll" : -1.4595747907895984,
	"x" : 0.10148312542988161,
	"y" : -0.057559557598365341,
	"yaw" : 1.3581833644951258,
	"z" : -0.16880351661451481
}
