{
	"pitch" : 1.4541711796082897,
	"roll" : -1.4785660237983314,
	"x" : -0.071280786441795502,
	"y" : -0.26066699010133176,
	"yaw" : 1.3256245325293823,
	"z" : -0.17442586725295339
}
