{
	"pitch" : 1.4875622364112908,
	"roll" : -1.5970737878512147,
	"x" : 0.052428143540829503,
	"y" : 0.032526458562839887,
	"yaw" : 1.2333637853249111,
	"z" : -0.17154580671444128
}
