{
	"pitch" : 1.5029614306503229,
	"roll" : -1.4824971206056308,
	"x" : 0.10717188646578296,
	"y" : 0.029923257556500563,
	"yaw" : 1.3477219100021973,
	"z" : -0.17000683121702748
}
