{
	"pitch" : 1.4940562997604629,
	"roll" : -1.6101602165898452,
	"x" : 0.075206080675077655,
	"y" : 0.039657089481037341,
	"yaw" : 1.2185538592921137,
	"z" : -0.17089094060837154
}
