{
	"pitch" : 1.4900810827433364,
	"roll" : -1.5800083117877404,
	"x" : 0.086277460451507915,
	"y" : 0.014850451897006241,
	"yaw" : 1.2366158156109373,
	"z" : -0.128793839029995
}
