{
	"pitch" : 1.4987748739175308,
	"roll" : -1.3761587468253007,
	"x" : 0.10789196371523478,
	"y" : 0.028167435832218486,
	"yaw" : 1.452911146419398,
	"z" : -0.16976991389496218
}
