{
	"pitch" : 1.4645575008958445,
	"roll" : -1.546656584386658,
	"x" : 0.069014815056284651,
	"y" : -0.036805828382403816,
	"yaw" : 1.2602084262202606,
	"z" : -0.17069446038574201
}
