{
	"pitch" : 1.4885210424755613,
	"roll" : -1.4844239568904387,
	"x" : 0.06879257609783733,
	"y" : -0.039323494210660767,
	"yaw" : 1.3374343940784308,
	"z" : -0.16819055290637863
}
