{
	"pitch" : 1.4925159687866008,
	"roll" : -1.6012592222880975,
	"x" : 0.087948847314273618,
	"y" : 0.020974649731861222,
	"yaw" : 1.2157148594868323,
	"z" : -0.13393939966569082
}
