{
	"pitch" : 1.4789308262240453,
	"roll" : -1.6221836508045051,
	"x" : 0.031683699556074717,
	"y" : 0.012191706490521757,
	"yaw" : 1.1955557356076425,
	"z" : -0.17027605713460484
}
