{
	"pitch" : 1.4576069329696735,
	"roll" : -1.3454538300052852,
	"x" : 0.014489666299837577,
	"y" : -0.20883398922920682,
	"yaw" : 1.4669111152436209,
	"z" : -0.27096161891750736
}
