{
	"pitch" : 1.4457396626329551,
	"roll" : -1.4438659634516484,
	"x" : -0.016266955687253434,
	"y" : -0.30959036697807052,
	"yaw" : 1.3570648661504583,
	"z" : -0.17383975785265965
}
