{
	"pitch" : 1.4946593172905815,
	"roll" : -1.3288024731520443,
	"x" : 0.12725578034810192,
	"y" : -0.009740351648125898,
	"yaw" : 1.4929181264921756,
	"z" : -0.16817616431805626
}
