{
	"pitch" : 1.4558062359009047,
	"roll" : -1.4682787205482435,
	"x" : 0.038114358882172059,
	"y" : -0.13877720906675114,
	"yaw" : 1.3266808956334566,
	"z" : -0.16958247825168862
}
