{
	"pitch" : 1.4793825532881597,
	"roll" : -1.6825478902504716,
	"x" : 0.029678229601239184,
	"y" : 0.0048035078659331223,
	"yaw" : 1.1386072114357837,
	"z" : -0.17059830070887511
}
