{
	"pitch" : 1.494604724344905,
	"roll" : -1.6169048356875464,
	"x" : 0.09035390696397487,
	"y" : 0.027428362773688528,
	"yaw" : 1.2026869981334714,
	"z" : -0.14182567974792962
}
