{
	"pitch" : 1.467127751219534,
	"roll" : -1.5957735868574032,
	"x" : -0.032323201121343764,
	"y" : -0.11913416143993895,
	"yaw" : 1.2145567798584636,
	"z" : -0.1714986451270257
}
