{
	"pitch" : 1.4684762361106856,
	"roll" : -1.5316364420011399,
	"x" : 0.035933947360410057,
	"y" : -0.1147477635625332,
	"yaw" : 1.2774833543194639,
	"z" : -0.1702751610852227
}
