{
	"pitch" : 1.4946503009737118,
	"roll" : -1.4353715017360642,
	"x" : 0.12592543424422842,
	"y" : 0.0029719948061347756,
	"yaw" : 1.3910777796513816,
	"z" : -0.16997035523868764
}
