{
	"pitch" : 1.4854259991076835,
	"roll" : -1.3561449344540095,
	"x" : 0.12389937787745955,
	"y" : -0.032368718374513876,
	"yaw" : 1.4679842535695258,
	"z" : -0.16868691833427321
}
