{
	"pitch" : 1.4786487815059461,
	"roll" : -1.5274071333362731,
	"x" : 0.06844839669320904,
	"y" : -0.036905918859179265,
	"yaw" : 1.2838894539860044,
	"z" : -0.12547646048315192
}
