{
	"pitch" : 1.4845070503456232,
	"roll" : -1.5571570916375705,
	"x" : 0.091031238935311107,
	"y" : 0.029194318308338296,
	"yaw" : 1.2600159971502358,
	"z" : -0.19599035598474274
}
