{
	"pitch" : 1.4865290262596396,
	"roll" : -1.6005357640417364,
	"x" : 0.05816719221590462,
	"y" : 0.035865917711585829,
	"yaw" : 1.2281704346684146,
	"z" : -0.17190733937581665
}
