{
	"pitch" : 1.4693526372261922,
	"roll" : -1.5534183721536914,
	"x" : 0.042335637667821412,
	"y" : -0.11234569470309612,
	"yaw" : 1.2585518700821172,
	"z" : -0.16973018321348343
}
