{
	"pitch" : 1.4839876106438554,
	"roll" : -1.6375397230179558,
	"x" : 0.029902401085583258,
	"y" : 0.0069275523008188646,
	"yaw" : 1.1857036506614911,
	"z" : -0.1709400187796028
}
