{
	"pitch" : 1.4753854757982392,
	"roll" : -1.482604615017693,
	"x" : 0.061714631526936237,
	"y" : -0.058757987347341133,
	"yaw" : 1.3327881367298344,
	"z" : -0.15224209476975814
}
