{
	"pitch" : 1.4735504421205807,
	"roll" : -1.5689978737483683,
	"x" : 0.030815254604280765,
	"y" : -0.15806830845116582,
	"yaw" : 1.2422322966748329,
	"z" : -0.12445596140252174
}
