{
	"pitch" : 1.4948778792962072,
	"roll" : -1.3384371530224368,
	"x" : 0.12722156103450399,
	"y" : -0.0099289497650423744,
	"yaw" : 1.4831122511290082,
	"z" : -0.16828295668296162
}
