{
	"pitch" : 1.486633299828428,
	"roll" : -1.5718077418730083,
	"x" : 0.041909647051988144,
	"y" : -0.030794836787321384,
	"yaw" : 1.2518254167836769,
	"z" : -0.16913491542279538
}
