{
	"pitch" : 1.4629820157898337,
	"roll" : -1.3336930968349763,
	"x" : 0.028109409106631005,
	"y" : -0.16244215249796479,
	"yaw" : 1.478261507225497,
	"z" : -0.22290958823212587
}
