{
	"pitch" : 1.4720569358788715,
	"roll" : -1.4977884311037117,
	"x" : -0.01313590259816487,
	"y" : -0.098514451320544288,
	"yaw" : 1.3175998935962285,
	"z" : -0.17217270395757384
}
