{
	"pitch" : 1.5029607066067741,
	"roll" : -1.4871100687599113,
	"x" : 0.10793433084256991,
	"y" : 0.029553378619660248,
	"yaw" : 1.3436731454334503,
	"z" : -0.16997015100717422
}
