{
	"pitch" : 1.4901135865515753,
	"roll" : -1.4879996894425254,
	"x" : 0.060609955069507448,
	"y" : -0.027875570167652915,
	"yaw" : 1.3299306971599523,
	"z" : -0.16995703043581034
}
