{
	"pitch" : 1.4840155610821602,
	"roll" : -1.3616168159078861,
	"x" : 0.11275343011927763,
	"y" : -0.047681949153536386,
	"yaw" : 1.4622738947432139,
	"z" : -0.16841479979002144
}
