{
	"pitch" : 1.4785155681056084,
	"roll" : -1.3687004186330538,
	"x" : 0.08930417054078113,
	"y" : -0.060872102873758327,
	"yaw" : 1.4571556818151028,
	"z" : -0.16819093040141686
}
