{
	"pitch" : 1.4959462751559287,
	"roll" : -1.4782882007971123,
	"x" : 0.090835054870674573,
	"y" : 0.037848696127774334,
	"yaw" : 1.3550000538013793,
	"z" : -0.17100939577726718
}
