{
	"pitch" : 1.449437458880545,
	"roll" : -1.4600266593374491,
	"x" : -0.078170687233313871,
	"y" : -0.25841444579060874,
	"yaw" : 1.3418189372819336,
	"z" : -0.17427149977512266
}
