{
	"pitch" : 1.4768887886409781,
	"roll" : -1.5811942068686575,
	"x" : 0.031663615636564654,
	"y" : -0.035328614702870915,
	"yaw" : 1.2400235198770171,
	"z" : -0.16979039438406582
}
