{
	"pitch" : 1.4632422004828205,
	"roll" : -1.5235193262450535,
	"x" : 0.010456969773107963,
	"y" : -0.20807371822815202,
	"yaw" : 1.2816948293920771,
	"z" : -0.072576045935022634
}
