{
	"pitch" : 1.4703966664467518,
	"roll" : -1.6632884702804442,
	"x" : 0.028592029279363967,
	"y" : -0.022631076102778827,
	"yaw" : 1.1513289463713665,
	"z" : -0.17033904612665376
}
