{
	"pitch" : 1.4795250431785631,
	"roll" : -1.6903319121936193,
	"x" : 0.028677153884822226,
	"y" : 0.0013391427138778229,
	"yaw" : 1.1288006727302278,
	"z" : -0.17101732126451183
}
