{
	"pitch" : 1.4539617154355069,
	"roll" : -1.4223717037012333,
	"x" : 0.01428531331572501,
	"y" : -0.20614652261851418,
	"yaw" : 1.3789692456606875,
	"z" : -0.17046979053858508
}
