{
	"pitch" : 1.4699138682172856,
	"roll" : -1.5203301078007629,
	"x" : 0.03761227438785282,
	"y" : -0.045156937451697417,
	"yaw" : 1.2878356202207302,
	"z" : -0.17009140545373791
}
