{
	"pitch" : 1.4672584711618577,
	"roll" : -1.5942542309422332,
	"x" : -0.032355329978858621,
	"y" : -0.11906931163379258,
	"yaw" : 1.2160286858039211,
	"z" : -0.17155585190684294
}
