{
	"pitch" : 1.4688561683196044,
	"roll" : -1.4937471866320939,
	"x" : 0.06138581817628349,
	"y" : -0.060180668866401082,
	"yaw" : 1.3155969592779546,
	"z" : -0.16930914385158283
}
