{
	"pitch" : 1.4848849147262719,
	"roll" : -1.6639167907445536,
	"x" : 0.042760731207085262,
	"y" : 0.025704321605854522,
	"yaw" : 1.1579948762538568,
	"z" : -0.17148763187721466
}
