{
	"pitch" : 1.4857527224392713,
	"roll" : -1.3537060839346546,
	"x" : 0.12394114689526256,
	"y" : -0.032544526177671257,
	"yaw" : 1.4704751018270787,
	"z" : -0.16876507276859221
}
