{
	"pitch" : 1.4692484187882306,
	"roll" : -1.4895077571728972,
	"x" : 0.063232883187051989,
	"y" : -0.058163293061323819,
	"yaw" : 1.3187454612592506,
	"z" : -0.18434477766899054
}
