{
	"pitch" : 1.4734080401194816,
	"roll" : -1.6337137965801656,
	"x" : 0.026030343050751054,
	"y" : -0.011349447726630244,
	"yaw" : 1.1807505242538978,
	"z" : -0.17124823349865451
}
