{
	"pitch" : 1.4700499753735308,
	"roll" : -1.5218578380937013,
	"x" : 0.032789662064532425,
	"y" : -0.11596839341384572,
	"yaw" : 1.2849383332804964,
	"z" : -0.17044939411346027
}
