{
	"pitch" : 1.4935508798720023,
	"roll" : -1.4791528055894176,
	"x" : 0.064896320693607595,
	"y" : -0.04870821451547603,
	"yaw" : 1.3343005726762169,
	"z" : -0.18823601276145702
}
