{
	"pitch" : 1.4889174793610847,
	"roll" : -1.3629165794227183,
	"x" : 0.12408169499431956,
	"y" : -0.026897346603959732,
	"yaw" : 1.4578486706930061,
	"z" : -0.16855926275254801
}
