{
	"pitch" : 1.470960157676199,
	"roll" : -1.6553316308569344,
	"x" : 0.026734316672201761,
	"y" : -0.013972220245588779,
	"yaw" : 1.1603741566589856,
	"z" : -0.17150724388497604
}
