{
	"pitch" : 1.4919140004530731,
	"roll" : -1.4326160030641484,
	"x" : 0.076587402649434991,
	"y" : -0.011105003231519384,
	"yaw" : 1.3839533886117952,
	"z" : -0.16871818418554227
}
