{
	"pitch" : 1.4780106770381549,
	"roll" : -1.4684470005247758,
	"x" : 0.079941319170323877,
	"y" : -0.062923677678560858,
	"yaw" : 1.3457308596463051,
	"z" : -0.16843872340745142
}
