{
	"pitch" : 1.4844765825695718,
	"roll" : -1.6278114266953829,
	"x" : 0.036584605047720591,
	"y" : 0.019410629315416188,
	"yaw" : 1.1945187371100183,
	"z" : -0.17111768111028858
}
