{
	"pitch" : 1.455202874984596,
	"roll" : -1.4302462748801075,
	"x" : 0.014571937623311465,
	"y" : -0.20491800131381746,
	"yaw" : 1.3705287316357853,
	"z" : -0.17049456877177196
}
