{
	"pitch" : 1.4885771473194207,
	"roll" : -1.5839465643579194,
	"x" : 0.076633149763712174,
	"y" : -0.012261065226299257,
	"yaw" : 1.2301157991734251,
	"z" : -0.1697963090590538
}
