{
	"pitch" : 1.4867737404210211,
	"roll" : -1.3301734361790316,
	"x" : 0.12005123927626449,
	"y" : -0.037019240313883109,
	"yaw" : 1.4883160287983135,
	"z" : -0.16811199279420289
}
