{
	"pitch" : 1.4683370951418049,
	"roll" : -1.5369743714887087,
	"x" : 0.064772311548026651,
	"y" : -0.054283519314582966,
	"yaw" : 1.2694441481991721,
	"z" : -0.19472751437273086
}
