{
	"pitch" : 1.4753531688641566,
	"roll" : -1.5275181952451964,
	"x" : 0.073526520407061591,
	"y" : -0.026402965268595202,
	"yaw" : 1.2792397199310666,
	"z" : -0.21799107399801265
}
