{
	"pitch" : 1.4720255891814886,
	"roll" : -1.5455706970296059,
	"x" : 0.062205506486979027,
	"y" : -0.059728795143700421,
	"yaw" : 1.2667707487049995,
	"z" : -0.16943070612281336
}
