{
	"pitch" : 1.4793081282879543,
	"roll" : -1.4200056713161591,
	"x" : 0.10346380452714701,
	"y" : -0.055560815069392776,
	"yaw" : 1.4029450976763251,
	"z" : -0.16854980031678174
}
