{
	"pitch" : 1.4766495994351179,
	"roll" : -1.4167132938348086,
	"x" : 0.076513355312334233,
	"y" : -0.06355086230350504,
	"yaw" : 1.4025607529018531,
	"z" : -0.16843273118573848
}
