{
	"pitch" : 1.4901150267887675,
	"roll" : -1.594460820697327,
	"x" : 0.085939603260546893,
	"y" : 0.014173793013137943,
	"yaw" : 1.2224553005118048,
	"z" : -0.12841213958518538
}
