{
	"pitch" : 1.4654155303950569,
	"roll" : -1.2904849158093061,
	"x" : 0.10115775821492271,
	"y" : -0.24719912558838861,
	"yaw" : 1.5168567050271593,
	"z" : -0.1682897768963153
}
