{
	"pitch" : 1.4861116023158945,
	"roll" : -1.5918029240610863,
	"x" : 0.089506937710605472,
	"y" : 0.023462548171347904,
	"yaw" : 1.2247484971463096,
	"z" : -0.20408898080386101
}
