{
	"pitch" : 1.4551155437118679,
	"roll" : -1.4104554330561625,
	"x" : 0.019501516643826614,
	"y" : -0.18964633118094409,
	"yaw" : 1.3922244650146829,
	"z" : -0.16987448327249094
}
