{
	"pitch" : 1.4838798864281832,
	"roll" : -1.5685502914226441,
	"x" : 0.07731821837961389,
	"y" : -0.012291174495427862,
	"yaw" : 1.2497268383468465,
	"z" : -0.16954878876378646
}
