{
	"pitch" : 1.4740532371786557,
	"roll" : -1.4053957272912279,
	"x" : 0.074516144730855466,
	"y" : -0.063359997939548302,
	"yaw" : 1.4143571154990273,
	"z" : -0.16866131099142126
}
