{
	"pitch" : 1.4756969212793283,
	"roll" : -1.5258322797549844,
	"x" : 0.072275486634827996,
	"y" : -0.029519777326979059,
	"yaw" : 1.2813743044023451,
	"z" : -0.21671333729462086
}
