{
	"pitch" : 1.4928881369907652,
	"roll" : -1.4605116852203339,
	"x" : 0.075441857803002596,
	"y" : -0.0159978773212585,
	"yaw" : 1.3532853314948514,
	"z" : -0.1686652281025294
}
