{
	"pitch" : 1.4713195118301718,
	"roll" : -1.4129058581152067,
	"x" : 0.094232651057328101,
	"y" : -0.15907488227268776,
	"yaw" : 1.388494090941423,
	"z" : -0.1683243492541541
}
