{
	"pitch" : 1.4604280000012004,
	"roll" : -1.2975461384775857,
	"x" : 0.11201753264151726,
	"y" : -0.24078650227302648,
	"yaw" : 1.5128255061880151,
	"z" : -0.16805038144523132
}
