{
	"pitch" : 1.4852296816871271,
	"roll" : -1.5818297706874449,
	"x" : 0.033076676128604758,
	"y" : 0.014444491772053494,
	"yaw" : 1.2406430173470184,
	"z" : -0.170523399051805
}
