{
	"pitch" : 1.4737531883420427,
	"roll" : -1.4543838140262433,
	"x" : 0.061464224187108334,
	"y" : -0.058646462953048636,
	"yaw" : 1.3613606597056049,
	"z" : -0.15340098847559497
}
