{
	"pitch" : 1.4585734222354889,
	"roll" : -1.4858803314190465,
	"x" : -0.033089916952305731,
	"y" : -0.2722549231404664,
	"yaw" : 1.3249377069755779,
	"z" : -0.17342616778345879
}
