{
	"pitch" : 1.4688425952706492,
	"roll" : -1.4998194644684248,
	"x" : 0.038217824321378088,
	"y" : -0.045880507361464457,
	"yaw" : 1.3083816620586377,
	"z" : -0.17012675140655506
}
