{
	"pitch" : 1.4537031399260973,
	"roll" : -1.4031616703190417,
	"x" : -0.002361559630317478,
	"y" : -0.30095673307132009,
	"yaw" : 1.4001820423432412,
	"z" : -0.1727709920058213
}
