{
	"pitch" : 1.4863898088451342,
	"roll" : -1.3201664705428631,
	"x" : 0.12139945017516021,
	"y" : -0.035381980363004037,
	"yaw" : 1.4983803099987563,
	"z" : -0.16788744856988824
}
