{
	"pitch" : 1.4752635607548688,
	"roll" : -1.5020271654132353,
	"x" : 0.062079515185230909,
	"y" : -0.058813598065844755,
	"yaw" : 1.3130866988758478,
	"z" : -0.15223439841939479
}
