{
	"pitch" : 1.4812842914109128,
	"roll" : -1.4478814752238511,
	"x" : 0.10355445112295657,
	"y" : -0.055687757138248625,
	"yaw" : 1.3719596125590128,
	"z" : -0.16805175867020902
}
