{
	"pitch" : 1.48274711024921,
	"roll" : -1.3858723251539049,
	"x" : 0.10706528518379305,
	"y" : -0.053187638482666555,
	"yaw" : 1.436988400327819,
	"z" : -0.16833895570700938
}
