{
	"pitch" : 1.4593068195104202,
	"roll" : -1.3706928110040335,
	"x" : 0.046247384116480328,
	"y" : -0.10590263880212836,
	"yaw" : 1.4272941622401099,
	"z" : -0.16838972847077699
}
