{
	"pitch" : 1.4657569833101041,
	"roll" : -1.4702634280006497,
	"x" : 0.04890476779100706,
	"y" : -0.055043992357838828,
	"yaw" : 1.3410284253310594,
	"z" : -0.16943388597636599
}
