{
	"pitch" : 1.4825917483062023,
	"roll" : -1.3841956731482854,
	"x" : 0.10700747326160139,
	"y" : -0.053188959955428647,
	"yaw" : 1.4388577206014257,
	"z" : -0.16834957215431723
}
