{
	"pitch" : 1.4417049526061005,
	"roll" : -1.3590587065330888,
	"x" : -0.014133596507445001,
	"y" : -0.29705902213585123,
	"yaw" : 1.4448642229268995,
	"z" : -0.17312833344254427
}
