{
	"pitch" : 1.4981402989002688,
	"roll" : -1.4360899687961242,
	"x" : 0.11963285904519787,
	"y" : 0.015278213597298713,
	"yaw" : 1.3879709784033443,
	"z" : -0.16970059974074997
}
