{
	"pitch" : 1.4946555341420666,
	"roll" : -1.5194502142984416,
	"x" : 0.092457493855280209,
	"y" : 0.036945897022741807,
	"yaw" : 1.3080016669704622,
	"z" : -0.17116641874168528
}
