{
	"pitch" : 1.4672461927242189,
	"roll" : -1.3780485939536955,
	"x" : 0.033110905187094419,
	"y" : -0.14818354665905498,
	"yaw" : 1.4384884996577048,
	"z" : -0.20799744696940442
}
