{
	"pitch" : 1.451295476327751,
	"roll" : -1.2781352630584673,
	"x" : 0.057815263493591673,
	"y" : -0.30124367878646535,
	"yaw" : 1.5276095355059964,
	"z" : -0.16951582126052037
}
