{
	"pitch" : 1.4671092785388917,
	"roll" : -1.5944691206188641,
	"x" : -0.032263899731788795,
	"y" : -0.11914985458148343,
	"yaw" : 1.2160177569193196,
	"z" : -0.17151569218347268
}
