{
	"pitch" : 1.4597345717246952,
	"roll" : -1.3236717492878005,
	"x" : 0.076320051157227634,
	"y" : -0.26023414282294888,
	"yaw" : 1.4827104928974786,
	"z" : -0.1692981853706301
}
