{
	"pitch" : 1.4875795900356228,
	"roll" : -1.4208334420072188,
	"x" : 0.0071262759039729118,
	"y" : -0.084910553200923569,
	"yaw" : 1.4024696572669599,
	"z" : -0.16825050834826799
}
