{
	"pitch" : 1.4511582327252666,
	"roll" : -1.2817764121310751,
	"x" : 0.055898648873387587,
	"y" : -0.30064660275549288,
	"yaw" : 1.5260095981162671,
	"z" : -0.16972706663562601
}
