{
	"pitch" : 1.4932160093918538,
	"roll" : -1.4435888807420483,
	"x" : 0.075634236053034182,
	"y" : -0.013628546485245302,
	"yaw" : 1.3676752965661889,
	"z" : -0.16823694409123979
}
