{
	"pitch" : 1.4834059251306457,
	"roll" : -1.5677957344759177,
	"x" : 0.077344801625224835,
	"y" : -0.012216778915606234,
	"yaw" : 1.2505530975717996,
	"z" : -0.16956869401547137
}
