{
	"pitch" : 1.4882803422687148,
	"roll" : -1.6212809971532089,
	"x" : 0.057156498115129371,
	"y" : 0.035295906032762107,
	"yaw" : 1.2049510624747672,
	"z" : -0.17123684903974395
}
