{
	"pitch" : 1.482736437966921,
	"roll" : -1.3874780585810127,
	"x" : 0.10714437949663698,
	"y" : -0.053035238257779352,
	"yaw" : 1.4355419127517253,
	"z" : -0.16828541304326569
}
