{
	"pitch" : 1.4539572125239824,
	"roll" : -1.4687853459023823,
	"x" : 0.010240297011817195,
	"y" : -0.21013995658973691,
	"yaw" : 1.3309083652239988,
	"z" : -0.17065531464042555
}
