{
	"pitch" : 1.4724195124057846,
	"roll" : -1.5608422730025844,
	"x" : 0.076603958497454216,
	"y" : -0.014008258594583316,
	"yaw" : 1.2397223465951905,
	"z" : -0.17009933936282146
}
