{
	"pitch" : 1.494372604742817,
	"roll" : -1.6083454969297413,
	"x" : 0.09095513036984873,
	"y" : 0.029892088681600582,
	"yaw" : 1.2128925433604687,
	"z" : -0.1463000327758617
}
