{
	"pitch" : 1.4796267278707498,
	"roll" : -1.4663888023798433,
	"x" : 0.019431752669493693,
	"y" : -0.067919053317565661,
	"yaw" : 1.3577135641676898,
	"z" : -0.1707841600987145
}
