{
	"pitch" : 1.4836830787236339,
	"roll" : -1.6887276245633585,
	"x" : 0.037251036921660985,
	"y" : 0.018250709137005446,
	"yaw" : 1.1306499671300967,
	"z" : -0.17149294237548685
}
