{
	"pitch" : 1.4815846876842518,
	"roll" : -1.3330416253069606,
	"x" : 0.026674010955725844,
	"y" : -0.1723691099538025,
	"yaw" : 1.4787751992721472,
	"z" : -0.25069281593254455
}
