{
	"pitch" : 1.4945259435704745,
	"roll" : -1.5646913538161467,
	"x" : 0.062977554192344604,
	"y" : 0.037827137407125462,
	"yaw" : 1.26253721265097,
	"z" : -0.17078523533188236
}
