{
	"pitch" : 1.4637398806176116,
	"roll" : -1.4434239277997094,
	"x" : -0.0099135374333834264,
	"y" : -0.28344128521728412,
	"yaw" : 1.3751863354218885,
	"z" : -0.14675938017604817
}
