{
	"pitch" : 1.4742137704981271,
	"roll" : -1.3290590827072368,
	"x" : 0.020633460179707505,
	"y" : -0.19108212894063351,
	"yaw" : 1.4840394495493643,
	"z" : -0.26033702056701458
}
