{
	"pitch" : 1.4625405879478859,
	"roll" : -1.3168264750724703,
	"x" : 0.11074041552865529,
	"y" : -0.2413915560712645,
	"yaw" : 1.4966205183517785,
	"z" : -0.16804702211398376
}
