{
	"pitch" : 1.4654140821750989,
	"roll" : -1.3708162644391428,
	"x" : 0.029575089657056387,
	"y" : -0.15609231716102182,
	"yaw" : 1.4460926549493216,
	"z" : -0.21541837208464998
}
