{
	"pitch" : 1.4964532556401369,
	"roll" : -1.4845216698609391,
	"x" : 0.07927183403063294,
	"y" : 0.040022424860754933,
	"yaw" : 1.3515465559843685,
	"z" : -0.1710313616987047
}
