{
	"pitch" : 1.4676671725371344,
	"roll" : -1.5167305327773464,
	"x" : 0.063034767450757465,
	"y" : -0.059319152961916415,
	"yaw" : 1.2966090300489834,
	"z" : -0.17844443741385294
}
