{
	"pitch" : 1.4800508170501738,
	"roll" : -1.5803237638447201,
	"x" : 0.030292740206227423,
	"y" : 0.0080390610230510594,
	"yaw" : 1.2420090706997302,
	"z" : -0.17094490114770933
}
