{
	"pitch" : 1.4595946895975458,
	"roll" : -1.3931935602579033,
	"x" : 0.053568455992256757,
	"y" : -0.081900425060054932,
	"yaw" : 1.4091457443008155,
	"z" : -0.17025662585301612
}
