{
	"pitch" : 1.4472036091869604,
	"roll" : -1.5487848470485925,
	"x" : -0.04999406435872622,
	"y" : -0.24447334921882244,
	"yaw" : 1.2493946486786327,
	"z" : -0.17360733560273475
}
