{
	"pitch" : 1.4827409589839102,
	"roll" : -1.6323415222693216,
	"x" : 0.090745683303430399,
	"y" : 0.024457379431812858,
	"yaw" : 1.185655817408958,
	"z" : -0.20332074285984886
}
