{
	"pitch" : 1.4793863503343507,
	"roll" : -1.4954123789326152,
	"x" : 0.04480002864582959,
	"y" : -0.11210880272609917,
	"yaw" : 1.3217008504095638,
	"z" : -0.16924541108599081
}
