{
	"pitch" : 1.4728992839317652,
	"roll" : -1.5483294395245739,
	"x" : 0.076895134595491577,
	"y" : -0.013797148705405115,
	"yaw" : 1.2521557276941262,
	"z" : -0.1701254827248509
}
