{
	"pitch" : 1.491289695987378,
	"roll" : -1.5779404424183472,
	"x" : 0.080373005035592207,
	"y" : 0.0022058553121892723,
	"yaw" : 1.2359324784867813,
	"z" : -0.12109922966099843
}
