{
	"pitch" : 1.4744141636438433,
	"roll" : -1.5709464964147584,
	"x" : 0.070208679538499533,
	"y" : -0.03757866971100815,
	"yaw" : 1.2383454525289641,
	"z" : -0.21324687272979337
}
