{
	"pitch" : 1.466468273867398,
	"roll" : -1.296997058658411,
	"x" : 0.10549303364713654,
	"y" : -0.24324623749185048,
	"yaw" : 1.5148876388792636,
	"z" : -0.16807029091075573
}
