{
	"pitch" : 1.4842565247063877,
	"roll" : -1.4981198572113079,
	"x" : 0.042579362854541024,
	"y" : -0.045092124707225512,
	"yaw" : 1.3220470280519578,
	"z" : -0.17008210486643052
}
