{
	"pitch" : 1.4970451764083246,
	"roll" : -1.5180056174700816,
	"x" : 0.092665717830168678,
	"y" : 0.036294988572021236,
	"yaw" : 1.3027829408179008,
	"z" : -0.17056044807449772
}
