{
	"pitch" : 1.4528927980873163,
	"roll" : -1.4713117611213926,
	"x" : 0.031183396578146519,
	"y" : -0.15432932287507478,
	"yaw" : 1.3314410405447048,
	"z" : -0.16944438602258474
}
