{
	"pitch" : 1.4671256745705379,
	"roll" : -1.509776588583702,
	"x" : 0.01059312013295674,
	"y" : -0.21542875129061809,
	"yaw" : 1.30455093066612,
	"z" : -0.074957703176210241
}
