{
	"pitch" : 1.4832917305063926,
	"roll" : -1.5668546504031866,
	"x" : 0.07002883658721569,
	"y" : -0.029199936754658325,
	"yaw" : 1.2458953424249102,
	"z" : -0.12201663482565822
}
