{
	"pitch" : 1.4673955756445796,
	"roll" : -1.541595832985766,
	"x" : 0.04188851936406876,
	"y" : -0.14107811275985271,
	"yaw" : 1.2678890829392799,
	"z" : -0.17017701272113345
}
