{
	"pitch" : 1.4842263854207087,
	"roll" : -1.3371596694732242,
	"x" : 0.11575703097425735,
	"y" : -0.042144932789999992,
	"yaw" : 1.4840592114471316,
	"z" : -0.16787027710032729
}
