{
	"pitch" : 1.4770297106670731,
	"roll" : -1.4957729748043014,
	"x" : 0.074546451006882841,
	"y" : -0.020553289489181753,
	"yaw" : 1.3099645470382906,
	"z" : -0.22028531577014146
}
