{
	"pitch" : 1.4767490487871471,
	"roll" : -1.4100900902706461,
	"x" : 0.066773781028140369,
	"y" : -0.042609985150397767,
	"yaw" : 1.3961971990961342,
	"z" : -0.16919782521442195
}
