{
	"pitch" : 1.4827749668525501,
	"roll" : -1.4383069448691284,
	"x" : 0.10562441133861822,
	"y" : -0.054387891014040998,
	"yaw" : 1.3814463168928597,
	"z" : -0.16851405489450896
}
