{
	"pitch" : 1.4595198267405289,
	"roll" : -1.4938260491046949,
	"x" : 0.011694592124319211,
	"y" : -0.21117966064775631,
	"yaw" : 1.3137815196717686,
	"z" : -0.07027835180045737
}
