{
	"pitch" : 1.4942183680944627,
	"roll" : -1.6063096331379703,
	"x" : 0.075519424129586316,
	"y" : 0.039538675781848956,
	"yaw" : 1.2231995739813428,
	"z" : -0.17121456935150706
}
