{
	"pitch" : 1.4734467996048541,
	"roll" : -1.4626192411811161,
	"x" : 0.060930458711779843,
	"y" : -0.059069335578778324,
	"yaw" : 1.3567839993852679,
	"z" : -0.16876464223389734
}
