{
	"pitch" : 1.4878025570320799,
	"roll" : -1.553395194673183,
	"x" : 0.053342435612237345,
	"y" : 0.034046064478513383,
	"yaw" : 1.2783769188015286,
	"z" : -0.17118620093184342
}
