{
	"pitch" : 1.4691263509204036,
	"roll" : -1.5216157505295476,
	"x" : -0.048633621700970048,
	"y" : -0.14335606243830479,
	"yaw" : 1.3003056340024401,
	"z" : -0.17277661171933162
}
