{
	"pitch" : 1.4572306851394943,
	"roll" : -1.6053139615436285,
	"x" : -0.041552223281998646,
	"y" : -0.1562660687664523,
	"yaw" : 1.2008042329662856,
	"z" : -0.1726629228839443
}
