{
	"pitch" : 1.4931372696401126,
	"roll" : -1.4491698190912676,
	"x" : 0.075595391387301841,
	"y" : -0.014227690894641775,
	"yaw" : 1.3626443310543439,
	"z" : -0.16824198750032676
}
