{
	"pitch" : 1.4983685122192991,
	"roll" : -1.4284780379034749,
	"x" : 0.1166564621550871,
	"y" : 0.019371128680888999,
	"yaw" : 1.3971453380943397,
	"z" : -0.16992345251440125
}
