{
	"pitch" : 1.4640389923009125,
	"roll" : -1.3779104419338724,
	"x" : 0.026613243428406513,
	"y" : -0.17074038985072393,
	"yaw" : 1.4372112428649007,
	"z" : -0.23134421271146688
}
