{
	"pitch" : 1.4671831378808164,
	"roll" : -1.3798033254499689,
	"x" : 0.033283200692172145,
	"y" : -0.14781152502059561,
	"yaw" : 1.4367621370596393,
	"z" : -0.20771933566798356
}
