{
	"pitch" : 1.4783236654953251,
	"roll" : -1.657523597301763,
	"x" : 0.026741183921750518,
	"y" : -0.0037424201753215331,
	"yaw" : 1.163333611391604,
	"z" : -0.17076691914282627
}
