{
	"pitch" : 1.4741262117754388,
	"roll" : -1.4215739432825183,
	"x" : 0.074255650177605687,
	"y" : -0.063246588359609085,
	"yaw" : 1.3978868558648194,
	"z" : -0.16871877538918034
}
