{
	"pitch" : 1.4719336276288868,
	"roll" : -1.3828266541910488,
	"x" : 0.094480327268637448,
	"y" : -0.1993143846278555,
	"yaw" : 1.4337039097481752,
	"z" : -0.16809571907287593
}
