{
	"pitch" : 1.492809554710044,
	"roll" : -1.5610211989767897,
	"x" : 0.086584920329385223,
	"y" : 0.03922441920082069,
	"yaw" : 1.2708259698274591,
	"z" : -0.17126288611167015
}
