{
	"pitch" : 1.4630346805735457,
	"roll" : -1.5112253449549686,
	"x" : -0.0025091765446126763,
	"y" : -0.25846794080765406,
	"yaw" : 1.3040329266102797,
	"z" : -0.12076128808492498
}
