{
	"pitch" : 1.4654385649062081,
	"roll" : -1.4803190594315496,
	"x" : 0.063344375154740201,
	"y" : -0.055999763150269742,
	"yaw" : 1.3285062989077929,
	"z" : -0.18870287007591918
}
