{
	"pitch" : 1.477587604631168,
	"roll" : -1.5385107836056846,
	"x" : 0.066379667163114289,
	"y" : -0.043618101772925646,
	"yaw" : 1.2738778180964148,
	"z" : -0.13086373377966579
}
