{
	"pitch" : 1.4949543219317196,
	"roll" : -1.4824844430758579,
	"x" : 0.088982986741398984,
	"y" : 0.038257459027680261,
	"yaw" : 1.3537913088988824,
	"z" : -0.17102438543352061
}
