{
	"pitch" : 1.4936118785152224,
	"roll" : -1.6120975816949275,
	"x" : 0.087107669273266075,
	"y" : 0.019139485464670019,
	"yaw" : 1.2049029132552576,
	"z" : -0.13150990361042378
}
