{
	"pitch" : 1.4753556947214375,
	"roll" : -1.481479541997051,
	"x" : 0.061687256071226312,
	"y" : -0.058735846376339197,
	"yaw" : 1.3338378721488724,
	"z" : -0.15220394519748687
}
