{
	"pitch" : 1.4782714641767281,
	"roll" : -1.5004672026139976,
	"x" : -0.0093628672678966463,
	"y" : -0.10172664484283098,
	"yaw" : 1.3184188662665097,
	"z" : -0.1703631809999499
}
