{
	"pitch" : 1.4977173624981455,
	"roll" : -1.4795268443432472,
	"x" : 0.071408276932065792,
	"y" : 0.039425770951520035,
	"yaw" : 1.3562785589400239,
	"z" : -0.17154614061537132
}
