{
	"pitch" : 1.4917493766968839,
	"roll" : -1.5534542624793846,
	"x" : 0.084143628154753583,
	"y" : 0.039099070327263036,
	"yaw" : 1.2782964912774915,
	"z" : -0.17096547631872194
}
