{
	"pitch" : 1.4775053399801104,
	"roll" : -1.5301878870922405,
	"x" : 0.068892995182493713,
	"y" : -0.036050956594238646,
	"yaw" : 1.281946847599454,
	"z" : -0.17014090224777742
}
