{
	"pitch" : 1.4886981016287169,
	"roll" : -1.3943383476918716,
	"x" : 0.015408009903748084,
	"y" : -0.077981246307876811,
	"yaw" : 1.4322944867352767,
	"z" : -0.16800664776672442
}
