{
	"pitch" : 1.4663612440444915,
	"roll" : -1.4816164694328051,
	"x" : 0.0055347965466759075,
	"y" : -0.2347203199187462,
	"yaw" : 1.3246722765042327,
	"z" : -0.094594124836088089
}
