{
	"pitch" : 1.4599242375644526,
	"roll" : -1.5215730590716854,
	"x" : 0.012318426362275509,
	"y" : -0.21152470542188231,
	"yaw" : 1.2876692555088949,
	"z" : -0.070643939888973606
}
