{
	"pitch" : 1.4679771784488302,
	"roll" : -1.4850312771426037,
	"x" : 0.065014878714647201,
	"y" : -0.048492999456268483,
	"yaw" : 1.3208343643324953,
	"z" : -0.20245358911232453
}
