{
	"pitch" : 1.4666179771569412,
	"roll" : -1.2970827923372821,
	"x" : 0.10578065253827859,
	"y" : -0.24313205065001003,
	"yaw" : 1.5149144036109208,
	"z" : -0.16806418819592614
}
