{
	"pitch" : 1.4961013940034074,
	"roll" : -1.5593040641868401,
	"x" : 0.070271811897633665,
	"y" : 0.039112269565600315,
	"yaw" : 1.2747066214168548,
	"z" : -0.1711857879285455
}
