{
	"pitch" : 1.4531122352418369,
	"roll" : -1.4733464261564801,
	"x" : 0.014854340639945493,
	"y" : -0.20892419110305971,
	"yaw" : 1.3284376647000751,
	"z" : -0.1711661493915424
}
