{
	"pitch" : 1.4934089011029095,
	"roll" : -1.3943301543687825,
	"x" : 0.1243269935185129,
	"y" : 0.0050902297590419334,
	"yaw" : 1.4313847970889364,
	"z" : -0.16919379425232581
}
