{
	"pitch" : 1.4783876180672133,
	"roll" : -1.5363113402243052,
	"x" : 0.07807131273239748,
	"y" : -0.01285218462561453,
	"yaw" : 1.2734575017123559,
	"z" : -0.22067886059002212
}
