{
	"pitch" : 1.4524920993425687,
	"roll" : -1.4280360922502715,
	"x" : -0.069567237438882518,
	"y" : -0.25347430505096447,
	"yaw" : 1.3732337020346579,
	"z" : -0.17348697384386344
}
