{
	"pitch" : 1.4539193655088039,
	"roll" : -1.5346562143626208,
	"x" : -0.019792411820179406,
	"y" : -0.22750489070576269,
	"yaw" : 1.2669781908808724,
	"z" : -0.17211410675143687
}
