{
	"pitch" : 1.456049011891144,
	"roll" : -1.3920658641507708,
	"x" : 0.016551666462052632,
	"y" : -0.20494481868965037,
	"yaw" : 1.4206314735705718,
	"z" : -0.26779128971273009
}
