{
	"pitch" : 1.4828206155966475,
	"roll" : -1.3544235332771064,
	"x" : 0.11380530919187343,
	"y" : -0.046936988215022089,
	"yaw" : 1.4694114845101609,
	"z" : -0.16844636785745248
}
