{
	"pitch" : 1.4551653710008547,
	"roll" : -1.4503637346972886,
	"x" : 0.013732563690721282,
	"y" : -0.20916778667369948,
	"yaw" : 1.352215279467512,
	"z" : -0.17039318407752826
}
