{
	"pitch" : 1.479697583667017,
	"roll" : -1.5016611102347455,
	"x" : 0.06499006478873863,
	"y" : -0.15052648208164957,
	"yaw" : 1.3037252727226252,
	"z" : -0.16934884039990714
}
