{
	"pitch" : 1.4835852110039105,
	"roll" : -1.5512846003364889,
	"x" : 0.084982505939401695,
	"y" : 0.0086773912512796841,
	"yaw" : 1.2642504267953676,
	"z" : -0.2151919304295519
}
