{
	"pitch" : 1.4917088742502427,
	"roll" : -1.3714030058408571,
	"x" : 0.12750853485121386,
	"y" : -0.014822924169494345,
	"yaw" : 1.4530637582403592,
	"z" : -0.16892758888831735
}
