{
	"pitch" : 1.4795666627823669,
	"roll" : -1.6345956501432648,
	"x" : 0.026027450809559205,
	"y" : -0.0050922644421684694,
	"yaw" : 1.1840512665674148,
	"z" : -0.17054403484685765
}
