{
	"pitch" : 1.4555987717080352,
	"roll" : -1.4011048001995807,
	"x" : 0.010033939645679571,
	"y" : -0.21939539119143212,
	"yaw" : 1.3993159595546087,
	"z" : -0.17019217618513424
}
