{
	"pitch" : 1.4913328668105124,
	"roll" : -1.6221473968241655,
	"x" : 0.084697591128432018,
	"y" : 0.011620258480724965,
	"yaw" : 1.1936894092356525,
	"z" : -0.1264295514964566
}
