{
	"pitch" : 1.4818871118828101,
	"roll" : -1.3456224033368596,
	"x" : 0.1068018849229225,
	"y" : -0.052604626702236174,
	"yaw" : 1.4767253542814831,
	"z" : -0.16778748921933762
}
