{
	"pitch" : 1.4819323732527676,
	"roll" : -1.5566658029446567,
	"x" : 0.03057176016680796,
	"y" : 0.010370748110456914,
	"yaw" : 1.2642025773002883,
	"z" : -0.17053903831102674
}
