{
	"pitch" : 1.4953891158282604,
	"roll" : -1.5353810150572764,
	"x" : 0.074027246513413997,
	"y" : -0.019836658916727687,
	"yaw" : 1.285861230655112,
	"z" : -0.17373531273474599
}
