{
	"pitch" : 1.4964172739630053,
	"roll" : -1.4783815099370945,
	"x" : 0.079039671320122823,
	"y" : 0.04003377894589856,
	"yaw" : 1.3570848527354658,
	"z" : -0.17087854471083866
}
