{
	"pitch" : 1.493667107039389,
	"roll" : -1.4007627209518883,
	"x" : 0.12819362295662273,
	"y" : -0.0034032866070127735,
	"yaw" : 1.4244566719384582,
	"z" : -0.16940455692535239
}
