{
	"pitch" : 1.4494311315287196,
	"roll" : -1.456208224499191,
	"x" : -0.078165129418852522,
	"y" : -0.2583103564427266,
	"yaw" : 1.3457795774052488,
	"z" : -0.17426983656748299
}
