{
	"pitch" : 1.4527074103292175,
	"roll" : -1.3127438209235589,
	"x" : 0.041113315866213702,
	"y" : -0.29642590535359725,
	"yaw" : 1.4938849943062611,
	"z" : -0.17039560171481341
}
