{
	"pitch" : 1.4559370095469513,
	"roll" : -1.4324089147319297,
	"x" : 0.013633429829373135,
	"y" : -0.20857178146083752,
	"yaw" : 1.3672063243134431,
	"z" : -0.17063579523724284
}
