{
	"pitch" : 1.490149519576303,
	"roll" : -1.5160986869896609,
	"x" : 0.07865440851084228,
	"y" : -0.0037941069151017377,
	"yaw" : 1.296915000649506,
	"z" : -0.11885979279617086
}
