{
	"pitch" : 1.497026413839428,
	"roll" : -1.3943435770558579,
	"x" : 0.10555127309911952,
	"y" : 0.030683895869270259,
	"yaw" : 1.4346818042365661,
	"z" : -0.17011975127288864
}
