{
	"pitch" : 1.4707844221846387,
	"roll" : -1.4832547006554793,
	"x" : 0.060255186997331622,
	"y" : -0.062133424672121386,
	"yaw" : 1.3262024855510142,
	"z" : -0.16946210137674866
}
