{
	"pitch" : 1.4459951146213845,
	"roll" : -1.4443766206729587,
	"x" : -0.016456253347716165,
	"y" : -0.30961689501834583,
	"yaw" : 1.3566792495457556,
	"z" : -0.17363706521900454
}
