{
	"pitch" : 1.4818542786183897,
	"roll" : -1.4287921654324045,
	"x" : 0.1046405230091276,
	"y" : -0.054727951516786333,
	"yaw" : 1.3910246203961876,
	"z" : -0.16837888656430655
}
