{
	"pitch" : 1.4864268466132766,
	"roll" : -1.4637322607812957,
	"x" : 0.032285912206875503,
	"y" : -0.055551435802418093,
	"yaw" : 1.3581153310789822,
	"z" : -0.16983606986436633
}
