{
	"pitch" : 1.478115845388432,
	"roll" : -1.4958247979781663,
	"x" : 0.044620160381069307,
	"y" : -0.11232298852557755,
	"yaw" : 1.320984073866301,
	"z" : -0.16941470288216284
}
