{
	"pitch" : 1.4669933848798282,
	"roll" : -1.4743558119311986,
	"x" : 0.063175055705958841,
	"y" : -0.057751009613884859,
	"yaw" : 1.333152402878629,
	"z" : -0.18614249798345853
}
