{
	"pitch" : 1.4768236199722893,
	"roll" : -1.542663377267083,
	"x" : 0.067887715773935833,
	"y" : -0.041310715353081812,
	"yaw" : 1.2636019501542886,
	"z" : -0.17015919165212995
}
