{
	"pitch" : 1.4837614574084419,
	"roll" : -1.550688456116025,
	"x" : 0.070456952413562812,
	"y" : -0.028227561442785681,
	"yaw" : 1.2622110498021446,
	"z" : -0.12177037751297576
}
