{
	"pitch" : 1.468053140980683,
	"roll" : -1.4952724004944142,
	"x" : 0.05255333760606079,
	"y" : -0.14469473703387256,
	"yaw" : 1.3142163973823155,
	"z" : -0.1698644127741622
}
