{
	"pitch" : 1.4601804953798738,
	"roll" : -1.302830065429126,
	"x" : 0.014116941654780044,
	"y" : -0.20902045734416225,
	"yaw" : 1.5087506761800937,
	"z" : -0.27097062639213915
}
