{
	"pitch" : 1.4698841379253174,
	"roll" : -1.4733750068393676,
	"x" : 0.057541672752749795,
	"y" : -0.059746145271801096,
	"yaw" : 1.3407514220397536,
	"z" : -0.16909182754347107
}
