{
	"pitch" : 1.4611649622002665,
	"roll" : -1.3546179506467906,
	"x" : 0.074953518927523555,
	"y" : -0.25330758371647499,
	"yaw" : 1.4491567510455574,
	"z" : -0.16915610040654144
}
