{
	"pitch" : 1.4628165494548933,
	"roll" : -1.443905576576177,
	"x" : 0.041629127656310577,
	"y" : -0.12426265726293574,
	"yaw" : 1.3573455042407374,
	"z" : -0.16867978947432916
}
