{
	"pitch" : 1.4686555763896412,
	"roll" : -1.5327144832007911,
	"x" : 0.062380247726749771,
	"y" : -0.056478455596773905,
	"yaw" : 1.2754186403676728,
	"z" : -0.16962913405684818
}
