{
	"pitch" : 1.4852814552284324,
	"roll" : -1.5714447030223626,
	"x" : 0.091391490837086906,
	"y" : 0.028218732269108635,
	"yaw" : 1.2462625186117042,
	"z" : -0.19731313752833821
}
