{
	"pitch" : 1.4885929298829821,
	"roll" : -1.57784890618509,
	"x" : 0.088952799972435756,
	"y" : 0.022052493627930183,
	"yaw" : 1.2395005200658162,
	"z" : -0.2057493999981912
}
