{
	"pitch" : 1.4750244673994803,
	"roll" : -1.5454425550437096,
	"x" : 0.074397405926099877,
	"y" : -0.02436598599069599,
	"yaw" : 1.2606168560227795,
	"z" : -0.21898902623092634
}
