{
	"pitch" : 1.4984155314354461,
	"roll" : -1.3780716276049068,
	"x" : 0.11007287674761453,
	"y" : 0.026136843352168638,
	"yaw" : 1.4494703603640584,
	"z" : -0.16939098652690499
}
