{
	"pitch" : 1.4947225214497357,
	"roll" : -1.6058238556428694,
	"x" : 0.092425721605115654,
	"y" : 0.035314850322182907,
	"yaw" : 1.215662187854043,
	"z" : -0.16145356502472868
}
