{
	"pitch" : 1.4762397095653454,
	"roll" : -1.5001200614360382,
	"x" : 0.060780178882767134,
	"y" : -0.060918513984304888,
	"yaw" : 1.3126537157021765,
	"z" : -0.15992538639239526
}
