{
	"pitch" : 1.4779525393290429,
	"roll" : -1.5604240250540067,
	"x" : 0.035592689707141245,
	"y" : -0.14304953216219266,
	"yaw" : 1.2557411051033194,
	"z" : -0.13870957493628475
}
