{
	"pitch" : 1.4551969408564018,
	"roll" : -1.3738232801987933,
	"x" : 0.067521681730262934,
	"y" : -0.2831484380777487,
	"yaw" : 1.4305475149149405,
	"z" : -0.17013251667511675
}
