{
	"pitch" : 1.4734317761184099,
	"roll" : -1.6306271021179299,
	"x" : 0.025995204394344225,
	"y" : -0.011570757810772143,
	"yaw" : 1.1835237975046495,
	"z" : -0.17129595156204122
}
