{
	"pitch" : 1.4690176987663062,
	"roll" : -1.4303428526814654,
	"x" : 0.061852699698668655,
	"y" : -0.061087577519877777,
	"yaw" : 1.3851637874985852,
	"z" : -0.16906536150321616
}
