{
	"pitch" : 1.4654344385704727,
	"roll" : -1.6151151870994203,
	"x" : -0.013474024253522232,
	"y" : -0.12479215209753274,
	"yaw" : 1.1967057067292106,
	"z" : -0.17209617857078222
}
