{
	"pitch" : 1.4856964755820945,
	"roll" : -1.4686426394370025,
	"x" : 0.077665935469167308,
	"y" : -0.01073887383677374,
	"yaw" : 1.3457459981463242,
	"z" : -0.16921807353168661
}
