{
	"pitch" : 1.4761388065477161,
	"roll" : -1.4737159679405969,
	"x" : 0.061078001370972967,
	"y" : -0.061013574675507706,
	"yaw" : 1.339706888236996,
	"z" : -0.16476723175554772
}
