{
	"pitch" : 1.480195117844481,
	"roll" : -1.6276619867765054,
	"x" : 0.026262046765093451,
	"y" : -0.0050688705159862672,
	"yaw" : 1.1908798767209454,
	"z" : -0.17066240513178194
}
