{
	"pitch" : 1.4898333374579968,
	"roll" : -1.3588517161982789,
	"x" : 0.12651928454817257,
	"y" : -0.018146027657366295,
	"yaw" : 1.4651118802009575,
	"z" : -0.16864761309969101
}
