{
	"pitch" : 1.4716864632888738,
	"roll" : -1.6331106682289493,
	"x" : 0.026831426586373455,
	"y" : -0.013706549662971371,
	"yaw" : 1.1826430703744881,
	"z" : -0.17161398653255927
}
