{
	"pitch" : 1.467980595540852,
	"roll" : -1.5240533786278927,
	"x" : 0.064715662440459329,
	"y" : -0.054168446161405093,
	"yaw" : 1.2825303259363252,
	"z" : -0.19477952143170713
}
