{
	"pitch" : 1.4889953922856736,
	"roll" : -1.5083065364818551,
	"x" : 0.060439773999653224,
	"y" : 0.037775269234245221,
	"yaw" : 1.3198527743178972,
	"z" : -0.17122611568020876
}
