{
	"pitch" : 1.4861242477779903,
	"roll" : -1.5341315342907806,
	"x" : 0.076958541583392909,
	"y" : -0.011965236133819663,
	"yaw" : 1.2810355604097112,
	"z" : -0.11915522713513221
}
