{
	"pitch" : 1.493207633476447,
	"roll" : -1.6053883658682071,
	"x" : 0.092225507451333594,
	"y" : 0.032819007040265399,
	"yaw" : 1.2152278686180873,
	"z" : -0.15229023965553584
}
