{
	"pitch" : 1.4559801487085309,
	"roll" : -1.4325926289342759,
	"x" : 0.013625091252344089,
	"y" : -0.20857549136628595,
	"yaw" : 1.3669804360648048,
	"z" : -0.17057626244808224
}
