{
	"pitch" : 1.4722189698779253,
	"roll" : -1.3706044173310485,
	"x" : 0.07288111157818504,
	"y" : -0.06317579769884421,
	"yaw" : 1.4480821240035977,
	"z" : -0.16876442730775781
}
