{
	"pitch" : 1.4901567537863787,
	"roll" : -1.549304107853076,
	"x" : 0.077029855838462002,
	"y" : -0.012593190580508501,
	"yaw" : 1.2640026748991005,
	"z" : -0.17010362939797313
}
