{
	"pitch" : 1.4895487879443801,
	"roll" : -1.5701461870361737,
	"x" : 0.053667848277509686,
	"y" : 0.033698443453830253,
	"yaw" : 1.2608682158458688,
	"z" : -0.17126947101594689
}
