{
	"pitch" : 1.4729139256974368,
	"roll" : -1.4519340907593346,
	"x" : 0.060082738522085129,
	"y" : -0.058822026981837278,
	"yaw" : 1.3665972640165838,
	"z" : -0.1687435709082889
}
