{
	"pitch" : 1.4969772300884685,
	"roll" : -1.5242138404446826,
	"x" : 0.092743204176513244,
	"y" : 0.036260160968079325,
	"yaw" : 1.2963628231698081,
	"z" : -0.17092448899598015
}
