{
	"pitch" : 1.4650809037135561,
	"roll" : -1.4823361209831167,
	"x" : 0.063304996200555963,
	"y" : -0.056098246654423506,
	"yaw" : 1.3265946036908645,
	"z" : -0.18850747060716441
}
