{
	"pitch" : 1.4660621694839688,
	"roll" : -1.4127645869235781,
	"x" : 0.09467598552087958,
	"y" : -0.20741490097884552,
	"yaw" : 1.3959499731803617,
	"z" : -0.16851009676143791
}
