{
	"pitch" : 1.4555531936940784,
	"roll" : -1.4801769615476208,
	"x" : -0.069485742090616073,
	"y" : -0.26109476045547719,
	"yaw" : 1.325942577419762,
	"z" : -0.17439703018987671
}
