{
	"pitch" : 1.4932611923104677,
	"roll" : -1.5371358504625137,
	"x" : 0.038324977929613348,
	"y" : -0.05366324770261105,
	"yaw" : 1.2866830792314592,
	"z" : -0.16929488444611487
}
