{
	"pitch" : 1.4945868293915032,
	"roll" : -1.5662431957504936,
	"x" : 0.084069433663138071,
	"y" : 0.039068754995310324,
	"yaw" : 1.2643492898936122,
	"z" : -0.1708936332251578
}
