{
	"pitch" : 1.4816595170806839,
	"roll" : -1.3416806573227618,
	"x" : 0.026016158258805683,
	"y" : -0.17501781001844718,
	"yaw" : 1.4727986775017645,
	"z" : -0.25189665672823885
}
