{
	"pitch" : 1.474679564959962,
	"roll" : -1.4257286817381618,
	"x" : 0.078484553683925165,
	"y" : -0.063058811756568522,
	"yaw" : 1.3890616395902093,
	"z" : -0.16876500114677026
}
