{
	"pitch" : 1.4684715788747595,
	"roll" : -1.5264071580226508,
	"x" : 0.036329798758873447,
	"y" : -0.042647103217972812,
	"yaw" : 1.2834508998333121,
	"z" : -0.17025300424945283
}
