{
	"pitch" : 1.483749901837822,
	"roll" : -1.5603559413545409,
	"x" : 0.077202415896781493,
	"y" : -0.012230357023629262,
	"yaw" : 1.2579028558781913,
	"z" : -0.16960016458805835
}
