{
	"pitch" : 1.4870699962957472,
	"roll" : -1.5155758037747435,
	"x" : 0.075146598828522079,
	"y" : -0.013683198462463913,
	"yaw" : 1.29946339853354,
	"z" : -0.118589136988099
}
