{
	"pitch" : 1.4692374155840311,
	"roll" : -1.4357167874975361,
	"x" : 0.060231069493882031,
	"y" : -0.060684978673358932,
	"yaw" : 1.3707104398543815,
	"z" : -0.16867391571035056
}
