{
	"pitch" : 1.4698521497222918,
	"roll" : -1.5276824669061928,
	"x" : 0.056286713975195399,
	"y" : -0.057466988247242043,
	"yaw" : 1.2885214802729166,
	"z" : -0.1689512154572603
}
