{
	"pitch" : 1.4667237244082567,
	"roll" : -1.5866279649248545,
	"x" : -0.033173463407898202,
	"y" : -0.11869919481475322,
	"yaw" : 1.2224013923231789,
	"z" : -0.17156709249231883
}
