{
	"pitch" : 1.50252642084499,
	"roll" : -1.4626359460205163,
	"x" : 0.10636593605557099,
	"y" : 0.030228159485558175,
	"yaw" : 1.3675251825211499,
	"z" : -0.16988424652707401
}
