{
	"pitch" : 1.4705982664887456,
	"roll" : -1.5443709448692873,
	"x" : 0.07597436204059653,
	"y" : -0.01241506888595619,
	"yaw" : 1.2602716430712886,
	"z" : -0.17003381586273184
}
