{
	"pitch" : 1.4941981291671089,
	"roll" : -1.6098298262174282,
	"x" : 0.090960570220409973,
	"y" : 0.029895055372347379,
	"yaw" : 1.2114454502553431,
	"z" : -0.14622632299859267
}
