{
	"pitch" : 1.4947163789899987,
	"roll" : -1.5796158636609419,
	"x" : 0.088543847847366741,
	"y" : 0.02486664839648282,
	"yaw" : 1.2382623650004818,
	"z" : -0.13769578645093095
}
