{
	"pitch" : 1.4926342083873738,
	"roll" : -1.3143778767081513,
	"x" : 0.1276829322087436,
	"y" : -0.0077429801342090102,
	"yaw" : 1.5067549275421184,
	"z" : -0.1682143560540528
}
