{
	"pitch" : 1.4843896446838194,
	"roll" : -1.6421634184539926,
	"x" : 0.040720301704678122,
	"y" : 0.023636204660728709,
	"yaw" : 1.1830936013221738,
	"z" : -0.17146002570023414
}
