{
	"pitch" : 1.4753548719391789,
	"roll" : -1.5525452716830188,
	"x" : 0.06971404924592671,
	"y" : -0.039477278074540045,
	"yaw" : 1.2561128574135587,
	"z" : -0.21149000678498348
}
