{
	"pitch" : 1.495542548161606,
	"roll" : -1.5653132175363937,
	"x" : 0.063582378384042043,
	"y" : 0.037997296763258415,
	"yaw" : 1.2620654277817507,
	"z" : -0.17068124759214401
}
