{
	"pitch" : 1.4846515088976833,
	"roll" : -1.6414018374761219,
	"x" : 0.039921476925566551,
	"y" : 0.022714070708769074,
	"yaw" : 1.1827934150913482,
	"z" : -0.17133719118901053
}
