{
	"pitch" : 1.495460467517836,
	"roll" : -1.5505477659810336,
	"x" : 0.092293450717043021,
	"y" : 0.036283621382212417,
	"yaw" : 1.27168715653817,
	"z" : -0.16913998781503617
}
