{
	"pitch" : 1.4991893470512965,
	"roll" : -1.5118741686650863,
	"x" : 0.091139435960577775,
	"y" : 0.037059336602818307,
	"yaw" : 1.3150454413293688,
	"z" : -0.17056016157491413
}
