{
	"pitch" : 1.4763044338884752,
	"roll" : -1.4564366087576532,
	"x" : 0.078902925178425745,
	"y" : -0.06303724635435165,
	"yaw" : 1.3573249759052299,
	"z" : -0.16861008318110793
}
