{
	"pitch" : 1.4725383985000748,
	"roll" : -1.4692949827814024,
	"x" : 0.097712168845124722,
	"y" : -0.1851414023865291,
	"yaw" : 1.3451018247632724,
	"z" : -0.16865995763703362
}
