{
	"pitch" : 1.4864813758398463,
	"roll" : -1.5200211611761043,
	"x" : 0.075035661223068595,
	"y" : -0.013863247834559294,
	"yaw" : 1.2951311571421615,
	"z" : -0.11861899791047936
}
