{
	"pitch" : 1.4802479725311402,
	"roll" : -1.6749866429920328,
	"x" : 0.031076802537077064,
	"y" : 0.0066884946180905298,
	"yaw" : 1.1450277748224005,
	"z" : -0.17105199145452679
}
