{
	"pitch" : 1.4707805899462838,
	"roll" : -1.4045982972684092,
	"x" : 0.09652777131998859,
	"y" : -0.15993316650863026,
	"yaw" : 1.3940593511926593,
	"z" : -0.16840144633634385
}
