{
	"pitch" : 1.4748236563689892,
	"roll" : -1.4580033498736551,
	"x" : 0.061520037230265362,
	"y" : -0.058704470421145571,
	"yaw" : 1.3574607869224478,
	"z" : -0.15239632072344206
}
