{
	"pitch" : 1.4862458123832829,
	"roll" : -1.3096206948654567,
	"x" : 0.12342376014416875,
	"y" : -0.030271997375009088,
	"yaw" : 1.5138618833626811,
	"z" : -0.1681163504525639
}
