{
	"pitch" : 1.4965354902129899,
	"roll" : -1.5591240828550779,
	"x" : 0.051447926399564234,
	"y" : -0.096949595113640277,
	"yaw" : 1.2437711115096111,
	"z" : -0.21145742123017638
}
