{
	"pitch" : 1.449303956765831,
	"roll" : -1.4036020330282719,
	"x" : -0.016839150551434756,
	"y" : -0.30894458418100001,
	"yaw" : 1.3978270511711599,
	"z" : -0.17271984068392504
}
