{
	"pitch" : 1.4597310414130225,
	"roll" : -1.6156596792191205,
	"x" : -0.082984129472076743,
	"y" : -0.18011271489603947,
	"yaw" : 1.1924457298906568,
	"z" : -0.17395956313729088
}
