{
	"pitch" : 1.4678422683662777,
	"roll" : -1.4863233756996754,
	"x" : 0.063937540889165284,
	"y" : -0.05383557680678739,
	"yaw" : 1.3220519404800837,
	"z" : -0.16945652149136442
}
