{
	"pitch" : 1.4905445732414895,
	"roll" : -1.3732777287584539,
	"x" : 0.12704033687745059,
	"y" : -0.019870411346426621,
	"yaw" : 1.4470451985596349,
	"z" : -0.16867492082052515
}
