{
	"pitch" : 1.4884066559268525,
	"roll" : -1.5539605950497521,
	"x" : 0.081668408922710128,
	"y" : -0.0013781555778751807,
	"yaw" : 1.2597175719056171,
	"z" : -0.12056643869793582
}
