{
	"pitch" : 1.4947822484052533,
	"roll" : -1.6133225460157048,
	"x" : 0.090325141408162335,
	"y" : 0.02736670554852054,
	"yaw" : 1.2062029493832265,
	"z" : -0.14180685731885184
}
