{
	"pitch" : 1.4890984220978172,
	"roll" : -1.3481492654533298,
	"x" : 0.12564722525040034,
	"y" : -0.022983540037338053,
	"yaw" : 1.4725715932026449,
	"z" : -0.168570009623148
}
