{
	"pitch" : 1.4794459126559498,
	"roll" : -1.4212037473549086,
	"x" : 0.095858499539864056,
	"y" : -0.059685202268183787,
	"yaw" : 1.3955718586130683,
	"z" : -0.16851215150831927
}
