{
	"pitch" : 1.4804491922898897,
	"roll" : -1.3636767648395443,
	"x" : 0.082052862884498506,
	"y" : -0.062885864925053131,
	"yaw" : 1.4645612017755285,
	"z" : -0.16869360074965972
}
