{
	"pitch" : 1.46367322245215,
	"roll" : -1.3999307132267074,
	"x" : 0.10213955308494801,
	"y" : -0.22002136550715598,
	"yaw" : 1.4091451087791604,
	"z" : -0.16889864996876666
}
