{
	"pitch" : 1.4864001302183862,
	"roll" : -1.344275024767974,
	"x" : 0.12295689443686543,
	"y" : -0.034043995320468652,
	"yaw" : 1.4800755179795198,
	"z" : -0.16901105320787696
}
