{
	"pitch" : 1.4561871457921713,
	"roll" : -1.4452089253769089,
	"x" : -0.014808047052819628,
	"y" : -0.29588300548532409,
	"yaw" : 1.3628268027981125,
	"z" : -0.15914598339030575
}
