{
	"pitch" : 1.4839722170236085,
	"roll" : -1.505540075301949,
	"x" : 0.06447004381987842,
	"y" : -0.055037395817501597,
	"yaw" : 1.3180254558717128,
	"z" : -0.16795583701698541
}
