{
	"pitch" : 1.4798707722908906,
	"roll" : -1.5316922808836726,
	"x" : 0.068398869991638439,
	"y" : -0.036914184059769511,
	"yaw" : 1.2795197104807687,
	"z" : -0.12563768975285033
}
