{
	"pitch" : 1.4935621114522153,
	"roll" : -1.3134322741287101,
	"x" : 0.12738161285192123,
	"y" : -0.0059658841756387443,
	"yaw" : 1.5071094465804638,
	"z" : -0.16846520440333371
}
