{
	"pitch" : 1.4725422795329166,
	"roll" : -1.4286438566752031,
	"x" : 0.10503246039780463,
	"y" : -0.1638268473373049,
	"yaw" : 1.3614514997620497,
	"z" : -0.1687846119269634
}
