{
	"pitch" : 1.4806733330533581,
	"roll" : -1.3784602164525337,
	"x" : 0.082777514728678753,
	"y" : -0.062889668565165036,
	"yaw" : 1.4495328776949818,
	"z" : -0.16845260692315436
}
