{
	"pitch" : 1.4944571948298675,
	"roll" : -1.5785703598932266,
	"x" : 0.091659912219191175,
	"y" : 0.031772925461424399,
	"yaw" : 1.2419945028681165,
	"z" : -0.1497493883185067
}
