{
	"pitch" : 1.4966855380669239,
	"roll" : -1.561749466733483,
	"x" : 0.092490639998731014,
	"y" : 0.035780459552702357,
	"yaw" : 1.2597566144926593,
	"z" : -0.16471311898773688
}
