{
	"pitch" : 1.4804482164700128,
	"roll" : -1.6033389461903436,
	"x" : 0.030473662573815868,
	"y" : 0.0077636147920847956,
	"yaw" : 1.2198883157931548,
	"z" : -0.17105752335705571
}
