{
	"pitch" : 1.478090298801539,
	"roll" : -1.4709901681409316,
	"x" : 0.083809582811885538,
	"y" : -0.062582761937712811,
	"yaw" : 1.3464698001382402,
	"z" : -0.16868365493895357
}
