{
	"pitch" : 1.4687739397126096,
	"roll" : -1.4175894451983952,
	"x" : 0.062836822188211627,
	"y" : -0.061323027804503737,
	"yaw" : 1.3984738762043234,
	"z" : -0.16913023359015897
}
