{
	"pitch" : 1.4781643946812115,
	"roll" : -1.5394308345393746,
	"x" : 0.045770863992197049,
	"y" : -0.11064345268077594,
	"yaw" : 1.2794100716867576,
	"z" : -0.16970165345300939
}
