{
	"pitch" : 1.4710132524690693,
	"roll" : -1.6635745853129791,
	"x" : 0.026703521335160324,
	"y" : -0.013986062124901586,
	"yaw" : 1.1523964419181918,
	"z" : -0.17149034084183282
}
