{
	"pitch" : 1.4576491471894129,
	"roll" : -1.4681734762540737,
	"x" : -0.037093605623175541,
	"y" : -0.27106509051508842,
	"yaw" : 1.3415082481280041,
	"z" : -0.17361218118893695
}
