{
	"pitch" : 1.4513811574335771,
	"roll" : -1.4065549385130161,
	"x" : 0.0049242292680113792,
	"y" : -0.23790006247480214,
	"yaw" : 1.3935026328495324,
	"z" : -0.1705174749097117
}
