{
	"pitch" : 1.468039370446435,
	"roll" : -1.4702706892581596,
	"x" : 0.055220206491701521,
	"y" : -0.14539468145834725,
	"yaw" : 1.3373900631663718,
	"z" : -0.16986156821222165
}
