{
	"pitch" : 1.4927128194583874,
	"roll" : -1.3864391767653004,
	"x" : 0.12788387762115738,
	"y" : -0.014461310009580512,
	"yaw" : 1.4379914418975701,
	"z" : -0.16915612801677685
}
