{
	"pitch" : 1.4851312112132256,
	"roll" : -1.5730744999484765,
	"x" : 0.091379977164243828,
	"y" : 0.028043505320433239,
	"yaw" : 1.2444877781328845,
	"z" : -0.19758160901772409
}
