{
	"pitch" : 1.47746597882991,
	"roll" : -1.5522114084286878,
	"x" : 0.074301618551113668,
	"y" : -0.019560986281280689,
	"yaw" : 1.258308891230473,
	"z" : -0.17014910638835265
}
