{
	"pitch" : 1.4817501956394616,
	"roll" : -1.5946064262792849,
	"x" : 0.026962071817110161,
	"y" : -0.00072489095124326532,
	"yaw" : 1.2265757360602525,
	"z" : -0.17063678634922705
}
