{
	"pitch" : 1.4770639929759448,
	"roll" : -1.5820489208149473,
	"x" : 0.027343713913603254,
	"y" : -0.023239027914997316,
	"yaw" : 1.2381933356760875,
	"z" : -0.17010819043749903
}
