{
	"pitch" : 1.4545132853003611,
	"roll" : -1.4264812903987534,
	"x" : 0.0032333511520055841,
	"y" : -0.29788567240371655,
	"yaw" : 1.3842934765797972,
	"z" : -0.17296420151596445
}
