{
	"pitch" : 1.4496701361995865,
	"roll" : -1.4630996348731256,
	"x" : -0.078163185225158777,
	"y" : -0.25840351075751039,
	"yaw" : 1.3384148360808223,
	"z" : -0.1742520278485182
}
