{
	"pitch" : 1.4854778634133694,
	"roll" : -1.5467630742994098,
	"x" : 0.053611171626337745,
	"y" : 0.034719182953111057,
	"yaw" : 1.2867435213616905,
	"z" : -0.17149632889210878
}
