{
	"pitch" : 1.4575926806504165,
	"roll" : -1.3425931281296979,
	"x" : 0.014438938493032995,
	"y" : -0.20888135200384517,
	"yaw" : 1.4695850898847669,
	"z" : -0.27102811639550839
}
