{
	"pitch" : 1.4714781013541838,
	"roll" : -1.5953678336293293,
	"x" : 0.034229653261199727,
	"y" : -0.039198149337500106,
	"yaw" : 1.2225480555485451,
	"z" : -0.1693547232521751
}
