{
	"pitch" : 1.4837239223279852,
	"roll" : -1.5675131128281079,
	"x" : 0.077311406110714909,
	"y" : -0.012259616787868802,
	"yaw" : 1.2507671443251511,
	"z" : -0.16955285390876493
}
