{
	"pitch" : 1.4955381088313526,
	"roll" : -1.4755700175779947,
	"x" : 0.066711917183839564,
	"y" : -0.041503074094500395,
	"yaw" : 1.3378587589145938,
	"z" : -0.18381564893399827
}
