{
	"pitch" : 1.4760333193469977,
	"roll" : -1.4681790842049312,
	"x" : 0.062464945666363708,
	"y" : -0.054950307719309095,
	"yaw" : 1.3439800177526513,
	"z" : -0.14543542485527228
}
