{
	"pitch" : 1.489420716306461,
	"roll" : -1.5666794576971248,
	"x" : 0.053643868775163563,
	"y" : 0.033742908784020989,
	"yaw" : 1.2643907861448971,
	"z" : -0.17126518520897213
}
