{
	"pitch" : 1.4790293986131995,
	"roll" : -1.4278417184190364,
	"x" : 0.10323879836983804,
	"y" : -0.055904215500989139,
	"yaw" : 1.3950782105386228,
	"z" : -0.16859287507566201
}
