{
	"pitch" : 1.4961425458443787,
	"roll" : -1.3374411047158881,
	"x" : 0.12134098726110275,
	"y" : 0.012599217952835612,
	"yaw" : 1.488132246007652,
	"z" : -0.16899837123026862
}
