{
	"pitch" : 1.4663832082668202,
	"roll" : -1.5079214372658094,
	"x" : 0.01080765137584129,
	"y" : -0.2149698052546789,
	"yaw" : 1.3057924811703641,
	"z" : -0.074431701383989995
}
