{
	"pitch" : 1.4695190212659235,
	"roll" : -1.4614312074513536,
	"x" : 0.057839567870450304,
	"y" : -0.059666921334486797,
	"yaw" : 1.3527955607096667,
	"z" : -0.16927507668635913
}
