{
	"pitch" : 1.4505468375245421,
	"roll" : -1.4833656151927024,
	"x" : -0.074365388853982806,
	"y" : -0.25978051962199006,
	"yaw" : 1.3214482863975281,
	"z" : -0.17450718690017455
}
