{
	"pitch" : 1.4732023757451564,
	"roll" : -1.5982908671604681,
	"x" : 0.042790310877384316,
	"y" : -0.048544820331442605,
	"yaw" : 1.2211078901503596,
	"z" : -0.16994135847826664
}
