{
	"pitch" : 1.4791348655355139,
	"roll" : -1.6197241826740638,
	"x" : 0.031855761224149605,
	"y" : 0.01229048462271568,
	"yaw" : 1.1980494551612886,
	"z" : -0.17027980546638727
}
