{
	"pitch" : 1.489186187313956,
	"roll" : -1.3678385166058664,
	"x" : 0.12611793037478519,
	"y" : -0.021701305812865536,
	"yaw" : 1.4564675015085196,
	"z" : -0.16886736202140643
}
