{
	"pitch" : 1.4844875946917258,
	"roll" : -1.5604372876019947,
	"x" : 0.091012879837097591,
	"y" : 0.0292495318794051,
	"yaw" : 1.256771511235363,
	"z" : -0.19596612768301705
}
