{
	"pitch" : 1.4558234202266662,
	"roll" : -1.4289316785961661,
	"x" : 0.013479843220890665,
	"y" : -0.20835862778613856,
	"yaw" : 1.3706775054827203,
	"z" : -0.17036312555311275
}
