{
	"pitch" : 1.4988252614231878,
	"roll" : -1.5093219930338675,
	"x" : 0.09148345118079762,
	"y" : 0.036971370624936481,
	"yaw" : 1.3174394377358993,
	"z" : -0.17047051148357351
}
