{
	"pitch" : 1.4778534969814185,
	"roll" : -1.5698933669820094,
	"x" : 0.076575099314743475,
	"y" : -0.011408932370096421,
	"yaw" : 1.2378138672011165,
	"z" : -0.16816011611355428
}
