{
	"pitch" : 1.4868784867620082,
	"roll" : -1.6450429062543157,
	"x" : 0.050303109807331436,
	"y" : 0.031469933095715358,
	"yaw" : 1.1797595263829537,
	"z" : -0.17114445666797257
}
