{
	"pitch" : 1.4689287498235242,
	"roll" : -1.4760453181963582,
	"x" : 0.064931038596932833,
	"y" : -0.050882523369746399,
	"yaw" : 1.3225282390772906,
	"z" : -0.16974540190880033
}
