{
	"pitch" : 1.4616023074545352,
	"roll" : -1.3051878195092073,
	"x" : 0.11165923420935735,
	"y" : -0.24052842052909224,
	"yaw" : 1.5058561585540278,
	"z" : -0.16787463461452978
}
