{
	"pitch" : 1.4977958662928206,
	"roll" : -1.5043699108459965,
	"x" : 0.07313513334176816,
	"y" : -0.02456950472071745,
	"yaw" : 1.3167788835938508,
	"z" : -0.17596691415447219
}
