{
	"pitch" : 1.4774947940109091,
	"roll" : -1.3972974813291754,
	"x" : 0.077138870685807784,
	"y" : -0.063574195083905355,
	"yaw" : 1.4217711493595908,
	"z" : -0.16832109366589426
}
