{
	"pitch" : 1.4940434868305474,
	"roll" : -1.5738018836841803,
	"x" : 0.089632758116038588,
	"y" : 0.026039858002921398,
	"yaw" : 1.2446292029605717,
	"z" : -0.13964261113088069
}
