{
	"pitch" : 1.4511170075403614,
	"roll" : -1.2839846333330966,
	"x" : 0.055501500630882189,
	"y" : -0.30069899957921775,
	"yaw" : 1.5238777090945212,
	"z" : -0.16978326534073993
}
