{
	"pitch" : 1.4700615998122699,
	"roll" : -1.5199493504900707,
	"x" : 0.067401684809854298,
	"y" : -0.042064508816479454,
	"yaw" : 1.2871598691254269,
	"z" : -0.20954039192827373
}
