{
	"pitch" : 1.4965562000645654,
	"roll" : -1.5694048842225292,
	"x" : 0.052390627844712802,
	"y" : -0.093628409278724983,
	"yaw" : 1.2344172573318346,
	"z" : -0.21010547000013019
}
