{
	"pitch" : 1.4748449181110559,
	"roll" : -1.4573545004707265,
	"x" : 0.06150901924748077,
	"y" : -0.05872177308500616,
	"yaw" : 1.3580776404117223,
	"z" : -0.15240256523732207
}
