{
	"pitch" : 1.470442983583649,
	"roll" : -1.5322232409691725,
	"x" : 0.066288626573701187,
	"y" : -0.050743722531859693,
	"yaw" : 1.2739576641022428,
	"z" : -0.20109497100234264
}
