{
	"pitch" : 1.4783329024838594,
	"roll" : -1.5134993532061232,
	"x" : 0.067680501660740272,
	"y" : -0.036025817976089433,
	"yaw" : 1.2971915743123255,
	"z" : -0.12498229321811576
}
