{
	"pitch" : 1.4795360948056486,
	"roll" : -1.4308227546917438,
	"x" : 0.086694907667571597,
	"y" : -0.061927430914541171,
	"yaw" : 1.3867435389901137,
	"z" : -0.16851892588891612
}
