{
	"pitch" : 1.4925451246586827,
	"roll" : -1.3383943094471522,
	"x" : 0.1275234947053388,
	"y" : -0.010916896694484996,
	"yaw" : 1.4850149203478396,
	"z" : -0.16844025597174028
}
