{
	"pitch" : 1.4885831145570299,
	"roll" : -1.5172473698128319,
	"x" : 0.075994910406206873,
	"y" : -0.012825843705228842,
	"yaw" : 1.2998970460134196,
	"z" : -0.16979723460272375
}
