{
	"pitch" : 1.461280535716694,
	"roll" : -1.3113534817260428,
	"x" : 0.014634701505371314,
	"y" : -0.20918459626053576,
	"yaw" : 1.4999670116413566,
	"z" : -0.27112172391889805
}
