{
	"pitch" : 1.4915259811687829,
	"roll" : -1.6174712078812501,
	"x" : 0.084639319694344059,
	"y" : 0.011820796350147654,
	"yaw" : 1.1982787168452642,
	"z" : -0.1264880477945326
}
