{
	"pitch" : 1.4708987606029333,
	"roll" : -1.4738479831828775,
	"x" : 0.065073057837931325,
	"y" : -0.049919681838522939,
	"yaw" : 1.3317997408469138,
	"z" : -0.20141258825927733
}
