{
	"pitch" : 1.4774640613713512,
	"roll" : -1.525478821650847,
	"x" : 0.066458068466660664,
	"y" : -0.04384823644340937,
	"yaw" : 1.2869106238810681,
	"z" : -0.13096581345681507
}
