{
	"pitch" : 1.4845412996311111,
	"roll" : -1.5585094501167285,
	"x" : 0.076806072378563059,
	"y" : -0.012827128690723496,
	"yaw" : 1.259119074032508,
	"z" : -0.16964730332081057
}
