{
	"pitch" : 1.4693993023980771,
	"roll" : -1.32459245349442,
	"x" : 0.086419772706939235,
	"y" : -0.22295895576151911,
	"yaw" : 1.4896780627657862,
	"z" : -0.16866834510742379
}
