{
	"pitch" : 1.4573856648047201,
	"roll" : -1.5672679767796871,
	"x" : -0.05782618163201457,
	"y" : -0.16526484770092725,
	"yaw" : 1.2420849517155133,
	"z" : -0.17283797824798794
}
