{
	"pitch" : 1.4571143518768228,
	"roll" : -1.3529538127117773,
	"x" : 0.01557862636539812,
	"y" : -0.20845726357412059,
	"yaw" : 1.4602955442675585,
	"z" : -0.27085236063024121
}
