{
	"pitch" : 1.4684888447482429,
	"roll" : -1.4922345968434949,
	"x" : 0.060841920523127688,
	"y" : -0.061293727654509453,
	"yaw" : 1.3166480674424685,
	"z" : -0.16937189298499428
}
