{
	"pitch" : 1.4597208612827315,
	"roll" : -1.4331380078631639,
	"x" : -0.011155585903517076,
	"y" : -0.28591581776516722,
	"yaw" : 1.3847348379160971,
	"z" : -0.14980918184268691
}
