{
	"pitch" : 1.4530841058870179,
	"roll" : -1.4255012885348588,
	"x" : 0.026773692003694873,
	"y" : -0.16869891921005428,
	"yaw" : 1.3739911224764525,
	"z" : -0.16920097964850409
}
