{
	"pitch" : 1.4842190887876452,
	"roll" : -1.3926046348991903,
	"x" : 0.1148841962375601,
	"y" : -0.045323168921993007,
	"yaw" : 1.4263907006851499,
	"z" : -0.16876322371955915
}
