{
	"pitch" : 1.4632044107995466,
	"roll" : -1.3211843278454569,
	"x" : 0.027717462728455822,
	"y" : -0.16382751833798653,
	"yaw" : 1.4923563373147792,
	"z" : -0.22417365844329404
}
