{
	"pitch" : 1.4764695123844556,
	"roll" : -1.5778708897223603,
	"x" : 0.040726706251203698,
	"y" : -0.12679268673876515,
	"yaw" : 1.2397975368258154,
	"z" : -0.15458618502607227
}
