{
	"pitch" : 1.4649399787704473,
	"roll" : -1.3716623383470172,
	"x" : 0.03024743390099538,
	"y" : -0.15460922511729969,
	"yaw" : 1.4457851097230408,
	"z" : -0.21400192644941085
}
