{
	"pitch" : 1.4970069499036338,
	"roll" : -1.4940198850807074,
	"x" : 0.10281271583397328,
	"y" : 0.032846417805503431,
	"yaw" : 1.337457614126516,
	"z" : -0.17060921351305774
}
