{
	"pitch" : 1.4742970512795013,
	"roll" : -1.5280555760686141,
	"x" : 0.044337346481675005,
	"y" : -0.11106225431640385,
	"yaw" : 1.2860497015038566,
	"z" : -0.16943326341133849
}
