{
	"pitch" : 1.4754131009488765,
	"roll" : -1.4994024394017524,
	"x" : 0.060617980561649916,
	"y" : -0.061030016994338854,
	"yaw" : 1.3132479611710606,
	"z" : -0.16062462358522142
}
