{
	"pitch" : 1.4703369101387531,
	"roll" : -1.6373822852772184,
	"x" : 0.030037552130920797,
	"y" : -0.029784542591853654,
	"yaw" : 1.1788963761394635,
	"z" : -0.16974093020511788
}
