{
	"pitch" : 1.4713080285878981,
	"roll" : -1.4977061599525312,
	"x" : 0.043356767939371946,
	"y" : -0.11544732410476016,
	"yaw" : 1.3140385109206725,
	"z" : -0.17336630404854705
}
