{
	"pitch" : 1.4861850655816666,
	"roll" : -1.5826181639954835,
	"x" : 0.033645072737850515,
	"y" : 0.015248247665114286,
	"yaw" : 1.2392819401027144,
	"z" : -0.17058512871643094
}
