{
	"pitch" : 1.469277066763474,
	"roll" : -1.4368508966074103,
	"x" : 0.065299589046926676,
	"y" : -0.062054489853916636,
	"yaw" : 1.3789726037819845,
	"z" : -0.16898096716568406
}
