{
	"pitch" : 1.4664367203284889,
	"roll" : -1.324911798832439,
	"x" : 0.016347299522191536,
	"y" : -0.20734357680923901,
	"yaw" : 1.4889657310271582,
	"z" : -0.2696491381133716
}
