{
	"pitch" : 1.4684185986448672,
	"roll" : -1.5238226490627682,
	"x" : 0.066521124290014652,
	"y" : -0.046704393406705846,
	"yaw" : 1.2817461188702797,
	"z" : -0.20481693436313034
}
