{
	"pitch" : 1.4634666619554912,
	"roll" : -1.330619266610958,
	"x" : 0.027444439871637361,
	"y" : -0.16550079109465204,
	"yaw" : 1.4849424192809324,
	"z" : -0.22590784389909083
}
