{
	"pitch" : 1.4660523217721122,
	"roll" : -1.5808413020375049,
	"x" : 0.0082810578550649161,
	"y" : -0.13095003131004163,
	"yaw" : 1.2289618897996708,
	"z" : -0.17156170583275282
}
