{
	"pitch" : 1.4877696780724274,
	"roll" : -1.6081299191792675,
	"x" : 0.051289398152756273,
	"y" : 0.031629248560655902,
	"yaw" : 1.2225915855109348,
	"z" : -0.17154320168806758
}
