{
	"pitch" : 1.4948293295415829,
	"roll" : -1.5805712598897077,
	"x" : 0.092550353169995186,
	"y" : 0.035396799606754868,
	"yaw" : 1.2403171395177732,
	"z" : -0.16156563784595895
}
