{
	"pitch" : 1.4438941183410776,
	"roll" : -1.3701408115812244,
	"x" : -0.013638085600174807,
	"y" : -0.29379059056739354,
	"yaw" : 1.4333395337270269,
	"z" : -0.17286294018298798
}
