{
	"pitch" : 1.478631591931387,
	"roll" : -1.5288849837482819,
	"x" : 0.078122319479279945,
	"y" : -0.012867396031988158,
	"yaw" : 1.2810759200773314,
	"z" : -0.22063756009766311
}
