{
	"pitch" : 1.4927847838814294,
	"roll" : -1.337958977756982,
	"x" : 0.12890227330988763,
	"y" : -0.0070952132913318575,
	"yaw" : 1.4840649792903764,
	"z" : -0.16875965573241897
}
