{
	"pitch" : 1.4907233671174864,
	"roll" : -1.5341311096476842,
	"x" : 0.092060401450255902,
	"y" : 0.03362114069933126,
	"yaw" : 1.2849697503599693,
	"z" : -0.18758959596209643
}
