{
	"pitch" : 1.4629226229996222,
	"roll" : -1.3388241006838373,
	"x" : 0.028310737090197907,
	"y" : -0.16093908369187548,
	"yaw" : 1.4737389513779091,
	"z" : -0.22144067956679195
}
