{
	"pitch" : 1.4843534798039051,
	"roll" : -1.5749401194929635,
	"x" : 0.084345367835324966,
	"y" : 0.0051115168145621694,
	"yaw" : 1.2412293455823387,
	"z" : -0.21716497124915779
}
