{
	"pitch" : 1.5466967445681941,
	"roll" : -0.9132975955075241,
	"x" : 0.099911908284991663,
	"y" : -0.17753952110713181,
	"yaw" : 1.8536579415905587,
	"z" : -0.16677843371120757
}
