{
	"pitch" : 1.4814715992905647,
	"roll" : -1.486211753121881,
	"x" : 0.077853211606385017,
	"y" : -0.010455786746598437,
	"yaw" : 1.324711898436878,
	"z" : -0.16933887937474548
}
