{
	"pitch" : 1.4919441312227841,
	"roll" : -1.477693733619815,
	"x" : 0.075600102443769773,
	"y" : -0.012409102303872188,
	"yaw" : 1.3422996226751216,
	"z" : -0.1691767525463195
}
