{
	"pitch" : 1.4561178851838512,
	"roll" : -1.42614777865849,
	"x" : 0.013470624661769348,
	"y" : -0.20853043369255669,
	"yaw" : 1.3732739418825095,
	"z" : -0.17052174920316807
}
