{
	"pitch" : 1.4644811752596962,
	"roll" : -1.5510003489594932,
	"x" : 0.019474883101379292,
	"y" : -0.19016322426094154,
	"yaw" : 1.2593870230196551,
	"z" : -0.092185569447762045
}
