{
	"pitch" : 1.4582924855264419,
	"roll" : -1.6047583506563159,
	"x" : -0.040206290851085277,
	"y" : -0.15535984915076986,
	"yaw" : 1.2012276009910865,
	"z" : -0.17268850810998312
}
