{
	"pitch" : 1.4953527779150477,
	"roll" : -1.5824454008914035,
	"x" : 0.092239132362475967,
	"y" : 0.033428870942400483,
	"yaw" : 1.2372118286577078,
	"z" : -0.15328121927060903
}
