{
	"pitch" : 1.4693122860565841,
	"roll" : -1.4609448356001753,
	"x" : 0.057816213238999964,
	"y" : -0.059589408624381612,
	"yaw" : 1.3533745519912654,
	"z" : -0.16937362797388494
}
