{
	"pitch" : 1.4908224448595928,
	"roll" : -1.3787566894373828,
	"x" : 0.12756727081834179,
	"y" : -0.01285113515489472,
	"yaw" : 1.445960911939963,
	"z" : -0.16870329470027298
}
