{
	"pitch" : 1.471651172106007,
	"roll" : -1.4642217810195164,
	"x" : 0.069798512817037223,
	"y" : -0.062431730705390716,
	"yaw" : 1.3450478973195301,
	"z" : -0.16879211737809327
}
