{
	"pitch" : 1.4931236491463502,
	"roll" : -1.4730213773269816,
	"x" : 0.07509424374754424,
	"y" : -0.01784288189283529,
	"yaw" : 1.3413794661411671,
	"z" : -0.16889819876106527
}
