{
	"pitch" : 1.4629797647304801,
	"roll" : -1.5044520229038216,
	"x" : 0.066078603170588959,
	"y" : -0.043960099871868177,
	"yaw" : 1.2991494329458402,
	"z" : -0.16976757154745931
}
