{
	"pitch" : 1.4664634085445021,
	"roll" : -1.4467787044910325,
	"x" : -0.0047343607828269213,
	"y" : -0.089557872812951161,
	"yaw" : 1.3756417992574284,
	"z" : -0.17213552623096845
}
