{
	"pitch" : 1.4655730633525175,
	"roll" : -1.5668578014640246,
	"x" : 0.0708463061689939,
	"y" : -0.031223967191546784,
	"yaw" : 1.2403592216705064,
	"z" : -0.17086134587241275
}
