{
	"pitch" : 1.4969965584017559,
	"roll" : -1.4944463265527093,
	"x" : 0.10265336874909364,
	"y" : 0.032873020446402369,
	"yaw" : 1.3369789565011707,
	"z" : -0.17060949863086111
}
