{
	"pitch" : 1.4801964806226882,
	"roll" : -1.4320684427711707,
	"x" : 0.086491403430786304,
	"y" : -0.061648580330958193,
	"yaw" : 1.384815381114729,
	"z" : -0.16849576730702953
}
