{
	"pitch" : 1.4571085207679804,
	"roll" : -1.3837912599481657,
	"x" : 0.018655198365813946,
	"y" : -0.1959385719399773,
	"yaw" : 1.4302802029192998,
	"z" : -0.25900606582785102
}
