{
	"pitch" : 1.4853027623790169,
	"roll" : -1.3433917690558987,
	"x" : 0.12221973234608111,
	"y" : -0.034568136741235683,
	"yaw" : 1.4799163706815701,
	"z" : -0.1689093781682062
}
