{
	"pitch" : 1.4941561358285904,
	"roll" : -1.5201305897145949,
	"x" : 0.076289975362267101,
	"y" : -0.013499175694434408,
	"yaw" : 1.298028394536328,
	"z" : -0.1701270606048087
}
