{
	"pitch" : 1.4549705188406297,
	"roll" : -1.4503677545756657,
	"x" : 0.01375797643002738,
	"y" : -0.2091082801586521,
	"yaw" : 1.3521800146188407,
	"z" : -0.1703966505033877
}
