{
	"pitch" : 1.4881264199077546,
	"roll" : -1.3183666762217827,
	"x" : 0.12450776245605974,
	"y" : -0.023903833989585455,
	"yaw" : 1.5052114734969817,
	"z" : -0.16837298339421738
}
