{
	"pitch" : 1.4575347175676074,
	"roll" : -1.3404386760030857,
	"x" : 0.01449786099914227,
	"y" : -0.20892338694891524,
	"yaw" : 1.471928959850632,
	"z" : -0.27101271097649005
}
