{
	"pitch" : 1.4745566665246816,
	"roll" : -1.5137569945844829,
	"x" : -0.005036117511803162,
	"y" : -0.097579514799987221,
	"yaw" : 1.3042951261447471,
	"z" : -0.17041020315990535
}
