{
	"pitch" : 1.4547564706347311,
	"roll" : -1.5759542085468485,
	"x" : -0.059262712543951587,
	"y" : -0.16637720938581954,
	"yaw" : 1.2351460711483044,
	"z" : -0.17320270770124654
}
