{
	"pitch" : 1.4657179149811466,
	"roll" : -1.2977964334988625,
	"x" : 0.10038505985140089,
	"y" : -0.24748850191116958,
	"yaw" : 1.5096606421741778,
	"z" : -0.16828926033077449
}
