{
	"pitch" : 1.4488047544261218,
	"roll" : -1.3485917997357406,
	"x" : -0.013572846595763952,
	"y" : -0.29328346943971223,
	"yaw" : 1.451551397035757,
	"z" : -0.17190967442458863
}
