{
	"pitch" : 1.4940221971524221,
	"roll" : -1.3660299364922508,
	"x" : 0.12871820887516605,
	"y" : -0.0053863984471415102,
	"yaw" : 1.4572228931576929,
	"z" : -0.16868842968029329
}
