{
	"pitch" : 1.4562343361155297,
	"roll" : -1.4371745173207842,
	"x" : 0.01348862944823042,
	"y" : -0.208586783034276,
	"yaw" : 1.3624193346131699,
	"z" : -0.17047908255442792
}
