{
	"pitch" : 1.4918555318693119,
	"roll" : -1.5154879135024979,
	"x" : 0.07398743370586737,
	"y" : -0.015104671470019801,
	"yaw" : 1.3030206810790119,
	"z" : -0.17040980594328389
}
