{
	"pitch" : 1.4846345327470096,
	"roll" : -1.6406014964189048,
	"x" : 0.039914184712853754,
	"y" : 0.022695338782093656,
	"yaw" : 1.1835600841184872,
	"z" : -0.17137379591136023
}
