{
	"pitch" : 1.4919093270982364,
	"roll" : -1.5533430437246771,
	"x" : 0.076757305083038574,
	"y" : -0.013158711179298866,
	"yaw" : 1.2642063816039755,
	"z" : -0.17029683578334293
}
