{
	"pitch" : 1.4931615273575982,
	"roll" : -1.3705401708672438,
	"x" : 0.12808036976089357,
	"y" : -0.0051326247454036369,
	"yaw" : 1.4528688489233113,
	"z" : -0.1685664237021719
}
