{
	"pitch" : 1.4955794158526945,
	"roll" : -1.5809150625343573,
	"x" : 0.09191150072641921,
	"y" : 0.033435235664287188,
	"yaw" : 1.2388077281943617,
	"z" : -0.15298284511949981
}
