{
	"pitch" : 1.4797729942481379,
	"roll" : -1.5934997709041663,
	"x" : 0.059825771859158668,
	"y" : -0.13961490464814946,
	"yaw" : 1.2120172432109513,
	"z" : -0.17012639361452259
}
