{
	"pitch" : 1.4801471119602556,
	"roll" : -1.5539315192195844,
	"x" : 0.077640594684003084,
	"y" : -0.015819315284417219,
	"yaw" : 1.2569690900437407,
	"z" : -0.22067220548529498
}
