{
	"pitch" : 1.4898764303418082,
	"roll" : -1.3107212280429885,
	"x" : 0.12541112022138715,
	"y" : -0.022876445936248303,
	"yaw" : 1.5124731366106883,
	"z" : -0.16878110151123998
}
