{
	"pitch" : 1.4679267026213665,
	"roll" : -1.3979543742395459,
	"x" : 0.034977159130107585,
	"y" : -0.14167236475049527,
	"yaw" : 1.4170864706574235,
	"z" : -0.20226824913922375
}
