{
	"pitch" : 1.4746974248135796,
	"roll" : -1.5591099113508127,
	"x" : 0.069979097230550305,
	"y" : -0.039195193577554459,
	"yaw" : 1.2496961340078807,
	"z" : -0.21174505816347489
}
