{
	"pitch" : 1.4890821934492426,
	"roll" : -1.6096428285538422,
	"x" : 0.083363420053494133,
	"y" : 0.0075955752905311723,
	"yaw" : 1.2060814497742296,
	"z" : -0.12477626188360107
}
