{
	"pitch" : 1.4747024212700295,
	"roll" : -1.5547922619808765,
	"x" : 0.064980122844687974,
	"y" : -0.050075053926346064,
	"yaw" : 1.2575530021646486,
	"z" : -0.13708243581913529
}
