{
	"pitch" : 1.4718910439269046,
	"roll" : -1.3313448960501608,
	"x" : 0.019010684840064809,
	"y" : -0.19681559540168514,
	"yaw" : 1.4833836750916947,
	"z" : -0.26319645933227609
}
