{
	"pitch" : 1.480298919533781,
	"roll" : -1.5390878492339828,
	"x" : 0.075784219275125048,
	"y" : -0.015763294894992473,
	"yaw" : 1.2771641614123626,
	"z" : -0.1698071401887925
}
