{
	"pitch" : 1.4508934111658358,
	"roll" : -1.382512360758948,
	"x" : -0.0036034245156184169,
	"y" : -0.26485667220153836,
	"yaw" : 1.4194727516699082,
	"z" : -0.17252130720786871
}
