{
	"pitch" : 1.4547320939520576,
	"roll" : -1.4667518601990603,
	"x" : 0.0071965858247550057,
	"y" : -0.21190486399692329,
	"yaw" : 1.332774777055509,
	"z" : -0.1709091168755979
}
