{
	"pitch" : 1.4945004201076642,
	"roll" : -1.5545661062292335,
	"x" : 0.093255621979805178,
	"y" : 0.03566230557223897,
	"yaw" : 1.266579891798548,
	"z" : -0.17598370374542113
}
