{
	"pitch" : 1.4975332973806315,
	"roll" : -1.4526482225857127,
	"x" : 0.11636548713774983,
	"y" : 0.020705149440132187,
	"yaw" : 1.3768537594527963,
	"z" : -0.17005157279329183
}
