{
	"pitch" : 1.4782750946564052,
	"roll" : -1.4950763256662638,
	"x" : 0.044682739874554643,
	"y" : -0.11229665721567933,
	"yaw" : 1.3218790465345589,
	"z" : -0.16938481623144996
}
