{
	"pitch" : 1.4825459994845307,
	"roll" : -1.4338447399454761,
	"x" : 0.034881617392594731,
	"y" : -0.14467880946608716,
	"yaw" : 1.3754174395126242,
	"z" : -0.2368639141844272
}
