{
	"pitch" : 1.475979486488088,
	"roll" : -1.3698964817950083,
	"x" : 0.022490352227457107,
	"y" : -0.18623139249118278,
	"yaw" : 1.4404362508150188,
	"z" : -0.25828069411952637
}
