{
	"pitch" : 1.4754559159192118,
	"roll" : -1.5461696107920764,
	"x" : 0.039549544870757639,
	"y" : -0.13107301563117302,
	"yaw" : 1.2678931188832858,
	"z" : -0.15049111327217285
}
