{
	"pitch" : 1.4794623770874114,
	"roll" : -1.6628948166241664,
	"x" : 0.027572761654668557,
	"y" : -0.010490212164261846,
	"yaw" : 1.1573087131449176,
	"z" : -0.17095076802013673
}
