{
	"pitch" : 1.483807311700811,
	"roll" : -1.546425667558011,
	"x" : 0.076683522948250496,
	"y" : -0.013187059311851651,
	"yaw" : 1.2711785603684993,
	"z" : -0.16973776878707172
}
