{
	"pitch" : 1.4845035567468743,
	"roll" : -1.6989609890202026,
	"x" : 0.037050710051380095,
	"y" : 0.018985373343848921,
	"yaw" : 1.1208923324082387,
	"z" : -0.17134509249016885
}
