{
	"pitch" : 1.4721360850693985,
	"roll" : -1.5423552473370417,
	"x" : 0.076697661438877685,
	"y" : -0.012761158707636515,
	"yaw" : 1.2675138303141884,
	"z" : -0.1697909815986719
}
