{
	"pitch" : 1.4939604152516097,
	"roll" : -1.5707715872868064,
	"x" : 0.093001387059362992,
	"y" : 0.03531911688494789,
	"yaw" : 1.2514936493887387,
	"z" : -0.17925945036514326
}
