{
	"pitch" : 1.4497424608453713,
	"roll" : -1.4845526376370841,
	"x" : -0.077634791153608523,
	"y" : -0.25862387921403179,
	"yaw" : 1.3176933116225977,
	"z" : -0.17453128501723725
}
