{
	"pitch" : 1.4696968215149686,
	"roll" : -1.6210166299287254,
	"x" : 0.035236626792936515,
	"y" : -0.039081514077244105,
	"yaw" : 1.1969559293105578,
	"z" : -0.17004549622312476
}
