{
	"pitch" : 1.472039980584569,
	"roll" : -1.5183186523294789,
	"x" : -0.060906840375109586,
	"y" : -0.1559806364228743,
	"yaw" : 1.3032062600513064,
	"z" : -0.17312718218167017
}
