{
	"pitch" : 1.4478009784037691,
	"roll" : -1.35922267113682,
	"x" : -0.012547635227253162,
	"y" : -0.29036387408521558,
	"yaw" : 1.4433971334943616,
	"z" : -0.17197310160505505
}
