{
	"pitch" : 1.4864180186539426,
	"roll" : -1.3894725687069567,
	"x" : 0.1169480959454651,
	"y" : -0.043024500945558458,
	"yaw" : 1.4281691045462837,
	"z" : -0.16847904273822326
}
