{
	"pitch" : 1.4987325666533957,
	"roll" : -1.4593883141427371,
	"x" : 0.11358258010666969,
	"y" : 0.023154374963541627,
	"yaw" : 1.3673987212603715,
	"z" : -0.16994591790249944
}
