{
	"pitch" : 1.4830288678616852,
	"roll" : -1.5928896466235245,
	"x" : 0.070851099342831125,
	"y" : -0.029318634458560724,
	"yaw" : 1.219686756872246,
	"z" : -0.12251414925664705
}
