{
	"pitch" : 1.4828374586707966,
	"roll" : -1.6937620653552652,
	"x" : 0.036995618663626953,
	"y" : 0.017616823111483958,
	"yaw" : 1.1253720938302183,
	"z" : -0.17146941791054868
}
