{
	"pitch" : 1.4857420747280481,
	"roll" : -1.5286183024551321,
	"x" : 0.074640660600273509,
	"y" : -0.015402716681804401,
	"yaw" : 1.286011563241017,
	"z" : -0.11906961520614873
}
