{
	"pitch" : 1.495960396333968,
	"roll" : -1.5622100593340322,
	"x" : 0.092616805925747336,
	"y" : 0.035774903213508034,
	"yaw" : 1.2593726885989962,
	"z" : -0.16414696308246282
}
