{
	"pitch" : 1.4888212024919658,
	"roll" : -1.3541550176597341,
	"x" : 0.12409417553015181,
	"y" : -0.026396372126635731,
	"yaw" : 1.4671238484208911,
	"z" : -0.16844822745020574
}
