{
	"pitch" : 1.466907624792539,
	"roll" : -1.5234738206871337,
	"x" : 0.064523393720574918,
	"y" : -0.054745573853866192,
	"yaw" : 1.2833971519725211,
	"z" : -0.19297869069093823
}
