{
	"pitch" : 1.4830951915077053,
	"roll" : -1.4410214059379276,
	"x" : 0.10587150258020095,
	"y" : -0.054320836450995127,
	"yaw" : 1.3788178874094947,
	"z" : -0.16847575116614361
}
