{
	"pitch" : 1.4803842093330069,
	"roll" : -1.4315949650955699,
	"x" : 0.10389608436300225,
	"y" : -0.055294752393927393,
	"yaw" : 1.391383887241789,
	"z" : -0.16852731976519739
}
