{
	"pitch" : 1.4814501721639586,
	"roll" : -1.5584213589208025,
	"x" : 0.079332807784131529,
	"y" : -0.0096050423511236088,
	"yaw" : 1.2548262651834683,
	"z" : -0.22014102766038027
}
