{
	"pitch" : 1.4847751889884535,
	"roll" : -1.5860654643921894,
	"x" : 0.033859357022513914,
	"y" : 0.016219019107187253,
	"yaw" : 1.2349974426264037,
	"z" : -0.17063902209761556
}
