{
	"pitch" : 1.493980579009399,
	"roll" : -1.6144212579455384,
	"x" : 0.075253612180304769,
	"y" : 0.039625072124161567,
	"yaw" : 1.2144705179590289,
	"z" : -0.17095686458224529
}
