{
	"pitch" : 1.4790378214795272,
	"roll" : -1.6199205652210842,
	"x" : 0.031887875238133724,
	"y" : 0.011875605059242903,
	"yaw" : 1.198175676355109,
	"z" : -0.170459893078103
}
