{
	"pitch" : 1.4698348007413276,
	"roll" : -1.5535322648559231,
	"x" : 0.062888314856029442,
	"y" : -0.060503410406268776,
	"yaw" : 1.2615944953132103,
	"z" : -0.16980485150219396
}
