{
	"pitch" : 1.4776826497100752,
	"roll" : -1.4738304763844772,
	"x" : 0.079461518266681408,
	"y" : -0.062914987554251525,
	"yaw" : 1.3397646668143386,
	"z" : -0.16865155043652452
}
