{
	"pitch" : 1.4778600613302675,
	"roll" : -1.5011699267337424,
	"x" : 0.04450673420532282,
	"y" : -0.11230390207457087,
	"yaw" : 1.3152601056549598,
	"z" : -0.16945318885921543
}
