{
	"pitch" : 1.4526321192264342,
	"roll" : -1.4724560010195371,
	"x" : 0.030860506887200607,
	"y" : -0.15649875881749381,
	"yaw" : 1.3289928133245987,
	"z" : -0.16984738203177038
}
