{
	"pitch" : 1.4723660408269079,
	"roll" : -1.4843126526721513,
	"x" : 0.060737486308816681,
	"y" : -0.061966252970566835,
	"yaw" : 1.32772218708995,
	"z" : -0.16774957153787887
}
