{
	"pitch" : 1.4831776992888133,
	"roll" : -1.6074302195571084,
	"x" : 0.090819808730210977,
	"y" : 0.024639753300328734,
	"yaw" : 1.2107408659192991,
	"z" : -0.20310027314305784
}
