{
	"pitch" : 1.4750378988373758,
	"roll" : -1.5653497428146033,
	"x" : 0.06573432463215928,
	"y" : -0.050733635309364998,
	"yaw" : 1.2475464227994604,
	"z" : -0.13869508198111818
}
