{
	"pitch" : 1.4694747043180829,
	"roll" : -1.5072245824153985,
	"x" : 0.065882998808899251,
	"y" : -0.047650040007033809,
	"yaw" : 1.29751459440886,
	"z" : -0.20381777904043497
}
