{
	"pitch" : 1.4774859214464906,
	"roll" : -1.5267470777058312,
	"x" : 0.066489328817820617,
	"y" : -0.043872959093448079,
	"yaw" : 1.285599283718621,
	"z" : -0.13098444450676927
}
