{
	"pitch" : 1.4889560694282367,
	"roll" : -1.5821276133022486,
	"x" : 0.08793522496038246,
	"y" : 0.01969373308227286,
	"yaw" : 1.2353076242863568,
	"z" : -0.20794952746849305
}
