{
	"pitch" : 1.4785481466339678,
	"roll" : -1.6493646710063183,
	"x" : 0.026419108337638365,
	"y" : -0.007292693783349298,
	"yaw" : 1.169180420610531,
	"z" : -0.17108341611633962
}
