{
	"pitch" : 1.4491702354236584,
	"roll" : -1.2826992398966377,
	"x" : 0.054419572173497612,
	"y" : -0.30061171238063517,
	"yaw" : 1.5260967098313893,
	"z" : -0.1700573489212221
}
