{
	"pitch" : 1.4812298145041758,
	"roll" : -1.5380469131962429,
	"x" : 0.076187724062849557,
	"y" : -0.015105464819263732,
	"yaw" : 1.278914515737875,
	"z" : -0.16985690870818088
}
