{
	"pitch" : 1.4936661740326316,
	"roll" : -1.6041702011045174,
	"x" : 0.087257005542762958,
	"y" : 0.019176170628209647,
	"yaw" : 1.2128594047034427,
	"z" : -0.13159661304281889
}
