{
	"pitch" : 1.4940983589885706,
	"roll" : -1.4866896518228849,
	"x" : 0.088880262829944781,
	"y" : 0.038479404911856654,
	"yaw" : 1.3501447085481035,
	"z" : -0.17100503886046822
}
