{
	"pitch" : 1.4816969855819031,
	"roll" : -1.3983616699761561,
	"x" : 0.10542369642884046,
	"y" : -0.053920553504091417,
	"yaw" : 1.4240180855638478,
	"z" : -0.16837979254271224
}
