{
	"pitch" : 1.4669366885336674,
	"roll" : -1.3260158186912179,
	"x" : 0.016430283383861773,
	"y" : -0.20695549073350147,
	"yaw" : 1.488003674826039,
	"z" : -0.26942090971387139
}
