{
	"pitch" : 1.4841969600254183,
	"roll" : -1.5629767101311396,
	"x" : 0.071576697901803307,
	"y" : -0.027060911493108138,
	"yaw" : 1.2506574736834783,
	"z" : -0.12155420832510028
}
