{
	"pitch" : 1.4686735039127945,
	"roll" : -1.466230747056559,
	"x" : 0.068028865882859252,
	"y" : -0.15002761381432589,
	"yaw" : 1.340006406719483,
	"z" : -0.16937457781718826
}
