{
	"pitch" : 1.4695535402154212,
	"roll" : -1.623981475075394,
	"x" : 0.030222059406244159,
	"y" : -0.028552335660568872,
	"yaw" : 1.1919383855680838,
	"z" : -0.17015302242955138
}
