{
	"pitch" : 1.4703382134885425,
	"roll" : -1.5187154041597208,
	"x" : 0.054139957548741582,
	"y" : -0.056473801424798999,
	"yaw" : 1.2976307612389717,
	"z" : -0.1692450898603956
}
