{
	"pitch" : 1.4995539135542886,
	"roll" : -1.392908046447112,
	"x" : 0.1190135233892943,
	"y" : 0.01599678322633391,
	"yaw" : 1.4313936498738946,
	"z" : -0.16960508405302496
}
