{
	"pitch" : 1.4882622308608879,
	"roll" : -1.5502818240726086,
	"x" : 0.078904703236984633,
	"y" : -0.004904984429272544,
	"yaw" : 1.2630740112241798,
	"z" : -0.11893825153824192
}
