{
	"pitch" : 1.4592532600765742,
	"roll" : -1.3401500677075748,
	"x" : 0.076081559770066226,
	"y" : -0.24851339238585912,
	"yaw" : 1.4649933357134228,
	"z" : -0.16898585862635543
}
