{
	"pitch" : 1.4931906629041909,
	"roll" : -1.4595685040007091,
	"x" : 0.076494858703787832,
	"y" : -0.011828514533148531,
	"yaw" : 1.35029970456506,
	"z" : -0.16882434890791387
}
