{
	"pitch" : 1.4778934925912994,
	"roll" : -1.5081198600242278,
	"x" : 0.066058780983725016,
	"y" : -0.043879285314174801,
	"yaw" : 1.3037243027438847,
	"z" : -0.13096875927191998
}
