{
	"pitch" : 1.4701027491505654,
	"roll" : -1.6337539746342156,
	"x" : 0.030049807114448435,
	"y" : -0.02936941217793259,
	"yaw" : 1.1821170413787281,
	"z" : -0.16996813198311711
}
