{
	"pitch" : 1.4790481456392184,
	"roll" : -1.3866268855346191,
	"x" : 0.082812387222564995,
	"y" : -0.062915480188126593,
	"yaw" : 1.4400825540641347,
	"z" : -0.16848904571290757
}
