{
	"pitch" : 1.4839216582607546,
	"roll" : -1.53431434084834,
	"x" : 0.071870792897754998,
	"y" : -0.026299124304999533,
	"yaw" : 1.2793611221116037,
	"z" : -0.12120147861151224
}
