{
	"pitch" : 1.4887303695311711,
	"roll" : -1.367277669202513,
	"x" : 0.12413501804976951,
	"y" : -0.027339800667832224,
	"yaw" : 1.4540441123485599,
	"z" : -0.16863216430578898
}
