{
	"pitch" : 1.470236151002116,
	"roll" : -1.5122504691468146,
	"x" : 0.076333676253510785,
	"y" : -0.012026326561682081,
	"yaw" : 1.2919515241296109,
	"z" : -0.17016594395096143
}
