{
	"pitch" : 1.4718810019668216,
	"roll" : -1.52063898299831,
	"x" : 0.075695669011141498,
	"y" : -0.012544091863247234,
	"yaw" : 1.2835480384032805,
	"z" : -0.16988496738639206
}
