{
	"pitch" : 1.5362936456659964,
	"roll" : 1.3230602669067237,
	"x" : 0.094031663721912448,
	"y" : -0.19341455043816597,
	"yaw" : -2.2190616245740173,
	"z" : -0.1672750517055166
}
