{
	"pitch" : 1.4959524256089931,
	"roll" : -1.5519202042528846,
	"x" : 0.069613061943120919,
	"y" : 0.039001015924794449,
	"yaw" : 1.28097774576693,
	"z" : -0.17109165574654317
}
