{
	"pitch" : 1.4863736062593262,
	"roll" : -1.3897288500936218,
	"x" : 0.11691131142830817,
	"y" : -0.043125121259640672,
	"yaw" : 1.4279327631734859,
	"z" : -0.16844174848102753
}
