{
	"pitch" : 1.4727428884313578,
	"roll" : -1.54957024834221,
	"x" : 0.036718311210664496,
	"y" : -0.042638272696009061,
	"yaw" : 1.267433422685659,
	"z" : -0.16964256471726946
}
