{
	"pitch" : 1.4868172621602014,
	"roll" : -1.4777037390823289,
	"x" : 0.02178932908988572,
	"y" : -0.070436122292340975,
	"yaw" : 1.3511247688761048,
	"z" : -0.16912574695480767
}
