{
	"pitch" : 1.4829521403015296,
	"roll" : -1.3641302092469838,
	"x" : 0.11429256422032749,
	"y" : -0.045980356371199627,
	"yaw" : 1.4583564061462908,
	"z" : -0.16816093390435702
}
