{
	"pitch" : 1.4817742442184083,
	"roll" : -1.6079096822367538,
	"x" : 0.051647945454840562,
	"y" : 0.032733323073816253,
	"yaw" : 1.2176472052034442,
	"z" : -0.17167560643649069
}
