{
	"pitch" : 1.4921211102940146,
	"roll" : -1.3769130781993753,
	"x" : 0.12701047911751456,
	"y" : -0.018707564858863532,
	"yaw" : 1.4444451473210327,
	"z" : -0.16858678136225907
}
