{
	"pitch" : 1.4543978069247947,
	"roll" : -1.4410981299491878,
	"x" : -0.016515284653257897,
	"y" : -0.30653761571920857,
	"yaw" : 1.3632037421319998,
	"z" : -0.17007979819239202
}
