{
	"pitch" : 1.4710236903595173,
	"roll" : -1.5071570516199442,
	"x" : 0.065506264873601242,
	"y" : -0.049604828976317586,
	"yaw" : 1.2984782366179179,
	"z" : -0.16929860437597274
}
