{
	"pitch" : 1.4915816474707602,
	"roll" : -1.4657180518088464,
	"x" : 0.073805101451150712,
	"y" : -0.021116685337373396,
	"yaw" : 1.3479747638150132,
	"z" : -0.16886253110883093
}
