{
	"pitch" : 1.4740645520816971,
	"roll" : -1.5309033458907944,
	"x" : 0.044072974678786014,
	"y" : -0.1109753926988612,
	"yaw" : 1.2828804449879903,
	"z" : -0.16947085316154842
}
