{
	"pitch" : 1.4842263878941944,
	"roll" : -1.5610288580380152,
	"x" : 0.07689393615695761,
	"y" : -0.012707016154991351,
	"yaw" : 1.2567942986492753,
	"z" : -0.16963392092261792
}
