{
	"pitch" : 1.481173843246463,
	"roll" : -1.5196868015390002,
	"x" : 0.071942265555999724,
	"y" : -0.024690742079378568,
	"yaw" : 1.2916803425498156,
	"z" : -0.16999775694885075
}
