{
	"pitch" : 1.4832187949472451,
	"roll" : -1.5054292599411705,
	"x" : 0.066339478794384357,
	"y" : -0.048469000773873228,
	"yaw" : 1.3186517328548308,
	"z" : -0.16825708742746801
}
