{
	"pitch" : 1.4971790328429704,
	"roll" : -1.4609125403752208,
	"x" : 0.11686516991979454,
	"y" : 0.020267989249084073,
	"yaw" : 1.3687260511902362,
	"z" : -0.16993466556029713
}
