{
	"pitch" : 1.4902451574112441,
	"roll" : -1.5820425839679735,
	"x" : 0.076995314740747903,
	"y" : -0.013132914157227116,
	"yaw" : 1.235183714454881,
	"z" : -0.17032830147685871
}
