{
	"pitch" : 1.4922030129689257,
	"roll" : -1.3549725974302731,
	"x" : 0.10366423294569746,
	"y" : -0.16288685138734371,
	"yaw" : 1.4163329586306699,
	"z" : -0.16688949500824227
}
