{
	"pitch" : 1.4490424183262214,
	"roll" : -1.3364527953191645,
	"x" : -0.014449534841551703,
	"y" : -0.29691499707563934,
	"yaw" : 1.463409779005604,
	"z" : -0.17245088361282149
}
