{
	"pitch" : 1.4831273407425871,
	"roll" : -1.387703911949721,
	"x" : 0.10905482135025027,
	"y" : -0.051766153590214956,
	"yaw" : 1.4301744973464259,
	"z" : -0.16828034093075886
}
