{
	"pitch" : 1.4919646739249492,
	"roll" : -1.3530092832687943,
	"x" : 0.12742093086091597,
	"y" : -0.011860726917409612,
	"yaw" : 1.4710290135009008,
	"z" : -0.1684355828858424
}
