{
	"pitch" : 1.4833273304677896,
	"roll" : -1.5713246955612745,
	"x" : 0.08587277193558758,
	"y" : 0.015711178323367395,
	"yaw" : 1.2427872879284283,
	"z" : -0.21144267889714494
}
