{
	"pitch" : 1.4729485438748098,
	"roll" : -1.5977228842088602,
	"x" : 0.04309168198325667,
	"y" : -0.048760973067773938,
	"yaw" : 1.2217941983813647,
	"z" : -0.16993501209659498
}
