{
	"pitch" : 1.5011192628282635,
	"roll" : -1.5116545854597876,
	"x" : 0.11603066792900979,
	"y" : 0.021872029609392281,
	"yaw" : 1.3191420920272927,
	"z" : -0.1699614579547209
}
