{
	"pitch" : 1.4568124612236084,
	"roll" : -1.5866420741145242,
	"x" : -0.083124923802520512,
	"y" : -0.1794724912844298,
	"yaw" : 1.2251216110172081,
	"z" : -0.17358812467970255
}
