{
	"pitch" : 1.4773516902568244,
	"roll" : -1.4775840061481291,
	"x" : 0.074191551244932166,
	"y" : -0.020422549249550996,
	"yaw" : 1.3280174668406737,
	"z" : -0.2202677960262239
}
