{
	"pitch" : 1.4945246776148022,
	"roll" : -1.4038957327920978,
	"x" : 0.12588612044815189,
	"y" : 0.0010006300188829913,
	"yaw" : 1.4218114835155324,
	"z" : -0.16936297141045978
}
