{
	"pitch" : 1.4679965307579763,
	"roll" : -1.6019935605149711,
	"x" : 0.025561331092822388,
	"y" : -0.13616127400170885,
	"yaw" : 1.2092662172109845,
	"z" : -0.17094867792397095
}
