{
	"pitch" : 1.4958090899373246,
	"roll" : -1.3578521514097792,
	"x" : 0.12529866682207225,
	"y" : -0.0010505747259840076,
	"yaw" : 1.4637137372766424,
	"z" : -0.16863390191506197
}
