{
	"pitch" : 1.4667712552733645,
	"roll" : -1.4618835440284681,
	"x" : 0.00036688427957652647,
	"y" : -0.25016930808785948,
	"yaw" : 1.3530661007068994,
	"z" : -0.11140573971573145
}
