{
	"pitch" : 1.4776589292788058,
	"roll" : -1.4980602315035829,
	"x" : 0.044680183903734932,
	"y" : -0.11220328595455722,
	"yaw" : 1.3179946377119456,
	"z" : -0.16942822217397005
}
