{
	"pitch" : 1.4727187585694381,
	"roll" : -1.4684523085886567,
	"x" : 0.097779306627731641,
	"y" : -0.1845126174107847,
	"yaw" : 1.3461701250803428,
	"z" : -0.16874044734906679
}
