{
	"pitch" : 1.467781389157732,
	"roll" : -1.4729949175553172,
	"x" : 0.064204686713411924,
	"y" : -0.14847347377275641,
	"yaw" : 1.3333560833963845,
	"z" : -0.16940120667853351
}
