{
	"pitch" : 1.4923133164685336,
	"roll" : -1.6317846762804318,
	"x" : 0.06257325253856133,
	"y" : 0.036959404348284236,
	"yaw" : 1.2026078032229324,
	"z" : -0.17163402640451669
}
