{
	"pitch" : 1.4701710356386479,
	"roll" : -1.4967057614941131,
	"x" : 0.066335633947818176,
	"y" : -0.045574279800365373,
	"yaw" : 1.3011556474044124,
	"z" : -0.16982390655461371
}
