{
	"pitch" : 1.4532682761070626,
	"roll" : -1.4802239813559586,
	"x" : -0.072144946177514199,
	"y" : -0.26049807320548551,
	"yaw" : 1.3242781634764109,
	"z" : -0.17435402219929624
}
