{
	"pitch" : 1.4561348387057989,
	"roll" : -1.4375754541794323,
	"x" : 0.013507239028665761,
	"y" : -0.20855543027606741,
	"yaw" : 1.3620909036950226,
	"z" : -0.17054435240673552
}
