{
	"pitch" : 1.4795763611843051,
	"roll" : -1.5361965210658157,
	"x" : 0.075665504463983194,
	"y" : -0.015939672930019941,
	"yaw" : 1.2797662428717127,
	"z" : -0.16974227526447261
}
