{
	"pitch" : 1.470039739171396,
	"roll" : -1.530099555747644,
	"x" : 0.036078257012493488,
	"y" : -0.043281586837414801,
	"yaw" : 1.2783905238503726,
	"z" : -0.17075292522545399
}
