{
	"pitch" : 1.4558480181608306,
	"roll" : -1.4246338615564527,
	"x" : 0.013232016627640675,
	"y" : -0.20839620986110852,
	"yaw" : 1.375049939117629,
	"z" : -0.17027088076287142
}
