{
	"pitch" : 1.4972185627780055,
	"roll" : -1.4948888433949712,
	"x" : 0.070674837616981248,
	"y" : -0.029570515946662178,
	"yaw" : 1.325315778605946,
	"z" : -0.17915838101817685
}
