{
	"pitch" : 1.4798983787171818,
	"roll" : -1.353348799100011,
	"x" : 0.079507898226579471,
	"y" : -0.063320152275073704,
	"yaw" : 1.4695276711026661,
	"z" : -0.16839533320696148
}
