{
	"pitch" : 1.4595527938759563,
	"roll" : -1.6205125399020255,
	"x" : -0.083126792571916033,
	"y" : -0.18035762870539168,
	"yaw" : 1.188574979964782,
	"z" : -0.17371491537033135
}
