{
	"pitch" : 1.453299627136863,
	"roll" : -1.3957228930505534,
	"x" : 0.025295737149522143,
	"y" : -0.17322990253546156,
	"yaw" : 1.4053662820348396,
	"z" : -0.16918547079613874
}
