{
	"pitch" : 1.4609251112040367,
	"roll" : -1.3288600008728564,
	"x" : 0.012216675227856993,
	"y" : -0.29444600017352579,
	"yaw" : 1.4820449641257953,
	"z" : -0.17139704084885565
}
