{
	"pitch" : 1.4822707314519068,
	"roll" : -1.7053751057812698,
	"x" : 0.037960272595768063,
	"y" : 0.019253767886134636,
	"yaw" : 1.1148264700644708,
	"z" : -0.1715508877881286
}
