{
	"pitch" : 1.463811949361177,
	"roll" : -1.5972649045285645,
	"x" : 0.0006749883396548334,
	"y" : -0.12904989348003745,
	"yaw" : 1.2139042311722859,
	"z" : -0.17184470042392083
}
