{
	"pitch" : 1.4578434693651983,
	"roll" : -1.4859290502012967,
	"x" : -0.0028666935366357671,
	"y" : -0.21853402865900295,
	"yaw" : 1.3156988634677687,
	"z" : -0.17172376536178546
}
