{
	"pitch" : 1.48212912520242,
	"roll" : -1.4906967747266338,
	"x" : 0.0049211506358976392,
	"y" : -0.086772002506673149,
	"yaw" : 1.3303248906880896,
	"z" : -0.16896273623945915
}
