{
	"pitch" : 1.4797583038629067,
	"roll" : -1.5218547375930647,
	"x" : 0.044109581477164692,
	"y" : -0.1142427651106621,
	"yaw" : 1.2982169249563367,
	"z" : -0.16740390042557693
}
