{
	"pitch" : 1.4473523471769241,
	"roll" : -1.4202950113798045,
	"x" : -0.01489997584840301,
	"y" : -0.30745580346666324,
	"yaw" : 1.38093720760715,
	"z" : -0.17383223286740707
}
