{
	"pitch" : 1.4688841369116912,
	"roll" : -1.626614684202498,
	"x" : -0.026821772609200323,
	"y" : -0.12111001806975846,
	"yaw" : 1.1833253026222768,
	"z" : -0.17182869021850855
}
