{
	"pitch" : 1.46594513844695,
	"roll" : -1.4654993437855315,
	"x" : 0.00046231877491073603,
	"y" : -0.24913700175486539,
	"yaw" : 1.3486653924843439,
	"z" : -0.11066208891783734
}
