{
	"pitch" : 1.4804819690744511,
	"roll" : -1.6317397413852226,
	"x" : 0.026565908218698378,
	"y" : -0.0053035693423855411,
	"yaw" : 1.1869092260162462,
	"z" : -0.17083466519126519
}
