{
	"pitch" : 1.4918066166325648,
	"roll" : -1.4912705242359534,
	"x" : 0.075460924418759859,
	"y" : -0.01272370092803932,
	"yaw" : 1.3297032867011307,
	"z" : -0.16926582076574559
}
