{
	"pitch" : 1.4739775763728753,
	"roll" : -1.5624819592529706,
	"x" : 0.07022983994375151,
	"y" : -0.037376161065695884,
	"yaw" : 1.2466527141944279,
	"z" : -0.21334836551036415
}
