{
	"pitch" : 1.4796589475534712,
	"roll" : -1.4556663685220397,
	"x" : 0.093636190510523354,
	"y" : -0.060359251409157662,
	"yaw" : 1.3621613888018949,
	"z" : -0.16856153562353512
}
