{
	"pitch" : 1.4555503392418576,
	"roll" : -1.3584084025420908,
	"x" : 0.017737015775607066,
	"y" : -0.19935199646805501,
	"yaw" : 1.4534232259894801,
	"z" : -0.26183842100444482
}
