{
	"pitch" : 1.4589037342791598,
	"roll" : -1.4884322796884737,
	"x" : 0.011724519068659692,
	"y" : -0.21144221502974567,
	"yaw" : 1.3194242244560135,
	"z" : -0.070120554740156174
}
