{
	"pitch" : 1.4576597122820603,
	"roll" : -1.4481833390175134,
	"x" : -0.061301040150338978,
	"y" : -0.26363320460080336,
	"yaw" : 1.3668534846285081,
	"z" : -0.17414985652764081
}
