{
	"pitch" : 1.4531516631299604,
	"roll" : -1.4649991142127341,
	"x" : 0.024717251643512968,
	"y" : -0.1783431457985041,
	"yaw" : 1.3407251690489925,
	"z" : -0.17015001545914216
}
