{
	"pitch" : 1.472955129167945,
	"roll" : -1.5675058137401368,
	"x" : 0.039871441311819737,
	"y" : -0.046235531081151235,
	"yaw" : 1.2522653326929027,
	"z" : -0.16991514962219678
}
