{
	"pitch" : 1.4739515585208811,
	"roll" : -1.5245297708334047,
	"x" : 0.069574497881947875,
	"y" : -0.033667860753149467,
	"yaw" : 1.2765429053597017,
	"z" : -0.17017330635580019
}
