{
	"pitch" : 1.47916157656068,
	"roll" : -1.4095770117097843,
	"x" : 0.083871409858561646,
	"y" : -0.062871494341614792,
	"yaw" : 1.4157932027674507,
	"z" : -0.16853553810086197
}
