{
	"pitch" : 1.4506433552388827,
	"roll" : -1.2913539762137178,
	"x" : 0.060418692571330999,
	"y" : -0.30173782982365654,
	"yaw" : 1.5117429092836931,
	"z" : -0.17007127191078003
}
