{
	"pitch" : 1.4822458456049845,
	"roll" : -1.6919179573277197,
	"x" : 0.037985660921915861,
	"y" : 0.019402790358961329,
	"yaw" : 1.1282726462167512,
	"z" : -0.17159095330963586
}
