{
	"pitch" : 1.4865318982959401,
	"roll" : -1.3811263552622339,
	"x" : 0.11665517889747344,
	"y" : -0.04366068780820833,
	"yaw" : 1.436797833453723,
	"z" : -0.16860719032119692
}
