{
	"pitch" : 1.4940451032332609,
	"roll" : -1.3498180629725227,
	"x" : 0.12628823212936244,
	"y" : -0.0018558808205747946,
	"yaw" : 1.471785358301855,
	"z" : -0.16882248682776463
}
