{
	"pitch" : 1.4725964833004836,
	"roll" : -1.6895293158297424,
	"x" : 0.027737720479239572,
	"y" : -0.016522653351917983,
	"yaw" : 1.1266644327468696,
	"z" : -0.17155145520064122
}
