{
	"pitch" : 1.4944782378585129,
	"roll" : -1.6047013353270028,
	"x" : 0.090988129013528499,
	"y" : 0.030027899608418007,
	"yaw" : 1.2166915765819799,
	"z" : -0.14644743129618626
}
