{
	"pitch" : 1.4774567519704984,
	"roll" : -1.4862571451356927,
	"x" : 0.077583446816169313,
	"y" : -0.013444671534576631,
	"yaw" : 1.3108184457215275,
	"z" : -0.17048420267278994
}
