{
	"pitch" : 1.4847201946068969,
	"roll" : -1.3916680227949234,
	"x" : 0.11771088230807389,
	"y" : -0.041487456838906089,
	"yaw" : 1.4257475747446373,
	"z" : -0.16823891492411935
}
