{
	"pitch" : 1.4829794968989907,
	"roll" : -1.3596992135917261,
	"x" : 0.11568792609667278,
	"y" : -0.043825182036110688,
	"yaw" : 1.4615480738252788,
	"z" : -0.16818725092095574
}
