{
	"pitch" : 1.4833608694859257,
	"roll" : -1.3915792623926513,
	"x" : 0.10918267638513578,
	"y" : -0.05166329377517704,
	"yaw" : 1.4259428881893275,
	"z" : -0.16823851516208305
}
