{
	"pitch" : 1.4728915434448158,
	"roll" : -1.4466213987501331,
	"x" : 0.059857818316560771,
	"y" : -0.058793787682200629,
	"yaw" : 1.3721972954982997,
	"z" : -0.16876945514551911
}
