{
	"pitch" : 1.4927742880124886,
	"roll" : -1.3877136879405325,
	"x" : 0.12813459296853397,
	"y" : -0.0048012451459153206,
	"yaw" : 1.4366412468200704,
	"z" : -0.16909822261012569
}
