{
	"pitch" : 1.4542773684008605,
	"roll" : -1.4854655566549115,
	"x" : 0.041528778072287442,
	"y" : -0.12787971894313144,
	"yaw" : 1.3129086132227574,
	"z" : -0.17033294635335794
}
