{
	"pitch" : 1.4664361994319086,
	"roll" : -1.4545893141135238,
	"x" : 0.060751046489172927,
	"y" : -0.059979287170165083,
	"yaw" : 1.3521231434017051,
	"z" : -0.16866727298042961
}
