{
	"pitch" : 1.4965389581642401,
	"roll" : -1.3955830716501956,
	"x" : 0.10492576687497809,
	"y" : 0.0309781993402495,
	"yaw" : 1.4312667830327124,
	"z" : -0.17021521786001137
}
