{
	"pitch" : 1.4845281306465774,
	"roll" : -1.3823994497383854,
	"x" : 0.11024008582540179,
	"y" : -0.050102646889782776,
	"yaw" : 1.4363084628915999,
	"z" : -0.16824458823805699
}
