{
	"pitch" : 1.4763351983015416,
	"roll" : -1.5762881599909451,
	"x" : 0.06574099941572234,
	"y" : -0.051165306952116768,
	"yaw" : 1.236136975652194,
	"z" : -0.13897107143431178
}
