{
	"pitch" : 1.4864419424026536,
	"roll" : -1.50579201218845,
	"x" : 0.076107643984655679,
	"y" : -0.012701499956530072,
	"yaw" : 1.3092167091032916,
	"z" : -0.11882590786483427
}
