{
	"pitch" : 1.4540086513429293,
	"roll" : -1.6115021779920398,
	"x" : -0.063687067964972754,
	"y" : -0.17023395242170133,
	"yaw" : 1.1986411673417767,
	"z" : -0.17369364459597564
}
