{
	"pitch" : 1.4721878227117025,
	"roll" : -1.5320619881605047,
	"x" : 0.039130101049353098,
	"y" : -0.046016627082748542,
	"yaw" : 1.2876322447661435,
	"z" : -0.16968367279148303
}
