{
	"pitch" : 1.4919539584299371,
	"roll" : -1.5739718851943671,
	"x" : 0.067927128321086452,
	"y" : -0.0224669917036006,
	"yaw" : 1.2432249669272653,
	"z" : -0.17021331565002601
}
