{
	"pitch" : 1.4991126141696671,
	"roll" : -1.4410165640062882,
	"x" : 0.10367650528746844,
	"y" : 0.031907036464234789,
	"yaw" : 1.3875015149058381,
	"z" : -0.17010809753798736
}
