{
	"pitch" : 1.4963669377844282,
	"roll" : -1.5026785136601735,
	"x" : 0.079090830266454415,
	"y" : 0.039858926329160729,
	"yaw" : 1.3309059709972373,
	"z" : -0.1708446487271536
}
