{
	"pitch" : 1.4822352274459045,
	"roll" : -1.3580492468412511,
	"x" : 0.11005115556566414,
	"y" : -0.050622186638833305,
	"yaw" : 1.464730773277344,
	"z" : -0.16850031375176927
}
