{
	"pitch" : 1.4629020021477519,
	"roll" : -1.5150229252030305,
	"x" : -0.0030706985537995862,
	"y" : -0.25974076156650483,
	"yaw" : 1.2984977295584701,
	"z" : -0.12244547704220009
}
