{
	"pitch" : 1.4527272668497255,
	"roll" : -1.4174973750983286,
	"x" : -0.004780872477618589,
	"y" : -0.30269340035309378,
	"yaw" : 1.388413196017271,
	"z" : -0.17291388752381828
}
