{
	"pitch" : 1.4786929033648624,
	"roll" : -1.4467284311332933,
	"x" : 0.091088386156932447,
	"y" : -0.061138204780242227,
	"yaw" : 1.3702000185125793,
	"z" : -0.16870580999056745
}
