{
	"pitch" : 1.4971676037646366,
	"roll" : -1.5040757541919947,
	"x" : 0.088031941168812758,
	"y" : 0.03852498750212198,
	"yaw" : 1.3311337012331996,
	"z" : -0.17105367330204518
}
