{
	"pitch" : 1.4857899852257115,
	"roll" : -1.6289350248036429,
	"x" : 0.040080637795798443,
	"y" : 0.023208097530519278,
	"yaw" : 1.1935909060102816,
	"z" : -0.17102886435926354
}
