{
	"pitch" : 1.481137002518736,
	"roll" : -1.5365733139296458,
	"x" : 0.080134379108998302,
	"y" : -0.0078885963427296566,
	"yaw" : 1.2758849836482529,
	"z" : -0.22013633726875123
}
