{
	"pitch" : 1.4829951439599831,
	"roll" : -1.5518676938784637,
	"x" : 0.073743663506949289,
	"y" : -0.019985020843931011,
	"yaw" : 1.2618971119977171,
	"z" : -0.1195754740787226
}
