{
	"pitch" : 1.4681171192093929,
	"roll" : -1.5810700025830779,
	"x" : -0.032510146426350778,
	"y" : -0.11890194835375495,
	"yaw" : 1.2292287477722246,
	"z" : -0.17161965337770366
}
