{
	"pitch" : 1.453984827632788,
	"roll" : -1.4315422900605841,
	"x" : 0.015407745702076286,
	"y" : -0.20304087912844071,
	"yaw" : 1.3674738821541075,
	"z" : -0.1706222994718227
}
