{
	"pitch" : 1.4679403188312907,
	"roll" : -1.4841589550277987,
	"x" : 0.063757418802469337,
	"y" : -0.054185044478568214,
	"yaw" : 1.3238583414982081,
	"z" : -0.16945460231110465
}
