{
	"pitch" : 1.4689797486127258,
	"roll" : -1.4788635316333301,
	"x" : 0.00057086410704447477,
	"y" : -0.2464790895873013,
	"yaw" : 1.333313132629564,
	"z" : -0.10775996092068665
}
