{
	"pitch" : 1.4551766699588244,
	"roll" : -1.4535526256702849,
	"x" : 0.013779835336202265,
	"y" : -0.20869328326487188,
	"yaw" : 1.3483266315692979,
	"z" : -0.1704372371896056
}
