{
	"pitch" : 1.4457945191233244,
	"roll" : -1.4439315078368085,
	"x" : -0.016280256620488806,
	"y" : -0.30957532415731093,
	"yaw" : 1.3570445684390666,
	"z" : -0.17375381321784489
}
