{
	"pitch" : 1.4870290828873876,
	"roll" : -1.5009103503050796,
	"x" : 0.075817906102662092,
	"y" : -0.012679956643520019,
	"yaw" : 1.3139025808107503,
	"z" : -0.11869954167437433
}
