{
	"pitch" : 1.4742326067430112,
	"roll" : -1.5195223007981677,
	"x" : 0.044831372532141277,
	"y" : -0.11114791256696678,
	"yaw" : 1.2948937314946138,
	"z" : -0.16951109910238324
}
