{
	"pitch" : 1.4501270640897084,
	"roll" : -1.4227822642489563,
	"x" : -0.017002450371660233,
	"y" : -0.30850592286912959,
	"yaw" : 1.3791009296290182,
	"z" : -0.17284573563230915
}
