{
	"pitch" : 1.462762579310253,
	"roll" : -1.5586959946744365,
	"x" : 0.074685110598476226,
	"y" : -0.019549311887159908,
	"yaw" : 1.2471498373300232,
	"z" : -0.1703336635454438
}
