{
	"pitch" : 1.4738747971180237,
	"roll" : -1.3936470118004587,
	"x" : 0.073836707084913758,
	"y" : -0.063274698730669182,
	"yaw" : 1.4262842541960494,
	"z" : -0.16870149343643701
}
