{
	"pitch" : 1.4710367742700896,
	"roll" : -1.432157206561443,
	"x" : 0.091892952670133476,
	"y" : -0.15817985543450205,
	"yaw" : 1.3689836295420601,
	"z" : -0.16845878931476038
}
