{
	"pitch" : 1.4974586369025396,
	"roll" : -1.4152804050511321,
	"x" : 0.11035984904960844,
	"y" : 0.025949502753422077,
	"yaw" : 1.412623035894562,
	"z" : -0.16940530686059516
}
