{
	"pitch" : 1.4925977785030899,
	"roll" : -1.6210796720452414,
	"x" : 0.087478120623712505,
	"y" : 0.018937221933937834,
	"yaw" : 1.195931999196516,
	"z" : -0.1314007277530804
}
