{
	"pitch" : 1.4843293545765319,
	"roll" : -1.6330166038030671,
	"x" : 0.029497948067191748,
	"y" : 0.0056767563694814071,
	"yaw" : 1.189688755623326,
	"z" : -0.17093831654693253
}
