{
	"pitch" : 1.4527928024354002,
	"roll" : -1.3237808765569083,
	"x" : 0.045814534068580659,
	"y" : -0.29730339471862582,
	"yaw" : 1.4831712209951848,
	"z" : -0.17017107711030083
}
