{
	"pitch" : 1.4849978435615681,
	"roll" : -1.5779598277431575,
	"x" : 0.038432840941469419,
	"y" : -0.032636252311643882,
	"yaw" : 1.2453411345406433,
	"z" : -0.16957167929124811
}
