{
	"pitch" : 1.4985336710966268,
	"roll" : -1.4031220859698732,
	"x" : 0.10647193235318399,
	"y" : 0.029806785261887916,
	"yaw" : 1.4268517022779732,
	"z" : -0.16988850330387451
}
