{
	"pitch" : 1.48021691747521,
	"roll" : -1.5069212747024447,
	"x" : 0.073869784643826375,
	"y" : -0.019446473161435152,
	"yaw" : 1.3000217391153834,
	"z" : -0.21995270878485906
}
