{
	"pitch" : 1.4935788939720662,
	"roll" : -1.3419806833645851,
	"x" : 0.12587553373045757,
	"y" : 0.00053321683399067989,
	"yaw" : 1.4807467415343976,
	"z" : -0.16899992289116006
}
