{
	"pitch" : 1.4826113267252241,
	"roll" : -1.4475158873405318,
	"x" : 0.10410469274207607,
	"y" : -0.055843834045710437,
	"yaw" : 1.3721531503349873,
	"z" : -0.16811854511986593
}
