{
	"pitch" : 1.4950442878640486,
	"roll" : -1.4976281483818383,
	"x" : 0.087800412410734052,
	"y" : 0.038717920271210918,
	"yaw" : 1.3381203351434532,
	"z" : -0.17107170446950887
}
