{
	"pitch" : 1.4718374396207501,
	"roll" : -1.5864932541407581,
	"x" : 0.034570588264890387,
	"y" : -0.039934639504843855,
	"yaw" : 1.2304726986936974,
	"z" : -0.16966045493470699
}
