{
	"pitch" : 1.4813108880216013,
	"roll" : -1.4343402580633073,
	"x" : 0.104325090013277,
	"y" : -0.054968868445859159,
	"yaw" : 1.3883567960629739,
	"z" : -0.1684290884311056
}
