{
	"pitch" : 1.4951319041787574,
	"roll" : -1.5412757368027752,
	"x" : 0.092161670944068963,
	"y" : 0.036350370200149223,
	"yaw" : 1.281182144865803,
	"z" : -0.16905149047846149
}
