{
	"pitch" : 1.4741957076448764,
	"roll" : -1.3922593499662004,
	"x" : 0.024002129069573032,
	"y" : -0.18132561934761593,
	"yaw" : 1.4198336203523614,
	"z" : -0.25624261063438786
}
