{
	"pitch" : 1.4882031556990269,
	"roll" : -1.5632344975132717,
	"x" : 0.076157811230275832,
	"y" : -0.013409857730597415,
	"yaw" : 1.2533370236369499,
	"z" : -0.16995543948857367
}
