{
	"pitch" : 1.4797249060561379,
	"roll" : -1.5278093539452695,
	"x" : 0.068003827486917412,
	"y" : -0.039457704245037729,
	"yaw" : 1.2842045326854985,
	"z" : -0.12731597724320623
}
