{
	"pitch" : 1.4520271484887719,
	"roll" : -1.4745890424388481,
	"x" : -0.062728575441606538,
	"y" : -0.24950136874162515,
	"yaw" : 1.3228396847778858,
	"z" : -0.17330434244043433
}
