{
	"pitch" : 1.4575383696810973,
	"roll" : -1.4459601400453539,
	"x" : -0.027765242027227965,
	"y" : -0.27377699207626044,
	"yaw" : 1.3613559407399387,
	"z" : -0.17278818118793038
}
