{
	"pitch" : 1.4836799764355382,
	"roll" : -1.58618158505931,
	"x" : 0.090844781664691482,
	"y" : 0.025489766929488927,
	"yaw" : 1.2320274681104144,
	"z" : -0.20194128299375591
}
