{
	"pitch" : 1.461560250364963,
	"roll" : -1.5121563538077734,
	"x" : 0.01053409697348924,
	"y" : -0.20964063965701996,
	"yaw" : 1.2943740154570251,
	"z" : -0.071071315732290308
}
