{
	"pitch" : 1.485606819743891,
	"roll" : -1.4574864837330561,
	"x" : 0.051132446691558843,
	"y" : -0.037594883803690742,
	"yaw" : 1.3627829264700337,
	"z" : -0.16992468178316694
}
