{
	"pitch" : 1.477955911052355,
	"roll" : -1.536377443923636,
	"x" : 0.066460016567087735,
	"y" : -0.0431816141230216,
	"yaw" : 1.2763775846438443,
	"z" : -0.13027431771854925
}
