{
	"pitch" : 1.4550485395928585,
	"roll" : -1.4203493811060881,
	"x" : 0.016176759408759511,
	"y" : -0.20182927869189315,
	"yaw" : 1.3793820344277075,
	"z" : -0.17040623898221793
}
