{
	"pitch" : 1.4776701969957977,
	"roll" : -1.4967513892089892,
	"x" : 0.044714960425582519,
	"y" : -0.11219004145548891,
	"yaw" : 1.3192496177531157,
	"z" : -0.16941711424099895
}
