{
	"pitch" : 1.4747591733549992,
	"roll" : -1.5726391091562748,
	"x" : 0.033913972583441934,
	"y" : -0.14936258413355988,
	"yaw" : 1.2446978923361511,
	"z" : -0.13312935193732844
}
