{
	"pitch" : 1.4773457363640345,
	"roll" : -1.4969828768759075,
	"x" : 0.044827308997721402,
	"y" : -0.11229447148962728,
	"yaw" : 1.3184620426496476,
	"z" : -0.16968769545911452
}
