{
	"pitch" : 1.4583339185872053,
	"roll" : -1.4570824390005017,
	"x" : -0.052547462894963884,
	"y" : -0.26575180294624257,
	"yaw" : 1.353447780765807,
	"z" : -0.17386469287063139
}
