{
	"pitch" : 1.4911224891332442,
	"roll" : -1.5501175585929308,
	"x" : 0.092019736888056383,
	"y" : 0.033244116291628878,
	"yaw" : 1.2691609250107339,
	"z" : -0.18794355484307212
}
