{
	"pitch" : 1.4758970502468689,
	"roll" : -1.4102042087953837,
	"x" : 0.075809703273728254,
	"y" : -0.013281547457395855,
	"yaw" : 1.3838205097823411,
	"z" : -0.1701136930212041
}
