{
	"pitch" : 1.4798671838089419,
	"roll" : -1.5807749504745501,
	"x" : 0.043680449802590116,
	"y" : -0.11684240962479631,
	"yaw" : 1.2379300256513615,
	"z" : -0.16495878898638228
}
