{
	"pitch" : 1.4814231272646394,
	"roll" : -1.4400277158597725,
	"x" : 0.10342828243043301,
	"y" : -0.055569435998456741,
	"yaw" : 1.3797580474989364,
	"z" : -0.16799580486892315
}
