{
	"pitch" : 1.4960902901108344,
	"roll" : -1.4962065352514988,
	"x" : 0.078580012508387823,
	"y" : 0.039770167090268586,
	"yaw" : 1.3371496286272426,
	"z" : -0.17078242375368682
}
