{
	"pitch" : 1.4630939405468808,
	"roll" : -1.5322469514811194,
	"x" : 0.010346072787111471,
	"y" : -0.20834622514801798,
	"yaw" : 1.2734460461436157,
	"z" : -0.072270686559840577
}
