{
	"pitch" : 1.4939070557878853,
	"roll" : -1.5814608366720457,
	"x" : 0.080932563727974083,
	"y" : 0.039453217630593597,
	"yaw" : 1.2477424579384033,
	"z" : -0.17102988585854106
}
