{
	"pitch" : 1.4771099575271547,
	"roll" : -1.5119217538665064,
	"x" : 0.074979193093303309,
	"y" : -0.020810648147023589,
	"yaw" : 1.2940462927730907,
	"z" : -0.22038969985841111
}
