{
	"pitch" : 1.4872415995486283,
	"roll" : -1.3042594140442509,
	"x" : 0.12105041096370062,
	"y" : -0.035887209703266462,
	"yaw" : 1.5136309087663911,
	"z" : -0.16800399339758998
}
