{
	"pitch" : 1.4860093264785161,
	"roll" : -1.5578850761724368,
	"x" : 0.076045587031674258,
	"y" : -0.013895926517524748,
	"yaw" : 1.2581607618006707,
	"z" : -0.17006429783795926
}
