{
	"pitch" : 1.4966279364656425,
	"roll" : -1.4025079078001417,
	"x" : 0.10481046491497614,
	"y" : 0.031135471763065747,
	"yaw" : 1.4246769167646174,
	"z" : -0.17018513589912621
}
