{
	"pitch" : 1.4889999826017744,
	"roll" : -1.5822421082743572,
	"x" : 0.088108031273715012,
	"y" : 0.019991227317609599,
	"yaw" : 1.2350539931245357,
	"z" : -0.20775741754229005
}
