{
	"pitch" : 1.473902381762243,
	"roll" : -1.5264211630563789,
	"x" : 0.074607487203231168,
	"y" : -0.019601130769457808,
	"yaw" : 1.2746594520871533,
	"z" : -0.16953329072111251
}
