{
	"pitch" : 1.4928743733337611,
	"roll" : -1.4687956641204538,
	"x" : 0.074529302978845441,
	"y" : 0.039736430418884,
	"yaw" : 1.3652470286863732,
	"z" : -0.17149452347754707
}
