{
	"pitch" : 1.4765336782395289,
	"roll" : -1.5794648388183687,
	"x" : 0.040715321542563077,
	"y" : -0.12701820472790504,
	"yaw" : 1.2382486655658309,
	"z" : -0.15436463556956853
}
