{
	"pitch" : 1.4506002349112552,
	"roll" : -1.4303910685648555,
	"x" : 0.01642181907535676,
	"y" : -0.20089241665513458,
	"yaw" : 1.372983844381902,
	"z" : -0.16997313594457228
}
