{
	"pitch" : 1.4545171399745962,
	"roll" : -1.4598011784520584,
	"x" : 0.014818702173655912,
	"y" : -0.2090391128013491,
	"yaw" : 1.3416379639085971,
	"z" : -0.17086463685099743
}
