{
	"pitch" : 1.4677301454273022,
	"roll" : -1.4077627360670246,
	"x" : 0.064817278218752702,
	"y" : -0.06153024658214172,
	"yaw" : 1.4086235710088972,
	"z" : -0.16924811354396097
}
