{
	"pitch" : 1.4765457832429567,
	"roll" : -1.5123211386844668,
	"x" : 0.073294548703930984,
	"y" : -0.027119357454188434,
	"yaw" : 1.2942550682228791,
	"z" : -0.21774995414984771
}
