{
	"pitch" : 1.4849398345344018,
	"roll" : -1.3488977609967105,
	"x" : 0.12356128000781227,
	"y" : -0.032275653755683482,
	"yaw" : 1.4749050716200554,
	"z" : -0.16858259558739316
}
