{
	"pitch" : 1.4732115488752919,
	"roll" : -1.4597802606065302,
	"x" : 0.060989725186925192,
	"y" : -0.059030703414185898,
	"yaw" : 1.355467432422244,
	"z" : -0.15530043143387023
}
