{
	"pitch" : 1.4711033421560735,
	"roll" : -1.4298728547639437,
	"x" : 0.087244906777257103,
	"y" : -0.15692007207271383,
	"yaw" : 1.371277693689301,
	"z" : -0.16859847435452077
}
