{
	"pitch" : 1.4877166513177789,
	"roll" : -1.5569773391277744,
	"x" : 0.078322149767289018,
	"y" : -0.0086100311599464734,
	"yaw" : 1.2579343140180816,
	"z" : -0.11893108662117446
}
