{
	"pitch" : 1.4902543326699602,
	"roll" : -1.5681496976142397,
	"x" : 0.084852360333132593,
	"y" : 0.039580269313825106,
	"yaw" : 1.2647738520432092,
	"z" : -0.1713565707116437
}
