{
	"pitch" : 1.4833061818513267,
	"roll" : -1.6136489990394096,
	"x" : 0.090425534630515461,
	"y" : 0.024292433935311587,
	"yaw" : 1.2037616239646491,
	"z" : -0.20320370917667149
}
