{
	"pitch" : 1.4777032814881101,
	"roll" : -1.4909244547075147,
	"x" : 0.044819163072266355,
	"y" : -0.11218574406285552,
	"yaw" : 1.3248665759721301,
	"z" : -0.16942845059937747
}
