{
	"pitch" : 1.4781810168469545,
	"roll" : -1.494578458873546,
	"x" : 0.044666545816426033,
	"y" : -0.11232156595467296,
	"yaw" : 1.3222652072261081,
	"z" : -0.16937097392641751
}
