{
	"pitch" : 1.4813504111624218,
	"roll" : -1.5923226791601826,
	"x" : 0.082435092783734509,
	"y" : -0.00022289023771487892,
	"yaw" : 1.2210202405780377,
	"z" : -0.21886224380205524
}
