{
	"pitch" : 1.4983815650826022,
	"roll" : -1.5077731706563746,
	"x" : 0.091692154638477047,
	"y" : 0.036887720479315322,
	"yaw" : 1.3188447802922258,
	"z" : -0.17042579499072011
}
