{
	"pitch" : 1.4878023647447176,
	"roll" : -1.4090209866610817,
	"x" : 0.046031222547535625,
	"y" : -0.1139664737002619,
	"yaw" : 1.3996213047909078,
	"z" : -0.21973598137482436
}
