{
	"pitch" : 1.4845395965197079,
	"roll" : -1.3918426960783499,
	"x" : 0.11502276780044127,
	"y" : -0.045256357903807415,
	"yaw" : 1.4270126928106668,
	"z" : -0.16873561754758584
}
