{
	"pitch" : 1.5016132178150228,
	"roll" : -1.5083609955690274,
	"x" : 0.058756561928859356,
	"y" : -0.0626968143955864,
	"yaw" : 1.3013691259101374,
	"z" : -0.19527997074928491
}
