{
	"pitch" : 1.4605450340761192,
	"roll" : -1.2936444944626568,
	"x" : 0.11214684911224221,
	"y" : -0.24083988564013262,
	"yaw" : 1.5172542070910677,
	"z" : -0.16805892779910231
}
