{
	"pitch" : 1.4791003974549042,
	"roll" : -1.5110464059843876,
	"x" : 0.0014097581023383571,
	"y" : -0.090291853750761805,
	"yaw" : 1.3095979109211415,
	"z" : -0.17000709889752841
}
