{
	"pitch" : 1.4860261159765578,
	"roll" : -1.6387389983646132,
	"x" : 0.039696925405862629,
	"y" : 0.022747931100347712,
	"yaw" : 1.1837905603216077,
	"z" : -0.17103634874307297
}
