{
	"pitch" : 1.4544790812845394,
	"roll" : -1.5997497162587782,
	"x" : -0.080732307946985313,
	"y" : -0.17785164228703812,
	"yaw" : 1.2128382773989255,
	"z" : -0.17393530702651674
}
