{
	"pitch" : 1.4962563168063443,
	"roll" : -1.3279175249593878,
	"x" : 0.12532621963293031,
	"y" : -0.00088010727703555225,
	"yaw" : 1.4936213189936745,
	"z" : -0.16878110837163945
}
