{
	"pitch" : 1.4963259589467306,
	"roll" : -1.4346943834670787,
	"x" : 0.11905653069469402,
	"y" : 0.017076533772156271,
	"yaw" : 1.3924680046861284,
	"z" : -0.17011253937414089
}
