{
	"pitch" : 1.4498327827446202,
	"roll" : -1.4658129159739373,
	"x" : -0.074487791635195325,
	"y" : -0.25684425940390343,
	"yaw" : 1.3385037720615687,
	"z" : -0.1742265703558471
}
