{
	"pitch" : 1.4427656348178719,
	"roll" : -1.3796447700262522,
	"x" : -0.016172551868523552,
	"y" : -0.30755130595857638,
	"yaw" : 1.4218820496133391,
	"z" : -0.17430987345373608
}
