{
	"pitch" : 1.4961903965822263,
	"roll" : -1.3638465327362543,
	"x" : 0.12248754372227938,
	"y" : 0.011408426964744922,
	"yaw" : 1.4603151534745624,
	"z" : -0.16951210807316855
}
