{
	"pitch" : 1.4625471087282089,
	"roll" : -1.5466922476711107,
	"x" : 0.075116338821040546,
	"y" : -0.01831826186254451,
	"yaw" : 1.2588451204421764,
	"z" : -0.17035316323158464
}
