{
	"pitch" : 1.4704982749698514,
	"roll" : -1.5550500525312165,
	"x" : -0.068149205981416924,
	"y" : -0.16480011006815071,
	"yaw" : 1.255969839133328,
	"z" : -0.17248477278993954
}
