{
	"pitch" : 1.4750238105676632,
	"roll" : -1.5658509474292726,
	"x" : 0.028685400358675499,
	"y" : -0.027190096782956252,
	"yaw" : 1.2535721816046335,
	"z" : -0.17028511495889914
}
