{
	"pitch" : 1.4688277637971532,
	"roll" : -1.5268045238059489,
	"x" : 0.066588076267023635,
	"y" : -0.046650607561634874,
	"yaw" : 1.2787492507695617,
	"z" : -0.20495470628883491
}
