{
	"pitch" : 1.4959512440214526,
	"roll" : -1.5426912584303929,
	"x" : 0.092711456366208242,
	"y" : 0.036154851442853728,
	"yaw" : 1.278088799135412,
	"z" : -0.17196302694146337
}
