{
	"pitch" : 1.4735741616558495,
	"roll" : -1.5577878695109275,
	"x" : 0.053885654222254421,
	"y" : -0.024621341952936051,
	"yaw" : 1.2546735562252482,
	"z" : -0.17024426233589612
}
