{
	"pitch" : 1.4814011222316277,
	"roll" : -1.5435442351406521,
	"x" : 0.085817397216251937,
	"y" : 0.011328007535878344,
	"yaw" : 1.2693221315634295,
	"z" : -0.21389799661108394
}
