{
	"pitch" : 1.4825679212280418,
	"roll" : -1.3821405516224807,
	"x" : 0.10689703316888363,
	"y" : -0.053377103683871122,
	"yaw" : 1.4411537447667311,
	"z" : -0.16828974162234492
}
