{
	"pitch" : 1.454440159798537,
	"roll" : -1.4161037634301623,
	"x" : 0.01635855593935881,
	"y" : -0.20138501523254262,
	"yaw" : 1.3838607103037655,
	"z" : -0.17042528520506961
}
