{
	"pitch" : 1.4945393466358718,
	"roll" : -1.6160777472261303,
	"x" : 0.092510300597518677,
	"y" : 0.035256286561800652,
	"yaw" : 1.2057242061002658,
	"z" : -0.16145766727292266
}
