{
	"pitch" : 1.4817137973454764,
	"roll" : -1.3924582447897997,
	"x" : 0.099432511050772165,
	"y" : -0.057285869595498848,
	"yaw" : 1.4300916080810329,
	"z" : -0.16857161361607859
}
