{
	"pitch" : 1.4835601130190323,
	"roll" : -1.525669513782214,
	"x" : 0.047005228310118885,
	"y" : -0.11390966144981031,
	"yaw" : 1.2955299626605257,
	"z" : -0.1700026286738045
}
