{
	"pitch" : 1.4665528624388824,
	"roll" : -1.4429872264945394,
	"x" : -0.0059914991178295351,
	"y" : -0.27008800183215048,
	"yaw" : 1.3702961574710497,
	"z" : -0.13341325360864331
}
