{
	"pitch" : 1.4910831417304133,
	"roll" : -1.3764677391030851,
	"x" : 0.1275494493840752,
	"y" : -0.01276096489413713,
	"yaw" : 1.44816350836996,
	"z" : -0.16866408540120298
}
