{
	"pitch" : 1.4756342895130203,
	"roll" : -1.5243032756844175,
	"x" : 0.072541689008260857,
	"y" : -0.029510766377742071,
	"yaw" : 1.2829824960562535,
	"z" : -0.21678390308584397
}
