{
	"pitch" : 1.4836690671706958,
	"roll" : -1.5995949615107994,
	"x" : 0.034391422697918117,
	"y" : 0.016774606274188447,
	"yaw" : 1.2213656644925446,
	"z" : -0.17086572786371304
}
