{
	"pitch" : 1.4685854576137316,
	"roll" : -1.3782337555996318,
	"x" : 0.090064824509759736,
	"y" : -0.20850521111685813,
	"yaw" : 1.4327930127254338,
	"z" : -0.16857221748077589
}
