{
	"pitch" : 1.4689509264269425,
	"roll" : -1.5845426523158286,
	"x" : 0.031689372165144912,
	"y" : -0.035951092436600003,
	"yaw" : 1.2233263821268225,
	"z" : -0.17027876130298086
}
