{
	"pitch" : 1.4492528789941688,
	"roll" : -1.3368044841942077,
	"x" : -0.01418729564315957,
	"y" : -0.29570082827705457,
	"yaw" : 1.4618295671030792,
	"z" : -0.17225471626556946
}
