{
	"pitch" : 1.4791953171075918,
	"roll" : -1.5086852682570964,
	"x" : 0.067319686515815408,
	"y" : -0.040480135832519151,
	"yaw" : 1.3035023676588913,
	"z" : -0.12830389339376075
}
