{
	"pitch" : 1.4812855283751427,
	"roll" : -1.6327523246530755,
	"x" : 0.031633908027262368,
	"y" : 0.008744677518268195,
	"yaw" : 1.1871769426176286,
	"z" : -0.17084305383724679
}
