{
	"pitch" : 1.4590117414339479,
	"roll" : -1.3883372920208301,
	"x" : 0.045289145095833927,
	"y" : -0.1123600014596063,
	"yaw" : 1.4122472426031494,
	"z" : -0.16873506975893751
}
