{
	"pitch" : 1.4915115298524619,
	"roll" : -1.5050875514479467,
	"x" : 0.070139471118189384,
	"y" : -0.01877098759774367,
	"yaw" : 1.3111491586198967,
	"z" : -0.17005956731896407
}
