{
	"pitch" : 1.4919023161518756,
	"roll" : -1.5155036127857846,
	"x" : 0.054675699572067915,
	"y" : -0.034862524282332844,
	"yaw" : 1.3028455883616825,
	"z" : -0.16970069907570937
}
