{
	"pitch" : 1.4550068099718023,
	"roll" : -1.4376387418439547,
	"x" : 0.014932999372596338,
	"y" : -0.20417041239097294,
	"yaw" : 1.3615112684236026,
	"z" : -0.17052764617681451
}
