{
	"pitch" : 1.4777543437588154,
	"roll" : -1.5224846479815564,
	"x" : 0.066346827243846385,
	"y" : -0.043911051563955125,
	"yaw" : 1.2897474636947548,
	"z" : -0.13106673514136125
}
