{
	"pitch" : 1.4772124773362552,
	"roll" : -1.4741641428409049,
	"x" : 0.073930775606710353,
	"y" : -0.020322651246345774,
	"yaw" : 1.3316050327985371,
	"z" : -0.22018509894711499
}
