{
	"pitch" : 1.5003978843064603,
	"roll" : -1.4818108878137719,
	"x" : 0.11424072862678167,
	"y" : 0.023102710765188567,
	"yaw" : 1.3484721648883264,
	"z" : -0.16957064093808549
}
