{
	"pitch" : 1.4793336156653429,
	"roll" : -1.5016049961372069,
	"x" : 0.064678134913064733,
	"y" : -0.14978061188081113,
	"yaw" : 1.3033027745620871,
	"z" : -0.16932621570738204
}
