{
	"pitch" : 1.4778571738602715,
	"roll" : -1.5463939061300607,
	"x" : 0.066486195032931725,
	"y" : -0.043342305292082516,
	"yaw" : 1.266282910311312,
	"z" : -0.13042719656813503
}
