{
	"pitch" : 1.4937212303430341,
	"roll" : -1.5548686690110296,
	"x" : 0.096317225526078132,
	"y" : 0.035589978600254944,
	"yaw" : 1.2766495724521136,
	"z" : -0.17071405389383182
}
