{
	"pitch" : 1.4489221528811944,
	"roll" : -1.3363824870052683,
	"x" : -0.014439368033746111,
	"y" : -0.29670568296853844,
	"yaw" : 1.4635246322065305,
	"z" : -0.17243364479449477
}
