{
	"pitch" : 1.4794719396439751,
	"roll" : -1.400721186382512,
	"x" : 0.092895069535788022,
	"y" : -0.059917238163318384,
	"yaw" : 1.4228815702504609,
	"z" : -0.16853876998568643
}
