{
	"pitch" : 1.4821109665820962,
	"roll" : -1.5818383936801612,
	"x" : 0.071427657172198011,
	"y" : -0.030154487072375995,
	"yaw" : 1.2310451590869498,
	"z" : -0.12296488696040384
}
