{
	"pitch" : 1.4892778493470391,
	"roll" : -1.57994614526396,
	"x" : 0.076975196533781598,
	"y" : -0.012625463401586011,
	"yaw" : 1.2341537502506967,
	"z" : -0.1699416609007271
}
