{
	"pitch" : 1.4671798527039244,
	"roll" : -1.412754942381192,
	"x" : 0.056499762464122194,
	"y" : -0.059053159501412211,
	"yaw" : 1.4017681884514495,
	"z" : -0.16914358533399143
}
