{
	"pitch" : 1.4778033705053268,
	"roll" : -1.5009958364619698,
	"x" : 0.044498911277457871,
	"y" : -0.11229652407051559,
	"yaw" : 1.3153468697725474,
	"z" : -0.16943945120938669
}
