{
	"pitch" : 1.4806369457969113,
	"roll" : -1.5225779375984618,
	"x" : 0.068498290786789526,
	"y" : -0.037871167678235479,
	"yaw" : 1.2888289496306358,
	"z" : -0.12596400634412994
}
