{
	"pitch" : 1.4644386278463353,
	"roll" : -1.4811632313424743,
	"x" : 0.063194501120641067,
	"y" : -0.05658763202396961,
	"yaw" : 1.3283437529663571,
	"z" : -0.18778662087399867
}
