{
	"pitch" : 1.4472904658675054,
	"roll" : -1.54568233448545,
	"x" : -0.045100682907121173,
	"y" : -0.2422607855979938,
	"yaw" : 1.255097704124833,
	"z" : -0.17405632222654407
}
