{
	"pitch" : 1.4898474132828463,
	"roll" : -1.395931602895766,
	"x" : 0.12445986311077506,
	"y" : -0.027798661449258008,
	"yaw" : 1.4248850135389526,
	"z" : -0.16874201266633743
}
