{
	"pitch" : 1.4519889667684771,
	"roll" : -1.388637043653896,
	"x" : 0.015737820180408063,
	"y" : -0.20203866428658432,
	"yaw" : 1.4119261258340079,
	"z" : -0.17020165894585126
}
