{
	"pitch" : 1.4830850944837106,
	"roll" : -1.5114032960960793,
	"x" : 0.065914859504915602,
	"y" : -0.05190148319823501,
	"yaw" : 1.3114251456165098,
	"z" : -0.16826304720053603
}
