{
	"pitch" : 1.4782659198373087,
	"roll" : -1.5361353533688462,
	"x" : 0.07839965124125943,
	"y" : -0.013197757292606306,
	"yaw" : 1.2737089494193867,
	"z" : -0.2208029648066934
}
