{
	"pitch" : 1.4571232742453297,
	"roll" : -1.4443993048971961,
	"x" : -0.027019636637604275,
	"y" : -0.27396101360043951,
	"yaw" : 1.363161420004239,
	"z" : -0.1727222759391292
}
