{
	"pitch" : 1.4494178674975911,
	"roll" : -1.4553555313385056,
	"x" : -0.078182278963209215,
	"y" : -0.25828285684073082,
	"yaw" : 1.3466670696101901,
	"z" : -0.17429695683201021
}
