{
	"pitch" : 1.4886938357722843,
	"roll" : -1.3163746802182941,
	"x" : 0.12453687339035016,
	"y" : -0.023614728963554484,
	"yaw" : 1.5067922117911567,
	"z" : -0.16838215891677019
}
