{
	"pitch" : 1.4794503298138766,
	"roll" : -1.6430947498254522,
	"x" : 0.026475804297311854,
	"y" : -0.0049113542776074784,
	"yaw" : 1.1750320208975271,
	"z" : -0.17067649540037938
}
