{
	"pitch" : 1.4836310307963536,
	"roll" : -1.3622984109851068,
	"x" : 0.11320726689927692,
	"y" : -0.047320138298438105,
	"yaw" : 1.4616129461140821,
	"z" : -0.1685018605920417
}
