{
	"pitch" : 1.4866870947501807,
	"roll" : -1.5593684394635772,
	"x" : 0.091236248287699592,
	"y" : 0.029102647694691515,
	"yaw" : 1.2583469325186396,
	"z" : -0.19602151270275137
}
