{
	"pitch" : 1.4521323507471473,
	"roll" : -1.4721161362584112,
	"x" : -0.064234361458340647,
	"y" : -0.25016484070824324,
	"yaw" : 1.3268274297236931,
	"z" : -0.17343862816857925
}
