{
	"pitch" : 1.4826641951119579,
	"roll" : -1.7132817432384042,
	"x" : 0.038018844728891082,
	"y" : 0.019279416815491862,
	"yaw" : 1.1068991623849758,
	"z" : -0.17157912536962777
}
