{
	"pitch" : 1.4712842668360933,
	"roll" : -1.5186099895786014,
	"x" : 0.076640413635439858,
	"y" : -0.012301450528439287,
	"yaw" : 1.2917761861792127,
	"z" : -0.16964061800060598
}
