{
	"pitch" : 1.4965974764176582,
	"roll" : -1.493094452629423,
	"x" : 0.09373856131107107,
	"y" : 0.03663970288187076,
	"yaw" : 1.3378845908922372,
	"z" : -0.17087007340008126
}
