{
	"pitch" : 1.4819144815440664,
	"roll" : -1.4010468549209076,
	"x" : 0.10603683620777543,
	"y" : -0.053782042463562323,
	"yaw" : 1.4218692232134718,
	"z" : -0.16832855376221487
}
