{
	"pitch" : 1.4754703702947798,
	"roll" : -1.5070410104350873,
	"x" : 0.072790547865738089,
	"y" : -0.028213935420199076,
	"yaw" : 1.2996488344274644,
	"z" : -0.21729575674638596
}
