{
	"pitch" : 1.4733458614120998,
	"roll" : -1.5803898308984139,
	"x" : 0.02911118796333987,
	"y" : -0.030976643661518494,
	"yaw" : 1.235368772702391,
	"z" : -0.16937533916334896
}
