{
	"pitch" : 1.4634165856711996,
	"roll" : -1.5968143398866885,
	"x" : -0.082362468423714169,
	"y" : -0.17795600815103191,
	"yaw" : 1.2113556405609316,
	"z" : -0.17254825929557241
}
