{
	"pitch" : 1.4657299606964016,
	"roll" : -1.5873146638629767,
	"x" : -0.01155635721784086,
	"y" : -0.12513020439446332,
	"yaw" : 1.2239903166702142,
	"z" : -0.17190301090169946
}
