{
	"pitch" : 1.4739926988549021,
	"roll" : -1.5712713859689196,
	"x" : 0.030244712110200411,
	"y" : -0.032158499718075773,
	"yaw" : 1.2431211132865894,
	"z" : -0.16965772624871456
}
