{
	"pitch" : 1.4918261565761211,
	"roll" : -1.4748983776265185,
	"x" : 0.042794859743783331,
	"y" : -0.11920383491936117,
	"yaw" : 1.3318891656815917,
	"z" : -0.22336153733190911
}
