{
	"pitch" : 1.4494246139783904,
	"roll" : -1.3316660156916393,
	"x" : -0.014392934720817888,
	"y" : -0.29626084758625026,
	"yaw" : 1.4676573075556207,
	"z" : -0.17237725389471445
}
