{
	"pitch" : 1.4657132599471256,
	"roll" : -1.5318846530485641,
	"x" : 0.064134988609432869,
	"y" : -0.055322814466448302,
	"yaw" : 1.2736129618520617,
	"z" : -0.19173287372178113
}
