{
	"pitch" : 1.484674363461149,
	"roll" : -1.5382181946469604,
	"x" : 0.074065075265814143,
	"y" : -0.018212318585012769,
	"yaw" : 1.2750989110351862,
	"z" : -0.11933812685253239
}
