{
	"pitch" : 1.49254983559881,
	"roll" : -1.5333068406877097,
	"x" : 0.040212318484524452,
	"y" : -0.051219261107645901,
	"yaw" : 1.28947867343958,
	"z" : -0.16930293777368155
}
