{
	"pitch" : 1.4707295539571312,
	"roll" : -1.4761824518717024,
	"x" : -0.011034867720414857,
	"y" : -0.096126599838273069,
	"yaw" : 1.3441198829707344,
	"z" : -0.17225924354696592
}
