{
	"pitch" : 1.4585113988381384,
	"roll" : -1.3303796616801049,
	"x" : 0.079730454214003516,
	"y" : -0.24056759801009367,
	"yaw" : 1.4724229410178415,
	"z" : -0.16941898076462181
}
