{
	"pitch" : 1.4972602179041479,
	"roll" : -1.3637861416525519,
	"x" : 0.12049156396285958,
	"y" : 0.014643877459562698,
	"yaw" : 1.4614292255255776,
	"z" : -0.1695780446719079
}
