{
	"pitch" : 1.4842062351069141,
	"roll" : -1.6521377983110468,
	"x" : 0.039881852840364301,
	"y" : 0.022692862976500486,
	"yaw" : 1.1725180471782057,
	"z" : -0.17139498613584964
}
