{
	"pitch" : 1.4648755167406025,
	"roll" : -1.4595476952614073,
	"x" : 0.0486131292956824,
	"y" : -0.054843121695678766,
	"yaw" : 1.3517211656694559,
	"z" : -0.16934577128502959
}
