{
	"pitch" : 1.4748064987697533,
	"roll" : -1.5009445406353754,
	"x" : 0.060613589733413895,
	"y" : -0.061016791607860783,
	"yaw" : 1.3119986927728311,
	"z" : -0.16095798801233033
}
