{
	"pitch" : 1.4901266287243435,
	"roll" : -1.3667342796256465,
	"x" : 0.12706985940101043,
	"y" : -0.015402842971994908,
	"yaw" : 1.4575590912996257,
	"z" : -0.16874540705884758
}
