{
	"pitch" : 1.5021436787680125,
	"roll" : -1.4746847832126511,
	"x" : 0.10999456888991005,
	"y" : 0.027380236657051488,
	"yaw" : 1.3562748116301768,
	"z" : -0.16989625196297214
}
