{
	"pitch" : 1.469294122763777,
	"roll" : -1.5240718144410077,
	"x" : 0.0086288721816737413,
	"y" : -0.22602204476585258,
	"yaw" : 1.2845332391188358,
	"z" : -0.085369011815924101
}
