{
	"pitch" : 1.4534529834497039,
	"roll" : -1.3431260972713197,
	"x" : 0.062834394390400464,
	"y" : -0.29662185218510961,
	"yaw" : 1.4603689869515681,
	"z" : -0.16994806440224919
}
