{
	"pitch" : 1.4852719728121371,
	"roll" : -1.2987417517650419,
	"x" : 0.11892367993483006,
	"y" : -0.039704673534939408,
	"yaw" : 1.5226780039087071,
	"z" : -0.1682820721370438
}
