{
	"pitch" : 1.4923743436079826,
	"roll" : -1.4685820712806608,
	"x" : 0.074972617873105288,
	"y" : -0.015608538775677014,
	"yaw" : 1.3444624629348403,
	"z" : -0.16945865004010285
}
