{
	"pitch" : 1.4899612005493157,
	"roll" : -1.5252894881025392,
	"x" : 0.076499931383563438,
	"y" : -0.013221119421153737,
	"yaw" : 1.2881103869680079,
	"z" : -0.16987389941594164
}
