{
	"pitch" : 1.4817756058167826,
	"roll" : -1.3911852401522387,
	"x" : 0.09997414214548736,
	"y" : -0.056954661682736024,
	"yaw" : 1.4309259210427532,
	"z" : -0.16862316610082864
}
