{
	"pitch" : 1.4637062339742233,
	"roll" : -1.4029568593106114,
	"x" : 0.10189183724524509,
	"y" : -0.21949112100443727,
	"yaw" : 1.4063348405841118,
	"z" : -0.16891933506291046
}
