{
	"pitch" : 1.4693829575523374,
	"roll" : -1.5659986836414583,
	"x" : 0.021315153193096646,
	"y" : -0.1348374229326943,
	"yaw" : 1.2441002062486033,
	"z" : -0.17098214717310803
}
