{
	"pitch" : 1.4637072662484172,
	"roll" : -1.4426722059150585,
	"x" : -0.01004471820571104,
	"y" : -0.28366292979968766,
	"yaw" : 1.375738703842867,
	"z" : -0.14697066645991352
}
