{
	"pitch" : 1.4650668361281625,
	"roll" : -1.3092833775774373,
	"x" : 0.015283466987471468,
	"y" : -0.20858205213788455,
	"yaw" : 1.5028507412751,
	"z" : -0.2700620924113134
}
