{
	"pitch" : 1.494996037906958,
	"roll" : -1.5482166591002513,
	"x" : 0.093137493398201779,
	"y" : 0.035870562903516333,
	"yaw" : 1.2722237986897573,
	"z" : -0.17377017117460405
}
