{
	"pitch" : 1.4527266372097758,
	"roll" : -1.4004102290128408,
	"x" : 0.017838658760563286,
	"y" : -0.19349100147265086,
	"yaw" : 1.402227838922677,
	"z" : -0.17009039294796258
}
