{
	"pitch" : 1.4930901276464359,
	"roll" : -1.6236116974334573,
	"x" : 0.087455228574210078,
	"y" : 0.018930231883287664,
	"yaw" : 1.1934248538507664,
	"z" : -0.13136806380548163
}
