{
	"pitch" : 1.4496221994611098,
	"roll" : -1.46215106191051,
	"x" : -0.078166287859944797,
	"y" : -0.25839866403278827,
	"yaw" : 1.3394297280151344,
	"z" : -0.17423147994516452
}
