{
	"pitch" : 1.4599039181396514,
	"roll" : -1.363328362059318,
	"x" : 0.075707378345863149,
	"y" : -0.25056532943551668,
	"yaw" : 1.4404148320441961,
	"z" : -0.16920090046831307
}
