{
	"pitch" : 1.491114475000364,
	"roll" : -1.6214000630383301,
	"x" : 0.08379012720762391,
	"y" : 0.0084046238123331746,
	"yaw" : 1.1947247826079066,
	"z" : -0.12520958912732033
}
