{
	"pitch" : 1.4824207639130225,
	"roll" : -1.4361662312612757,
	"x" : 0.034906586308598483,
	"y" : -0.14357319533258373,
	"yaw" : 1.3728454539399306,
	"z" : -0.23623777246373481
}
