{
	"pitch" : 1.4933263200430271,
	"roll" : -1.5487422493027869,
	"x" : 0.091646967865681078,
	"y" : 0.032639650817957763,
	"yaw" : 1.2690443594787932,
	"z" : -0.18813727569949171
}
