{
	"pitch" : 1.4739124878093361,
	"roll" : -1.5043216376086685,
	"x" : 0.070351190277426756,
	"y" : -0.034756167381693653,
	"yaw" : 1.3039856062930659,
	"z" : -0.1691487301867492
}
