{
	"pitch" : 1.4976267304149229,
	"roll" : -1.4470169562467963,
	"x" : 0.11779481004046891,
	"y" : 0.018852254055818616,
	"yaw" : 1.3810140444302992,
	"z" : -0.169918777232971
}
