{
	"pitch" : 1.4587767436446246,
	"roll" : -1.5002800136514374,
	"x" : 0.011593794426508083,
	"y" : -0.21157726974106955,
	"yaw" : 1.3074387645544414,
	"z" : -0.070448912122775667
}
