{
	"pitch" : 1.4957539886716442,
	"roll" : -1.5213034702567836,
	"x" : 0.09219641762848696,
	"y" : 0.03645675683011057,
	"yaw" : 1.3005681800888169,
	"z" : -0.16967849676480801
}
