{
	"pitch" : 1.4888395035011572,
	"roll" : -1.5022114763265568,
	"x" : 0.045045737928927118,
	"y" : -0.043038216575972316,
	"yaw" : 1.316648733120783,
	"z" : -0.17001067983326099
}
