{
	"pitch" : 1.4824230047149911,
	"roll" : -1.341656628122742,
	"x" : 0.10725338999192265,
	"y" : -0.052396001786018914,
	"yaw" : 1.4805524666626289,
	"z" : -0.16785024773102866
}
