{
	"pitch" : 1.4678492560999981,
	"roll" : -1.4760145349593368,
	"x" : 0.00056856295265524104,
	"y" : -0.24768078614747641,
	"yaw" : 1.3370738125307713,
	"z" : -0.10901989465053155
}
