{
	"pitch" : 1.4551345558828714,
	"roll" : -1.4526052767364357,
	"x" : 0.013798034446439386,
	"y" : -0.20871676680047235,
	"yaw" : 1.3492721486510284,
	"z" : -0.17043967455978892
}
