{
	"pitch" : 1.4521381929732458,
	"roll" : -1.3300397867672631,
	"x" : 0.021493081172068669,
	"y" : -0.2901881987830976,
	"yaw" : 1.4748204076553413,
	"z" : -0.17132552057197559
}
