{
	"pitch" : 1.4688528849126929,
	"roll" : -1.5370595916262331,
	"x" : 0.043135169077768702,
	"y" : -0.050341301546641667,
	"yaw" : 1.2734773747831227,
	"z" : -0.16986582891209973
}
