{
	"pitch" : 1.4800842681678168,
	"roll" : -1.5112019609821565,
	"x" : 0.024280566180274382,
	"y" : -0.063236913699335762,
	"yaw" : 1.3148778845327911,
	"z" : -0.17071553209275195
}
