{
	"pitch" : 1.4947845575689653,
	"roll" : -1.3385819207796679,
	"x" : 0.12719569431490596,
	"y" : -0.0099415291369231214,
	"yaw" : 1.4829814199155926,
	"z" : -0.16826891893564086
}
