{
	"pitch" : 1.4542572914348555,
	"roll" : -1.437010332873,
	"x" : 0.011950042019383447,
	"y" : -0.21637436353754699,
	"yaw" : 1.3644076454349132,
	"z" : -0.17069797507856885
}
