{
	"pitch" : 1.4881006100662189,
	"roll" : -1.4927471976246232,
	"x" : 0.075401504597447072,
	"y" : -0.013076864393380256,
	"yaw" : 1.3219094381271195,
	"z" : -0.11841207667858873
}
