{
	"pitch" : 1.4836600534972824,
	"roll" : -1.6401395866192743,
	"x" : 0.043118040952179422,
	"y" : 0.026656748211346955,
	"yaw" : 1.181364092855101,
	"z" : -0.17166259184457053
}
