{
	"pitch" : 1.4947581817248965,
	"roll" : -1.5379398879618991,
	"x" : 0.093259482294617058,
	"y" : 0.035742377398541067,
	"yaw" : 1.2826626908367098,
	"z" : -0.17540032427580851
}
