{
	"pitch" : 1.4673917927992721,
	"roll" : -1.4859341949233535,
	"x" : 0.063093500506323993,
	"y" : -0.056199864414026787,
	"yaw" : 1.3184808881899412,
	"z" : -0.17007084082063498
}
