{
	"pitch" : 1.4835370684232696,
	"roll" : -1.7109801829157276,
	"x" : 0.037299141942568129,
	"y" : 0.019302554746735812,
	"yaw" : 1.1091756319265038,
	"z" : -0.17138995908787347
}
