{
	"pitch" : 1.4833627051009901,
	"roll" : -1.4064476723446404,
	"x" : 0.028423978845876809,
	"y" : -0.16327270774118943,
	"yaw" : 1.4025556799076624,
	"z" : -0.24677862564818753
}
