{
	"pitch" : 1.4832174084562086,
	"roll" : -1.3624971881811174,
	"x" : 0.11362894095193526,
	"y" : -0.047101677093024694,
	"yaw" : 1.4612672833032669,
	"z" : -0.16851268147001125
}
