{
	"pitch" : 1.4841682335127548,
	"roll" : -1.3259069606268048,
	"x" : 0.11639454863186978,
	"y" : -0.041327406534340305,
	"yaw" : 1.4956525604366515,
	"z" : -0.16791479161296932
}
