{
	"pitch" : 1.4672444176662192,
	"roll" : -1.5396002303744794,
	"x" : 0.043406888234098114,
	"y" : -0.14171149973642749,
	"yaw" : 1.2699573010891245,
	"z" : -0.17022374367393173
}
