{
	"pitch" : 1.4434060730773985,
	"roll" : -1.3671227186912898,
	"x" : -0.016799168931749903,
	"y" : -0.30666141132568459,
	"yaw" : 1.4339285109729614,
	"z" : -0.17405141077242176
}
