{
	"pitch" : 1.4491995302068352,
	"roll" : -1.2900586599702062,
	"x" : 0.049879821439345634,
	"y" : -0.29875760270941726,
	"yaw" : 1.5202832687803642,
	"z" : -0.16978841750063994
}
