{
	"pitch" : 1.4726994767284494,
	"roll" : -1.4101650000638453,
	"x" : 0.081773343771727625,
	"y" : -0.18288380472735213,
	"yaw" : 1.4017608275380178,
	"z" : -0.16846637488293117
}
