{
	"pitch" : 1.4863713558558003,
	"roll" : -1.3208858832119836,
	"x" : 0.12141814906570089,
	"y" : -0.035365845693325904,
	"yaw" : 1.497677008596183,
	"z" : -0.16792140090725699
}
