{
	"pitch" : 1.4693266229940127,
	"roll" : -1.569324740159866,
	"x" : -0.029954373724618302,
	"y" : -0.11505359271345335,
	"yaw" : 1.2413563212465109,
	"z" : -0.17174264110190168
}
