{
	"pitch" : 1.4966699759878395,
	"roll" : -1.495903062242963,
	"x" : 0.087656147308235413,
	"y" : 0.038756970785969326,
	"yaw" : 1.3395229007111544,
	"z" : -0.1709450713271442
}
