{
	"pitch" : 1.4901263813217018,
	"roll" : -1.5096526078068095,
	"x" : 0.063259900117619075,
	"y" : -0.028205490924488451,
	"yaw" : 1.3088241012374973,
	"z" : -0.1705062881142328
}
