{
	"pitch" : 1.4518698837584763,
	"roll" : -1.3203675797516268,
	"x" : 0.061894673358983521,
	"y" : -0.30179680620736615,
	"yaw" : 1.4827927744763445,
	"z" : -0.17062688517948585
}
