{
	"pitch" : 1.4477482231060246,
	"roll" : -1.4272534844741909,
	"x" : -0.016219346420197622,
	"y" : -0.30885480678621152,
	"yaw" : 1.3745743442094707,
	"z" : -0.17321295550291443
}
