{
	"pitch" : 1.4703163421047041,
	"roll" : -1.4021387471710443,
	"x" : 0.072842466933569341,
	"y" : -0.011321771391903573,
	"yaw" : 1.3922373485853399,
	"z" : -0.16823781395484039
}
