{
	"pitch" : 1.4795696055488274,
	"roll" : -1.4989295325883456,
	"x" : 0.044733477191867405,
	"y" : -0.11203083726399861,
	"yaw" : 1.3182378441502172,
	"z" : -0.1692326810975821
}
