{
	"pitch" : 1.4858171568737544,
	"roll" : -1.6552007748866064,
	"x" : 0.038254833275870634,
	"y" : 0.021155824145961875,
	"yaw" : 1.1650659163389379,
	"z" : -0.17109400838576788
}
