{
	"pitch" : 1.4469796240411041,
	"roll" : -1.411650668442326,
	"x" : -0.0088476856581164026,
	"y" : -0.28086736992095612,
	"yaw" : 1.3920449646431743,
	"z" : -0.17253091066074214
}
