{
	"pitch" : 1.4957948738376294,
	"roll" : -1.5733220835428912,
	"x" : 0.092739282160495151,
	"y" : 0.035234015961613324,
	"yaw" : 1.2473233622043298,
	"z" : -0.18026927818627894
}
