{
	"pitch" : 1.4741596696001571,
	"roll" : -1.562793357555557,
	"x" : 0.029269657807282211,
	"y" : -0.031184051786482772,
	"yaw" : 1.2526914676596459,
	"z" : -0.16922523530551048
}
