{
	"pitch" : 1.4647673807605519,
	"roll" : -1.5011847524113793,
	"x" : 0.011743494069641369,
	"y" : -0.21158211978559488,
	"yaw" : 1.3091469533345477,
	"z" : -0.070440687668251609
}
