{
	"pitch" : 1.4668804101444326,
	"roll" : -1.5066858767946023,
	"x" : 0.01070806590625871,
	"y" : -0.21514673735659212,
	"yaw" : 1.3073166528343503,
	"z" : -0.074708211688369233
}
