{
	"pitch" : 1.4561344476384728,
	"roll" : -1.437106641565542,
	"x" : 0.013532710855200858,
	"y" : -0.20852036937487858,
	"yaw" : 1.3624700027566088,
	"z" : -0.17049686150493173
}
