{
	"pitch" : 1.455336104478546,
	"roll" : -1.4334947619386118,
	"x" : 0.055790688623584356,
	"y" : -0.076838091228584038,
	"yaw" : 1.3669629044537677,
	"z" : -0.16932267080224087
}
