{
	"pitch" : 1.4778826289189955,
	"roll" : -1.5011469670431854,
	"x" : 0.044514598486388557,
	"y" : -0.11231687173800543,
	"yaw" : 1.315283224842505,
	"z" : -0.16943977722063461
}
