{
	"pitch" : 1.4603815004615008,
	"roll" : -1.2974078419071144,
	"x" : 0.11232714129184099,
	"y" : -0.24032594363962417,
	"yaw" : 1.5117314340342094,
	"z" : -0.16808109367533916
}
