{
	"pitch" : 1.4781016995426401,
	"roll" : -1.5092560957516965,
	"x" : 0.065584162153403069,
	"y" : -0.045981715570617129,
	"yaw" : 1.3030704614372288,
	"z" : -0.13292820624357835
}
