{
	"pitch" : 1.4657375013923957,
	"roll" : -1.4769641071851765,
	"x" : 0.062523229132875224,
	"y" : -0.057310955277384744,
	"yaw" : 1.3311226895377204,
	"z" : -0.18671853828659468
}
