{
	"pitch" : 1.4972929265017241,
	"roll" : -1.461286803412329,
	"x" : 0.069566458521264044,
	"y" : -0.033610443571652979,
	"yaw" : 1.3577089917108809,
	"z" : -0.18021700260793755
}
