{
	"pitch" : 1.4844495719531554,
	"roll" : -1.5536965228794533,
	"x" : 0.084840034327794578,
	"y" : 0.0080528599542768909,
	"yaw" : 1.2618940313979981,
	"z" : -0.21552113815796875
}
