{
	"pitch" : 1.4763237667336879,
	"roll" : -1.5019066398518004,
	"x" : 0.06080288390331666,
	"y" : -0.060916278779840904,
	"yaw" : 1.310822926719835,
	"z" : -0.15984758249625644
}
