{
	"pitch" : 1.4514440496734111,
	"roll" : -1.4715321003829216,
	"x" : 0.019024156229599846,
	"y" : -0.19341192019176656,
	"yaw" : 1.3300095277889763,
	"z" : -0.17015871353850914
}
