{
	"pitch" : 1.4810504879383581,
	"roll" : -1.6280638238782084,
	"x" : 0.030439240688635641,
	"y" : 0.0074015833992205054,
	"yaw" : 1.1950667572793812,
	"z" : -0.17102690163048295
}
