{
	"pitch" : 1.4652286939954267,
	"roll" : -1.319471425941013,
	"x" : 0.015716377721887699,
	"y" : -0.20810505430337473,
	"yaw" : 1.4937849657494362,
	"z" : -0.26993851493206511
}
