{
	"pitch" : 1.4533534043443428,
	"roll" : -1.4664759987502931,
	"x" : 0.0094248996125669837,
	"y" : -0.21073542319035213,
	"yaw" : 1.3340544904318208,
	"z" : -0.1707637847070714
}
