{
	"pitch" : 1.4946726802355572,
	"roll" : -1.3482627725204808,
	"x" : 0.10350233456119541,
	"y" : -0.16311099980488089,
	"yaw" : 1.4226687782723453,
	"z" : -0.16677133130263141
}
