{
	"pitch" : 1.4933838352807842,
	"roll" : -1.4518668167285511,
	"x" : 0.072025045837605148,
	"y" : -0.024827600280377504,
	"yaw" : 1.3628384547857912,
	"z" : -0.16888955363510505
}
