{
	"pitch" : 1.485753989643428,
	"roll" : -1.3591626540523181,
	"x" : 0.11861734631058679,
	"y" : -0.03955322927030807,
	"yaw" : 1.4588893528049214,
	"z" : -0.16803866311176016
}
