{
	"pitch" : 1.4696432052745367,
	"roll" : -1.5540273437069703,
	"x" : 0.0628490614665283,
	"y" : -0.060524140367525819,
	"yaw" : 1.260971810803494,
	"z" : -0.16983974882510941
}
