{
	"pitch" : 1.4710104589482342,
	"roll" : -1.4882045513380753,
	"x" : 0.043323566330758151,
	"y" : -0.11497663215921307,
	"yaw" : 1.3237460316640386,
	"z" : -0.17290930169834021
}
