{
	"pitch" : 1.4965319231629679,
	"roll" : -1.411399775958929,
	"x" : 0.12256366791812631,
	"y" : 0.010651589520754611,
	"yaw" : 1.4111289561287521,
	"z" : -0.16971027820807608
}
