{
	"pitch" : 1.4887857595038316,
	"roll" : -1.4040033678022401,
	"x" : 0.045448751002060375,
	"y" : -0.11517079521455809,
	"yaw" : 1.4032559486216454,
	"z" : -0.22030943931704766
}
