{
	"pitch" : 1.482518193386863,
	"roll" : -1.6100683657105135,
	"x" : 0.027092523090648087,
	"y" : 0.00076484198460352072,
	"yaw" : 1.2101086285607094,
	"z" : -0.17068894265579293
}
