{
	"pitch" : 1.4847652666866735,
	"roll" : -1.6577722576880169,
	"x" : 0.042536659246343693,
	"y" : 0.025537132825405699,
	"yaw" : 1.1642371658059794,
	"z" : -0.17133221140262198
}
