{
	"pitch" : 1.452786852896939,
	"roll" : -1.4728507956294514,
	"x" : 0.031286526332214876,
	"y" : -0.15588864460347454,
	"yaw" : 1.3290059100754226,
	"z" : -0.16981633552615583
}
