{
	"pitch" : 1.4682587973732382,
	"roll" : -1.5802334264567008,
	"x" : -0.032572249177691345,
	"y" : -0.11889048254949329,
	"yaw" : 1.2300250347896919,
	"z" : -0.1715378959581888
}
