{
	"pitch" : 1.4734566749127604,
	"roll" : -1.5816800791854531,
	"x" : 0.047869828874466981,
	"y" : -0.028124587917350855,
	"yaw" : 1.2312856544022899,
	"z" : -0.17068006709043054
}
