{
	"pitch" : 1.4703821379060469,
	"roll" : -1.4640458468198922,
	"x" : 0.059719219114145551,
	"y" : -0.14702614569124223,
	"yaw" : 1.3420959945885647,
	"z" : -0.16945970018855333
}
