{
	"pitch" : 1.4537065936686202,
	"roll" : -1.4787410516878019,
	"x" : 0.031618625181830631,
	"y" : -0.15527269089102158,
	"yaw" : 1.3231438608795434,
	"z" : -0.16992320357949839
}
