{
	"pitch" : 1.4795550020048649,
	"roll" : -1.5840954355128956,
	"x" : 0.032823065851519097,
	"y" : -0.035207590276467075,
	"yaw" : 1.2368409121559627,
	"z" : -0.17014719330310327
}
