{
	"pitch" : 1.4937042693243747,
	"roll" : -1.4451866424138886,
	"x" : 0.12868442006370012,
	"y" : -0.012311195369847224,
	"yaw" : 1.3762743349504614,
	"z" : -0.16920128126023851
}
