{
	"pitch" : 1.4963260698198735,
	"roll" : -1.4740731738004216,
	"x" : 0.079023389444717498,
	"y" : 0.040047177761660217,
	"yaw" : 1.3613876543317711,
	"z" : -0.17087876825665174
}
