{
	"pitch" : 1.4673888250035714,
	"roll" : -1.4869889370831486,
	"x" : 0.049155201363946389,
	"y" : -0.1049643772142947,
	"yaw" : 1.3213512224850847,
	"z" : -0.16959996396371263
}
