{
	"pitch" : 1.4717515199150928,
	"roll" : -1.5473496038108241,
	"x" : -0.073990716509504201,
	"y" : -0.16927098526073123,
	"yaw" : 1.2576886769285072,
	"z" : -0.17319357162431218
}
