{
	"pitch" : 1.4867238692687077,
	"roll" : -1.3201806309505828,
	"x" : 0.12409943002318868,
	"y" : -0.025465890788611348,
	"yaw" : 1.503472116636418,
	"z" : -0.16829275709221911
}
