{
	"pitch" : 1.4966303261459108,
	"roll" : -1.4341305762000141,
	"x" : 0.12466690687307685,
	"y" : 0.0074201801390704567,
	"yaw" : 1.3885825329117634,
	"z" : -0.16936041987832692
}
