{
	"pitch" : 1.4690030099961142,
	"roll" : -1.5369662801292983,
	"x" : 0.06733100053094275,
	"y" : -0.045291092265580771,
	"yaw" : 1.2696250730131791,
	"z" : -0.20675802800039578
}
