{
	"pitch" : 1.4727749046324323,
	"roll" : -1.5067267648940739,
	"x" : -0.075536586863495764,
	"y" : -0.17117641187337251,
	"yaw" : 1.299731124519284,
	"z" : -0.17312714456017292
}
