{
	"pitch" : 1.470119436625501,
	"roll" : -1.5550079584490513,
	"x" : 0.067938729939134912,
	"y" : -0.044142632855653174,
	"yaw" : 1.2515079389204089,
	"z" : -0.20857959840601073
}
