{
	"pitch" : 1.4538587982199991,
	"roll" : -1.4178678782635123,
	"x" : 0.011809025644046012,
	"y" : -0.21468365713294182,
	"yaw" : 1.3816464742926529,
	"z" : -0.16995326033559222
}
