{
	"pitch" : 1.4855652167803806,
	"roll" : -1.5288434877813095,
	"x" : 0.091121132870607302,
	"y" : 0.030940690424872568,
	"yaw" : 1.287320713837155,
	"z" : -0.19345733301567808
}
