{
	"pitch" : 1.4731394786163987,
	"roll" : -1.5831977811715923,
	"x" : 0.040272225019579951,
	"y" : -0.046554134831731805,
	"yaw" : 1.2365821451775405,
	"z" : -0.16986476364142797
}
