{
	"pitch" : 1.4958922595626725,
	"roll" : -1.5605334777593125,
	"x" : 0.070309216704063593,
	"y" : 0.039130715353652104,
	"yaw" : 1.2736812578048926,
	"z" : -0.17123040040790552
}
