{
	"pitch" : 1.4612094766358004,
	"roll" : -1.312747938968557,
	"x" : 0.069002944958956758,
	"y" : -0.26353994803084463,
	"yaw" : 1.4926509654748596,
	"z" : -0.16975014397889682
}
