{
	"pitch" : 1.4869909229508822,
	"roll" : -1.4959364383647329,
	"x" : 0.076018732100853983,
	"y" : -0.013089276864330094,
	"yaw" : 1.3216036740862849,
	"z" : -0.16965393377531382
}
