{
	"pitch" : 1.4779130304439323,
	"roll" : -1.473921630226241,
	"x" : 0.079713588094711935,
	"y" : -0.062936123877177994,
	"yaw" : 1.3400086731728753,
	"z" : -0.16855212203999201
}
