{
	"pitch" : 1.4948672800177585,
	"roll" : -1.5009815323361768,
	"x" : 0.087815154698237946,
	"y" : 0.038796682997412617,
	"yaw" : 1.3351294207400113,
	"z" : -0.17101590844052345
}
