{
	"pitch" : 1.4490461735667695,
	"roll" : -1.4102146767070345,
	"x" : -0.016927480432716524,
	"y" : -0.30884944333919429,
	"yaw" : 1.3912325900106375,
	"z" : -0.17285069434410472
}
