{
	"pitch" : 1.503124548809982,
	"roll" : -1.4786643117246092,
	"x" : 0.107320274563041,
	"y" : 0.029842596412492151,
	"yaw" : 1.3518047990990623,
	"z" : -0.17005788472200481
}
