{
	"pitch" : 1.4909883180710006,
	"roll" : -1.5490920756819262,
	"x" : 0.048408744808098619,
	"y" : -0.10453818302612894,
	"yaw" : 1.2545728094134181,
	"z" : -0.21604700670689544
}
