{
	"pitch" : 1.4839333027166524,
	"roll" : -1.5687150457410983,
	"x" : 0.07732052253927453,
	"y" : -0.012305597515077036,
	"yaw" : 1.2495609095083051,
	"z" : -0.16954664604843966
}
