{
	"pitch" : 1.4924211148608506,
	"roll" : -1.3929492355102333,
	"x" : 0.12780905110977833,
	"y" : -0.014469892152538633,
	"yaw" : 1.4316176870305621,
	"z" : -0.16909733785737352
}
