{
	"pitch" : 1.4796461882701386,
	"roll" : -1.5482049821122539,
	"x" : 0.076498093215939589,
	"y" : -0.017492988887911724,
	"yaw" : 1.2617236581431315,
	"z" : -0.22054473410119368
}
