{
	"pitch" : 1.4690653386470087,
	"roll" : -1.5196317696262731,
	"x" : 0.0077127112400728337,
	"y" : -0.2274712209783438,
	"yaw" : 1.2887218871576243,
	"z" : -0.086975242019520047
}
