{
	"pitch" : 1.5037236529696221,
	"roll" : -1.4909461836992559,
	"x" : 0.10779070955512693,
	"y" : 0.02952997975158473,
	"yaw" : 1.3414474458656451,
	"z" : -0.16991289290626901
}
