{
	"pitch" : 1.4584971445527857,
	"roll" : -1.3328921887709446,
	"x" : 0.074953572157272913,
	"y" : -0.26080680797727174,
	"yaw" : 1.4750052872023918,
	"z" : -0.16937781684509537
}
