{
	"pitch" : 1.490978968037254,
	"roll" : -1.4728081130351909,
	"x" : 0.073678696102922187,
	"y" : -0.018257643997102866,
	"yaw" : 1.3414873543707644,
	"z" : -0.16923636233873068
}
