{
	"pitch" : 1.4749487999341644,
	"roll" : -1.4964090470498155,
	"x" : 0.060540692184200683,
	"y" : -0.0610761293751578,
	"yaw" : 1.3163746101803631,
	"z" : -0.16083631247134358
}
