{
	"pitch" : 1.4779362319849696,
	"roll" : -1.506050894599956,
	"x" : 0.066110468746174073,
	"y" : -0.044173985706942989,
	"yaw" : 1.3061743627605717,
	"z" : -0.13123757239474396
}
