{
	"pitch" : 1.4975422096055186,
	"roll" : -1.5164551228532699,
	"x" : 0.088337384110824951,
	"y" : 0.038401176279157158,
	"yaw" : 1.3184375007679559,
	"z" : -0.17117926712689574
}
