{
	"pitch" : 1.4545700981635077,
	"roll" : -1.5427324278177095,
	"x" : -0.016231444498757561,
	"y" : -0.22584191024006192,
	"yaw" : 1.2605362461840266,
	"z" : -0.17204840424786466
}
