{
	"pitch" : 1.4603568854852242,
	"roll" : -1.3189610867047743,
	"x" : 0.073770173200487496,
	"y" : -0.2597807510061283,
	"yaw" : 1.48535313037753,
	"z" : -0.16856581646714755
}
