{
	"pitch" : 1.4914530821512528,
	"roll" : -1.5020477664020653,
	"x" : 0.066314555085920796,
	"y" : -0.0220571047835708,
	"yaw" : 1.3144857519593305,
	"z" : -0.16973236928776209
}
