{
	"pitch" : 1.4754227625109262,
	"roll" : -1.5103396272352692,
	"x" : 0.062138498580741781,
	"y" : -0.058639453704539379,
	"yaw" : 1.304546780236614,
	"z" : -0.15193845488780089
}
