{
	"pitch" : 1.4724830882468944,
	"roll" : -1.42635368562536,
	"x" : 0.068763571747325322,
	"y" : -0.06262266619555755,
	"yaw" : 1.3912910138100818,
	"z" : -0.16894197233190661
}
