{
	"pitch" : 1.4864603562395076,
	"roll" : -1.3484908489783867,
	"x" : 0.12396994789544813,
	"y" : -0.032795040402234278,
	"yaw" : 1.4757932450883524,
	"z" : -0.16870580082374298
}
