{
	"pitch" : 1.4723958141148192,
	"roll" : -1.5699097452426256,
	"x" : 0.046557095444106286,
	"y" : -0.051737839001397015,
	"yaw" : 1.2490311759648445,
	"z" : -0.169401733523218
}
