{
	"pitch" : 1.4861992878756045,
	"roll" : -1.5310666975909071,
	"x" : 0.053873679542636548,
	"y" : 0.035117202169072152,
	"yaw" : 1.3021387659457961,
	"z" : -0.17145856481282298
}
