{
	"pitch" : 1.4767515856812536,
	"roll" : -1.5217123996571165,
	"x" : 0.064847446213060683,
	"y" : -0.048476738593054569,
	"yaw" : 1.2902078539651147,
	"z" : -0.13525834809279635
}
