{
	"pitch" : 1.4864486922142606,
	"roll" : -1.651694270905133,
	"x" : 0.045874581942569576,
	"y" : 0.02854069155545854,
	"yaw" : 1.1705180902293462,
	"z" : -0.17132187028043044
}
