{
	"pitch" : 1.4794865789340461,
	"roll" : -1.4968599123234905,
	"x" : 0.044787208110882895,
	"y" : -0.11209304963712841,
	"yaw" : 1.3202167748316951,
	"z" : -0.16923484988697965
}
