{
	"pitch" : 1.4481732102582707,
	"roll" : -1.4238234881450009,
	"x" : -0.016326719309540605,
	"y" : -0.30889519471309135,
	"yaw" : 1.3774297206413511,
	"z" : -0.17317516948952014
}
