{
	"pitch" : 1.4942472914408669,
	"roll" : -1.5850331875572503,
	"x" : 0.091826057893080806,
	"y" : 0.031807406270818704,
	"yaw" : 1.2353967665137509,
	"z" : -0.14998175237240918
}
