{
	"pitch" : 1.4705477165086036,
	"roll" : -1.4741584845790636,
	"x" : 0.059384700407918337,
	"y" : -0.060418863297924001,
	"yaw" : 1.3397192525364046,
	"z" : -0.1688553774562816
}
