{
	"pitch" : 1.4860479626847718,
	"roll" : -1.5819414494619068,
	"x" : 0.033572979671673137,
	"y" : 0.015169395918619037,
	"yaw" : 1.2401246630987197,
	"z" : -0.17058832595456
}
