{
	"pitch" : 1.4718934607156102,
	"roll" : -1.5052469768472625,
	"x" : 0.06575216723269095,
	"y" : -0.048319519242241135,
	"yaw" : 1.2996711974309596,
	"z" : -0.16923323704665147
}
