{
	"pitch" : 1.4958900552286685,
	"roll" : -1.563050528679319,
	"x" : 0.09263533781598017,
	"y" : 0.035251690792117749,
	"yaw" : 1.2575361543349628,
	"z" : -0.18003180793615062
}
