{
	"pitch" : 1.4538328525925088,
	"roll" : -1.4288196040675694,
	"x" : -0.02312976064843951,
	"y" : -0.27509338478178497,
	"yaw" : 1.3809490742868491,
	"z" : -0.17296894076472602
}
