{
	"pitch" : 1.4845661489246722,
	"roll" : -1.5844280701572837,
	"x" : 0.033843701767999439,
	"y" : 0.016219657687972906,
	"yaw" : 1.236639920267613,
	"z" : -0.17069570547035498
}
