{
	"pitch" : 1.4709079644774954,
	"roll" : -1.4310492567014668,
	"x" : 0.06703971109827811,
	"y" : -0.062415156507441213,
	"yaw" : 1.3849862617899096,
	"z" : -0.16894856761810903
}
