{
	"pitch" : 1.4814812059204607,
	"roll" : -1.4928045377893622,
	"x" : 0.069092302878133352,
	"y" : -0.033735353925025101,
	"yaw" : 1.3185480431887271,
	"z" : -0.12401912932811521
}
