{
	"pitch" : 1.4904756148949938,
	"roll" : -1.6289439792394167,
	"x" : 0.062734103372381139,
	"y" : 0.037117661618443945,
	"yaw" : 1.2062942459153034,
	"z" : -0.17161882089003416
}
