{
	"pitch" : 1.4711783551564044,
	"roll" : -1.6643903212806985,
	"x" : 0.026824681833083924,
	"y" : -0.01393278553257701,
	"yaw" : 1.1515607937181027,
	"z" : -0.17153935655254526
}
