{
	"pitch" : 1.4539939144866698,
	"roll" : -1.4005757188326011,
	"x" : 0.01869221932025085,
	"y" : -0.19167895750253197,
	"yaw" : 1.4038444165661819,
	"z" : -0.17003236623368609
}
