{
	"pitch" : 1.4740543129604826,
	"roll" : -1.6349988605671995,
	"x" : 0.026916073070973448,
	"y" : -0.015950188469347232,
	"yaw" : 1.1836240437905039,
	"z" : -0.17118714966678067
}
