{
	"pitch" : 1.4527573788039685,
	"roll" : -1.5168279376721674,
	"x" : -0.027488399345982711,
	"y" : -0.23084767211998372,
	"yaw" : 1.2839717090780325,
	"z" : -0.17232932193022935
}
