{
	"pitch" : 1.4797281897420969,
	"roll" : -1.5099017481988055,
	"x" : 0.044515015426920573,
	"y" : -0.11201037108418431,
	"yaw" : 1.3077374805028903,
	"z" : -0.16923799737399711
}
