{
	"pitch" : 1.4844691603236029,
	"roll" : -1.6022396317017458,
	"x" : 0.034629084955577899,
	"y" : 0.017086835070442251,
	"yaw" : 1.2184869026053786,
	"z" : -0.17087894911375462
}
