{
	"pitch" : 1.4973197781850442,
	"roll" : -1.4283031303511795,
	"x" : 0.1123533636070925,
	"y" : 0.024254324875476359,
	"yaw" : 1.3984886731661967,
	"z" : -0.16999549342546655
}
