{
	"pitch" : 1.4680804657162936,
	"roll" : -1.5194241220602909,
	"x" : 0.010076048655571435,
	"y" : -0.21701459317582819,
	"yaw" : 1.2951805174495703,
	"z" : -0.07634842054456692
}
