{
	"pitch" : 1.4675593271054268,
	"roll" : -1.513900000091889,
	"x" : 0.039470050192566858,
	"y" : -0.047221748675704917,
	"yaw" : 1.2945175546771832,
	"z" : -0.17004718565453547
}
