{
	"pitch" : 1.4609479155362248,
	"roll" : -1.459682399936167,
	"x" : 0.062355052040756836,
	"y" : -0.054650032772860443,
	"yaw" : 1.3455135327377534,
	"z" : -0.16978818750042043
}
