{
	"pitch" : 1.4618742810741179,
	"roll" : -1.4475691282607277,
	"x" : -0.0093044407772275017,
	"y" : -0.28195305420408123,
	"yaw" : 1.369781787234255,
	"z" : -0.14492852508863391
}
