{
	"pitch" : 1.4895436158786834,
	"roll" : -1.5004622000418193,
	"x" : 0.062408269600020688,
	"y" : -0.028777796455295691,
	"yaw" : 1.3182353904176927,
	"z" : -0.17054104974169593
}
