{
	"pitch" : 1.486969888271465,
	"roll" : -1.6461978109803641,
	"x" : 0.050318722435880064,
	"y" : 0.031455949208453612,
	"yaw" : 1.178549398653171,
	"z" : -0.17113885762807968
}
