{
	"pitch" : 1.4551950968219625,
	"roll" : -1.4563462790829431,
	"x" : 0.013605042211412857,
	"y" : -0.20863081642380932,
	"yaw" : 1.3455310525301756,
	"z" : -0.17047825005736661
}
