{
	"pitch" : 1.4781567965448925,
	"roll" : -1.4901323045010995,
	"x" : -0.018255408861023767,
	"y" : -0.11038647399706437,
	"yaw" : 1.3280605666770842,
	"z" : -0.17074966131797256
}
