{
	"pitch" : 1.4600408606259185,
	"roll" : -1.3254820793717954,
	"x" : 0.048604880447914917,
	"y" : -0.27418086151719845,
	"yaw" : 1.4846204700359817,
	"z" : -0.1699735357254068
}
