{
	"pitch" : 1.4482715355578923,
	"roll" : -1.4272248821072677,
	"x" : -0.0075018981904521886,
	"y" : -0.27741206534625784,
	"yaw" : 1.3759103886070898,
	"z" : -0.17246224133802562
}
