{
	"pitch" : 1.4703477964928646,
	"roll" : -1.4832577789610608,
	"x" : 0.058365699243238811,
	"y" : -0.060032634153017753,
	"yaw" : 1.3308787665418971,
	"z" : -0.16916367063570587
}
