{
	"pitch" : 1.4839749785392868,
	"roll" : -1.5482380031824023,
	"x" : 0.073869829529609618,
	"y" : -0.019344482242930269,
	"yaw" : 1.2654107583774097,
	"z" : -0.11949185261360772
}
