{
	"pitch" : 1.469675632937433,
	"roll" : -1.4804172044987463,
	"x" : 0.061306396270144281,
	"y" : -0.060879558131948716,
	"yaw" : 1.3258655438396079,
	"z" : -0.16934201464279935
}
