{
	"pitch" : 1.4734379010168333,
	"roll" : -1.5581228562152158,
	"x" : 0.071140835980028114,
	"y" : -0.036495597347256298,
	"yaw" : 1.2509111353051587,
	"z" : -0.21429116653420982
}
