{
	"pitch" : 1.4945968133609411,
	"roll" : -1.6167306793408238,
	"x" : 0.092484846583537603,
	"y" : 0.035243850139119334,
	"yaw" : 1.2049941105659661,
	"z" : -0.16144339924658369
}
