{
	"pitch" : 1.4839614486026624,
	"roll" : -1.4567778208393614,
	"x" : 0.10428032333157576,
	"y" : -0.056019645319807743,
	"yaw" : 1.3627269201597045,
	"z" : -0.1683274412308883
}
