{
	"pitch" : 1.4897036024208004,
	"roll" : -1.3943094829860749,
	"x" : 0.12446800551716952,
	"y" : -0.02780365323987502,
	"yaw" : 1.4265016256546939,
	"z" : -0.16877379396616152
}
