{
	"pitch" : 1.5030959289643588,
	"roll" : -1.4771056870266741,
	"x" : 0.10831387403487164,
	"y" : 0.029468641132562548,
	"yaw" : 1.3541207015830421,
	"z" : -0.1701085655278616
}
