{
	"pitch" : 1.4809239840774873,
	"roll" : -1.466050115015344,
	"x" : 0.072276412631034612,
	"y" : -0.014788028996174842,
	"yaw" : 1.3482919351995371,
	"z" : -0.16893597233835056
}
