{
	"pitch" : 1.4835451704733209,
	"roll" : -1.5574733405672032,
	"x" : 0.031478810804143414,
	"y" : 0.011686554307009073,
	"yaw" : 1.2626329629490549,
	"z" : -0.17053100684231129
}
