{
	"pitch" : 1.49386728252402,
	"roll" : -1.4872846300342084,
	"x" : 0.088528290574245799,
	"y" : 0.038612583142192729,
	"yaw" : 1.349396219503854,
	"z" : -0.17100118758347246
}
