{
	"pitch" : 1.4650028007845592,
	"roll" : -1.3730658549224706,
	"x" : 0.030131864791405456,
	"y" : -0.15486550034399049,
	"yaw" : 1.4442530921886676,
	"z" : -0.21420384410552629
}
