{
	"pitch" : 1.4850924012761417,
	"roll" : -1.5938589160851686,
	"x" : 0.086924462059457447,
	"y" : 0.016620741346942844,
	"yaw" : 1.2207826157076413,
	"z" : -0.21057004464556583
}
