{
	"pitch" : 1.503791055997332,
	"roll" : -1.4923171216548508,
	"x" : 0.10859320644820347,
	"y" : 0.02893261886066692,
	"yaw" : 1.3407164358737045,
	"z" : -0.16995234460238731
}
