{
	"pitch" : 1.4694700505616523,
	"roll" : -1.5732097614778535,
	"x" : -0.03107588237331585,
	"y" : -0.11629490012096053,
	"yaw" : 1.2360698976545421,
	"z" : -0.17156291561312956
}
