{
	"pitch" : 1.4955075451119397,
	"roll" : -1.5367914833442811,
	"x" : 0.073915381793487361,
	"y" : -0.020085562252937332,
	"yaw" : 1.2844248901014466,
	"z" : -0.17394656467203112
}
