{
	"pitch" : 1.4788809186511511,
	"roll" : -1.6049253331813551,
	"x" : 0.026530471477594679,
	"y" : -0.0094723573355093571,
	"yaw" : 1.2151309599867468,
	"z" : -0.17069703490710128
}
