{
	"pitch" : 1.4986673434237885,
	"roll" : -1.3925793978205774,
	"x" : 0.11851894678302499,
	"y" : 0.01697902822466571,
	"yaw" : 1.4320622359407651,
	"z" : -0.16978038415450866
}
