{
	"pitch" : 1.4721701536137217,
	"roll" : -1.3673948695601779,
	"x" : 0.073030348541819459,
	"y" : -0.06309498764500604,
	"yaw" : 1.4518837304034733,
	"z" : -0.16878264735679507
}
