{
	"pitch" : 1.4793354398988217,
	"roll" : -1.543007782936191,
	"x" : 0.071686523558529225,
	"y" : -0.024994044440452678,
	"yaw" : 1.2670009948361789,
	"z" : -0.16964435025918265
}
