{
	"pitch" : 1.4979915692560033,
	"roll" : -1.445766380483783,
	"x" : 0.055964684395831014,
	"y" : -0.072134939868992359,
	"yaw" : 1.3602516888733212,
	"z" : -0.19931710766282262
}
