{
	"pitch" : 1.4763612487165803,
	"roll" : -1.4258383559355114,
	"x" : 0.0760583351917926,
	"y" : -0.063515117618565778,
	"yaw" : 1.393457420420513,
	"z" : -0.16853881418464731
}
