{
	"pitch" : 1.4914761809200006,
	"roll" : -1.5596880155792612,
	"x" : 0.076855048290178224,
	"y" : -0.013143196508718121,
	"yaw" : 1.2578351120658815,
	"z" : -0.17032794716757435
}
