{
	"pitch" : 1.4719788499921904,
	"roll" : -1.5800704651928021,
	"x" : 0.046559359970352598,
	"y" : -0.051916689067129262,
	"yaw" : 1.2381963433535674,
	"z" : -0.16929151161815179
}
