{
	"pitch" : 1.4869083964349159,
	"roll" : -1.5641313785546838,
	"x" : 0.09124922905397756,
	"y" : 0.029080925159616113,
	"yaw" : 1.2536163611880384,
	"z" : -0.19613700036838541
}
