{
	"pitch" : 1.4710910464986398,
	"roll" : -1.4821413543830146,
	"x" : 0.060378572735454897,
	"y" : -0.062122538533410862,
	"yaw" : 1.3282916570188084,
	"z" : -0.16876576065188453
}
