{
	"pitch" : 1.4693189322866349,
	"roll" : -1.5268780552790187,
	"x" : 0.034794563693377398,
	"y" : -0.11517335204895079,
	"yaw" : 1.2808166530096339,
	"z" : -0.1703193448878306
}
