{
	"pitch" : 1.471958281986433,
	"roll" : -1.5129351151057182,
	"x" : 0.038198437130122248,
	"y" : -0.044907215004209779,
	"yaw" : 1.305664286945444,
	"z" : -0.16980684815585059
}
