{
	"pitch" : 1.462257515160696,
	"roll" : -1.4252365835068865,
	"x" : 0.050082855110490779,
	"y" : -0.092976854844448939,
	"yaw" : 1.3739688925060392,
	"z" : -0.17018448020832536
}
