{
	"pitch" : 1.4836535770863499,
	"roll" : -1.6156251020652026,
	"x" : 0.036052230289491394,
	"y" : 0.018938151801677777,
	"yaw" : 1.2060851144910363,
	"z" : -0.1711008593458902
}
