{
	"pitch" : 1.4851736732270766,
	"roll" : -1.352116300638545,
	"x" : 0.12364242969113273,
	"y" : -0.032279571500964999,
	"yaw" : 1.4716383376990465,
	"z" : -0.16861273558696641
}
