{
	"pitch" : 1.4529068303411061,
	"roll" : -1.4174634315988004,
	"x" : 0.00018842814892147675,
	"y" : -0.29955542854624728,
	"yaw" : 1.3862971281796499,
	"z" : -0.17288917760984779
}
