{
	"pitch" : 1.486678736182337,
	"roll" : -1.389727399944819,
	"x" : 0.11708128237288581,
	"y" : -0.042825760297913219,
	"yaw" : 1.4278841331544658,
	"z" : -0.1684712141112619
}
