{
	"pitch" : 1.4943634750400074,
	"roll" : -1.3960805308478064,
	"x" : 0.1259061345457457,
	"y" : 0.0025093655169251793,
	"yaw" : 1.4296521866436722,
	"z" : -0.16960433216899801
}
