{
	"pitch" : 1.4466907757186696,
	"roll" : -1.3821609112118365,
	"x" : -0.014003846517030696,
	"y" : -0.30518127442262871,
	"yaw" : 1.4201247145252565,
	"z" : -0.17393364149102916
}
