{
	"pitch" : 1.4660299056458947,
	"roll" : -1.5346728870993334,
	"x" : 0.019581854161266038,
	"y" : -0.18680836209603652,
	"yaw" : 1.2755408879248458,
	"z" : -0.094465745723057257
}
