{
	"pitch" : 1.492058334129464,
	"roll" : -1.4833231323362239,
	"x" : 0.075521292258542885,
	"y" : -0.012398626764735339,
	"yaw" : 1.3368861088626571,
	"z" : -0.16913579369122261
}
