{
	"pitch" : 1.4936346444902082,
	"roll" : -1.5502977792936281,
	"x" : 0.088785016264510228,
	"y" : 0.025599285552840041,
	"yaw" : 1.2676295150799943,
	"z" : -0.13823314018629529
}
