{
	"pitch" : 1.4905765682399625,
	"roll" : -1.609101757998407,
	"x" : 0.080702053200251728,
	"y" : 0.0013609796679931816,
	"yaw" : 1.205387385689012,
	"z" : -0.12098653173653606
}
