{
	"pitch" : 1.4698367405615982,
	"roll" : -1.5553666657644061,
	"x" : -0.047024299292717647,
	"y" : -0.1419411374471648,
	"yaw" : 1.266117930028114,
	"z" : -0.17260817417985186
}
