{
	"pitch" : 1.4694488755853052,
	"roll" : -1.3267235270259581,
	"x" : 0.071019542344598147,
	"y" : -0.011730770268347993,
	"yaw" : 1.4633534167980204,
	"z" : -0.16836818398246464
}
