{
	"pitch" : 1.4520968755860517,
	"roll" : -1.3191641401332919,
	"x" : 0.047104990147708123,
	"y" : -0.29760460936283439,
	"yaw" : 1.4891296236463578,
	"z" : -0.1701247845917441
}
