{
	"pitch" : 1.4565866789393509,
	"roll" : -1.5918732901532224,
	"x" : -0.08283376344444307,
	"y" : -0.17912560331819077,
	"yaw" : 1.2204652115976466,
	"z" : -0.17361568660432494
}
