{
	"pitch" : 1.4726594494096505,
	"roll" : -1.4118754580214026,
	"x" : 0.070330998439933262,
	"y" : -0.062885966307153193,
	"yaw" : 1.4059295595905752,
	"z" : -0.16902753032017728
}
