{
	"pitch" : 1.4864525880046833,
	"roll" : -1.5670646603617981,
	"x" : 0.044447190016107779,
	"y" : -0.028265203061247798,
	"yaw" : 1.2578527524785552,
	"z" : -0.16850292966049896
}
