{
	"pitch" : 1.4926638799971477,
	"roll" : -1.3282479180349196,
	"x" : 0.12798432608296581,
	"y" : -0.0096871195967675443,
	"yaw" : 1.4947499620773266,
	"z" : -0.16853473417163956
}
