{
	"pitch" : 1.4678703259416139,
	"roll" : -1.5636523813222452,
	"x" : -0.046081495408324444,
	"y" : -0.14073636867126013,
	"yaw" : 1.2568093111671035,
	"z" : -0.1725287944258582
}
