{
	"pitch" : 1.4970168987261341,
	"roll" : -1.4710834718574424,
	"x" : 0.069760894980300345,
	"y" : -0.032910846976917173,
	"yaw" : 1.348061322995687,
	"z" : -0.18003579909987455
}
