{
	"pitch" : 1.4626104871082757,
	"roll" : -1.5795603748582687,
	"x" : -0.0030454310749815361,
	"y" : -0.13595305425053322,
	"yaw" : 1.2292155394825612,
	"z" : -0.17209998242391911
}
