{
	"pitch" : 1.446765047573169,
	"roll" : -1.4948578649125401,
	"x" : -0.07687085162239983,
	"y" : -0.25796088645926313,
	"yaw" : 1.3088394163877024,
	"z" : -0.17433981079916239
}
