{
	"pitch" : 1.4745535639587624,
	"roll" : -1.5328207755343659,
	"x" : 0.02667655946472261,
	"y" : -0.16634720966556199,
	"yaw" : 1.2793999540167067,
	"z" : -0.11604234353858196
}
