{
	"pitch" : 1.4926453673703781,
	"roll" : -1.3845025929029187,
	"x" : 0.12817877844506814,
	"y" : -0.0046663415128335509,
	"yaw" : 1.4399472616974194,
	"z" : -0.16914382648897419
}
