{
	"pitch" : 1.4660734425881168,
	"roll" : -1.4805327406620568,
	"x" : 0.0055968649919936331,
	"y" : -0.23445322890782064,
	"yaw" : 1.3259332965766575,
	"z" : -0.094434159131016646
}
