{
	"pitch" : 1.4751928093661901,
	"roll" : -1.4718265431920525,
	"x" : 0.061597025306680632,
	"y" : -0.058726945282055569,
	"yaw" : 1.343520570192235,
	"z" : -0.15219903883776678
}
