{
	"pitch" : 1.4542272758080894,
	"roll" : -1.4732574094641313,
	"x" : 0.039637585186702157,
	"y" : -0.13355477616880412,
	"yaw" : 1.3248111222794421,
	"z" : -0.16962841710619977
}
