{
	"pitch" : 1.4673054631041744,
	"roll" : -1.4319220510036859,
	"x" : 0.0020938714533845632,
	"y" : -0.0830193312464933,
	"yaw" : 1.397035631051162,
	"z" : -0.17150367967292987
}
