{
	"pitch" : 1.5007238705429173,
	"roll" : -1.4682979004923338,
	"x" : 0.11344569512183852,
	"y" : 0.023872727164118701,
	"yaw" : 1.3611879300140326,
	"z" : -0.16988776000581096
}
