{
	"pitch" : 1.494635039769832,
	"roll" : -1.5482796840808186,
	"x" : 0.092714073722473686,
	"y" : 0.034933816991584446,
	"yaw" : 1.2723770676303685,
	"z" : -0.18206417100711536
}
