{
	"pitch" : 1.4836030253548007,
	"roll" : -1.602353746404398,
	"x" : 0.090828232123652555,
	"y" : 0.024915167724271856,
	"yaw" : 1.2162179918333518,
	"z" : -0.20253583958402607
}
