{
	"pitch" : 1.4784111200700032,
	"roll" : -1.511738057085682,
	"x" : 0.066963417030674627,
	"y" : -0.041188264925732132,
	"yaw" : 1.3003518754815278,
	"z" : -0.12872861760410678
}
