{
	"pitch" : 1.461787606194058,
	"roll" : -1.3064874470581596,
	"x" : 0.11161277452784403,
	"y" : -0.24052625693879523,
	"yaw" : 1.5044654102203374,
	"z" : -0.16786377703921887
}
