{
	"pitch" : 1.4825825265425836,
	"roll" : -1.5362666208437279,
	"x" : 0.090983121873587494,
	"y" : 0.030160612185501652,
	"yaw" : 1.2801106321435562,
	"z" : -0.19484357461244201
}
