{
	"pitch" : 1.4742032915874277,
	"roll" : -1.5256968880935806,
	"x" : 0.044450147745774528,
	"y" : -0.11110580995236935,
	"yaw" : 1.2885200514653978,
	"z" : -0.16943722267860009
}
