{
	"pitch" : 1.4845899466917656,
	"roll" : -1.3835569046270833,
	"x" : 0.11020782359214694,
	"y" : -0.050112979598851776,
	"yaw" : 1.4351113218762204,
	"z" : -0.16825780404352239
}
