{
	"pitch" : 1.4654863611814251,
	"roll" : -1.3714079177507874,
	"x" : 0.031807107255518385,
	"y" : -0.15121434683079865,
	"yaw" : 1.446498919555091,
	"z" : -0.21086250097221212
}
