{
	"pitch" : 1.4841534190675179,
	"roll" : -1.5527604081333746,
	"x" : 0.090964782085097617,
	"y" : 0.029396864998845553,
	"yaw" : 1.2643850241234713,
	"z" : -0.19600091513927848
}
