{
	"pitch" : 1.4652515193493709,
	"roll" : -1.4548002798008364,
	"x" : 0.040039852913930599,
	"y" : -0.12612378950334482,
	"yaw" : 1.3568952679631838,
	"z" : -0.18565695587829192
}
