{
	"pitch" : 1.4676509055074867,
	"roll" : -1.5248597032587743,
	"x" : 0.062998606215405206,
	"y" : -0.059476687002075937,
	"yaw" : 1.2880041640919881,
	"z" : -0.17844543852406364
}
