{
	"pitch" : 1.4606315034783504,
	"roll" : -1.4229391947139061,
	"x" : 0.052029680742324023,
	"y" : -0.086954395658862482,
	"yaw" : 1.3794321103792966,
	"z" : -0.17026243119851281
}
