{
	"pitch" : 1.4798596230142347,
	"roll" : -1.618371712431633,
	"x" : 0.052290905091179174,
	"y" : -0.12562045897008747,
	"yaw" : 1.1882416776662232,
	"z" : -0.17004662036872023
}
