{
	"pitch" : 1.4737579554870162,
	"roll" : -1.5354039269678104,
	"x" : 0.056458321962035998,
	"y" : -0.022842817724963743,
	"yaw" : 1.2779367785926878,
	"z" : -0.17026529249597663
}
