{
	"pitch" : 1.48938835385654,
	"roll" : -1.3615110974386468,
	"x" : 0.12653542147791039,
	"y" : -0.017283693194161481,
	"yaw" : 1.4625703256723039,
	"z" : -0.1686258526463853
}
