{
	"pitch" : 1.4644759406160495,
	"roll" : -1.5116601476162208,
	"x" : 0.043817625918833362,
	"y" : -0.11838070160414563,
	"yaw" : 1.2945673988178803,
	"z" : -0.16934600459014731
}
