{
	"pitch" : 1.4872621027023716,
	"roll" : -1.3437882342255127,
	"x" : 0.12459993500059141,
	"y" : -0.025015877841178362,
	"yaw" : 1.4770487756509967,
	"z" : -0.16845944936358687
}
