{
	"pitch" : 1.4657484488181241,
	"roll" : -1.352002947503645,
	"x" : 0.021537058851620307,
	"y" : -0.28807866351444611,
	"yaw" : 1.4565459862574639,
	"z" : -0.17147872946136458
}
