{
	"pitch" : 1.4564965332231024,
	"roll" : -1.4625612823461995,
	"x" : -0.015732404709841372,
	"y" : -0.29896075291729612,
	"yaw" : 1.3424491775196901,
	"z" : -0.16259910614814682
}
