{
	"pitch" : 1.4694834250311017,
	"roll" : -1.5079206134808185,
	"x" : 0.064590076679350919,
	"y" : -0.061571834645237258,
	"yaw" : 1.2986633422256477,
	"z" : -0.16920937322908042
}
