{
	"pitch" : 1.4615201521367618,
	"roll" : -1.5870035041179331,
	"x" : -0.010399637341931695,
	"y" : -0.14002653794578823,
	"yaw" : 1.2217143044213983,
	"z" : -0.17252925537943276
}
