{
	"pitch" : 1.4513039203186326,
	"roll" : -1.4368912858401637,
	"x" : 0.017179603339180338,
	"y" : -0.19932759809704048,
	"yaw" : 1.366404260007186,
	"z" : -0.16987956083118869
}
