{
	"pitch" : 1.4972696802055596,
	"roll" : -1.349350163073098,
	"x" : 0.12245470880576353,
	"y" : 0.010667449986201198,
	"yaw" : 1.4743033544806767,
	"z" : -0.16925244417479793
}
