{
	"pitch" : 1.4928618299317538,
	"roll" : -1.5179172048151226,
	"x" : 0.081103623858287774,
	"y" : 0.0044397896423906819,
	"yaw" : 1.2959358501530234,
	"z" : -0.12211757734861878
}
