{
	"pitch" : 1.4703592469228857,
	"roll" : -1.5355906881922101,
	"x" : -0.023650735273580081,
	"y" : -0.1086525658372689,
	"yaw" : 1.2773852744142788,
	"z" : -0.17211267903352939
}
