{
	"pitch" : 1.4751148175147881,
	"roll" : -1.5204845272145637,
	"x" : 0.063798167391213481,
	"y" : -0.055025286035347711,
	"yaw" : 1.2928755337569289,
	"z" : -0.14389075138328478
}
