{
	"pitch" : 1.4899378834850074,
	"roll" : -1.3994428088025461,
	"x" : 0.12445782446317333,
	"y" : -0.027862705455977209,
	"yaw" : 1.4213708430888401,
	"z" : -0.16878394888724049
}
