{
	"pitch" : 1.4941444392119272,
	"roll" : -1.5873062322520015,
	"x" : 0.081279169136667051,
	"y" : 0.039431763079721779,
	"yaw" : 1.2422197480728743,
	"z" : -0.1710632157954502
}
