{
	"pitch" : 1.5143106387757568,
	"roll" : -1.3216350206680525,
	"x" : 0.1033045458868409,
	"y" : -0.16571535673041485,
	"yaw" : 1.448350686901031,
	"z" : -0.16684516520418302
}
