{
	"pitch" : 1.4686578068774596,
	"roll" : -1.5092041941560363,
	"x" : 0.066221923785116238,
	"y" : -0.047115632259293522,
	"yaw" : 1.295945912959874,
	"z" : -0.20437502615674666
}
