{
	"pitch" : 1.4531793495670056,
	"roll" : -1.4433998913345853,
	"x" : 0.029118141928717083,
	"y" : -0.15801050806169051,
	"yaw" : 1.3575428631789168,
	"z" : -0.16905261911291861
}
