{
	"pitch" : 1.4701667782261436,
	"roll" : -1.5253780548174807,
	"x" : 0.067494555197217559,
	"y" : -0.041917106164784598,
	"yaw" : 1.2818934627628003,
	"z" : -0.20955751787032939
}
