{
	"pitch" : 1.4651296819849626,
	"roll" : -1.3695715827206465,
	"x" : 0.03164941228459521,
	"y" : -0.15142198847940516,
	"yaw" : 1.448405565504316,
	"z" : -0.21114892892321466
}
