{
	"pitch" : 1.4923267818883332,
	"roll" : -1.4942642203565593,
	"x" : 0.075375543169056633,
	"y" : -0.013029317588323546,
	"yaw" : 1.3272534461267216,
	"z" : -0.16929956345335914
}
