{
	"pitch" : 1.4898143174610881,
	"roll" : -1.3047103328568117,
	"x" : 0.12515651418384691,
	"y" : -0.022916483036228869,
	"yaw" : 1.5186902774946016,
	"z" : -0.16863230787167299
}
