{
	"pitch" : 1.4636946866006022,
	"roll" : -1.3136565826385349,
	"x" : 0.088838909048531589,
	"y" : -0.25423748473226432,
	"yaw" : 1.4939505000121136,
	"z" : -0.16857973753184077
}
