{
	"pitch" : 1.4749609748387229,
	"roll" : -1.4835472194899761,
	"x" : 0.061140740552521916,
	"y" : -0.060923796140425382,
	"yaw" : 1.3304867882746976,
	"z" : -0.16200535241120223
}
