{
	"pitch" : 1.4938780161074501,
	"roll" : -1.5729389610489657,
	"x" : 0.089608757769424396,
	"y" : 0.02596316712693187,
	"yaw" : 1.245630014390644,
	"z" : -0.13940037258719506
}
