{
	"pitch" : 1.4853468765996736,
	"roll" : -1.5836644642580746,
	"x" : 0.034004421591974178,
	"y" : 0.016182698464975519,
	"yaw" : 1.2373579111385025,
	"z" : -0.17075095452889702
}
