{
	"pitch" : 1.48431049305636,
	"roll" : -1.4056310884546297,
	"x" : 0.11116845057641098,
	"y" : -0.049430658814370122,
	"yaw" : 1.4128836884913019,
	"z" : -0.16853087970918054
}
