{
	"pitch" : 1.4988771327363413,
	"roll" : -1.4782116029052654,
	"x" : 0.099717661259321341,
	"y" : 0.03403920929730108,
	"yaw" : 1.3506982776505048,
	"z" : -0.17070616552369247
}
