{
	"pitch" : 1.471823018693031,
	"roll" : -1.3792259632731634,
	"x" : 0.083432336833213022,
	"y" : -0.18631220484506086,
	"yaw" : 1.4309756541771217,
	"z" : -0.16806461540545264
}
