{
	"pitch" : 1.4838024474918405,
	"roll" : -1.3610524545598457,
	"x" : 0.11285058638007014,
	"y" : -0.047553871577348278,
	"yaw" : 1.4630284539944178,
	"z" : -0.16842312556284927
}
