{
	"pitch" : 1.47401676282561,
	"roll" : -1.4362574372772403,
	"x" : 0.10557390376341408,
	"y" : -0.16411505716129088,
	"yaw" : 1.3502906363175784,
	"z" : -0.16868612917370049
}
