{
	"pitch" : 1.4909614846788903,
	"roll" : -1.6730419742953295,
	"x" : 0.093877721053702873,
	"y" : 0.034774848544976131,
	"yaw" : 1.1503794507809786,
	"z" : -0.16124710078143872
}
