{
	"pitch" : 1.4515675663697813,
	"roll" : -1.4066351959994174,
	"x" : -0.0021773833613444454,
	"y" : -0.26103953281690928,
	"yaw" : 1.3970981767500406,
	"z" : -0.17191221799337261
}
