{
	"pitch" : 1.483635709711677,
	"roll" : -1.5518460673118342,
	"x" : 0.08464712179200809,
	"y" : 0.0076949962375301491,
	"yaw" : 1.2638084547992521,
	"z" : -0.21578404786009936
}
