{
	"pitch" : 1.4752012507670436,
	"roll" : -1.5011828324541108,
	"x" : -0.015881416315128322,
	"y" : -0.10777254678676235,
	"yaw" : 1.3188368654690177,
	"z" : -0.17086986987875355
}
