{
	"pitch" : 1.4539064715060155,
	"roll" : -1.4213957382149365,
	"x" : 0.005188024447088227,
	"y" : -0.23791265864906566,
	"yaw" : 1.3817711992661483,
	"z" : -0.17106679088123949
}
