{
	"pitch" : 1.4659129673543549,
	"roll" : -1.5045646062284213,
	"x" : 0.063585037129831046,
	"y" : -0.055567704592691732,
	"yaw" : 1.3013625215567048,
	"z" : -0.19063699861856612
}
