{
	"pitch" : 1.4926276652171739,
	"roll" : -1.6161742570977851,
	"x" : 0.060113594109731085,
	"y" : 0.036033484932638658,
	"yaw" : 1.2163583344970774,
	"z" : -0.1715992610518384
}
