{
	"pitch" : 1.4752643504093628,
	"roll" : -1.5365434953199413,
	"x" : 0.074557436518968248,
	"y" : -0.024043871558082228,
	"yaw" : 1.2694774424061064,
	"z" : -0.21911971858448337
}
