{
	"pitch" : 1.4925636704093772,
	"roll" : -1.5579792398997132,
	"x" : 0.084166606437618668,
	"y" : 0.039009076413176358,
	"yaw" : 1.2734552117466182,
	"z" : -0.17091802264384121
}
