{
	"pitch" : 1.4689741729314507,
	"roll" : -1.5425236171812717,
	"x" : 0.067537438184970724,
	"y" : -0.045057408604121996,
	"yaw" : 1.2643526440610062,
	"z" : -0.20708487785235552
}
