{
	"pitch" : 1.4865821993857018,
	"roll" : -1.3069317132726719,
	"x" : 0.12346545079375372,
	"y" : -0.030156107724003425,
	"yaw" : 1.5164245771489391,
	"z" : -0.16814241055389867
}
