{
	"pitch" : 1.490551203456933,
	"roll" : -1.5683406914414026,
	"x" : 0.077214322632649823,
	"y" : -0.012250854616129434,
	"yaw" : 1.2449459404597334,
	"z" : -0.17021516511376122
}
