{
	"pitch" : 1.4836678062958319,
	"roll" : -1.6363984140059913,
	"x" : 0.029921775898298184,
	"y" : 0.0070306504052017535,
	"yaw" : 1.1868630330198575,
	"z" : -0.17096042460902064
}
