{
	"pitch" : 1.4719660677461881,
	"roll" : -1.4657994222532704,
	"x" : 0.069478602027178121,
	"y" : -0.062305470406463018,
	"yaw" : 1.3432827725920666,
	"z" : -0.16876046030681993
}
