{
	"pitch" : 1.4626075988541227,
	"roll" : -1.5164618426717342,
	"x" : 0.016190309920762716,
	"y" : -0.12480135571144096,
	"yaw" : 1.2901177854459105,
	"z" : -0.17114561479653992
}
