{
	"pitch" : 1.4843774240263214,
	"roll" : -1.557210770848295,
	"x" : 0.084427056135819259,
	"y" : 0.006884650702527478,
	"yaw" : 1.2586037985225977,
	"z" : -0.21629635916415402
}
