{
	"pitch" : 1.4655246877467913,
	"roll" : -1.4324581833928878,
	"x" : 0.039061667876883886,
	"y" : -0.12907933843705155,
	"yaw" : 1.3796944961762494,
	"z" : -0.18813925048664781
}
