{
	"pitch" : 1.4928761001010418,
	"roll" : -1.4995358916013259,
	"x" : 0.06495727666640369,
	"y" : -0.047103158014071979,
	"yaw" : 1.3127533633732278,
	"z" : -0.18765738054871484
}
