{
	"pitch" : 1.492971231613559,
	"roll" : -1.4568455124518636,
	"x" : 0.071999545456326627,
	"y" : -0.02507504861418491,
	"yaw" : 1.3581438411103712,
	"z" : -0.16884631433181974
}
