{
	"pitch" : 1.4855022622932168,
	"roll" : -1.5255244494756481,
	"x" : 0.074767365034090649,
	"y" : -0.014830272625956889,
	"yaw" : 1.2895342021180176,
	"z" : -0.11892886407508767
}
