{
	"pitch" : 1.4722237061502415,
	"roll" : -1.5716813527030977,
	"x" : 0.046614632825029367,
	"y" : -0.051719771431815109,
	"yaw" : 1.2473389518520597,
	"z" : -0.16938997609176989
}
