{
	"pitch" : 1.4510703254533546,
	"roll" : -1.467630098794213,
	"x" : 0.03634594406901942,
	"y" : -0.14145191800513554,
	"yaw" : 1.3288930703814155,
	"z" : -0.16930959626782344
}
