{
	"pitch" : 1.492238265121574,
	"roll" : -1.6342260196011786,
	"x" : 0.062558240397006498,
	"y" : 0.036863976505591284,
	"yaw" : 1.2002143505907337,
	"z" : -0.17170052243509304
}
