{
	"pitch" : 1.4914984781671863,
	"roll" : -1.6139624919635667,
	"x" : 0.084546778336593756,
	"y" : 0.011935699408404029,
	"yaw" : 1.2018769846168169,
	"z" : -0.12644847689407063
}
