{
	"pitch" : 1.4752857763569933,
	"roll" : -1.5756840359354314,
	"x" : 0.02858566676387439,
	"y" : -0.027204640885830137,
	"yaw" : 1.2437156794264532,
	"z" : -0.17041647182984812
}
