{
	"pitch" : 1.4860526662310263,
	"roll" : -1.5285552840838679,
	"x" : 0.074502336556862392,
	"y" : -0.016073620945270338,
	"yaw" : 1.2860943682107737,
	"z" : -0.11919021031503189
}
