{
	"pitch" : 1.479444316637978,
	"roll" : -1.4470114315595568,
	"x" : 0.068016078258845758,
	"y" : -0.037511731009760976,
	"yaw" : 1.3592460822248682,
	"z" : -0.16926757766944542
}
