{
	"pitch" : 1.4620793242511714,
	"roll" : -1.4755106554226183,
	"x" : 0.058176855773453544,
	"y" : -0.070375346831260052,
	"yaw" : 1.3291920151525562,
	"z" : -0.16998542383579548
}
