{
	"pitch" : 1.4549442231242526,
	"roll" : -1.4519105899838018,
	"x" : 0.013823583388565951,
	"y" : -0.20905764426252738,
	"yaw" : 1.3504039315187233,
	"z" : -0.17041381006020295
}
