{
	"pitch" : 1.4835809122810428,
	"roll" : -1.5512718973089294,
	"x" : 0.073806452768839917,
	"y" : -0.019627193929781253,
	"yaw" : 1.2624346568066918,
	"z" : -0.11955093209748674
}
