{
	"pitch" : 1.4964180522813464,
	"roll" : -1.5006341158203393,
	"x" : 0.073082896862834049,
	"y" : -0.023436797388589725,
	"yaw" : 1.3194267553913033,
	"z" : -0.17540509508726229
}
