{
	"pitch" : 1.4536483443102348,
	"roll" : -1.4213971020570433,
	"x" : 0.014601406975475004,
	"y" : -0.20755203486885015,
	"yaw" : 1.3793580809750214,
	"z" : -0.170594660445375
}
