{
	"pitch" : 1.4546259534125383,
	"roll" : -1.4651703082522867,
	"x" : 0.0060475808371095036,
	"y" : -0.21277358982441863,
	"yaw" : 1.3344072558648088,
	"z" : -0.17099896994643063
}
