{
	"pitch" : 1.5030741891002595,
	"roll" : -1.47901813403715,
	"x" : 0.10828287920332069,
	"y" : 0.029473699697868706,
	"yaw" : 1.3521618131030924,
	"z" : -0.17008476623250207
}
