{
	"pitch" : 1.5018956236575758,
	"roll" : -1.5280506164887224,
	"x" : 0.11516146630170569,
	"y" : 0.022724141534084051,
	"yaw" : 1.3035813613403511,
	"z" : -0.16979075963434306
}
