{
	"pitch" : 1.4763575599038248,
	"roll" : -1.388762363251661,
	"x" : 0.075977526940971415,
	"y" : -0.013436294086704926,
	"yaw" : 1.4056915137306654,
	"z" : -0.17024357635495674
}
