{
	"pitch" : 1.4603022316608776,
	"roll" : -1.5750694702724271,
	"x" : 0.0023344765721063365,
	"y" : -0.13280795127155989,
	"yaw" : 1.2333311880227418,
	"z" : -0.17192128926004505
}
