{
	"pitch" : 1.4866039833916986,
	"roll" : -1.5759460593806114,
	"x" : 0.087533253216654006,
	"y" : 0.018439402378197474,
	"yaw" : 1.2412780796676983,
	"z" : -0.20932365536059311
}
