{
	"pitch" : 1.4985610736067567,
	"roll" : -1.4682561119358852,
	"x" : 0.1160749612351836,
	"y" : 0.020990207257939049,
	"yaw" : 1.3611884715238141,
	"z" : -0.17008756333831346
}
