{
	"pitch" : 1.479247060211057,
	"roll" : -1.5678111168172244,
	"x" : 0.081806579628307466,
	"y" : -0.0032871571274983007,
	"yaw" : 1.2443586178587931,
	"z" : -0.21951315943884075
}
