{
	"pitch" : 1.4700151650766706,
	"roll" : -1.4590610014499679,
	"x" : 0.060027297732530301,
	"y" : -0.060589181871732026,
	"yaw" : 1.3554111237950723,
	"z" : -0.16892876920184532
}
