{
	"pitch" : 1.4938294568966215,
	"roll" : -1.6291665049773725,
	"x" : 0.093933159004462502,
	"y" : 0.034164471358089435,
	"yaw" : 1.1922569401099128,
	"z" : -0.15861175629043245
}
