{
	"pitch" : 1.4565522825691177,
	"roll" : -1.3926963704900897,
	"x" : 0.016526010423703164,
	"y" : -0.20513075360114388,
	"yaw" : 1.41976867682612,
	"z" : -0.26793515135278467
}
