{
	"pitch" : 1.4626427976782841,
	"roll" : -1.5470429371829784,
	"x" : 0.077154295545983437,
	"y" : -0.01349424918900779,
	"yaw" : 1.2576640241753552,
	"z" : -0.17078454030011916
}
