{
	"pitch" : 1.496927526069384,
	"roll" : -1.5664162685972409,
	"x" : 0.052366423027130453,
	"y" : -0.093314336778400342,
	"yaw" : 1.2373232770776983,
	"z" : -0.21004851682403619
}
