{
	"pitch" : 1.4900734538554179,
	"roll" : -1.5194416034416012,
	"x" : 0.078586881413067383,
	"y" : -0.0038384576447253373,
	"yaw" : 1.2936811131244625,
	"z" : -0.11883863389007968
}
