{
	"pitch" : 1.471491802306687,
	"roll" : -1.4804828052032062,
	"x" : 0.060440947970361064,
	"y" : -0.061847811969068911,
	"yaw" : 1.3288439486854122,
	"z" : -0.16951438583680115
}
