{
	"pitch" : 1.4908558102826746,
	"roll" : -1.6699943992059789,
	"x" : 0.093822324092142889,
	"y" : 0.034811436744252869,
	"yaw" : 1.1534348070405218,
	"z" : -0.16131111043711421
}
