{
	"pitch" : 1.4464741475300547,
	"roll" : -1.4234136920673055,
	"x" : -0.01761120260808173,
	"y" : -0.30929778319330825,
	"yaw" : 1.3779663461934837,
	"z" : -0.17318906172551968
}
