{
	"pitch" : 1.498751490904269,
	"roll" : -1.4383257850042284,
	"x" : 0.10418474985615347,
	"y" : 0.031666479942874838,
	"yaw" : 1.3898487725372206,
	"z" : -0.17035303804656818
}
