{
	"pitch" : 1.4734417242544207,
	"roll" : -1.4141536797678926,
	"x" : 0.078148885459523351,
	"y" : -0.063069459766647254,
	"yaw" : 1.4008970757604027,
	"z" : -0.16889782510184034
}
