{
	"pitch" : 1.484613624510323,
	"roll" : -1.5190862430742089,
	"x" : 0.047334058222406147,
	"y" : -0.11564529634808589,
	"yaw" : 1.2994851247079264,
	"z" : -0.17018603947368016
}
