{
	"pitch" : 1.4826550905271405,
	"roll" : -1.3655008635156023,
	"x" : 0.11415328607361194,
	"y" : -0.046716851376540483,
	"yaw" : 1.4573527828035981,
	"z" : -0.16839072459175686
}
