{
	"pitch" : 1.4719732489974791,
	"roll" : -1.4867237003666049,
	"x" : 0.044169652169180777,
	"y" : -0.11375547894822755,
	"yaw" : 1.3255632472278889,
	"z" : -0.17138177978374078
}
