{
	"pitch" : 1.4687805368542661,
	"roll" : -1.5459868448477578,
	"x" : 0.04314850630241944,
	"y" : -0.050397472911312066,
	"yaw" : 1.2647482028597945,
	"z" : -0.16980668478930339
}
