{
	"pitch" : 1.4696860783151728,
	"roll" : -1.5536246663594713,
	"x" : 0.062871077817171647,
	"y" : -0.060531598523334312,
	"yaw" : 1.2614440473057777,
	"z" : -0.16985322910250528
}
