{
	"pitch" : 1.483071318628115,
	"roll" : -1.5538506770539056,
	"x" : 0.073817533867850144,
	"y" : -0.020879923749788525,
	"yaw" : 1.2599986132509591,
	"z" : -0.11968545961413779
}
