{
	"pitch" : 1.4822413005494701,
	"roll" : -1.6104011130437039,
	"x" : 0.027159634531849303,
	"y" : -0.00069202176049214942,
	"yaw" : 1.2109814131689463,
	"z" : -0.17065980369602826
}
