{
	"pitch" : 1.4598208029391666,
	"roll" : -1.5860194314461826,
	"x" : -0.083641655557055564,
	"y" : -0.18000772378698163,
	"yaw" : 1.22285484636832,
	"z" : -0.17392275040651589
}
