{
	"pitch" : 1.4717979461973096,
	"roll" : -1.5883551119194368,
	"x" : 0.04430164948668279,
	"y" : -0.049575553089379207,
	"yaw" : 1.2305325035704493,
	"z" : -0.16988508165379457
}
