{
	"pitch" : 1.4798348957907064,
	"roll" : -1.4369738849471174,
	"x" : 0.086682461775611952,
	"y" : -0.061792645480811662,
	"yaw" : 1.3803867602235014,
	"z" : -0.16858996929456196
}
