{
	"pitch" : 1.4783309503828963,
	"roll" : -1.6501438631856862,
	"x" : 0.02668798963140584,
	"y" : -0.0041473565664470417,
	"yaw" : 1.1702585910738994,
	"z" : -0.17078203854574642
}
