{
	"pitch" : 1.4614394264303281,
	"roll" : -1.4326452998977166,
	"x" : -0.010716939846787316,
	"y" : -0.28477723093019286,
	"yaw" : 1.3853447833865467,
	"z" : -0.14842130366968848
}
