{
	"pitch" : 1.4784770433382257,
	"roll" : -1.5274041332862123,
	"x" : 0.068413870195636564,
	"y" : -0.036924809171698228,
	"yaw" : 1.2839301457755472,
	"z" : -0.12540011107501464
}
