{
	"pitch" : 1.4587683387992403,
	"roll" : -1.4440121408826561,
	"x" : 0.038502452889276138,
	"y" : -0.13418602634677212,
	"yaw" : 1.3633901087162685,
	"z" : -0.16923908332588544
}
