{
	"pitch" : 1.4821261232146952,
	"roll" : -1.6261276990451847,
	"x" : 0.084180741755677593,
	"y" : 0.0035129612577935541,
	"yaw" : 1.1909602916175031,
	"z" : -0.21802914124721232
}
