{
	"pitch" : 1.4695900380794944,
	"roll" : -1.5550159880313517,
	"x" : 0.062811285201891762,
	"y" : -0.060519042512041224,
	"yaw" : 1.2599000396514337,
	"z" : -0.16986550361000735
}
