{
	"pitch" : 1.4960195785206261,
	"roll" : -1.4980295420132372,
	"x" : 0.087680993624373843,
	"y" : 0.038810838217194381,
	"yaw" : 1.3376239974146842,
	"z" : -0.17090467365441858
}
