{
	"pitch" : 1.4703269766124558,
	"roll" : -1.526925949740324,
	"x" : 0.066449516173402459,
	"y" : -0.051156740353075714,
	"yaw" : 1.2793511343086137,
	"z" : -0.20060489707909981
}
