{
	"pitch" : 1.4876733112496452,
	"roll" : -1.451395806888687,
	"x" : 0.07737310352399078,
	"y" : -0.010731818020863825,
	"yaw" : 1.3637231909819383,
	"z" : -0.16901580972430108
}
