{
	"pitch" : 1.4519697467811008,
	"roll" : -1.3833066581006923,
	"x" : 0.015842035637618004,
	"y" : -0.20165256717760638,
	"yaw" : 1.417730769982056,
	"z" : -0.1701730681268637
}
