{
	"pitch" : 1.4924337655824111,
	"roll" : -1.5482145066076749,
	"x" : 0.039862354667175817,
	"y" : -0.051826051592091527,
	"yaw" : 1.2745477574555608,
	"z" : -0.16926905448129589
}
