{
	"pitch" : 1.4920746800209932,
	"roll" : -1.3802612877700469,
	"x" : 0.12698248564144607,
	"y" : -0.019081930471188762,
	"yaw" : 1.4406309800617398,
	"z" : -0.16856938827566811
}
