{
	"pitch" : 1.4596751837043451,
	"roll" : -1.495982089753209,
	"x" : 0.011539384761317995,
	"y" : -0.21097581663296039,
	"yaw" : 1.311410800030131,
	"z" : -0.070432968828236714
}
