{
	"pitch" : 1.4965039477362061,
	"roll" : -1.4835923860030842,
	"x" : 0.079093273132246289,
	"y" : 0.039967116518102322,
	"yaw" : 1.3516092181422916,
	"z" : -0.17089089111808087
}
