{
	"pitch" : 1.5241537852144422,
	"roll" : -1.2820593997117176,
	"x" : 0.10237204597323335,
	"y" : -0.16895496174282751,
	"yaw" : 1.4872332940816615,
	"z" : -0.16686798678899034
}
