{
	"pitch" : 1.4669419741965468,
	"roll" : -1.444297302845712,
	"x" : -0.00029980491717067348,
	"y" : -0.085471892983769199,
	"yaw" : 1.3851988040472512,
	"z" : -0.17169677873259898
}
