{
	"pitch" : 1.4548121162162735,
	"roll" : -1.4748069340625771,
	"x" : 0.010882886083854293,
	"y" : -0.20971503482055881,
	"yaw" : 1.3251787640306498,
	"z" : -0.17047833073881921
}
