{
	"pitch" : 1.4636267319204295,
	"roll" : -1.3347584260879302,
	"x" : 0.01579145885552545,
	"y" : -0.29208935905801953,
	"yaw" : 1.4774394357041285,
	"z" : -0.17131355644122845
}
