{
	"pitch" : 1.5015023269609709,
	"roll" : -1.520285600203364,
	"x" : 0.11489011626896849,
	"y" : 0.022860167839775458,
	"yaw" : 1.3112049954554477,
	"z" : -0.16968475980291328
}
