{
	"pitch" : 1.4806315243179713,
	"roll" : -1.533699956870892,
	"x" : 0.080175371298760789,
	"y" : -0.0076591398025856513,
	"yaw" : 1.2785945438713642,
	"z" : -0.22007377011904133
}
