{
	"pitch" : 1.4871798493550956,
	"roll" : -1.3038664065768244,
	"x" : 0.12106324532484056,
	"y" : -0.035889589424614787,
	"yaw" : 1.5140066469271547,
	"z" : -0.16798538633121868
}
