{
	"pitch" : 1.4699112944878663,
	"roll" : -1.510126507992777,
	"x" : 0.035655517931826586,
	"y" : -0.043132033687550593,
	"yaw" : 1.2989236088314484,
	"z" : -0.17036350446707033
}
