{
	"pitch" : 1.4620979727628056,
	"roll" : -1.3355558583961247,
	"x" : 0.11144266097899438,
	"y" : -0.23830229855500687,
	"yaw" : 1.4712078360033234,
	"z" : -0.16851528864042517
}
