{
	"pitch" : 1.4725568362216539,
	"roll" : -1.5353269920727053,
	"x" : 0.075101898070296699,
	"y" : -0.018268858224833873,
	"yaw" : 1.265296663813734,
	"z" : -0.16980059514532186
}
