{
	"pitch" : 1.4821597481971953,
	"roll" : -1.4585230117962775,
	"x" : 0.098805334920348209,
	"y" : -0.058352369520235141,
	"yaw" : 1.3574245660196489,
	"z" : -0.16889211205790372
}
