{
	"pitch" : 1.4775603558480885,
	"roll" : -1.6065616760968557,
	"x" : 0.054072255203944687,
	"y" : -0.12850835163487895,
	"yaw" : 1.2005472969750295,
	"z" : -0.17013785317500085
}
