{
	"pitch" : 1.4812132660467832,
	"roll" : -1.5851583908671933,
	"x" : 0.076563130815809483,
	"y" : -0.011543817986405263,
	"yaw" : 1.2261798754252846,
	"z" : -0.16973794722628588
}
