{
	"pitch" : 1.4818923816669052,
	"roll" : -1.612359251347208,
	"x" : 0.027292727997524399,
	"y" : -0.00076880075854927205,
	"yaw" : 1.2089786850683795,
	"z" : -0.17063003782991565
}
