{
	"pitch" : 1.4899425296275504,
	"roll" : -1.5830227268982615,
	"x" : 0.076636316393454876,
	"y" : -0.01308222864350129,
	"yaw" : 1.2341145218648866,
	"z" : -0.170098983409051
}
