{
	"pitch" : 1.47400553717007,
	"roll" : -1.4643097495915371,
	"x" : 0.061757049249653549,
	"y" : -0.064433948886902348,
	"yaw" : 1.3392814631987213,
	"z" : -0.1692816814519458
}
