{
	"pitch" : 1.4669123729987017,
	"roll" : -1.4968991668121989,
	"x" : 0.015999932344667289,
	"y" : -0.19772766124277427,
	"yaw" : 1.3106105820725689,
	"z" : -0.084107775649044106
}
