{
	"pitch" : 1.4913820362363219,
	"roll" : -1.4440523445558946,
	"x" : 0.072024705568345657,
	"y" : -0.01440457451064199,
	"yaw" : 1.3730508079611723,
	"z" : -0.16871279162517777
}
