{
	"pitch" : 1.4937958499109727,
	"roll" : -1.4673813175891135,
	"x" : 0.071593077750014167,
	"y" : -0.026250342932268602,
	"yaw" : 1.347876499941836,
	"z" : -0.16878140594845487
}
