{
	"pitch" : 1.4958511657813434,
	"roll" : -1.5615286303655014,
	"x" : 0.092750687155871661,
	"y" : 0.035255576646953925,
	"yaw" : 1.2591456641478624,
	"z" : -0.17950791186664683
}
