{
	"pitch" : 1.4957595291811736,
	"roll" : -1.5303776595211833,
	"x" : 0.0922374994974728,
	"y" : 0.036340965388731841,
	"yaw" : 1.2915507077337991,
	"z" : -0.16943133393020865
}
