{
	"pitch" : 1.4982877701114079,
	"roll" : -1.4354899089299276,
	"x" : 0.1171117167656465,
	"y" : 0.018941207109302652,
	"yaw" : 1.3898698683636284,
	"z" : -0.16992111926180256
}
