{
	"pitch" : 1.4955580757624007,
	"roll" : -1.5849709690198106,
	"x" : 0.091484564025008541,
	"y" : 0.033463750690656983,
	"yaw" : 1.234919519657296,
	"z" : -0.1527380339517295
}
