{
	"pitch" : 1.4873266884886946,
	"roll" : -1.5984894598288584,
	"x" : 0.052139715987637711,
	"y" : 0.032274749167051052,
	"yaw" : 1.2317957421731764,
	"z" : -0.17156153118676098
}
