{
	"pitch" : 1.4794844802182769,
	"roll" : -1.616620760657175,
	"x" : 0.027141541205732519,
	"y" : -0.0038142132229767606,
	"yaw" : 1.2045365176765339,
	"z" : -0.17072799584401899
}
