{
	"pitch" : 1.449462911605252,
	"roll" : -1.4299280394614748,
	"x" : -0.0041904921518030464,
	"y" : -0.2691895743124853,
	"yaw" : 1.3732044961178964,
	"z" : -0.17207053757034899
}
