{
	"pitch" : 1.4748530023979169,
	"roll" : -1.5609263270391134,
	"x" : 0.032331908661319173,
	"y" : -0.15441301364444945,
	"yaw" : 1.2540917262122449,
	"z" : -0.1282184914997678
}
