{
	"pitch" : 1.49838790781111,
	"roll" : -1.3755484885190457,
	"x" : 0.11023290946914774,
	"y" : 0.026403069001739204,
	"yaw" : 1.4524319246388657,
	"z" : -0.1698801841492904
}
