{
	"pitch" : 1.4817271787442248,
	"roll" : -1.6290250918016727,
	"x" : 0.031716948804417042,
	"y" : 0.0097896051681689421,
	"yaw" : 1.1901548135765028,
	"z" : -0.17066113849565417
}
