{
	"pitch" : 1.4693093874978145,
	"roll" : -1.4968497704818338,
	"x" : 0.062113130877803319,
	"y" : -0.059923465888997204,
	"yaw" : 1.3149006142037118,
	"z" : -0.17491239297909811
}
