{
	"pitch" : 1.46021374670417,
	"roll" : -1.3533792115766841,
	"x" : 0.024104822344450709,
	"y" : -0.1811182944230485,
	"yaw" : 1.4648666297829702,
	"z" : -0.24213821791534684
}
