{
	"pitch" : 1.4951661546627597,
	"roll" : -1.6044103044711795,
	"x" : 0.092485354753926191,
	"y" : 0.033442520632642352,
	"yaw" : 1.2156286314154028,
	"z" : -0.15377250417314919
}
