{
	"pitch" : 1.4749368644583385,
	"roll" : -1.5577482129126312,
	"x" : 0.030224633530728504,
	"y" : -0.032243818857624063,
	"yaw" : 1.2621367713353551,
	"z" : -0.16968618665152335
}
