{
	"pitch" : 1.4919860434966026,
	"roll" : -1.5187689393932715,
	"x" : 0.071474818038862631,
	"y" : -0.017967838743617535,
	"yaw" : 1.3005254458027111,
	"z" : -0.16996957496394238
}
