{
	"pitch" : 1.4860775118567218,
	"roll" : -1.6119786232693545,
	"x" : 0.054693900663221509,
	"y" : 0.033646363392215058,
	"yaw" : 1.2130166373087381,
	"z" : -0.17122920983004991
}
