{
	"pitch" : 1.4755766845649507,
	"roll" : -1.5440042038016581,
	"x" : 0.044983374473862317,
	"y" : -0.11051104322284613,
	"yaw" : 1.2731122622666595,
	"z" : -0.16936608164783792
}
