{
	"pitch" : 1.4660483383800931,
	"roll" : -1.4641239692521286,
	"x" : 0.061414529157085167,
	"y" : -0.058566786827469103,
	"yaw" : 1.341985195949261,
	"z" : -0.16865327962917534
}
