{
	"pitch" : 1.4869727423392911,
	"roll" : -1.5776566526202074,
	"x" : 0.087357088283009185,
	"y" : 0.018997201086835273,
	"yaw" : 1.2406441944379065,
	"z" : -0.20858219723624971
}
