{
	"pitch" : 1.4629159596390098,
	"roll" : -1.3143355387769129,
	"x" : 0.088023535314570633,
	"y" : -0.2548684594009239,
	"yaw" : 1.4949640702877478,
	"z" : -0.16860937826352979
}
