{
	"pitch" : 1.4771284225142156,
	"roll" : -1.5167238187437895,
	"x" : 0.073396520200119886,
	"y" : -0.024261773068297375,
	"yaw" : 1.2958674159613324,
	"z" : -0.17046133377471448
}
