{
	"pitch" : 1.4605723674452433,
	"roll" : -1.5124808139733985,
	"x" : 0.012531897635306558,
	"y" : -0.21145027068621217,
	"yaw" : 1.2971093069323669,
	"z" : -0.070586670027332668
}
