{
	"pitch" : 1.4719415548960875,
	"roll" : -1.3402726259333655,
	"x" : 0.074081840953524367,
	"y" : -0.012821581519084062,
	"yaw" : 1.4471968824534946,
	"z" : -0.16891056736846127
}
