{
	"pitch" : 1.4958277114953789,
	"roll" : -1.508744600468181,
	"x" : 0.074346774598211013,
	"y" : -0.018974424319498615,
	"yaw" : 1.3122733497959673,
	"z" : -0.17316153599629261
}
