{
	"pitch" : 1.4632675326897877,
	"roll" : -1.4960669972283485,
	"x" : 0.012219856148814989,
	"y" : -0.21147301334146756,
	"yaw" : 1.3140036348843653,
	"z" : -0.070435997630498237
}
