{
	"pitch" : 1.4748590964716393,
	"roll" : -1.4564326810606769,
	"x" : 0.062732754706020771,
	"y" : -0.054733246182183247,
	"yaw" : 1.356075351846364,
	"z" : -0.1448063943053613
}
