{
	"pitch" : 1.4752516189391351,
	"roll" : -1.510984820664679,
	"x" : 0.063286157155327066,
	"y" : -0.054734598087914088,
	"yaw" : 1.3017314057285001,
	"z" : -0.14435618686547402
}
