{
	"pitch" : 1.4753570463156482,
	"roll" : -1.4424188328835277,
	"x" : 0.078753716339495655,
	"y" : -0.062909142113162023,
	"yaw" : 1.3720968653713292,
	"z" : -0.16877752253631031
}
