{
	"pitch" : 1.4938896177657439,
	"roll" : -1.6163979374000321,
	"x" : 0.07528999509468827,
	"y" : 0.039575168112249565,
	"yaw" : 1.2126143851815596,
	"z" : -0.17100708732664727
}
