{
	"pitch" : 1.4966668005805031,
	"roll" : -1.3989424576948841,
	"x" : 0.12416698391663673,
	"y" : 0.008007752018648142,
	"yaw" : 1.4242503113388358,
	"z" : -0.16925618428162642
}
