{
	"pitch" : 1.4577907649673003,
	"roll" : -1.3605882136250123,
	"x" : 0.016080137651273432,
	"y" : -0.20689016489169701,
	"yaw" : 1.4520131736747026,
	"z" : -0.26932063644574966
}
