{
	"pitch" : 1.4537569144163114,
	"roll" : -1.5415594548689964,
	"x" : -0.015608529279539721,
	"y" : -0.22553517656482383,
	"yaw" : 1.2614712307461666,
	"z" : -0.17197023392824498
}
