{
	"pitch" : 1.4858824448767141,
	"roll" : -1.355948889850322,
	"x" : 0.12391623269153712,
	"y" : -0.032500821819754465,
	"yaw" : 1.4681927348005774,
	"z" : -0.16870672328507827
}
