{
	"pitch" : 1.4907751790649721,
	"roll" : -1.3593337656547828,
	"x" : 0.12688740568211407,
	"y" : -0.020471703080377629,
	"yaw" : 1.4607957655212944,
	"z" : -0.16867392715544727
}
