{
	"pitch" : 1.4431943153696398,
	"roll" : -1.3739472842071478,
	"x" : -0.016672326078146504,
	"y" : -0.3068383593632395,
	"yaw" : 1.4272210163204853,
	"z" : -0.17398150319243438
}
