{
	"pitch" : 1.4791169720318371,
	"roll" : -1.6107154452748449,
	"x" : 0.043305722276929068,
	"y" : -0.11939299323109005,
	"yaw" : 1.20770617128796,
	"z" : -0.16265386122385292
}
