{
	"pitch" : 1.4533201750502085,
	"roll" : -1.4845174569437856,
	"x" : 0.014435808218596038,
	"y" : -0.20882415878152827,
	"yaw" : 1.3172153573715342,
	"z" : -0.17065766763831547
}
