{
	"pitch" : 1.4859890133502101,
	"roll" : -1.3668137377301279,
	"x" : 0.038453716700636284,
	"y" : -0.13031393155227436,
	"yaw" : 1.4395663636986458,
	"z" : -0.22832792189113274
}
