{
	"pitch" : 1.4713360681415562,
	"roll" : -1.4884018366559228,
	"x" : 0.044095447514276478,
	"y" : -0.11381214921659732,
	"yaw" : 1.3238372502902336,
	"z" : -0.17155117092037045
}
