{
	"pitch" : 1.4816130325004768,
	"roll" : -1.5474295340329054,
	"x" : 0.085991096318027843,
	"y" : 0.011479636827277498,
	"yaw" : 1.2656122904842639,
	"z" : -0.21406724548585351
}
