{
	"pitch" : 1.4806539067753595,
	"roll" : -1.5946878423646125,
	"x" : 0.034816083940769668,
	"y" : -0.034750463908841747,
	"yaw" : 1.2262880725437479,
	"z" : -0.17023213054621825
}
