{
	"pitch" : 1.4708163344697665,
	"roll" : -1.5707604674074829,
	"x" : -0.03927211045082192,
	"y" : -0.13359780927382922,
	"yaw" : 1.2502825709413075,
	"z" : -0.17211056341284303
}
