{
	"pitch" : 1.4748526405992375,
	"roll" : -1.4603940504376891,
	"x" : 0.061510073170437614,
	"y" : -0.058724980305794934,
	"yaw" : 1.3550536939857301,
	"z" : -0.15234926845404478
}
