{
	"pitch" : 1.477048763293046,
	"roll" : -1.5032779902395601,
	"x" : -0.0169915210457149,
	"y" : -0.10925311160389253,
	"yaw" : 1.3163388290071438,
	"z" : -0.17078612318769898
}
