{
	"pitch" : 1.4421019673743274,
	"roll" : -1.3683868582845786,
	"x" : -0.014829801707154422,
	"y" : -0.30085216805843978,
	"yaw" : 1.4352961808973239,
	"z" : -0.17360239893779647
}
