{
	"pitch" : 1.4868909317262471,
	"roll" : -1.656502796239095,
	"x" : 0.046507657666611135,
	"y" : 0.028865290358887217,
	"yaw" : 1.1659993328007725,
	"z" : -0.17128482388632615
}
