{
	"pitch" : 1.452862721764655,
	"roll" : -1.3346551369644453,
	"x" : 0.064179212475146713,
	"y" : -0.29272113269963063,
	"yaw" : 1.4679070370402822,
	"z" : -0.17026608312894118
}
