{
	"pitch" : 1.4905109452014005,
	"roll" : -1.3678189717161862,
	"x" : 0.12719281395097815,
	"y" : -0.015221255832111001,
	"yaw" : 1.4565714949575046,
	"z" : -0.16880273263846268
}
