{
	"pitch" : 1.4681187883557554,
	"roll" : -1.4289336316222032,
	"x" : 0.065142705045612981,
	"y" : -0.061617717576306824,
	"yaw" : 1.3873326428335386,
	"z" : -0.16934639552568123
}
