{
	"pitch" : 1.4700351488029268,
	"roll" : -1.511519413136023,
	"x" : -0.077942562971028764,
	"y" : -0.17418571509763706,
	"yaw" : 1.2990478162143977,
	"z" : -0.1729627056805606
}
