{
	"pitch" : 1.4837186808388718,
	"roll" : -1.6112732805193206,
	"x" : 0.090232013628810365,
	"y" : 0.024358635722241222,
	"yaw" : 1.2061146705493697,
	"z" : -0.20321972409659975
}
