{
	"pitch" : 1.4696378531433312,
	"roll" : -1.5425208138195838,
	"x" : -0.067721127365878445,
	"y" : -0.16434865249421921,
	"yaw" : 1.2687441528821961,
	"z" : -0.17257729018086479
}
