{
	"pitch" : 1.4987687312160942,
	"roll" : -1.437454857351417,
	"x" : 0.10426688505951055,
	"y" : 0.03157643273877718,
	"yaw" : 1.3905702671184634,
	"z" : -0.17041810505260049
}
