{
	"pitch" : 1.4692832701868053,
	"roll" : -1.5098603656865663,
	"x" : 0.033464969311951295,
	"y" : -0.040041323282699041,
	"yaw" : 1.2984215103338916,
	"z" : -0.17109260057252657
}
