{
	"pitch" : 1.4805848982757521,
	"roll" : -1.5928367611572638,
	"x" : 0.034283363768845887,
	"y" : -0.03494805672424578,
	"yaw" : 1.2278414141128515,
	"z" : -0.17026552837820222
}
