{
	"pitch" : 1.4666293271752691,
	"roll" : -1.4726122245815185,
	"x" : 0.041291520571540855,
	"y" : -0.12414692560592164,
	"yaw" : 1.3374252155308743,
	"z" : -0.18313373201830765
}
