{
	"pitch" : 1.4785570727497579,
	"roll" : -1.3911198971326215,
	"x" : 0.092037962447550456,
	"y" : -0.060122172304553627,
	"yaw" : 1.4322902627672589,
	"z" : -0.16840425279371474
}
