{
	"pitch" : 1.4949137142018862,
	"roll" : -1.4992958381110486,
	"x" : 0.073048409935532771,
	"y" : -0.02153314079881893,
	"yaw" : 1.3215119064993786,
	"z" : -0.17471998357174412
}
