{
	"pitch" : 1.4781625636557219,
	"roll" : -1.5267132842973681,
	"x" : 0.066424911775207693,
	"y" : -0.043020498332550401,
	"yaw" : 1.2859734614463916,
	"z" : -0.13011465777558309
}
