{
	"pitch" : 1.4694420220001772,
	"roll" : -1.5098121263780329,
	"x" : 0.076851285960738203,
	"y" : -0.011831970611574089,
	"yaw" : 1.2946538594993773,
	"z" : -0.17021487872289251
}
