{
	"pitch" : 1.4497544942085374,
	"roll" : -1.4208469989703736,
	"x" : -0.016965486345979969,
	"y" : -0.30860816275874492,
	"yaw" : 1.3811840673699811,
	"z" : -0.17285106278565857
}
