{
	"pitch" : 1.4819119657043722,
	"roll" : -1.3463068144183756,
	"x" : 0.10684239067966873,
	"y" : -0.052541250361298378,
	"yaw" : 1.4761186107471409,
	"z" : -0.16779620592201869
}
