{
	"pitch" : 1.4745616518268923,
	"roll" : -1.5225273081778565,
	"x" : 0.071397111855204629,
	"y" : -0.032690675578653072,
	"yaw" : 1.2847381952220562,
	"z" : -0.2155676431753531
}
