{
	"pitch" : 1.4937584728689897,
	"roll" : -1.5506040875264151,
	"x" : 0.087204555292485483,
	"y" : 0.038880573779748503,
	"yaw" : 1.2797244987695835,
	"z" : -0.17130976196867162
}
