{
	"pitch" : 1.4796318014315133,
	"roll" : -1.5021232569658067,
	"x" : 0.044626358877052588,
	"y" : -0.11198505093190214,
	"yaw" : 1.3152286098112953,
	"z" : -0.16923802673025251
}
