{
	"pitch" : 1.4846740178780666,
	"roll" : -1.5522952478705272,
	"x" : 0.073822270889486508,
	"y" : -0.021194783855139031,
	"yaw" : 1.2610310802239169,
	"z" : -0.11969930326321657
}
