{
	"pitch" : 1.4995255863650181,
	"roll" : -1.5329906730626457,
	"x" : 0.10109349337940375,
	"y" : 0.03351189761049328,
	"yaw" : 1.297046603715726,
	"z" : -0.17086306456020131
}
