{
	"pitch" : 1.4795237533997254,
	"roll" : -1.4412709355927238,
	"x" : 0.089295048206637112,
	"y" : -0.061502087190143488,
	"yaw" : 1.3744180593286817,
	"z" : -0.16909461788852501
}
