{
	"pitch" : 1.4763865996884109,
	"roll" : -1.5351313263682835,
	"x" : 0.06447574836278952,
	"y" : -0.053297757216515335,
	"yaw" : 1.2768180248323053,
	"z" : -0.14159859485761922
}
