{
	"pitch" : 1.4852240913965282,
	"roll" : -1.5302209080912277,
	"x" : 0.091058072394512607,
	"y" : 0.030699661215748748,
	"yaw" : 1.2856503332720826,
	"z" : -0.19376840025666597
}
