{
	"pitch" : 1.4787314417106758,
	"roll" : -1.624541228402121,
	"x" : 0.031661345648077176,
	"y" : 0.012222197494895776,
	"yaw" : 1.1936327273286544,
	"z" : -0.17017510889173057
}
