{
	"pitch" : 1.4590165970596347,
	"roll" : -1.4474678918265185,
	"x" : 0.044666259136869918,
	"y" : -0.11494352034852831,
	"yaw" : 1.3530489071391183,
	"z" : -0.16990588131070489
}
