{
	"pitch" : 1.4742168137832521,
	"roll" : -1.5497591629408238,
	"x" : 0.031699041406953787,
	"y" : -0.15565275257381311,
	"yaw" : 1.2640877703156645,
	"z" : -0.12685679034920794
}
