{
	"pitch" : 1.4764758788303338,
	"roll" : -1.4827052500479041,
	"x" : 0.060868997117856531,
	"y" : -0.020770788050690433,
	"yaw" : 1.3307528518547131,
	"z" : -0.16992281973953227
}
