{
	"pitch" : 1.5029888340087387,
	"roll" : -1.4834319139941723,
	"x" : 0.10765133461369737,
	"y" : 0.02969616800564942,
	"yaw" : 1.3473354196122258,
	"z" : -0.16998609934362596
}
