{
	"pitch" : 1.453269544643246,
	"roll" : -1.4859355285067268,
	"x" : 0.014051240804817053,
	"y" : -0.20887885358035951,
	"yaw" : 1.3157832977332447,
	"z" : -0.17064237862791018
}
