{
	"pitch" : 1.4712556613504075,
	"roll" : -1.6640457011257552,
	"x" : 0.026854538309115564,
	"y" : -0.013936620559903221,
	"yaw" : 1.1519809356603066,
	"z" : -0.17152972225192398
}
