{
	"pitch" : 1.4998769930696505,
	"roll" : -1.5636438616307304,
	"x" : 0.097618545723344718,
	"y" : 0.034577350430259571,
	"yaw" : 1.2669438972390663,
	"z" : -0.17044929801095049
}
