{
	"pitch" : 1.4697505802079773,
	"roll" : -1.5344817594077518,
	"x" : 0.054948807651326745,
	"y" : -0.056839728344628845,
	"yaw" : 1.2816773490095152,
	"z" : -0.16911011495533698
}
