{
	"pitch" : 1.4650251267119905,
	"roll" : -1.567409768461175,
	"x" : -0.044487618265625875,
	"y" : -0.13871637992126476,
	"yaw" : 1.2550601876530509,
	"z" : -0.17272655349693325
}
