{
	"pitch" : 1.4889568509552573,
	"roll" : -1.3423443235326242,
	"x" : 0.12514470736590683,
	"y" : -0.023989837208129236,
	"yaw" : 1.4779776417519102,
	"z" : -0.16853889447892897
}
