{
	"pitch" : 1.4759039997340329,
	"roll" : -1.5006772845349121,
	"x" : 0.061817789060048457,
	"y" : -0.057824227551175181,
	"yaw" : 1.3139280076161426,
	"z" : -0.15018062143138913
}
