{
	"pitch" : 1.4868766439924412,
	"roll" : -1.5708960918431474,
	"x" : 0.091228809960042442,
	"y" : 0.028893977122898803,
	"yaw" : 1.2468886606724352,
	"z" : -0.19654480655117101
}
