{
	"pitch" : 1.4829222797887891,
	"roll" : -1.5272708711537786,
	"x" : 0.09113827257957581,
	"y" : 0.029664316965839863,
	"yaw" : 1.2898052536722495,
	"z" : -0.19570582208990242
}
