{
	"pitch" : 1.4947312530633692,
	"roll" : -1.5703064572167105,
	"x" : 0.082771141766934037,
	"y" : 0.039077977520156057,
	"yaw" : 1.2599504575658003,
	"z" : -0.17082600538212436
}
