{
	"pitch" : 1.4684844972169542,
	"roll" : -1.5858029071793809,
	"x" : -0.031818586673311139,
	"y" : -0.11696806714860578,
	"yaw" : 1.2233257827928243,
	"z" : -0.1716906342794714
}
