{
	"pitch" : 1.463143790673284,
	"roll" : -1.3380421129548759,
	"x" : 0.016355194236654658,
	"y" : -0.29159913258303999,
	"yaw" : 1.473637938298715,
	"z" : -0.17131346849844475
}
