{
	"pitch" : 1.4943098748519021,
	"roll" : -1.5851564032427778,
	"x" : 0.091702104616413746,
	"y" : 0.031678122144878251,
	"yaw" : 1.2353486457469938,
	"z" : -0.14949953014721887
}
