{
	"pitch" : 1.4853863654266397,
	"roll" : -1.3563856092177429,
	"x" : 0.12383949316248141,
	"y" : -0.03227350337981915,
	"yaw" : 1.4675218735841336,
	"z" : -0.16869983686100165
}
