{
	"pitch" : 1.4614343781555779,
	"roll" : -1.308424567056619,
	"x" : 0.11166461291018692,
	"y" : -0.24068753592566211,
	"yaw" : 1.5032706581972788,
	"z" : -0.16794968550453238
}
