{
	"pitch" : 1.4733730578418407,
	"roll" : -1.4938420758391384,
	"x" : 0.044510241344062965,
	"y" : -0.11309062894363869,
	"yaw" : 1.3193194474808714,
	"z" : -0.17070871867821041
}
