{
	"pitch" : 1.4962787752771085,
	"roll" : -1.5046187381364533,
	"x" : 0.075001222987705063,
	"y" : -0.016497887142161757,
	"yaw" : 1.316041609312063,
	"z" : -0.1715556372401445
}
