{
	"pitch" : 1.4826660080717891,
	"roll" : -1.5312022593510493,
	"x" : 0.091103551108967604,
	"y" : 0.029754433097867069,
	"yaw" : 1.2851050969340869,
	"z" : -0.19542002611479078
}
