{
	"pitch" : 1.47478203167198,
	"roll" : -1.4763408471713262,
	"x" : 0.060938897065665437,
	"y" : -0.061557732630441536,
	"yaw" : 1.3364438798290841,
	"z" : -0.16630359777974119
}
