{
	"pitch" : 1.4770966706146091,
	"roll" : -1.4728830961489126,
	"x" : 0.077431678691249589,
	"y" : -0.013648488295213255,
	"yaw" : 1.3236347060413549,
	"z" : -0.17065200800286565
}
