{
	"pitch" : 1.4781431513110976,
	"roll" : -1.6234402233548473,
	"x" : 0.066842913014930463,
	"y" : -0.050023194738468973,
	"yaw" : 1.1918326852615015,
	"z" : -0.16934182188963656
}
