{
	"pitch" : 1.4944017593544274,
	"roll" : -1.3565695803814346,
	"x" : 0.12662282053584081,
	"y" : -0.0029529299109304716,
	"yaw" : 1.4640933264405074,
	"z" : -0.16889447487026055
}
