{
	"pitch" : 1.4622134620765868,
	"roll" : -1.5443440153753913,
	"x" : 0.011674257103906349,
	"y" : -0.12811273221018041,
	"yaw" : 1.263472445567227,
	"z" : -0.1717044119560715
}
