{
	"pitch" : 1.4871013722664848,
	"roll" : -1.579935221695179,
	"x" : 0.058286111500874704,
	"y" : 0.03621344567577945,
	"yaw" : 1.2491703690564437,
	"z" : -0.17194749407912063
}
