{
	"pitch" : 1.4678104280385038,
	"roll" : -1.47359682903231,
	"x" : 0.049041045674859979,
	"y" : -0.055519484746628087,
	"yaw" : 1.3374261337480173,
	"z" : -0.16920060872619114
}
