{
	"pitch" : 1.4959581766970744,
	"roll" : -1.5722546435414013,
	"x" : 0.092709169359343591,
	"y" : 0.035223624406903423,
	"yaw" : 1.2483010816357401,
	"z" : -0.18008608066085388
}
