{
	"pitch" : 1.4709268863619269,
	"roll" : -1.4779930466564377,
	"x" : -0.063144669444542639,
	"y" : -0.15865228509825405,
	"yaw" : 1.3367973014244321,
	"z" : -0.17283402148225097
}
