{
	"pitch" : 1.4952065613906567,
	"roll" : -1.59367568567755,
	"x" : 0.091514461418634604,
	"y" : 0.030964802792629319,
	"yaw" : 1.2271645105486344,
	"z" : -0.14821472673354563
}
