{
	"pitch" : 1.4711129970240377,
	"roll" : -1.5201601747553712,
	"x" : 0.062862167861740856,
	"y" : -0.060223014428407072,
	"yaw" : 1.2966766857098875,
	"z" : -0.16998744490825929
}
