{
	"pitch" : 1.4925810004290634,
	"roll" : -1.5080108925876541,
	"x" : 0.092635986792462266,
	"y" : 0.037481937074696679,
	"yaw" : 1.3200839628987142,
	"z" : -0.17145876374649421
}
