{
	"pitch" : 1.4750329712385546,
	"roll" : -1.4867165636792159,
	"x" : 0.060946126536802661,
	"y" : -0.061020021801037425,
	"yaw" : 1.3270392453703668,
	"z" : -0.16139907127150643
}
