{
	"pitch" : 1.4576323431827747,
	"roll" : -1.3826377030993167,
	"x" : 0.016385388493976971,
	"y" : -0.2054908513325065,
	"yaw" : 1.4296594561537102,
	"z" : -0.26821167541233604
}
