{
	"pitch" : 1.4781000054387572,
	"roll" : -1.5913683220417116,
	"x" : 0.027277342471342725,
	"y" : -0.01855640766799917,
	"yaw" : 1.2281724088031958,
	"z" : -0.17083276301381864
}
