{
	"pitch" : 1.4679298781292336,
	"roll" : -1.614412346050812,
	"x" : 0.04088870824927579,
	"y" : -0.03170408212106271,
	"yaw" : 1.1964983661063282,
	"z" : -0.17058837850983044
}
