{
	"pitch" : 1.4842955964210429,
	"roll" : -1.3322357418315913,
	"x" : 0.11612389332572172,
	"y" : -0.041700264542592118,
	"yaw" : 1.4892595371126485,
	"z" : -0.16793650034040972
}
