{
	"pitch" : 1.4798037825700969,
	"roll" : -1.50999021319727,
	"x" : 0.067356106811295627,
	"y" : -0.040287724224272861,
	"yaw" : 1.3018457988403138,
	"z" : -0.12809152451545333
}
