{
	"pitch" : 1.4596402337010421,
	"roll" : -1.527496929302447,
	"x" : 0.01215160014077285,
	"y" : -0.2114671649203555,
	"yaw" : 1.2813868466911877,
	"z" : -0.070564880077954431
}
