{
	"pitch" : 1.4990840031285013,
	"roll" : -1.535013091202005,
	"x" : 0.086788536378337403,
	"y" : 0.038493528362779514,
	"yaw" : 1.2991667836651579,
	"z" : -0.17082647332136186
}
