{
	"pitch" : 1.4765576719246314,
	"roll" : -1.5856533304082023,
	"x" : 0.031719933614211333,
	"y" : -0.035307749303179231,
	"yaw" : 1.2354894693942893,
	"z" : -0.16979998747240418
}
