{
	"pitch" : 1.4841163074031392,
	"roll" : -1.6264343558293715,
	"x" : 0.028517448063912286,
	"y" : 0.0029066890138865487,
	"yaw" : 1.1941470095775757,
	"z" : -0.17090486904985952
}
