{
	"pitch" : 1.4709275602783254,
	"roll" : -1.4911984293950749,
	"x" : 0.062274371077783879,
	"y" : -0.05981105877782647,
	"yaw" : 1.3247076654522081,
	"z" : -0.17136517609516824
}
