{
	"pitch" : 1.4702969527875267,
	"roll" : -1.5004610517404902,
	"x" : 0.030906358673711547,
	"y" : -0.037396526707013877,
	"yaw" : 1.306702573279038,
	"z" : -0.17031822629287674
}
