{
	"pitch" : 1.4794845252522073,
	"roll" : -1.63962264534254,
	"x" : 0.026203758722426057,
	"y" : -0.0050588449962121525,
	"yaw" : 1.1787957607585418,
	"z" : -0.17057937455498728
}
