{
	"pitch" : 1.4719069962751303,
	"roll" : -1.5156380172549548,
	"x" : 0.050385418280181594,
	"y" : -0.054138711459918533,
	"yaw" : 1.3013963833470477,
	"z" : -0.16908292859470492
}
