{
	"pitch" : 1.4443814271058431,
	"roll" : -1.3837186625493434,
	"x" : -0.015972381973793442,
	"y" : -0.30827282376032483,
	"yaw" : 1.4173245723695143,
	"z" : -0.17451103475299776
}
