{
	"pitch" : 1.4768018620170631,
	"roll" : -1.5496322469621833,
	"x" : 0.031335725072314732,
	"y" : -0.034353079224999,
	"yaw" : 1.2704193498479872,
	"z" : -0.16984098117578528
}
