{
	"pitch" : 1.4734620803957137,
	"roll" : -1.5050979770889175,
	"x" : 0.071285988210313483,
	"y" : -0.028659996816464833,
	"yaw" : 1.297480379201349,
	"z" : -0.16986968620011891
}
