{
	"pitch" : 1.493276097271987,
	"roll" : -1.6269189953500121,
	"x" : 0.091142747511384334,
	"y" : 0.029348158860316255,
	"yaw" : 1.1936888674140804,
	"z" : -0.14532500739718252
}
