{
	"pitch" : 1.4779684049522319,
	"roll" : -1.5008763944122834,
	"x" : 0.044531948232302027,
	"y" : -0.11232379139041791,
	"yaw" : 1.3156097269311926,
	"z" : -0.16943552179654905
}
