{
	"pitch" : 1.4642998528793749,
	"roll" : -1.2953800344221871,
	"x" : 0.10881754368610548,
	"y" : -0.24261021955689463,
	"yaw" : 1.5178292895583025,
	"z" : -0.1682719198086351
}
