{
	"pitch" : 1.4949591230891872,
	"roll" : -1.4215556865730106,
	"x" : 0.12549623293380396,
	"y" : 0.0032723783699859475,
	"yaw" : 1.4053256732681103,
	"z" : -0.16963284775399351
}
