{
	"pitch" : 1.4822679387765667,
	"roll" : -1.5361102035956891,
	"x" : -0.029239915528832913,
	"y" : -0.12428477866776344,
	"yaw" : 1.2822769895856021,
	"z" : -0.1715654834437341
}
