{
	"pitch" : 1.4910665172600566,
	"roll" : -1.3700899365368204,
	"x" : 0.12740315120626311,
	"y" : -0.014947865035122668,
	"yaw" : 1.4543808260332376,
	"z" : -0.16890159537858018
}
