{
	"pitch" : 1.4808772914777544,
	"roll" : -1.5507584632071023,
	"x" : 0.075428525742022107,
	"y" : -0.016687088527210792,
	"yaw" : 1.2609134101774027,
	"z" : -0.17030761440294193
}
