{
	"pitch" : 1.4620817426987334,
	"roll" : -1.319108210806812,
	"x" : 0.1099303885483229,
	"y" : -0.23610781608232906,
	"yaw" : 1.4883779898466285,
	"z" : -0.16818674470192749
}
