{
	"pitch" : 1.469568637732336,
	"roll" : -1.3037622618145595,
	"x" : 0.071931472074251851,
	"y" : -0.012443903489941809,
	"yaw" : 1.4844176640718345,
	"z" : -0.16857951884444697
}
