{
	"pitch" : 1.470134000830972,
	"roll" : -1.5516608607408089,
	"x" : 0.062379782955336027,
	"y" : -0.060076114888281039,
	"yaw" : 1.2615070556735304,
	"z" : -0.16958921925992712
}
