{
	"pitch" : 1.480664399954061,
	"roll" : -1.3687068962880531,
	"x" : 0.081910359503104213,
	"y" : -0.063052096684991829,
	"yaw" : 1.4587688163962809,
	"z" : -0.16866028446928211
}
