{
	"pitch" : 1.4515124261161563,
	"roll" : -1.3838195402953102,
	"x" : -0.0055796712582032448,
	"y" : -0.27093852670821755,
	"yaw" : 1.4172725450096537,
	"z" : -0.17310462827659878
}
