{
	"pitch" : 1.4864545690762274,
	"roll" : -1.591704998289762,
	"x" : 0.088001162199868255,
	"y" : 0.018225104455973549,
	"yaw" : 1.224924945202966,
	"z" : -0.20944325885889808
}
