{
	"pitch" : 1.4727524581650848,
	"roll" : -1.5677569449908408,
	"x" : 0.070381070101472432,
	"y" : -0.037073445620203628,
	"yaw" : 1.2415124138919429,
	"z" : -0.21346042586322547
}
