{
	"pitch" : 1.4927159705970439,
	"roll" : -1.3311916949331624,
	"x" : 0.1271714659129688,
	"y" : -0.0048909837269975279,
	"yaw" : 1.4887555978886329,
	"z" : -0.16855070059452368
}
