{
	"pitch" : 1.4747647209868293,
	"roll" : -1.5405067944336037,
	"x" : 0.077633598708666027,
	"y" : -0.01371338010508753,
	"yaw" : 1.2592177842401548,
	"z" : -0.17039180841043569
}
