{
	"pitch" : 1.4911928005483424,
	"roll" : -1.5470758082295948,
	"x" : 0.091971069598374283,
	"y" : 0.033089313994950763,
	"yaw" : 1.2719073857193226,
	"z" : -0.1879713226086959
}
