{
	"pitch" : 1.4582159140051369,
	"roll" : -1.4270371785839913,
	"x" : 0.039947177809055753,
	"y" : -0.12946005256521312,
	"yaw" : 1.3774007493540523,
	"z" : -0.16891456501580246
}
