{
	"pitch" : 1.4633886924614232,
	"roll" : -1.5465038839286103,
	"x" : 0.074231030437584666,
	"y" : -0.021665857472578098,
	"yaw" : 1.2586272104784326,
	"z" : -0.17031920177016027
}
