{
	"pitch" : 1.4971839484113616,
	"roll" : -1.515432127930908,
	"x" : 0.10136849575237894,
	"y" : 0.033416265818030116,
	"yaw" : 1.315164404181514,
	"z" : -0.17051930489762182
}
