{
	"pitch" : 1.4864568266265419,
	"roll" : -1.3838564641112774,
	"x" : 0.11665700584148717,
	"y" : -0.043663270955184547,
	"yaw" : 1.4340426862300117,
	"z" : -0.1686460207534892
}
