{
	"pitch" : 1.4568526495550143,
	"roll" : -1.4437241235545046,
	"x" : 0.052602698017789065,
	"y" : -0.085616577482906964,
	"yaw" : 1.3616478643369949,
	"z" : -0.16927918579152118
}
