{
	"pitch" : 1.472290607858487,
	"roll" : -1.5111002167818921,
	"x" : 0.02542842386023017,
	"y" : -0.16954739835596896,
	"yaw" : 1.2990088223454652,
	"z" : -0.1125088601464509
}
