{
	"pitch" : 1.4513795739596824,
	"roll" : -1.4172850341168162,
	"x" : -0.0025755295449103877,
	"y" : -0.26416924165015765,
	"yaw" : 1.3841860042252205,
	"z" : -0.17151118672399576
}
