{
	"pitch" : 1.4979324752098293,
	"roll" : -1.3899114296504613,
	"x" : 0.10663523496700579,
	"y" : 0.029603942553721146,
	"yaw" : 1.4400955949346446,
	"z" : -0.16991315487812916
}
