{
	"pitch" : 1.4828430823022178,
	"roll" : -1.5887884644291048,
	"x" : 0.071039428934477525,
	"y" : -0.029397896977449614,
	"yaw" : 1.2239271373894836,
	"z" : -0.12257983889195688
}
