{
	"pitch" : 1.4670565094229677,
	"roll" : -1.4795919371662567,
	"x" : 0.00080135480704258966,
	"y" : -0.24488090567987481,
	"yaw" : 1.3321432975118528,
	"z" : -0.10622167886926558
}
