{
	"pitch" : 1.4793929449835233,
	"roll" : -1.4171682070410849,
	"x" : 0.086697121820344655,
	"y" : -0.061853712423038387,
	"yaw" : 1.3995205047013544,
	"z" : -0.16869746637734259
}
