{
	"pitch" : 1.4741542925992743,
	"roll" : -1.561222756402914,
	"x" : 0.029251862256970768,
	"y" : -0.031221208768400757,
	"yaw" : 1.2543238805916124,
	"z" : -0.1691875118477594
}
