{
	"pitch" : 1.4972833807991219,
	"roll" : -1.4476383879015284,
	"x" : 0.11736593775939544,
	"y" : 0.01932727730514306,
	"yaw" : 1.3809912417080459,
	"z" : -0.17003681524213105
}
