{
	"pitch" : 1.4513127127348227,
	"roll" : -1.4708652793885713,
	"x" : 0.019393947824344615,
	"y" : -0.19258084677833809,
	"yaw" : 1.3310069378763667,
	"z" : -0.17020723719744979
}
