{
	"pitch" : 1.4688523834177007,
	"roll" : -1.507382206555786,
	"x" : 0.062203520408856169,
	"y" : -0.059808176018813261,
	"yaw" : 1.3044468883052769,
	"z" : -0.17590525525977702
}
