{
	"pitch" : 1.4577297172088974,
	"roll" : -1.4573041305994381,
	"x" : -0.031293492611130597,
	"y" : -0.27266699362786173,
	"yaw" : 1.3516112329419063,
	"z" : -0.17316926258211002
}
