{
	"pitch" : 1.4769407333582216,
	"roll" : -1.5798471057859989,
	"x" : 0.036311029188256058,
	"y" : -0.13954363545450663,
	"yaw" : 1.2356025522822793,
	"z" : -0.14152599443483938
}
