{
	"pitch" : 1.4563183696775244,
	"roll" : -1.5964929527268297,
	"x" : -0.061588701308785007,
	"y" : -0.16854010323185539,
	"yaw" : 1.2109134440189901,
	"z" : -0.17344153920640618
}
