{
	"pitch" : 1.4826162159768357,
	"roll" : -1.3681016089293938,
	"x" : 0.027796214698965357,
	"y" : -0.16723753549255113,
	"yaw" : 1.4440131919930108,
	"z" : -0.24853801299702927
}
