{
	"pitch" : 1.4887231061560637,
	"roll" : -1.5429662768255907,
	"x" : 0.091542367901945851,
	"y" : 0.031152246029516901,
	"yaw" : 1.274326185074232,
	"z" : -0.19229184795625118
}
