{
	"pitch" : 1.4552068069294519,
	"roll" : -1.419594301535932,
	"x" : 0.020267471189149282,
	"y" : -0.18735996605448171,
	"yaw" : 1.3830958169618774,
	"z" : -0.16994750951523541
}
