{
	"pitch" : 1.4566602283654129,
	"roll" : -1.4688256590209352,
	"x" : 0.038265482196146977,
	"y" : -0.13813998441691572,
	"yaw" : 1.325793561949727,
	"z" : -0.16952586907137332
}
