{
	"pitch" : 1.500279970800809,
	"roll" : -1.4805948734754553,
	"x" : 0.11425149405427157,
	"y" : 0.023122098115909984,
	"yaw" : 1.3496494929575897,
	"z" : -0.16958024043987299
}
