{
	"pitch" : 1.4623493037656428,
	"roll" : -1.5935243847934448,
	"x" : -0.082355713016197291,
	"y" : -0.17944019784261042,
	"yaw" : 1.2155221961857245,
	"z" : -0.17265092162956747
}
