{
	"pitch" : 1.4948407508265651,
	"roll" : -1.5789983126774989,
	"x" : 0.092635895591018286,
	"y" : 0.035458156459040324,
	"yaw" : 1.2417775187036177,
	"z" : -0.16163194271246148
}
