{
	"pitch" : 1.4841053556462018,
	"roll" : -1.6321588503421931,
	"x" : 0.029471255953742261,
	"y" : 0.0055738035609244757,
	"yaw" : 1.1906855028623875,
	"z" : -0.17092486445327365
}
