{
	"pitch" : 1.4782277039740599,
	"roll" : -1.5291508457761516,
	"x" : 0.074499838020956916,
	"y" : -0.017937890031124989,
	"yaw" : 1.2851887348185487,
	"z" : -0.16967620692037358
}
