{
	"pitch" : 1.4488530983428463,
	"roll" : -1.4653742006392092,
	"x" : -0.078621152259333374,
	"y" : -0.25801888748558877,
	"yaw" : 1.3377997080958235,
	"z" : -0.17435156344793495
}
