{
	"pitch" : 1.4881301648194603,
	"roll" : -1.51734791974494,
	"x" : 0.080911911137853398,
	"y" : -0.0025025965006409395,
	"yaw" : 1.2963145269346812,
	"z" : -0.11973825756236477
}
