{
	"pitch" : 1.4895855443386621,
	"roll" : -1.6313745062727032,
	"x" : 0.063083278091231043,
	"y" : 0.037103928792106507,
	"yaw" : 1.2042712408487741,
	"z" : -0.17173992669697846
}
