{
	"pitch" : 1.4841057433521181,
	"roll" : -1.5284530194683756,
	"x" : 0.071975871945633499,
	"y" : -0.026056530467209259,
	"yaw" : 1.2847800321332183,
	"z" : -0.1211870232520947
}
