{
	"pitch" : 1.4746050296666486,
	"roll" : -1.5962716620658657,
	"x" : 0.030022364666368873,
	"y" : -0.029806933631445424,
	"yaw" : 1.2231540753205403,
	"z" : -0.17001667078492569
}
