{
	"pitch" : 1.4871329166747496,
	"roll" : -1.5020079778475948,
	"x" : 0.075771575391272494,
	"y" : -0.012693491460684362,
	"yaw" : 1.3127739772435276,
	"z" : -0.11869833129794877
}
