{
	"pitch" : 1.4430208041224948,
	"roll" : -1.3789747740568257,
	"x" : -0.015571541628835076,
	"y" : -0.30414224648507626,
	"yaw" : 1.4237374989018337,
	"z" : -0.17398427772699304
}
