{
	"pitch" : 1.4545764923878151,
	"roll" : -1.4277656518736423,
	"x" : 0.01445322364314279,
	"y" : -0.20524853262018403,
	"yaw" : 1.3731284308099732,
	"z" : -0.17052816954770353
}
