{
	"pitch" : 1.4762884178780062,
	"roll" : -1.6098289942936364,
	"x" : 0.041412160809440497,
	"y" : -0.12495236923524214,
	"yaw" : 1.205460941174977,
	"z" : -0.1566341629351935
}
