{
	"pitch" : 1.4761043002444643,
	"roll" : -1.5714850209158631,
	"x" : 0.065722871113523693,
	"y" : -0.051039918569920378,
	"yaw" : 1.2411218386390983,
	"z" : -0.13884567980786469
}
