{
	"pitch" : 1.4801342552133154,
	"roll" : -1.3807669269669642,
	"x" : 0.082803351059906133,
	"y" : -0.062788669373956288,
	"yaw" : 1.4472226352701323,
	"z" : -0.16846208181908026
}
