{
	"pitch" : 1.4683754195620249,
	"roll" : -1.5286295144388837,
	"x" : 0.062645725133255975,
	"y" : -0.059564513111341033,
	"yaw" : 1.2833193258915607,
	"z" : -0.17757541656717254
}
