{
	"pitch" : 1.4747480982053416,
	"roll" : -1.5189611432350294,
	"x" : 0.072016566105004537,
	"y" : -0.030158595891872503,
	"yaw" : 1.2874324814707268,
	"z" : -0.21633255591682776
}
