{
	"pitch" : 1.4539520833641575,
	"roll" : -1.4299176127339717,
	"x" : 0.012284450760646146,
	"y" : -0.21364413643357927,
	"yaw" : 1.3686795379325518,
	"z" : -0.17008239886205953
}
