{
	"pitch" : 1.4929206182206203,
	"roll" : -1.5106550672536478,
	"x" : 0.092463455397261779,
	"y" : 0.037337330363102161,
	"yaw" : 1.3172043331321057,
	"z" : -0.1714008692265398
}
