{
	"pitch" : 1.4828739227297432,
	"roll" : -1.3329042001261491,
	"x" : 0.10813732728128195,
	"y" : -0.051984035152111099,
	"yaw" : 1.4894397922469622,
	"z" : -0.16806993519470753
}
