{
	"pitch" : 1.4708709760136827,
	"roll" : -1.5769203201920927,
	"x" : 0.033837222419479784,
	"y" : -0.036795192395704175,
	"yaw" : 1.2388623620071453,
	"z" : -0.17008626607623567
}
