{
	"pitch" : 1.4558545864017209,
	"roll" : -1.3363602737929665,
	"x" : 0.027789902291438247,
	"y" : -0.29209188138799885,
	"yaw" : 1.4679276772329444,
	"z" : -0.17111178738806293
}
