{
	"pitch" : 1.4938998663665681,
	"roll" : -1.6178896074519562,
	"x" : 0.090961642121287239,
	"y" : 0.029349249556548315,
	"yaw" : 1.2028429427090293,
	"z" : -0.14534860875501882
}
