{
	"pitch" : 1.4837254657080345,
	"roll" : -1.3617960501123558,
	"x" : 0.1130740913809386,
	"y" : -0.047386007989046734,
	"yaw" : 1.4621648293737441,
	"z" : -0.16844070452582377
}
