{
	"pitch" : 1.4585568696358684,
	"roll" : -1.4092836256567616,
	"x" : 0.0065666454652912598,
	"y" : -0.29709352708232989,
	"yaw" : 1.4029315930579489,
	"z" : -0.17242145753626642
}
