{
	"pitch" : 1.4748931299657149,
	"roll" : -1.5828772137555793,
	"x" : 0.033395676207809061,
	"y" : -0.15212114768751719,
	"yaw" : 1.2345736599173742,
	"z" : -0.13051157839975824
}
