{
	"pitch" : 1.4467162891539924,
	"roll" : -1.4863980010407356,
	"x" : -0.076001568039973891,
	"y" : -0.25769823317284835,
	"yaw" : 1.3177377226232001,
	"z" : -0.17432869674798834
}
