{
	"pitch" : 1.4711496991653399,
	"roll" : -1.4803153437307517,
	"x" : 0.060391145492279266,
	"y" : -0.06188582012821979,
	"yaw" : 1.3294351534911411,
	"z" : -0.16936671897268657
}
