{
	"pitch" : 1.4925511123473918,
	"roll" : -1.6058458633045578,
	"x" : 0.088030303224350251,
	"y" : 0.021048333988174552,
	"yaw" : 1.2109570996596979,
	"z" : -0.13407141790466659
}
