{
	"pitch" : 1.4555222528398553,
	"roll" : -1.416383382162576,
	"x" : 0.0028717851324804172,
	"y" : -0.24554820705038657,
	"yaw" : 1.386005750650237,
	"z" : -0.17139889517848528
}
