{
	"pitch" : 1.4663549499684321,
	"roll" : -1.6049922438598867,
	"x" : -0.012638075779769664,
	"y" : -0.12497307773782712,
	"yaw" : 1.20688016048015,
	"z" : -0.17204938397475775
}
