{
	"pitch" : 1.4824226260275717,
	"roll" : -1.4073403165770439,
	"x" : 0.099601501641179896,
	"y" : -0.056860247984119545,
	"yaw" : 1.4148257988223645,
	"z" : -0.16867983198287173
}
