{
	"pitch" : 1.4683368129959344,
	"roll" : -1.4894105403945257,
	"x" : 0.065163876994720774,
	"y" : -0.048473245177441261,
	"yaw" : 1.3162450256007556,
	"z" : -0.20256419765120184
}
