{
	"pitch" : 1.4732555595779941,
	"roll" : -1.5878700101790522,
	"x" : 0.029107233067792171,
	"y" : -0.030977641223259956,
	"yaw" : 1.2276630252293546,
	"z" : -0.16942660334552276
}
