{
	"pitch" : 1.4938610615142653,
	"roll" : -1.5552933601569838,
	"x" : 0.096562993875445688,
	"y" : 0.035555006941315359,
	"yaw" : 1.2762202002999117,
	"z" : -0.17074802794978991
}
