{
	"pitch" : 1.4982479903761503,
	"roll" : -1.4565804004409335,
	"x" : 0.057010300740459416,
	"y" : -0.068099455594885491,
	"yaw" : 1.3540682643914503,
	"z" : -0.19754137549360212
}
