{
	"pitch" : 1.4831756448001188,
	"roll" : -1.6058539017999207,
	"x" : 0.090920947098164923,
	"y" : 0.024825189233118425,
	"yaw" : 1.2127179052845047,
	"z" : -0.20277055889210394
}
