{
	"pitch" : 1.4898694305350542,
	"roll" : -1.432570967413161,
	"x" : 0.073062117021790135,
	"y" : -0.013709812741290593,
	"yaw" : 1.3843406134099812,
	"z" : -0.16865454471404306
}
