{
	"pitch" : 1.4492366731869726,
	"roll" : -1.4042464415426954,
	"x" : -0.016806972362123723,
	"y" : -0.30899649507756499,
	"yaw" : 1.3972961378983877,
	"z" : -0.17275523962826161
}
