{
	"pitch" : 1.4511821093120949,
	"roll" : -1.4555613878730387,
	"x" : -0.067087712406302527,
	"y" : -0.25152453027223748,
	"yaw" : 1.3466548069611466,
	"z" : -0.17348983386001332
}
