{
	"pitch" : 1.4645455479940992,
	"roll" : -1.4920860798398599,
	"x" : 0.063355172607449134,
	"y" : -0.056401618606743989,
	"yaw" : 1.316873011826285,
	"z" : -0.188134317132965
}
