{
	"pitch" : 1.4868385254286256,
	"roll" : -1.3415700839306712,
	"x" : 0.12390060582285711,
	"y" : -0.033193255195153856,
	"yaw" : 1.48281789529277,
	"z" : -0.16891169125211469
}
