{
	"pitch" : 1.468497235019619,
	"roll" : -1.448673094210184,
	"x" : -0.00093846015615071943,
	"y" : -0.086394701776896801,
	"yaw" : 1.3794260966788978,
	"z" : -0.17178812301089122
}
