{
	"pitch" : 1.4813556623272688,
	"roll" : -1.6303547794587407,
	"x" : 0.030315053037891788,
	"y" : 0.0074448308076034541,
	"yaw" : 1.192797909709562,
	"z" : -0.1709648289163575
}
