{
	"pitch" : 1.4963836630340632,
	"roll" : -1.5310336388616053,
	"x" : 0.092205412076129228,
	"y" : 0.036417841976181101,
	"yaw" : 1.2908881038727964,
	"z" : -0.16991722724771913
}
