{
	"pitch" : 1.4771167611637719,
	"roll" : -1.4762793704088053,
	"x" : 0.07409277362083741,
	"y" : -0.020386208998826476,
	"yaw" : 1.3293929490827836,
	"z" : -0.22026400382630112
}
