{
	"pitch" : 1.4902314920374096,
	"roll" : -1.4192268392022591,
	"x" : 0.066474597110845537,
	"y" : -0.017630114326226114,
	"yaw" : 1.3999055433577208,
	"z" : -0.16905597829208047
}
