{
	"pitch" : 1.4805088387687708,
	"roll" : -1.3951196326212485,
	"x" : 0.087717461062749219,
	"y" : -0.062056846063378565,
	"yaw" : 1.4308423035175084,
	"z" : -0.16839032467824996
}
