{
	"pitch" : 1.4993498942564856,
	"roll" : -1.3995036756150254,
	"x" : 0.11905298822795407,
	"y" : 0.015819729892865075,
	"yaw" : 1.4247041817813231,
	"z" : -0.16961947191898674
}
