{
	"pitch" : 1.4518568294535379,
	"roll" : -1.5344486089413225,
	"x" : -0.036012663199905329,
	"y" : -0.23672515821488588,
	"yaw" : 1.2672352437949121,
	"z" : -0.17320812299660154
}
