{
	"pitch" : 1.4752992416952504,
	"roll" : -1.57248204114996,
	"x" : 0.065347111398032523,
	"y" : -0.050229425921600838,
	"yaw" : 1.240791323364139,
	"z" : -0.13730518030425687
}
