{
	"pitch" : 1.4542346743737307,
	"roll" : -1.4361682635646997,
	"x" : -0.012102529212657309,
	"y" : -0.30602740563649983,
	"yaw" : 1.3681778313444319,
	"z" : -0.17310205799781167
}
