{
	"pitch" : 1.5033869209032569,
	"roll" : -1.480259055488238,
	"x" : 0.108278951798297,
	"y" : 0.029480202218540051,
	"yaw" : 1.3513563905203136,
	"z" : -0.17006066490739577
}
