{
	"pitch" : 1.4528432427545177,
	"roll" : -1.468179696785485,
	"x" : 0.026010388135270957,
	"y" : -0.17627129635956248,
	"yaw" : 1.3393735614336557,
	"z" : -0.17022046031969043
}
