{
	"pitch" : 1.4919354660093882,
	"roll" : -1.3832075521789464,
	"x" : 0.12699083897945951,
	"y" : -0.019089856812924508,
	"yaw" : 1.4375476234327591,
	"z" : -0.16858690879886035
}
