{
	"pitch" : 1.4929593636894023,
	"roll" : -1.3888207709365683,
	"x" : 0.12830850036011215,
	"y" : -0.0040430985085370442,
	"yaw" : 1.4360817193671063,
	"z" : -0.16937206674526359
}
