{
	"pitch" : 1.4959749086560175,
	"roll" : -1.3443010527257284,
	"x" : 0.12235283526410856,
	"y" : 0.01002686780456501,
	"yaw" : 1.4797997941695635,
	"z" : -0.16889282097793956
}
