{
	"pitch" : 1.4875663984847061,
	"roll" : -1.6207320042880178,
	"x" : 0.057769795877700036,
	"y" : 0.035553664623672598,
	"yaw" : 1.2068727723582833,
	"z" : -0.17158964033569432
}
