{
	"pitch" : 1.4849266255674416,
	"roll" : -1.5539015962174425,
	"x" : 0.073769832855996573,
	"y" : -0.021214395677260578,
	"yaw" : 1.2594052924090535,
	"z" : -0.11974696970914599
}
