{
	"pitch" : 1.4489075100698527,
	"roll" : -1.4628618577655674,
	"x" : -0.078648315346298653,
	"y" : -0.258047504807846,
	"yaw" : 1.3402405109563922,
	"z" : -0.17434730039909735
}
