{
	"pitch" : 1.4712750067800762,
	"roll" : -1.5435415521712641,
	"x" : 0.043609701864604763,
	"y" : -0.11171545696806358,
	"yaw" : 1.2689332283025188,
	"z" : -0.16952526480871555
}
