{
	"pitch" : 1.4998317995401413,
	"roll" : -1.4860443610245726,
	"x" : 0.11618175839005376,
	"y" : 0.021365994436287498,
	"yaw" : 1.3428303588434012,
	"z" : -0.16995487496093423
}
