{
	"pitch" : 1.4874184380224054,
	"roll" : -1.4965724680808818,
	"x" : 0.076020884303748079,
	"y" : -0.013032883252557732,
	"yaw" : 1.3210145991966289,
	"z" : -0.16965356667834536
}
