{
	"pitch" : 1.4729224106735728,
	"roll" : -1.5671154705817809,
	"x" : 0.039846550013249139,
	"y" : -0.046227281696812839,
	"yaw" : 1.2526459264521752,
	"z" : -0.16990105504336522
}
