{
	"pitch" : 1.4559517018721162,
	"roll" : -1.5896682680015841,
	"x" : -0.06054001429205115,
	"y" : -0.1676994177255027,
	"yaw" : 1.2197828359239882,
	"z" : -0.17344937013893263
}
