{
	"pitch" : 1.4666238245655874,
	"roll" : -1.2948883123699324,
	"x" : 0.10524187506443797,
	"y" : -0.24326026803648779,
	"yaw" : 1.5170798544949398,
	"z" : -0.16805879676837754
}
