{
	"pitch" : 1.4880278098679116,
	"roll" : -1.4163842909229023,
	"x" : 0.046905880448153331,
	"y" : -0.11200523143286159,
	"yaw" : 1.3888905324031584,
	"z" : -0.21891430337317419
}
