{
	"pitch" : 1.4538436267359052,
	"roll" : -1.3422136150989317,
	"x" : 0.031690028090605601,
	"y" : -0.29329562787531743,
	"yaw" : 1.4635210379333898,
	"z" : -0.17123887087394216
}
