{
	"pitch" : 1.4607574253588282,
	"roll" : -1.2932389122016927,
	"x" : 0.11215701636479714,
	"y" : -0.24086012903038348,
	"yaw" : 1.5176908087123706,
	"z" : -0.1680552565235631
}
