{
	"pitch" : 1.4707422764359925,
	"roll" : -1.5335717956226813,
	"x" : -0.024686766952150774,
	"y" : -0.10966493973184024,
	"yaw" : 1.2774002799900304,
	"z" : -0.1720394057769753
}
