{
	"pitch" : 1.4606909859808219,
	"roll" : -1.3214763254394328,
	"x" : 0.11188117597511171,
	"y" : -0.23978014810820819,
	"yaw" : 1.4862118037434482,
	"z" : -0.16855542305202104
}
