{
	"pitch" : 1.4712447290527406,
	"roll" : -1.4845780819817083,
	"x" : 0.059023288013623512,
	"y" : -0.072334924765560055,
	"yaw" : 1.3249631877178942,
	"z" : -0.16921605556254662
}
