{
	"pitch" : 1.4908624325468316,
	"roll" : -1.546522243798965,
	"x" : 0.09197687315911357,
	"y" : 0.033027030731900262,
	"yaw" : 1.2725548748205304,
	"z" : -0.18804501903279999
}
