{
	"pitch" : 1.4678950992027382,
	"roll" : -1.4848170846039015,
	"x" : 0.049398503428447336,
	"y" : -0.055631112912797265,
	"yaw" : 1.3256782181817721,
	"z" : -0.16921415449598967
}
