{
	"pitch" : 1.4758648475105214,
	"roll" : -1.3255549952965571,
	"x" : 0.020799031222923224,
	"y" : -0.19069091801558652,
	"yaw" : 1.4874320113249644,
	"z" : -0.26014317502943274
}
