{
	"pitch" : 1.4757495972051757,
	"roll" : -1.5533151271981465,
	"x" : 0.07512141530550695,
	"y" : -0.023439247427306679,
	"yaw" : 1.2525957631121487,
	"z" : -0.21946741229320083
}
