{
	"pitch" : 1.4732107393137004,
	"roll" : -1.4814021964109818,
	"x" : 0.064704100204336895,
	"y" : -0.049864038436749358,
	"yaw" : 1.3281387195322427,
	"z" : -0.16926964449218046
}
