{
	"pitch" : 1.4991112149236807,
	"roll" : -1.4440765867080283,
	"x" : 0.10361914643707573,
	"y" : 0.03194094107616792,
	"yaw" : 1.3845424846202306,
	"z" : -0.17006199583695658
}
