{
	"pitch" : 1.48862827481517,
	"roll" : -1.4986343775729976,
	"x" : 0.076097236300884566,
	"y" : -0.012766124580821742,
	"yaw" : 1.3193773201845738,
	"z" : -0.16962389251809015
}
