{
	"pitch" : 1.4513537267872869,
	"roll" : -1.2880648204751597,
	"x" : 0.05970492617327898,
	"y" : -0.30141566352149923,
	"yaw" : 1.5155242308466683,
	"z" : -0.1697908731965983
}
