{
	"pitch" : 1.4673323431134251,
	"roll" : -1.5314836199594182,
	"x" : 0.076126735646653676,
	"y" : -0.01233942910923291,
	"yaw" : 1.2695193139254648,
	"z" : -0.16898792761684858
}
