{
	"pitch" : 1.4760225611980144,
	"roll" : -1.4221546013469195,
	"x" : 0.074635952634180935,
	"y" : -0.011702348862318726,
	"yaw" : 1.3758379837984687,
	"z" : -0.16834535968147926
}
