{
	"pitch" : 1.4699231814571212,
	"roll" : -1.5211422644757187,
	"x" : 0.056396440411126826,
	"y" : -0.057517880483430747,
	"yaw" : 1.2953022615519327,
	"z" : -0.16888350194871415
}
