{
	"pitch" : 1.4757427982331919,
	"roll" : -1.5573382790475745,
	"x" : 0.039849169312184921,
	"y" : -0.13047993830482871,
	"yaw" : 1.2575170158664317,
	"z" : -0.15123366323863427
}
