{
	"pitch" : 1.4597607452421897,
	"roll" : -1.5156829059022674,
	"x" : 0.011837949652304225,
	"y" : -0.21128356393618242,
	"yaw" : 1.2925614806532073,
	"z" : -0.070205427173281737
}
