{
	"pitch" : 1.4786278554976904,
	"roll" : -1.5386995547413784,
	"x" : 0.078598124128679003,
	"y" : -0.013407799492950173,
	"yaw" : 1.2711098120724065,
	"z" : -0.22082003809630882
}
