{
	"pitch" : 1.4675027897430022,
	"roll" : -1.5251467505046725,
	"x" : -0.051598360753735681,
	"y" : -0.14710317120766769,
	"yaw" : 1.2980539218564902,
	"z" : -0.17335506488515032
}
