{
	"pitch" : 1.4535329317902521,
	"roll" : -1.39959575022001,
	"x" : 0.015214303726254624,
	"y" : -0.20398135488121677,
	"yaw" : 1.4014377154484485,
	"z" : -0.17039463132354599
}
