{
	"pitch" : 1.4925196146305006,
	"roll" : -1.4560494703469145,
	"x" : 0.076381121236482052,
	"y" : -0.011947088208943775,
	"yaw" : 1.3541866931112163,
	"z" : -0.1687184147839495
}
