{
	"pitch" : 1.482804980616121,
	"roll" : -1.5399114273845995,
	"x" : 0.070975237706651928,
	"y" : -0.031359059216805318,
	"yaw" : 1.2718404414907778,
	"z" : -0.12380526315406998
}
