{
	"pitch" : 1.4949789354652754,
	"roll" : -1.592795286693133,
	"x" : 0.091433156923771616,
	"y" : 0.033387239996761159,
	"yaw" : 1.2274683807590561,
	"z" : -0.15266360617948171
}
