{
	"pitch" : 1.4699737747987647,
	"roll" : -1.3998267809731963,
	"x" : 0.072011030591386846,
	"y" : -0.012307214703386228,
	"yaw" : 1.38625757497899,
	"z" : -0.16848003777713985
}
