{
	"pitch" : 1.4893930066248915,
	"roll" : -1.3894820302174973,
	"x" : 0.1244753179105868,
	"y" : -0.027809773425038778,
	"yaw" : 1.4312825859354072,
	"z" : -0.16875357578075217
}
