{
	"pitch" : 1.4916266122079829,
	"roll" : -1.5218455907174879,
	"x" : 0.092226946533130641,
	"y" : 0.03406447181256296,
	"yaw" : 1.2987400234129791,
	"z" : -0.18636892155262286
}
