{
	"pitch" : 1.5032702863623746,
	"roll" : -1.4937007462597827,
	"x" : 0.10909677683194646,
	"y" : 0.028667725061611186,
	"yaw" : 1.3388365936300219,
	"z" : -0.16992184543114897
}
