{
	"pitch" : 1.441656352458911,
	"roll" : -1.3650025353721313,
	"x" : -0.014777786158320039,
	"y" : -0.30041289633894547,
	"yaw" : 1.4385702601910921,
	"z" : -0.17359325671347373
}
