{
	"pitch" : 1.4466252360904848,
	"roll" : -1.5508161627824411,
	"x" : -0.045727761670805084,
	"y" : -0.24247636208569631,
	"yaw" : 1.2500535871402791,
	"z" : -0.17392112904024962
}
