{
	"pitch" : 1.4821164162257163,
	"roll" : -1.5764653568577878,
	"x" : 0.071474258683195069,
	"y" : -0.030217494048602578,
	"yaw" : 1.2363908682319478,
	"z" : -0.12312563984340164
}
