{
	"pitch" : 1.4786465799278947,
	"roll" : -1.5211255606124838,
	"x" : 0.068061773845329188,
	"y" : -0.039132615733997012,
	"yaw" : 1.29086244915195,
	"z" : -0.12712713090383332
}
