{
	"pitch" : 1.4526364556764728,
	"roll" : -1.3653483107428415,
	"x" : -0.0077861715632999984,
	"y" : -0.27773923828323982,
	"yaw" : 1.4355305035101309,
	"z" : -0.17284063279185755
}
