{
	"pitch" : 1.4597627266216409,
	"roll" : -1.3266617503955345,
	"x" : 0.074257237146017646,
	"y" : -0.25517400401526452,
	"yaw" : 1.4779759419034264,
	"z" : -0.16882260443165131
}
