{
	"pitch" : 1.4477270979204122,
	"roll" : -1.4835411612323401,
	"x" : -0.075320593854062839,
	"y" : -0.25748230807308253,
	"yaw" : 1.3203438933511071,
	"z" : -0.17442485570040606
}
