{
	"pitch" : 1.4702393769663831,
	"roll" : -1.5241260729907566,
	"x" : 0.0074465724843933712,
	"y" : -0.22834315842292044,
	"yaw" : 1.2827243094796486,
	"z" : -0.087497560171655178
}
