{
	"pitch" : 1.5007247833099828,
	"roll" : -1.4953971019950576,
	"x" : 0.11432942678933082,
	"y" : 0.023118411356591193,
	"yaw" : 1.3352971016364525,
	"z" : -0.16961191159583197
}
