{
	"pitch" : 1.4904604214980457,
	"roll" : -1.3815404387917756,
	"x" : 0.1272855658945492,
	"y" : -0.018231478571785226,
	"yaw" : 1.4400786590419878,
	"z" : -0.16865239821192912
}
