{
	"pitch" : 1.457583050690469,
	"roll" : -1.3247687385951374,
	"x" : 0.014464235006560522,
	"y" : -0.20898024577312663,
	"yaw" : 1.4876187760007438,
	"z" : -0.27089727931107321
}
