{
	"pitch" : 1.4845034835647493,
	"roll" : -1.6241545272261846,
	"x" : 0.028336176958744484,
	"y" : 0.0024674602880422301,
	"yaw" : 1.1965709552564343,
	"z" : -0.1709284302103922
}
