{
	"pitch" : 1.501770666660609,
	"roll" : -1.5236339610424321,
	"x" : 0.11522263056029963,
	"y" : 0.022707203664052961,
	"yaw" : 1.3080004691165963,
	"z" : -0.16978872152953456
}
