{
	"pitch" : 1.4883167179220851,
	"roll" : -1.4047886814706596,
	"x" : 0.046386326330731628,
	"y" : -0.11335876748731823,
	"yaw" : 1.4028444153591717,
	"z" : -0.21949157383613735
}
