{
	"pitch" : 1.4881490656687815,
	"roll" : -1.5177725449401744,
	"x" : 0.075945892926821565,
	"y" : -0.013071820935444985,
	"yaw" : 1.29955760073168,
	"z" : -0.17007084525817817
}
