{
	"pitch" : 1.4931143480427318,
	"roll" : -1.617595738059953,
	"x" : 0.087235645817303947,
	"y" : 0.01900284313455828,
	"yaw" : 1.1994041899806402,
	"z" : -0.13138380055456567
}
