{
	"pitch" : 1.470973365445994,
	"roll" : -1.4787985134189157,
	"x" : -0.056858624170412986,
	"y" : -0.15081567031307097,
	"yaw" : 1.3410762988194727,
	"z" : -0.17314907662624859
}
