{
	"pitch" : 1.4734640203795939,
	"roll" : -1.5790996944212075,
	"x" : 0.029152792305115499,
	"y" : -0.031025727980987447,
	"yaw" : 1.2365800691770874,
	"z" : -0.16928353827036369
}
