{
	"pitch" : 1.4754299705982994,
	"roll" : -1.5534368753172669,
	"x" : 0.064696900190853848,
	"y" : -0.049424879153770411,
	"yaw" : 1.2585184588107976,
	"z" : -0.13623262437719871
}
