{
	"pitch" : 1.479514010761781,
	"roll" : -1.6190543352754632,
	"x" : 0.031717704232829123,
	"y" : 0.012644828465619255,
	"yaw" : 1.1983026966827559,
	"z" : -0.17006841350230034
}
