{
	"pitch" : 1.4857407071142881,
	"roll" : -1.5598065355790991,
	"x" : 0.073759284369333586,
	"y" : -0.021974733881192907,
	"yaw" : 1.2533536742923619,
	"z" : -0.12047483865971322
}
