{
	"pitch" : 1.4728012691396637,
	"roll" : -1.5870653125267551,
	"x" : 0.029342848540495937,
	"y" : -0.03098913719849215,
	"yaw" : 1.2288547480176868,
	"z" : -0.1694809903345291
}
