{
	"pitch" : 1.4695183098685038,
	"roll" : -1.4679494094921919,
	"x" : 0.057818024636539858,
	"y" : -0.059765653633174862,
	"yaw" : 1.3464194275479908,
	"z" : -0.16905640489036536
}
