{
	"pitch" : 1.4586216349614651,
	"roll" : -1.4459583149050985,
	"x" : 0.038253545206407093,
	"y" : -0.1349994798868355,
	"yaw" : 1.3614071057723072,
	"z" : -0.16926187251431379
}
