{
	"pitch" : 1.4996821207607751,
	"roll" : -1.5634568136637288,
	"x" : 0.099241291710163215,
	"y" : 0.034109399670574747,
	"yaw" : 1.2667816992484884,
	"z" : -0.17061432272043364
}
