{
	"pitch" : 1.4718752129730481,
	"roll" : -1.3209572251479629,
	"x" : 0.074791467262496844,
	"y" : -0.012922711636114597,
	"yaw" : 1.4704527045006388,
	"z" : -0.16962206788876483
}
