{
	"pitch" : 1.4707241206205468,
	"roll" : -1.4926969673309149,
	"x" : 0.060690005803606874,
	"y" : -0.061687350529797888,
	"yaw" : 1.3165130089202817,
	"z" : -0.16938674565387676
}
