{
	"pitch" : 1.4754535264733566,
	"roll" : -1.6416034973837073,
	"x" : 0.027096753125733709,
	"y" : -0.015139065896050068,
	"yaw" : 1.1775341673435402,
	"z" : -0.17121332749169688
}
