{
	"pitch" : 1.4915281614701692,
	"roll" : -1.4006329396771089,
	"x" : 0.074365896171632362,
	"y" : -0.01284313671700584,
	"yaw" : 1.4169191814312379,
	"z" : -0.16891180613788881
}
