{
	"pitch" : 1.4988339949594458,
	"roll" : -1.4322910529588322,
	"x" : 0.11943991416232742,
	"y" : 0.015475043921674038,
	"yaw" : 1.3918684221420123,
	"z" : -0.16969513281396831
}
