{
	"pitch" : 1.4718152955193611,
	"roll" : -1.5057759432560922,
	"x" : 0.051254033972416763,
	"y" : -0.054877773486677661,
	"yaw" : 1.3108870809365225,
	"z" : -0.16900030121554649
}
