{
	"pitch" : 1.4854262359592691,
	"roll" : -1.3569132184153891,
	"x" : 0.12386004216885022,
	"y" : -0.032326164308752812,
	"yaw" : 1.4670898520961047,
	"z" : -0.16876559893195481
}
