{
	"pitch" : 1.4834404109461667,
	"roll" : -1.5182322264048285,
	"x" : 0.085413736284775096,
	"y" : 0.013845996901329741,
	"yaw" : 1.2936915630560721,
	"z" : -0.21253571985500086
}
