{
	"pitch" : 1.479786619731573,
	"roll" : -1.5142471465846115,
	"x" : 0.044736543180665965,
	"y" : -0.11255648548312805,
	"yaw" : 1.3036189519047523,
	"z" : -0.16885749377816933
}
