{
	"pitch" : 1.4702764218581101,
	"roll" : -1.3216632024107877,
	"x" : 0.071136779989395466,
	"y" : -0.011409650555713103,
	"yaw" : 1.4711912706649932,
	"z" : -0.16804413612630445
}
