{
	"pitch" : 1.482763726089384,
	"roll" : -1.6292594257170445,
	"x" : 0.084319864210927631,
	"y" : 0.0035747493910330726,
	"yaw" : 1.1877589783462399,
	"z" : -0.21802319745691986
}
