{
	"pitch" : 1.4544796138677618,
	"roll" : -1.4633035270748711,
	"x" : 0.005802832001058647,
	"y" : -0.21291786649884215,
	"yaw" : 1.3364480430480528,
	"z" : -0.17106998593384662
}
