{
	"pitch" : 1.4540549623662329,
	"roll" : -1.3949286292227647,
	"x" : 0.024250810493355326,
	"y" : -0.17889930687367561,
	"yaw" : 1.4082341293446665,
	"z" : -0.16958423993458271
}
