{
	"pitch" : 1.472987394751595,
	"roll" : -1.5665712613799974,
	"x" : 0.030577019084469123,
	"y" : -0.15827274805058406,
	"yaw" : 1.2442036180027574,
	"z" : -0.12419095641700059
}
