{
	"pitch" : 1.4681810008584399,
	"roll" : -1.5263953072686824,
	"x" : 0.064725229389248629,
	"y" : -0.054249660779789335,
	"yaw" : 1.2800568966167234,
	"z" : -0.19479152991168613
}
