{
	"pitch" : 1.4995475118771844,
	"roll" : -1.3951089515800796,
	"x" : 0.11899984514712524,
	"y" : 0.015975566297686723,
	"yaw" : 1.4291080294275511,
	"z" : -0.1695964762444602
}
