{
	"pitch" : 1.4547288246802834,
	"roll" : -1.4329368463585035,
	"x" : 0.013113579078383494,
	"y" : -0.21154719994795926,
	"yaw" : 1.3657547775204253,
	"z" : -0.17027790158542622
}
