{
	"pitch" : 1.4493753453305016,
	"roll" : -1.2827352570596604,
	"x" : 0.054586538454473012,
	"y" : -0.30065958659204711,
	"yaw" : 1.5259023426269802,
	"z" : -0.17002035997021892
}
