{
	"pitch" : 1.4509571719947338,
	"roll" : -1.523690206222255,
	"x" : -0.039430170999799619,
	"y" : -0.23903397925422529,
	"yaw" : 1.2740790224480476,
	"z" : -0.1734178792368789
}
