{
	"pitch" : 1.4961407065458943,
	"roll" : -1.4748405375095708,
	"x" : 0.090602982246344888,
	"y" : 0.037854084548637749,
	"yaw" : 1.3586063636823675,
	"z" : -0.17099616715554433
}
