{
	"pitch" : 1.4958342641848577,
	"roll" : -1.5125652072958911,
	"x" : 0.07599440229692779,
	"y" : -0.014326403526708033,
	"yaw" : 1.306589631371369,
	"z" : -0.17067520850398452
}
