{
	"pitch" : 1.4791925105627253,
	"roll" : -1.5976479328011473,
	"x" : 0.058432573156516919,
	"y" : -0.13679904183115191,
	"yaw" : 1.2093652961116217,
	"z" : -0.16978881455388059
}
