{
	"pitch" : 1.4528597637102771,
	"roll" : -1.4647415625571201,
	"x" : 0.01483703723185676,
	"y" : -0.2088829847455333,
	"yaw" : 1.3372248621974934,
	"z" : -0.17109941435099543
}
