{
	"pitch" : 1.4709969485625209,
	"roll" : -1.4886055757348238,
	"x" : 0.043583894658159164,
	"y" : -0.11695768653886643,
	"yaw" : 1.3221464932019069,
	"z" : -0.17524222103304377
}
