{
	"pitch" : 1.4694434113820845,
	"roll" : -1.5414693794214418,
	"x" : 0.066981623106999719,
	"y" : -0.045744386170052928,
	"yaw" : 1.2649251014467056,
	"z" : -0.20609548526933191
}
