{
	"pitch" : 1.4713575311949032,
	"roll" : -1.5881966664144711,
	"x" : 0.047290006587432952,
	"y" : -0.028367419145341008,
	"yaw" : 1.2247388446109333,
	"z" : -0.17085523151754201
}
