{
	"pitch" : 1.4816255060203678,
	"roll" : -1.3501323678668962,
	"x" : 0.1090505619095897,
	"y" : -0.051332157011042101,
	"yaw" : 1.4721414203882817,
	"z" : -0.16838639313951492
}
