{
	"pitch" : 1.4961581178154895,
	"roll" : -1.5300583465660891,
	"x" : 0.092229460240453726,
	"y" : 0.036400985270252331,
	"yaw" : 1.291824561279598,
	"z" : -0.16981282386494864
}
