{
	"pitch" : 1.4967726171638569,
	"roll" : -1.5294124470805193,
	"x" : 0.091956367151558055,
	"y" : 0.036428365750457069,
	"yaw" : 1.2924174009634255,
	"z" : -0.1699198362334233
}
