{
	"pitch" : 1.4531104110280233,
	"roll" : -1.44246105829434,
	"x" : -0.014389297481944827,
	"y" : -0.30743636299979848,
	"yaw" : 1.3622642124351176,
	"z" : -0.17312353052919599
}
