{
	"pitch" : 1.4957559631220085,
	"roll" : -1.5079818361214705,
	"x" : 0.075014546341169358,
	"y" : -0.015220147880246213,
	"yaw" : 1.3117406292172336,
	"z" : -0.17110441304712384
}
