{
	"pitch" : 1.4867419802416035,
	"roll" : -1.5474458345495437,
	"x" : 0.077638277109124951,
	"y" : -0.011067007176293536,
	"yaw" : 1.2680250413712733,
	"z" : -0.11915664447260452
}
