{
	"pitch" : 1.4480110639698396,
	"roll" : -1.4184877768048161,
	"x" : -0.016351721022142787,
	"y" : -0.30895020024501785,
	"yaw" : 1.3829585711439132,
	"z" : -0.17305471518796375
}
