{
	"pitch" : 1.466300999841359,
	"roll" : -1.6062506280146962,
	"x" : -0.0076030501146302637,
	"y" : -0.12633817510309761,
	"yaw" : 1.2035284519873872,
	"z" : -0.17160786179902532
}
