{
	"pitch" : 1.4737682271186836,
	"roll" : -1.4226570176022824,
	"x" : 0.078057350376212573,
	"y" : -0.063060016631741919,
	"yaw" : 1.3921908225427067,
	"z" : -0.16885081673426172
}
