{
	"pitch" : 1.4566909470015157,
	"roll" : -1.3707292130278503,
	"x" : 0.015681232498375393,
	"y" : -0.20797721510644226,
	"yaw" : 1.4418664410041109,
	"z" : -0.27074526698964618
}
