{
	"pitch" : 1.4926841772264434,
	"roll" : -1.3865065837047184,
	"x" : 0.12785188226514063,
	"y" : -0.014449761584199057,
	"yaw" : 1.437878070022407,
	"z" : -0.16907700656875135
}
