{
	"pitch" : 1.4862872139383763,
	"roll" : -1.65858255130206,
	"x" : 0.038084794285356799,
	"y" : 0.020830110349063319,
	"yaw" : 1.1618111728319065,
	"z" : -0.17116740505789774
}
