{
	"pitch" : 1.4971024888670545,
	"roll" : -1.5027195592860607,
	"x" : 0.092943520643339647,
	"y" : 0.036977977553575771,
	"yaw" : 1.3277566496193334,
	"z" : -0.17098638059117721
}
