{
	"pitch" : 1.4987533933146204,
	"roll" : -1.3921843000404273,
	"x" : 0.10750034361236471,
	"y" : 0.028696132748424842,
	"yaw" : 1.4376105745638983,
	"z" : -0.16977555512313849
}
