{
	"pitch" : 1.4761766612948954,
	"roll" : -1.5418711943346417,
	"x" : 0.064398396788901691,
	"y" : -0.054031491517484639,
	"yaw" : 1.2708344898629751,
	"z" : -0.14254366576598004
}
