{
	"pitch" : 1.4980174551068921,
	"roll" : -1.3643378244883555,
	"x" : 0.11028427215315217,
	"y" : 0.026305745428005855,
	"yaw" : 1.4635543208524253,
	"z" : -0.16976914785754654
}
