{
	"pitch" : 1.453409617890993,
	"roll" : -1.3129191173891508,
	"x" : 0.041430882326821565,
	"y" : -0.29645446209007603,
	"yaw" : 1.493271753426419,
	"z" : -0.17036662855030446
}
