{
	"pitch" : 1.4542407633425591,
	"roll" : -1.4363003684008042,
	"x" : 0.012486488675709492,
	"y" : -0.21335031713747526,
	"yaw" : 1.3619726891830224,
	"z" : -0.17012040902835923
}
