{
	"pitch" : 1.4852586711466391,
	"roll" : -1.5282398881123647,
	"x" : 0.074731667328100576,
	"y" : -0.015071367864947845,
	"yaw" : 1.2864448088964895,
	"z" : -0.11901140084773432
}
