{
	"pitch" : 1.4722152085434907,
	"roll" : -1.5298374614488182,
	"x" : 0.039080057322310083,
	"y" : -0.045961647723790203,
	"yaw" : 1.2899729883888857,
	"z" : -0.16967317006520163
}
