{
	"pitch" : 1.4759128461703821,
	"roll" : -1.5210480499960859,
	"x" : 0.05812091809828801,
	"y" : -0.022214297276463804,
	"yaw" : 1.2922525493693389,
	"z" : -0.17019914916714904
}
