{
	"pitch" : 1.4536170571272209,
	"roll" : -1.4161456605891198,
	"x" : -0.00025309896733487214,
	"y" : -0.29984147679306383,
	"yaw" : 1.3873059279864046,
	"z" : -0.17281102279184249
}
