{
	"pitch" : 1.4606284037804063,
	"roll" : -1.3203803517667958,
	"x" : 0.060993476700324178,
	"y" : -0.2673310028122487,
	"yaw" : 1.4892276474985864,
	"z" : -0.16999502223683502
}
