{
	"pitch" : 1.4725218134011244,
	"roll" : -1.4777512816939014,
	"x" : 0.060664605160634454,
	"y" : -0.061842116339894185,
	"yaw" : 1.3341845103486598,
	"z" : -0.16756112566011164
}
