{
	"pitch" : 1.4895853341604395,
	"roll" : -1.4413350442817023,
	"x" : 0.076911111266109944,
	"y" : -0.010793687682893311,
	"yaw" : 1.3744024388272615,
	"z" : -0.16874114350903158
}
