{
	"pitch" : 1.4821191162527272,
	"roll" : -1.3821744144050487,
	"x" : 0.10695974570773313,
	"y" : -0.0531561020988425,
	"yaw" : 1.4412700597294446,
	"z" : -0.16835705744781529
}
