{
	"pitch" : 1.4549278662530976,
	"roll" : -1.4470769089120781,
	"x" : 0.013897794376567373,
	"y" : -0.20881913444670741,
	"yaw" : 1.3549469507545888,
	"z" : -0.17035934072104422
}
