{
	"pitch" : 1.4826998624610201,
	"roll" : -1.4525141744990184,
	"x" : 0.10063786166835234,
	"y" : -0.057792517911275321,
	"yaw" : 1.3647629036233582,
	"z" : -0.16895220637880534
}
