{
	"pitch" : 1.4932858532179969,
	"roll" : -1.5753095275002018,
	"x" : 0.071274030048576173,
	"y" : 0.039604200382018215,
	"yaw" : 1.2530251564057944,
	"z" : -0.17104279181081339
}
