{
	"pitch" : 1.4891014982271347,
	"roll" : -1.5501346833010636,
	"x" : 0.091558759547100299,
	"y" : 0.031384158293531271,
	"yaw" : 1.2667409343484355,
	"z" : -0.1916630199079058
}
