{
	"pitch" : 1.478091207672658,
	"roll" : -1.7001610861146794,
	"x" : 0.029121098203894288,
	"y" : 0.002942534955457184,
	"yaw" : 1.1202596935889948,
	"z" : -0.17115772821768688
}
