{
	"pitch" : 1.4940508883225321,
	"roll" : -1.4616582801077673,
	"x" : 0.073333599042437594,
	"y" : 0.039575469740005559,
	"yaw" : 1.3734787206906094,
	"z" : -0.17152590225406511
}
