{
	"pitch" : 1.4946496481761282,
	"roll" : -1.5422621222201134,
	"x" : 0.092159072510380399,
	"y" : 0.036360656196624402,
	"yaw" : 1.2805252276079482,
	"z" : -0.16850971949729018
}
