{
	"pitch" : 1.4641785076633467,
	"roll" : -1.3696119625770842,
	"x" : 0.071244354533825813,
	"y" : -0.011689800264529772,
	"yaw" : 1.4151621275048261,
	"z" : -0.16866630187297485
}
