{
	"pitch" : 1.4698531956015091,
	"roll" : -1.5852928923440133,
	"x" : 0.03205968053579978,
	"y" : -0.035687331182223586,
	"yaw" : 1.2232891359260802,
	"z" : -0.17021595543730797
}
