{
	"pitch" : 1.4719853424889526,
	"roll" : -1.5846098558569965,
	"x" : 0.046495506926707175,
	"y" : -0.051873279938362438,
	"yaw" : 1.2337985359690324,
	"z" : -0.16925859213062308
}
