{
	"pitch" : 1.4718103677775967,
	"roll" : -1.4275997187061409,
	"x" : 0.068080715528815533,
	"y" : -0.062568789728533164,
	"yaw" : 1.3891487073507238,
	"z" : -0.1689621274484398
}
