{
	"pitch" : 1.4862469885898315,
	"roll" : -1.5881813134863156,
	"x" : 0.069783798911192338,
	"y" : -0.031816564079305679,
	"yaw" : 1.2248973016050497,
	"z" : -0.16896360964616441
}
