{
	"pitch" : 1.4823189175455882,
	"roll" : -1.3536883473286236,
	"x" : 0.11411329588411775,
	"y" : -0.046536387609003596,
	"yaw" : 1.4686708902441985,
	"z" : -0.16809691245542857
}
