{
	"pitch" : 1.4782137838828322,
	"roll" : -1.5216966588412186,
	"x" : 0.068308920380731414,
	"y" : -0.036851371581653518,
	"yaw" : 1.2897126519411588,
	"z" : -0.12535611964666843
}
