{
	"pitch" : 1.4964091700782074,
	"roll" : -1.4364362005010465,
	"x" : 0.11106108353782089,
	"y" : 0.025395146516916177,
	"yaw" : 1.3913855418235714,
	"z" : -0.16962486245903716
}
