{
	"pitch" : 1.4944176267620004,
	"roll" : -1.5966264948117566,
	"x" : 0.081468957627962565,
	"y" : 0.039360845009686382,
	"yaw" : 1.2329139838621381,
	"z" : -0.17099861363191826
}
