{
	"pitch" : 1.4865876692966833,
	"roll" : -1.3807141449943079,
	"x" : 0.1166742351060731,
	"y" : -0.043722400485589827,
	"yaw" : 1.4370893486596825,
	"z" : -0.16859823335516627
}
