{
	"pitch" : 1.4919332392357698,
	"roll" : -1.3852971908070475,
	"x" : 0.12701264153507,
	"y" : -0.019115754896747023,
	"yaw" : 1.4353193866878371,
	"z" : -0.16860892659496651
}
