{
	"pitch" : 1.477222898979307,
	"roll" : -1.5231154005907284,
	"x" : 0.069539563704683088,
	"y" : -0.032931129941052725,
	"yaw" : 1.2862525387923656,
	"z" : -0.16992556323344801
}
