{
	"pitch" : 1.4816980366623234,
	"roll" : -1.4875509684898283,
	"x" : 0.075947132098685921,
	"y" : -0.014441257449502847,
	"yaw" : 1.3285976576439029,
	"z" : -0.16980496327222774
}
