{
	"pitch" : 1.498808113076803,
	"roll" : -1.4985834100389843,
	"x" : 0.071996662697539363,
	"y" : -0.027159378840234338,
	"yaw" : 1.3222132877188217,
	"z" : -0.17728136543431081
}
