{
	"pitch" : 1.4842731295153582,
	"roll" : -1.6349927152838017,
	"x" : 0.04390651940831386,
	"y" : 0.02734870940921344,
	"yaw" : 1.1862698825824671,
	"z" : -0.17149361046964914
}
