{
	"pitch" : 1.4773001094352862,
	"roll" : -1.5383551820984087,
	"x" : 0.045702529014409597,
	"y" : -0.11030990506415997,
	"yaw" : 1.2800792797471459,
	"z" : -0.16965680032021679
}
