{
	"pitch" : 1.4786653258580826,
	"roll" : -1.5127523535950669,
	"x" : 0.06690650376792949,
	"y" : -0.041394635987390183,
	"yaw" : 1.2993447295150917,
	"z" : -0.12881567710940847
}
