{
	"pitch" : 1.4691569179461539,
	"roll" : -1.5157983346772679,
	"x" : 0.061657799100436748,
	"y" : -0.057988203535410704,
	"yaw" : 1.293555904896923,
	"z" : -0.16930638873738182
}
