{
	"pitch" : 1.493818258782408,
	"roll" : -1.3684488264071677,
	"x" : 0.12856225701477308,
	"y" : -0.0053177820913374151,
	"yaw" : 1.4547780513561326,
	"z" : -0.1687128609452353
}
