{
	"pitch" : 1.4730118825714749,
	"roll" : -1.5783865890484301,
	"x" : 0.040011626721228356,
	"y" : -0.046349742510856787,
	"yaw" : 1.241406588552848,
	"z" : -0.16991805855918088
}
