{
	"pitch" : 1.4801025486681982,
	"roll" : -1.4286799661055209,
	"x" : 0.086484495960529206,
	"y" : -0.061654896216505994,
	"yaw" : 1.3881722816907973,
	"z" : -0.16849496732650773
}
