{
	"pitch" : 1.4590151178510984,
	"roll" : -1.5780230276318863,
	"x" : -0.083636929743059987,
	"y" : -0.17977371779761775,
	"yaw" : 1.2313459122201071,
	"z" : -0.17377341444996616
}
