{
	"pitch" : 1.4729874843649495,
	"roll" : -1.4556587285195954,
	"x" : 0.059699609196431101,
	"y" : -0.058767681576255143,
	"yaw" : 1.3631238389478906,
	"z" : -0.16872271478917375
}
