{
	"pitch" : 1.4928167788478488,
	"roll" : -1.5482334012115999,
	"x" : 0.092867188390569955,
	"y" : 0.035640189747204454,
	"yaw" : 1.2743527962669485,
	"z" : -0.1778052180001139
}
