{
	"pitch" : 1.4750676420875457,
	"roll" : -1.5007600433070072,
	"x" : 0.060828505198445182,
	"y" : -0.061018306032227812,
	"yaw" : 1.3126049827680106,
	"z" : -0.16114668058028664
}
