{
	"pitch" : 1.4821714009641918,
	"roll" : -1.4519876997637837,
	"x" : 0.10083358704433759,
	"y" : -0.057633744097164298,
	"yaw" : 1.365627443570929,
	"z" : -0.16889943974446942
}
