{
	"pitch" : 1.4509084148564699,
	"roll" : -1.3847761173584714,
	"x" : 0.016139867547488258,
	"y" : -0.19919293413678976,
	"yaw" : 1.4160331368935704,
	"z" : -0.17010466343684927
}
