{
	"pitch" : 1.4787668952474324,
	"roll" : -1.392453009520513,
	"x" : 0.10507883648911645,
	"y" : -0.16354965400036564,
	"yaw" : 1.3862335915954056,
	"z" : -0.16810751453063388
}
