{
	"pitch" : 1.471294360134503,
	"roll" : -1.5049427178288302,
	"x" : 0.067387363006903025,
	"y" : -0.061843004544473452,
	"yaw" : 1.3047707200275376,
	"z" : -0.16843138439126096
}
