{
	"pitch" : 1.4583880173767987,
	"roll" : -1.4237345105699704,
	"x" : 0.0054034932466331398,
	"y" : -0.29746229757838055,
	"yaw" : 1.3888643851084854,
	"z" : -0.17257901183029897
}
