{
	"pitch" : 1.4708426352077448,
	"roll" : -1.4879696307028283,
	"x" : 0.060566709632336076,
	"y" : -0.061812288756558545,
	"yaw" : 1.3210384260516592,
	"z" : -0.16935593350545955
}
