{
	"pitch" : 1.4879727323978233,
	"roll" : -1.6319646029198029,
	"x" : 0.046738147044618844,
	"y" : 0.028547975385762252,
	"yaw" : 1.1975256381303798,
	"z" : -0.17164731592512603
}
