{
	"pitch" : 1.4991731171520022,
	"roll" : -1.5162126516722021,
	"x" : 0.090497220993041791,
	"y" : 0.037305791465057435,
	"yaw" : 1.311025649478802,
	"z" : -0.1707976775096402
}
