{
	"pitch" : 1.4938815082947197,
	"roll" : -1.6006246644053985,
	"x" : 0.090704806834043125,
	"y" : 0.02904633600124832,
	"yaw" : 1.2198685715367927,
	"z" : -0.14463407763836769
}
