{
	"pitch" : 1.4501562082232171,
	"roll" : -1.4516824379684872,
	"x" : -0.073293942267955353,
	"y" : -0.25562802542225338,
	"yaw" : 1.3523742776789682,
	"z" : -0.17412633535442656
}
