{
	"pitch" : 1.489807344491916,
	"roll" : -1.5091434187872477,
	"x" : 0.078993207342879457,
	"y" : -0.0037227674605595593,
	"yaw" : 1.3040408843895921,
	"z" : -0.1189647475376447
}
