{
	"pitch" : 1.4928468701451461,
	"roll" : -1.3456678669140718,
	"x" : 0.12894767142695199,
	"y" : -0.0068152400059054985,
	"yaw" : 1.4764081634375115,
	"z" : -0.16881560245619004
}
