{
	"pitch" : 1.4758188275570248,
	"roll" : -1.568494457388568,
	"x" : 0.065737132160339953,
	"y" : -0.050965622996875196,
	"yaw" : 1.2442486841062466,
	"z" : -0.13883133908080092
}
