{
	"pitch" : 1.4453031864969124,
	"roll" : -1.4118085803300255,
	"x" : -0.016708124487539416,
	"y" : -0.30897009246702739,
	"yaw" : 1.3891518518240435,
	"z" : -0.1739956132333777
}
