{
	"pitch" : 1.4972113364529733,
	"roll" : -1.6114648421956634,
	"x" : 0.065891761642778809,
	"y" : 0.038391508911641559,
	"yaw" : 1.2172188926661305,
	"z" : -0.17099366128137844
}
