{
	"pitch" : 1.4756665586070199,
	"roll" : -1.5073695864568599,
	"x" : 0.072561118042890893,
	"y" : -0.02870409040326501,
	"yaw" : 1.2991030433619588,
	"z" : -0.21707130220222204
}
