{
	"pitch" : 1.4703503068542429,
	"roll" : -1.5051383371700362,
	"x" : 0.030755488639930273,
	"y" : -0.037246602064806442,
	"yaw" : 1.302155400802443,
	"z" : -0.17015747608177254
}
