{
	"pitch" : 1.477810434136656,
	"roll" : -1.5471326963104488,
	"x" : 0.066475786885226082,
	"y" : -0.04337448798981082,
	"yaw" : 1.2654954820823308,
	"z" : -0.13048911857079193
}
