{
	"pitch" : 1.4735749981570772,
	"roll" : -1.4895532974405608,
	"x" : 0.060891666848706755,
	"y" : -0.061884074491772537,
	"yaw" : 1.3222865034719813,
	"z" : -0.16711509298950192
}
