{
	"pitch" : 1.4728168468684415,
	"roll" : -1.519920814119831,
	"x" : 0.066727338754894644,
	"y" : -0.044585524146379979,
	"yaw" : 1.2868934805454042,
	"z" : -0.1696566532572848
}
