{
	"pitch" : 1.4729698954251358,
	"roll" : -1.4815994345117005,
	"x" : 0.062311825980855842,
	"y" : -0.059058901327419935,
	"yaw" : 1.3378060500295061,
	"z" : -0.16894538218978178
}
