{
	"pitch" : 1.4517588355210131,
	"roll" : -1.336167136781037,
	"x" : 0.062246207030278736,
	"y" : -0.30097131969160468,
	"yaw" : 1.468729182039304,
	"z" : -0.17022827899983017
}
