{
	"pitch" : 1.468615307440609,
	"roll" : -1.3167042979694605,
	"x" : 0.085376911678118353,
	"y" : -0.22684926373112602,
	"yaw" : 1.4945062741779531,
	"z" : -0.16873722391972915
}
