{
	"pitch" : 1.4691808306734839,
	"roll" : -1.6304968841202672,
	"x" : 0.030314402809930502,
	"y" : -0.028393403042615711,
	"yaw" : 1.1854871877574407,
	"z" : -0.17006571150509173
}
