{
	"pitch" : 1.481864098050697,
	"roll" : -1.3486582568487691,
	"x" : 0.1089442386237587,
	"y" : -0.051440429081434022,
	"yaw" : 1.4735364189842088,
	"z" : -0.16835921388074165
}
