{
	"pitch" : 1.4794429089728232,
	"roll" : -1.6346070709087408,
	"x" : 0.032308575558766262,
	"y" : 0.013397906500335644,
	"yaw" : 1.1821244139136562,
	"z" : -0.17005162443610711
}
