{
	"pitch" : 1.4750983281566039,
	"roll" : -1.5923643033307302,
	"x" : 0.026588653065749396,
	"y" : -0.018201788863362003,
	"yaw" : 1.227258640351939,
	"z" : -0.17059042476441469
}
