{
	"pitch" : 1.4937632545284099,
	"roll" : -1.6066456124838189,
	"x" : 0.091994339519514773,
	"y" : 0.033013953358726526,
	"yaw" : 1.2140623677987696,
	"z" : -0.15254629186596591
}
