{
	"pitch" : 1.4970015722076278,
	"roll" : -1.4933866854849578,
	"x" : 0.098985385216155242,
	"y" : 0.034754981912751878,
	"yaw" : 1.336183371944841,
	"z" : -0.17100689055848542
}
