{
	"pitch" : 1.465641316156016,
	"roll" : -1.5851291334107693,
	"x" : -0.081731201819616905,
	"y" : -0.17645607143843234,
	"yaw" : 1.2208197463559782,
	"z" : -0.17262450135024587
}
