{
	"pitch" : 1.4708588745226747,
	"roll" : -1.4928568768551298,
	"x" : 0.062450926293367209,
	"y" : -0.059977080662901652,
	"yaw" : 1.3246456018362014,
	"z" : -0.17086535876943057
}
