{
	"pitch" : 1.4810688274833665,
	"roll" : -1.5080766130894709,
	"x" : 0.080541631908915765,
	"y" : -0.0040553353764134631,
	"yaw" : 1.303658388832788,
	"z" : -0.21918053769530912
}
