{
	"pitch" : 1.4578384939557263,
	"roll" : -1.5775373914740458,
	"x" : -0.025476414095391878,
	"y" : -0.14749309758414902,
	"yaw" : 1.227168293391447,
	"z" : -0.17260752772137675
}
