{
	"pitch" : 1.4892898970019928,
	"roll" : -1.4870699804837442,
	"x" : 0.076458314367180175,
	"y" : -0.012659257289233275,
	"yaw" : 1.3313392887866953,
	"z" : -0.1696682782251086
}
