{
	"pitch" : 1.4946902541728657,
	"roll" : -1.355630325559519,
	"x" : 0.12613092675308865,
	"y" : -0.0016229307754902673,
	"yaw" : 1.4655688558164586,
	"z" : -0.16884564509571667
}
