{
	"pitch" : 1.4864894067982923,
	"roll" : -1.3886950490719359,
	"x" : 0.11664221112132861,
	"y" : -0.043668155927396486,
	"yaw" : 1.4291118401879597,
	"z" : -0.16863304003322835
}
