{
	"pitch" : 1.4757679845620997,
	"roll" : -1.5017389902318341,
	"x" : 0.060698017988830587,
	"y" : -0.061015870966405587,
	"yaw" : 1.3110058536875753,
	"z" : -0.16040765459044756
}
