{
	"pitch" : 1.4663993824215604,
	"roll" : -1.373488874220772,
	"x" : 0.032202341742342197,
	"y" : -0.15044982572648519,
	"yaw" : 1.4440814685048866,
	"z" : -0.21009058671634553
}
