{
	"pitch" : 1.4942823237228273,
	"roll" : -1.5425312364812429,
	"x" : 0.09595818463905198,
	"y" : 0.035783449990086522,
	"yaw" : 1.2884917425234295,
	"z" : -0.17070840942626683
}
