{
	"pitch" : 1.4752614378831457,
	"roll" : -1.5693045588555634,
	"x" : 0.065596727737580865,
	"y" : -0.050148635927847539,
	"yaw" : 1.2434860778817334,
	"z" : -0.13765515692912089
}
