{
	"pitch" : 1.4858548345044837,
	"roll" : -1.5839252706219324,
	"x" : 0.034084920243825007,
	"y" : 0.016154053996190763,
	"yaw" : 1.2371188544912388,
	"z" : -0.17075852952774287
}
