{
	"pitch" : 1.4894158115704601,
	"roll" : -1.3425104438885607,
	"x" : 0.12540121584204106,
	"y" : -0.023420130265400935,
	"yaw" : 1.4781099306282441,
	"z" : -0.16855755049478852
}
