{
	"pitch" : 1.4896200049979078,
	"roll" : -1.3815396047882995,
	"x" : 0.014765955971712402,
	"y" : -0.078836555620544785,
	"yaw" : 1.4453835154657997,
	"z" : -0.16792063053426248
}
