{
	"pitch" : 1.4838363226591043,
	"roll" : -1.6277196049549638,
	"x" : 0.036973222523996846,
	"y" : 0.019886377451138415,
	"yaw" : 1.195617248091319,
	"z" : -0.17111280416377603
}
