{
	"pitch" : 1.4721435166162298,
	"roll" : -1.5272512949783037,
	"x" : 0.076292142591539922,
	"y" : -0.015742371407289658,
	"yaw" : 1.2740363453312047,
	"z" : -0.16972711990721978
}
