{
	"pitch" : 1.4713061346705318,
	"roll" : -1.4149774255784084,
	"x" : 0.0934182911776342,
	"y" : -0.15870307616208593,
	"yaw" : 1.3862738718079708,
	"z" : -0.16837279976076136
}
