{
	"pitch" : 1.4698482826882882,
	"roll" : -1.5101447483353314,
	"x" : 0.036972195347000796,
	"y" : -0.044505114111236081,
	"yaw" : 1.2982639910597356,
	"z" : -0.17017991036726959
}
