{
	"pitch" : 1.4789973531989662,
	"roll" : -1.5104376950106382,
	"x" : 0.06764717179596022,
	"y" : -0.035734435003472856,
	"yaw" : 1.3004184994120767,
	"z" : -0.12478827464206882
}
