{
	"pitch" : 1.4789855609066656,
	"roll" : -1.5237539908006352,
	"x" : 0.073966216172269672,
	"y" : -0.01927627207300326,
	"yaw" : 1.2889794972032063,
	"z" : -0.16973112503199839
}
