{
	"pitch" : 1.4899090829895802,
	"roll" : -1.4424524154705858,
	"x" : 0.076973435569108045,
	"y" : -0.010835347783956614,
	"yaw" : 1.3733975009788604,
	"z" : -0.16876321011701984
}
