{
	"pitch" : 1.4969533610021413,
	"roll" : -1.3473013898710176,
	"x" : 0.12076058093450343,
	"y" : 0.014033012316749064,
	"yaw" : 1.4784434141999809,
	"z" : -0.1693990137878216
}
