{
	"pitch" : 1.4821535912452639,
	"roll" : -1.6175704700130422,
	"x" : 0.083677645387107188,
	"y" : 0.0034098612757869264,
	"yaw" : 1.199347553775677,
	"z" : -0.21790165773273357
}
