{
	"pitch" : 1.4971807988004893,
	"roll" : -1.4951283740940402,
	"x" : 0.072754156765523229,
	"y" : -0.025462792331005929,
	"yaw" : 1.3260693896345004,
	"z" : -0.17647556114979798
}
