{
	"pitch" : 1.4539391682052187,
	"roll" : -1.4474967017199785,
	"x" : 0.027344963769350972,
	"y" : -0.1667393824496371,
	"yaw" : 1.353470247483586,
	"z" : -0.1693794472633971
}
