{
	"pitch" : 1.4560699507564621,
	"roll" : -1.425746911802191,
	"x" : 0.01350029055533488,
	"y" : -0.20852947126527779,
	"yaw" : 1.3738223669179177,
	"z" : -0.17054594296951917
}
