{
	"pitch" : 1.4775495481840157,
	"roll" : -1.4642863665985353,
	"x" : 0.082939985671358199,
	"y" : -0.062706163943354626,
	"yaw" : 1.3525097524001981,
	"z" : -0.16866512726003552
}
