{
	"pitch" : 1.495966787690209,
	"roll" : -1.446792156123663,
	"x" : 0.079450674218281864,
	"y" : 0.04000301131011641,
	"yaw" : 1.3902603885815186,
	"z" : -0.17106785826145707
}
