{
	"pitch" : 1.4955870008346814,
	"roll" : -1.5135203146663028,
	"x" : 0.076277297809720063,
	"y" : -0.013782582138337151,
	"yaw" : 1.3053218758611034,
	"z" : -0.1702292552201306
}
