{
	"pitch" : 1.4877574000958858,
	"roll" : -1.3471607892685806,
	"x" : 0.12426345876113606,
	"y" : -0.025845448628468413,
	"yaw" : 1.4740531171363904,
	"z" : -0.1684242253331576
}
