{
	"pitch" : 1.4751564062451443,
	"roll" : -1.4498284099828405,
	"x" : 0.074165581640296602,
	"y" : -0.062481181639589822,
	"yaw" : 1.3622508187872837,
	"z" : -0.16869371722636764
}
