{
	"pitch" : 1.4851870170237276,
	"roll" : -1.5280750093964377,
	"x" : 0.074745851377339578,
	"y" : -0.014966291790793737,
	"yaw" : 1.2867118966820488,
	"z" : -0.11896061161496398
}
