{
	"pitch" : 1.4798363672810178,
	"roll" : -1.5024427061474102,
	"x" : 0.080480306975155042,
	"y" : -0.005417539691393811,
	"yaw" : 1.30925903808049,
	"z" : -0.21938830372837359
}
