{
	"pitch" : 1.4753886406981527,
	"roll" : -1.4908112830100537,
	"x" : 0.061878265131291139,
	"y" : -0.058832869583493749,
	"yaw" : 1.3245402222385132,
	"z" : -0.1522856180441706
}
