{
	"pitch" : 1.4692135363503851,
	"roll" : -1.4694744663115658,
	"x" : 0.062345669468358983,
	"y" : -0.14793603963572138,
	"yaw" : 1.3375822000686011,
	"z" : -0.16929592656757531
}
