{
	"pitch" : 1.452506183127912,
	"roll" : -1.4192883228353457,
	"x" : 0.0083983126007547843,
	"y" : -0.2263549559777939,
	"yaw" : 1.3796908520277793,
	"z" : -0.17064344291087361
}
