{
	"pitch" : 1.4545189623526411,
	"roll" : -1.5968393948619795,
	"x" : -0.080611981949265249,
	"y" : -0.17774274567047851,
	"yaw" : 1.2159387182776205,
	"z" : -0.17393524784417086
}
