{
	"pitch" : 1.4677994975820339,
	"roll" : -1.4659031959911726,
	"x" : 0.066674051740358092,
	"y" : -0.14948874824732516,
	"yaw" : 1.3402143208088713,
	"z" : -0.16948123536326171
}
