{
	"pitch" : 1.4714309705826703,
	"roll" : -1.3376169112579086,
	"x" : 0.018701680390150022,
	"y" : -0.19770140714125428,
	"yaw" : 1.4770529861752373,
	"z" : -0.26378263547725256
}
