{
	"pitch" : 1.473990587663031,
	"roll" : -1.5569057260408286,
	"x" : 0.070305085170785708,
	"y" : -0.037262966182678173,
	"yaw" : 1.2522918213906253,
	"z" : -0.2133493410482093
}
