{
	"pitch" : 1.4953846283291836,
	"roll" : -1.4470448510463791,
	"x" : 0.067705620846565812,
	"y" : -0.039757553548955271,
	"yaw" : 1.3675362557401918,
	"z" : -0.18258645765348444
}
