{
	"pitch" : 1.4646834963206496,
	"roll" : -1.4768708782550188,
	"x" : 0.06300895415596118,
	"y" : -0.057134048296969699,
	"yaw" : 1.3322408163361814,
	"z" : -0.18699994139974643
}
