{
	"pitch" : 1.4671896182774036,
	"roll" : -1.3464216065078489,
	"x" : 0.093514070983355443,
	"y" : -0.25032072798524868,
	"yaw" : 1.4584519535065279,
	"z" : -0.1683621668273749
}
