{
	"pitch" : 1.477048219276166,
	"roll" : -1.5350880798109516,
	"x" : 0.075593281141145108,
	"y" : -0.021398406047884091,
	"yaw" : 1.2706380039348359,
	"z" : -0.22072824358282178
}
