{
	"pitch" : 1.47187733521599,
	"roll" : -1.5849533018716246,
	"x" : 0.044417180082370292,
	"y" : -0.04970262288521874,
	"yaw" : 1.2338039299888768,
	"z" : -0.16989281372490711
}
