{
	"pitch" : 1.4519968546242576,
	"roll" : -1.4463685318092321,
	"x" : -0.068329742773184571,
	"y" : -0.25227601257150073,
	"yaw" : 1.3548882849402852,
	"z" : -0.17345506855151227
}
