{
	"pitch" : 1.451774621699857,
	"roll" : -1.4725396542524514,
	"x" : 0.03668433475667135,
	"y" : -0.14068354427667801,
	"yaw" : 1.3234688325959811,
	"z" : -0.16936609322102408
}
