{
	"pitch" : 1.4799007349219511,
	"roll" : -1.5818727427160062,
	"x" : 0.082339664743803304,
	"y" : -0.00038090644547242834,
	"yaw" : 1.2313897216417271,
	"z" : -0.21886411811727174
}
