{
	"pitch" : 1.4708974767683083,
	"roll" : -1.4883605780582059,
	"x" : -0.063262720388484878,
	"y" : -0.15917573799828619,
	"yaw" : 1.3263428787202634,
	"z" : -0.17270008067429565
}
