{
	"pitch" : 1.4761985495669829,
	"roll" : -1.5676958990598586,
	"x" : 0.028360344678584795,
	"y" : -0.026292622215810378,
	"yaw" : 1.2520032817520852,
	"z" : -0.17027954397371808
}
