{
	"pitch" : 1.4962304947591643,
	"roll" : -1.4524641259655164,
	"x" : 0.11801326968156775,
	"y" : 0.019261146080672115,
	"yaw" : 1.3762266053732317,
	"z" : -0.17021969860099415
}
