{
	"pitch" : 1.4931526604730363,
	"roll" : -1.3350593967174051,
	"x" : 0.12689165102200672,
	"y" : -0.0041000030612530335,
	"yaw" : 1.4853260346387196,
	"z" : -0.16864766916782373
}
