{
	"pitch" : 1.4982942343820118,
	"roll" : -1.3744628268682377,
	"x" : 0.1100326606592724,
	"y" : 0.026200114491688218,
	"yaw" : 1.4532563469311,
	"z" : -0.16940865822704851
}
