{
	"pitch" : 1.4692207858253985,
	"roll" : -1.5610764407544317,
	"x" : 0.042180204463330033,
	"y" : -0.11243848526038865,
	"yaw" : 1.2509824365239142,
	"z" : -0.16969419425744203
}
