{
	"pitch" : 1.4855235201632262,
	"roll" : -1.6115162192585688,
	"x" : 0.046375942544409118,
	"y" : 0.028863525044481558,
	"yaw" : 1.2189378832663731,
	"z" : -0.17145671117836425
}
