{
	"pitch" : 1.4833938767211219,
	"roll" : -1.5680106007369212,
	"x" : 0.077376171869248014,
	"y" : -0.012212092915604822,
	"yaw" : 1.25030295131348,
	"z" : -0.16953126231401952
}
