{
	"pitch" : 1.4794272518786358,
	"roll" : -1.4485129529972307,
	"x" : 0.093085254058567546,
	"y" : -0.060421916979901923,
	"yaw" : 1.3692393352578109,
	"z" : -0.16863712871479311
}
