{
	"pitch" : 1.4927034697612191,
	"roll" : -1.5396115241090136,
	"x" : 0.092493862803729066,
	"y" : 0.03417793539654549,
	"yaw" : 1.2804616135816982,
	"z" : -0.18523603507442368
}
