{
	"pitch" : 1.4978751922435509,
	"roll" : -1.5681657544130392,
	"x" : 0.066376002589584565,
	"y" : 0.038548688135727462,
	"yaw" : 1.2619119917156736,
	"z" : -0.17127515856427172
}
