{
	"pitch" : 1.4888766176911166,
	"roll" : -1.6240435611110828,
	"x" : 0.063295120219154913,
	"y" : 0.03709519663622856,
	"yaw" : 1.2120329029097592,
	"z" : -0.1718955892451115
}
