{
	"pitch" : 1.4929256800617507,
	"roll" : -1.6021090014356019,
	"x" : 0.092220064023743609,
	"y" : 0.032799372377814842,
	"yaw" : 1.2184631086522488,
	"z" : -0.15230557050631643
}
