{
	"pitch" : 1.4764960367396454,
	"roll" : -1.5097403276456491,
	"x" : 0.073433707995973499,
	"y" : -0.02378156459746962,
	"yaw" : 1.3032699795534799,
	"z" : -0.17043905055127792
}
