{
	"pitch" : 1.494596704400146,
	"roll" : -1.3502449821845666,
	"x" : 0.12713141901761565,
	"y" : -0.010061153996164149,
	"yaw" : 1.4713275653524007,
	"z" : -0.16814934176004201
}
