{
	"pitch" : 1.4747267461971596,
	"roll" : -1.5556559912891861,
	"x" : 0.065007363932517243,
	"y" : -0.050060091962924505,
	"yaw" : 1.2565828040465339,
	"z" : -0.13710426240890564
}
