{
	"pitch" : 1.484396602977065,
	"roll" : -1.3982334218143442,
	"x" : 0.1110209656805151,
	"y" : -0.049638141424423556,
	"yaw" : 1.4202185208970106,
	"z" : -0.16851053750500275
}
