{
	"pitch" : 1.4849322387320008,
	"roll" : -1.6328562477011264,
	"x" : 0.029109680136875538,
	"y" : 0.0045101567617282078,
	"yaw" : 1.1890895966759281,
	"z" : -0.17094947594726195
}
