{
	"pitch" : 1.4675964090096723,
	"roll" : -1.6087929100374898,
	"x" : -0.030530113564314107,
	"y" : -0.11967028975431139,
	"yaw" : 1.2015015554837447,
	"z" : -0.17154332216419968
}
