{
	"pitch" : 1.4710295553565575,
	"roll" : -1.5165273208313115,
	"x" : 0.064101832988109633,
	"y" : -0.053510613169459792,
	"yaw" : 1.2929773253425396,
	"z" : -0.16947615112349138
}
