{
	"pitch" : 1.4814982415781117,
	"roll" : -1.5325319664133332,
	"x" : 0.085267708471930742,
	"y" : 0.010161154293984145,
	"yaw" : 1.28154689309808,
	"z" : -0.21433948201973319
}
