{
	"pitch" : 1.4518525720094326,
	"roll" : -1.3359067912935734,
	"x" : 0.062264535217402182,
	"y" : -0.3007097370347484,
	"yaw" : 1.4688790223313311,
	"z" : -0.17013845319217458
}
