{
	"pitch" : 1.4866226536993452,
	"roll" : -1.5593885213980787,
	"x" : 0.069832725223496178,
	"y" : -0.031001949365364802,
	"yaw" : 1.2531867524038718,
	"z" : -0.16903657609334086
}
