{
	"pitch" : 1.4958111619952428,
	"roll" : -1.5184908637208572,
	"x" : 0.076111073069472249,
	"y" : -0.014224199809142671,
	"yaw" : 1.3006904555814609,
	"z" : -0.17057076976043239
}
