{
	"pitch" : 1.4749680338614914,
	"roll" : -1.5584932857586749,
	"x" : 0.064915705193127518,
	"y" : -0.049964075663051138,
	"yaw" : 1.2537934464644451,
	"z" : -0.13702690412826402
}
