{
	"pitch" : 1.4720886947245033,
	"roll" : -1.3314957890597001,
	"x" : 0.019089045614094913,
	"y" : -0.19664553094156456,
	"yaw" : 1.4832148621838674,
	"z" : -0.26306221893188753
}
