{
	"pitch" : 1.4790237754863866,
	"roll" : -1.400901446471184,
	"x" : 0.092430885427692039,
	"y" : -0.060055516957477725,
	"yaw" : 1.4225103860230777,
	"z" : -0.16844702321976573
}
