{
	"pitch" : 1.4787162607436293,
	"roll" : -1.595894018290831,
	"x" : 0.055444680242161183,
	"y" : -0.13094185311463991,
	"yaw" : 1.2094313073069864,
	"z" : -0.17007456411228525
}
