{
	"pitch" : 1.4917792803614611,
	"roll" : -1.3850004693885609,
	"x" : 0.12753686179784018,
	"y" : -0.013471468126789874,
	"yaw" : 1.4400942009282307,
	"z" : -0.16881299167207692
}
