{
	"pitch" : 1.47504071437494,
	"roll" : -1.5557437572642392,
	"x" : 0.028684493657346828,
	"y" : -0.027098417640229498,
	"yaw" : 1.2637504876699102,
	"z" : -0.17019031371992094
}
