{
	"pitch" : 1.4521626105374046,
	"roll" : -1.4105475339026217,
	"x" : -0.00071871818478407012,
	"y" : -0.25554059634068649,
	"yaw" : 1.3926666373502197,
	"z" : -0.17161181432833597
}
