{
	"pitch" : 1.4707097224747918,
	"roll" : -1.5026967657259009,
	"x" : 0.066651524356024977,
	"y" : -0.04403884550623173,
	"yaw" : 1.3078626975380336,
	"z" : -0.16964861904357892
}
