{
	"pitch" : 1.4931144660816451,
	"roll" : -1.4485321234251869,
	"x" : 0.12891464255288676,
	"y" : -0.012915877713241302,
	"yaw" : 1.3731067984718131,
	"z" : -0.1692483633187099
}
