{
	"pitch" : 1.4813036083363322,
	"roll" : -1.3588844165286751,
	"x" : 0.10945438520864439,
	"y" : -0.050987679981542675,
	"yaw" : 1.463616717745837,
	"z" : -0.16842021327040244
}
