{
	"pitch" : 1.4701450649628161,
	"roll" : -1.5365079831287574,
	"x" : 0.068137757667860205,
	"y" : -0.044156892013911896,
	"yaw" : 1.2699229106692616,
	"z" : -0.20884575454598819
}
