{
	"pitch" : 1.4984731135706733,
	"roll" : -1.3776712464207577,
	"x" : 0.10910400323806629,
	"y" : 0.02727936978833025,
	"yaw" : 1.4515601239013274,
	"z" : -0.16990897507587674
}
