{
	"pitch" : 1.4866092467095704,
	"roll" : -1.5467037519509717,
	"x" : 0.077865299407571628,
	"y" : -0.010553628484169644,
	"yaw" : 1.2690653971436383,
	"z" : -0.11911110006117848
}
