{
	"pitch" : 1.4477773687166473,
	"roll" : -1.4275032325206873,
	"x" : -0.016245248299212062,
	"y" : -0.30883986616815168,
	"yaw" : 1.3742338726828924,
	"z" : -0.17324423376059314
}
