{
	"pitch" : 1.46751356877622,
	"roll" : -1.3638295293306875,
	"x" : 0.03414334974822391,
	"y" : -0.14407547772523474,
	"yaw" : 1.4530925042946112,
	"z" : -0.2047319940599634
}
