{
	"pitch" : 1.4665123888601028,
	"roll" : -1.5048865831923437,
	"x" : 0.048739640535413839,
	"y" : -0.10654249851617348,
	"yaw" : 1.3028137454618118,
	"z" : -0.16973488396323863
}
