{
	"pitch" : 1.4903540584465484,
	"roll" : -1.435621761524783,
	"x" : 0.07591948949123796,
	"y" : -0.011605650205441661,
	"yaw" : 1.3820877715902615,
	"z" : -0.16903796801951598
}
