{
	"pitch" : 1.4818465527067073,
	"roll" : -1.3719531024817442,
	"x" : 0.030840064408661036,
	"y" : -0.15650683892140366,
	"yaw" : 1.4417964551114817,
	"z" : -0.2425073098301348
}
