{
	"pitch" : 1.4838368021750064,
	"roll" : -1.5865149361534185,
	"x" : 0.076502357632875134,
	"y" : -0.011757654507058683,
	"yaw" : 1.2258322460408269,
	"z" : -0.16975750325484121
}
