{
	"pitch" : 1.4572376809078069,
	"roll" : -1.4391471278063619,
	"x" : 0.034014438747809017,
	"y" : -0.14781717790862656,
	"yaw" : 1.3651974562899589,
	"z" : -0.16987894148227889
}
