{
	"pitch" : 1.4708928580548279,
	"roll" : -1.4892272256735426,
	"x" : 0.06060315682616306,
	"y" : -0.061765041369165122,
	"yaw" : 1.3197848849234888,
	"z" : -0.16936771325609845
}
