{
	"pitch" : 1.4782653923999554,
	"roll" : -1.6069651909210896,
	"x" : 0.026268691301718286,
	"y" : -0.0095165246851652962,
	"yaw" : 1.213427351175379,
	"z" : -0.1706932621571482
}
