{
	"pitch" : 1.4926764741710543,
	"roll" : -1.5623493616516881,
	"x" : 0.091668233420573217,
	"y" : 0.032728980647761488,
	"yaw" : 1.2559612808926426,
	"z" : -0.18803101689171911
}
