{
	"pitch" : 1.4864002234076392,
	"roll" : -1.5920847799012172,
	"x" : 0.058249908870134849,
	"y" : 0.035867433044960567,
	"yaw" : 1.2368307433499488,
	"z" : -0.1720339121094418
}
