{
	"pitch" : 1.4513775394542896,
	"roll" : -1.4571047181850216,
	"x" : 0.034626563937543861,
	"y" : -0.14556094469794673,
	"yaw" : 1.3433346364155851,
	"z" : -0.16937181781551153
}
