{
	"pitch" : 1.4849985823311289,
	"roll" : -1.5622885789553962,
	"x" : 0.07288247345476527,
	"y" : -0.023652446216609987,
	"yaw" : 1.2516680508381794,
	"z" : -0.12085819620364938
}
