{
	"pitch" : 1.4906305924058199,
	"roll" : -1.6149488363941293,
	"x" : 0.083867941152439673,
	"y" : 0.0088429725596872351,
	"yaw" : 1.2010958295071872,
	"z" : -0.1253471258940973
}
