{
	"pitch" : 1.4587650931616807,
	"roll" : -1.3447359825314527,
	"x" : 0.073183618268860814,
	"y" : -0.26443955170116057,
	"yaw" : 1.4620387290402417,
	"z" : -0.1694582751604726
}
