{
	"pitch" : 1.4744844010122431,
	"roll" : -1.4612661748569469,
	"x" : 0.063295519001428754,
	"y" : -0.056390364615486632,
	"yaw" : 1.3465684044711106,
	"z" : -0.16968509971859874
}
