{
	"pitch" : 1.4767560710916536,
	"roll" : -1.4091654063764631,
	"x" : 0.10555865553025137,
	"y" : -0.16400966401265127,
	"yaw" : 1.3718596950564257,
	"z" : -0.16852596019274324
}
