{
	"pitch" : 1.459059891362082,
	"roll" : -1.3354153037506105,
	"x" : 0.043105018174845626,
	"y" : -0.2769277453043083,
	"yaw" : 1.471535459107292,
	"z" : -0.17026229576875956
}
