{
	"pitch" : 1.4953677341367499,
	"roll" : -1.5218253127244825,
	"x" : 0.092441400987606268,
	"y" : 0.036946298734644084,
	"yaw" : 1.3056151550298714,
	"z" : -0.17103590494728121
}
