{
	"pitch" : 1.4622464675222613,
	"roll" : -1.4590035010839422,
	"x" : 0.063465118035805637,
	"y" : -0.051738334311685064,
	"yaw" : 1.3461859000171619,
	"z" : -0.16941395364455047
}
