{
	"pitch" : 1.4837329450368,
	"roll" : -1.5558538488668494,
	"x" : 0.07713605596696578,
	"y" : -0.012206289286409626,
	"yaw" : 1.2623847493288436,
	"z" : -0.16962818419475284
}
