{
	"pitch" : 1.4600072342856028,
	"roll" : -1.422614015587121,
	"x" : 0.046298834415467581,
	"y" : -0.10943920800327586,
	"yaw" : 1.3758640090312029,
	"z" : -0.16946255027463378
}
