{
	"pitch" : 1.4891363862156715,
	"roll" : -1.5066037931075966,
	"x" : 0.033841219537979236,
	"y" : -0.059272543731107713,
	"yaw" : 1.3188772808967277,
	"z" : -0.16882048215189166
}
