{
	"pitch" : 1.4778107835812129,
	"roll" : -1.5231470007437924,
	"x" : 0.066324514477072286,
	"y" : -0.043902473382059604,
	"yaw" : 1.2890088792013705,
	"z" : -0.13106294010339242
}
