{
	"pitch" : 1.4709418799352802,
	"roll" : -1.3736521017640373,
	"x" : 0.083753685753668553,
	"y" : -0.18701223262666833,
	"yaw" : 1.4360882485191031,
	"z" : -0.16805596067447895
}
