{
	"pitch" : 1.474005803977368,
	"roll" : -1.5402682217973958,
	"x" : 0.027072315038791143,
	"y" : -0.16549709801335108,
	"yaw" : 1.2720326701752593,
	"z" : -0.11696353920517547
}
