{
	"pitch" : 1.4869546853349958,
	"roll" : -1.5813930130459115,
	"x" : 0.087435722614821604,
	"y" : 0.019062294650535563,
	"yaw" : 1.2367568116882195,
	"z" : -0.20849571012415019
}
