{
	"pitch" : 1.4970440717149343,
	"roll" : -1.6113875049656736,
	"x" : 0.065930518520585166,
	"y" : 0.038339905707258488,
	"yaw" : 1.2174491693160794,
	"z" : -0.17106162425638555
}
