{
	"pitch" : 1.4868493902052213,
	"roll" : -1.5776327843830453,
	"x" : 0.087249982922081207,
	"y" : 0.018670646589058204,
	"yaw" : 1.2399009155022029,
	"z" : -0.20895038814001482
}
