{
	"pitch" : 1.4759549825376348,
	"roll" : -1.5689581974559257,
	"x" : 0.028352181826735573,
	"y" : -0.025829524747454251,
	"yaw" : 1.2512916002824044,
	"z" : -0.17022642199374233
}
