{
	"pitch" : 1.4911837260661243,
	"roll" : -1.3990989082898933,
	"x" : 0.057528787184387982,
	"y" : -0.02197930984650277,
	"yaw" : 1.4223109306148103,
	"z" : -0.16905435541497946
}
