{
	"pitch" : 1.4887641614305076,
	"roll" : -1.4945298143936443,
	"x" : 0.035293859736583777,
	"y" : -0.057268078286338529,
	"yaw" : 1.330887331901301,
	"z" : -0.16888396726929583
}
