{
	"pitch" : 1.4587336130438564,
	"roll" : -1.3073954479010859,
	"x" : 0.051895226061461755,
	"y" : -0.27228943309094683,
	"yaw" : 1.5028076321561206,
	"z" : -0.16978763332510649
}
