{
	"pitch" : 1.4726477744556141,
	"roll" : -1.5256464624715071,
	"x" : 0.06731670730742581,
	"y" : -0.04193988916185043,
	"yaw" : 1.2747661093308571,
	"z" : -0.17028533291739989
}
