{
	"pitch" : 1.4534946992952296,
	"roll" : -1.4322776617024169,
	"x" : 0.014172634527259448,
	"y" : -0.20841464608111399,
	"yaw" : 1.3693395089644198,
	"z" : -0.17101319052130123
}
