{
	"pitch" : 1.4663920420650445,
	"roll" : -1.4709380356525079,
	"x" : -0.0053986119408623578,
	"y" : -0.26751454429726201,
	"yaw" : 1.3419301729570554,
	"z" : -0.13110145590535682
}
