{
	"pitch" : 1.4932996552435442,
	"roll" : -1.3278650237389231,
	"x" : 0.12860199411693291,
	"y" : -0.0080773852386256048,
	"yaw" : 1.4942526541485592,
	"z" : -0.16864024129259406
}
