{
	"pitch" : 1.4967996183935555,
	"roll" : -1.4876190197220569,
	"x" : 0.076040942187143648,
	"y" : 0.039503781655885514,
	"yaw" : 1.3449425916176443,
	"z" : -0.1710331735093065
}
