{
	"pitch" : 1.4674116545003588,
	"roll" : -1.4590616324100452,
	"x" : 0.053559764493370236,
	"y" : -0.057561341306158371,
	"yaw" : 1.3532112791928523,
	"z" : -0.16894595453593655
}
