{
	"pitch" : 1.4881838911128966,
	"roll" : -1.4896383799763953,
	"x" : 0.046691357496989855,
	"y" : -0.041596553501544162,
	"yaw" : 1.3297669659338314,
	"z" : -0.16994523545601659
}
