{
	"pitch" : 1.4687337455403793,
	"roll" : -1.4416431805657739,
	"x" : 0.065368630594727473,
	"y" : -0.061877966131801569,
	"yaw" : 1.3745230757573923,
	"z" : -0.1691414327500835
}
