{
	"pitch" : 1.4839344218326129,
	"roll" : -1.7096464003279632,
	"x" : 0.037080765114164096,
	"y" : 0.019271036104628186,
	"yaw" : 1.1103910523723359,
	"z" : -0.17131566718216565
}
