{
	"pitch" : 1.4868844290156942,
	"roll" : -1.6176051013684976,
	"x" : 0.057812819529045129,
	"y" : 0.035516885400083707,
	"yaw" : 1.2102529832957725,
	"z" : -0.17171896881873877
}
