{
	"pitch" : 1.451598351378373,
	"roll" : -1.3419446545224258,
	"x" : 0.061672020548799791,
	"y" : -0.30172666521402658,
	"yaw" : 1.4619321063225279,
	"z" : -0.17041846717237064
}
