{
	"pitch" : 1.4805033905599674,
	"roll" : -1.6246019598102848,
	"x" : 0.031776285731723863,
	"y" : 0.010666219531729349,
	"yaw" : 1.1940573702562056,
	"z" : -0.17060360276641023
}
