{
	"pitch" : 1.4750543270495562,
	"roll" : -1.5144471147015091,
	"x" : 0.07186529863092378,
	"y" : -0.031631921982525846,
	"yaw" : 1.2956332104285606,
	"z" : -0.16951283149315438
}
