{
	"pitch" : 1.4956180044237397,
	"roll" : -1.5819769716119314,
	"x" : 0.0915975102465858,
	"y" : 0.033471394386451005,
	"yaw" : 1.237918708200358,
	"z" : -0.15276446652969894
}
