{
	"pitch" : 1.4539537167242362,
	"roll" : -1.3124318164336652,
	"x" : 0.0022944520592295126,
	"y" : -0.28387411201238311,
	"yaw" : 1.4947737646841994,
	"z" : -0.17141723207858947
}
