{
	"pitch" : 1.498558871628201,
	"roll" : -1.4305731243360658,
	"x" : 0.057200614156142623,
	"y" : -0.065353771733210941,
	"yaw" : 1.3795385195254726,
	"z" : -0.19645749757655048
}
