{
	"pitch" : 1.4902455498779119,
	"roll" : -1.4739253033440991,
	"x" : 0.075993890853541052,
	"y" : -0.012369934329920984,
	"yaw" : 1.3447923691229122,
	"z" : -0.1695037717072255
}
