{
	"pitch" : 1.4544682133858762,
	"roll" : -1.4148933805162032,
	"x" : 0.016790105508023623,
	"y" : -0.20023633201455429,
	"yaw" : 1.3850156598359573,
	"z" : -0.17029411362225669
}
