{
	"pitch" : 1.4854029263216439,
	"roll" : -1.3603122117545348,
	"x" : 0.11879295318523206,
	"y" : -0.039342808008667747,
	"yaw" : 1.4577382899940705,
	"z" : -0.16810296670288596
}
