{
	"pitch" : 1.4476789736761455,
	"roll" : -1.4159557390500905,
	"x" : -0.0085909558460438989,
	"y" : -0.28038272559452265,
	"yaw" : 1.3873473208694667,
	"z" : -0.17254062125647909
}
