{
	"pitch" : 1.4524672750070631,
	"roll" : -1.4117471747918935,
	"x" : -0.0057065837924882012,
	"y" : -0.30322449548741121,
	"yaw" : 1.3940374041884762,
	"z" : -0.17302256833235549
}
