{
	"pitch" : 1.4922572226034452,
	"roll" : -1.6090614482718528,
	"x" : 0.060323384463322124,
	"y" : 0.036156113016226274,
	"yaw" : 1.2233848612031324,
	"z" : -0.17160860628226832
}
