{
	"pitch" : 1.4779715393803536,
	"roll" : -1.5527467692465864,
	"x" : 0.064995119692837125,
	"y" : -0.055093317451810384,
	"yaw" : 1.2605860046396371,
	"z" : -0.16904922507919884
}
