{
	"pitch" : 1.4783970619904654,
	"roll" : -1.6071547949075098,
	"x" : 0.026305380701200892,
	"y" : -0.0095017232451561386,
	"yaw" : 1.2130570410165626,
	"z" : -0.1706840206868136
}
