{
	"pitch" : 1.4615134882327903,
	"roll" : -1.5796863481825525,
	"x" : -0.0082540619979931534,
	"y" : -0.13877510461748332,
	"yaw" : 1.2282543825160563,
	"z" : -0.17245908241061911
}
