{
	"pitch" : 1.4752618740723342,
	"roll" : -1.5137215689732717,
	"x" : 0.063352520559905645,
	"y" : -0.054729222520080945,
	"yaw" : 1.2990482466076665,
	"z" : -0.14433522005220348
}
