{
	"pitch" : 1.4705230523143813,
	"roll" : -1.5695092617370732,
	"x" : 0.04871700042527416,
	"y" : -0.053135750540973539,
	"yaw" : 1.2477644215316246,
	"z" : -0.16952466816779069
}
