{
	"pitch" : 1.4991288956451454,
	"roll" : -1.4581940168316516,
	"x" : 0.11640791789287876,
	"y" : 0.020123559993150412,
	"yaw" : 1.3683833595006518,
	"z" : -0.16991362818281444
}
