{
	"pitch" : 1.4816914528313354,
	"roll" : -1.3763449286899851,
	"x" : 0.10648778671659034,
	"y" : -0.053551485025828717,
	"yaw" : 1.4470666482869365,
	"z" : -0.16839291393551764
}
