{
	"pitch" : 1.4826027637766637,
	"roll" : -1.5758683582346678,
	"x" : 0.07141965572180338,
	"y" : -0.030627094266173147,
	"yaw" : 1.2365212560949213,
	"z" : -0.12343235697516597
}
