{
	"pitch" : 1.4550720554111372,
	"roll" : -1.4819823471417146,
	"x" : 0.01140375657934857,
	"y" : -0.20940441916151042,
	"yaw" : 1.3180769559532357,
	"z" : -0.17049158667603709
}
