{
	"pitch" : 1.4958420602074485,
	"roll" : -1.5583181125595726,
	"x" : 0.069921542881899459,
	"y" : 0.039072204787925842,
	"yaw" : 1.2747647689318788,
	"z" : -0.17108402250256413
}
