{
	"pitch" : 1.4582668125533107,
	"roll" : -1.3266738772537296,
	"x" : 0.080400550587683361,
	"y" : -0.23894060562708744,
	"yaw" : 1.4787737632433988,
	"z" : -0.16935332000156872
}
