{
	"pitch" : 1.4620007933405756,
	"roll" : -1.5117548988155609,
	"x" : 0.01384327488372869,
	"y" : -0.20292776625229189,
	"yaw" : 1.2963421987039669,
	"z" : -0.078785305217874746
}
