{
	"pitch" : 1.4708268421196991,
	"roll" : -1.4835723634278866,
	"x" : 0.060282000868278909,
	"y" : -0.062125517779447484,
	"yaw" : 1.3259527950063998,
	"z" : -0.16947620743410366
}
