{
	"pitch" : 1.4591893268892173,
	"roll" : -1.4673607354286249,
	"x" : 0.044070067205059668,
	"y" : -0.11796260012977861,
	"yaw" : 1.3347685369092146,
	"z" : -0.17029530229773515
}
