{
	"pitch" : 1.482174416521749,
	"roll" : -1.34259264257269,
	"x" : 0.10864984124589638,
	"y" : -0.051659657623152347,
	"yaw" : 1.4794221611401712,
	"z" : -0.16826525009646351
}
