{
	"pitch" : 1.4871925326445681,
	"roll" : -1.3130764195426379,
	"x" : 0.12076117980916075,
	"y" : -0.036033332678530643,
	"yaw" : 1.5050530379021356,
	"z" : -0.1680314299269976
}
