{
	"pitch" : 1.4828272172676629,
	"roll" : -1.6169010433082371,
	"x" : 0.05062155114183968,
	"y" : 0.03160343423073373,
	"yaw" : 1.2080864177985693,
	"z" : -0.17138849224985794
}
