{
	"pitch" : 1.4908160681739728,
	"roll" : -1.4861073922206256,
	"x" : 0.073340324548516397,
	"y" : -0.018855328112802435,
	"yaw" : 1.3284927406955616,
	"z" : -0.16921035891900155
}
