{
	"pitch" : 1.461180332225376,
	"roll" : -1.2983248409998736,
	"x" : 0.11198318940762828,
	"y" : -0.24070922703863251,
	"yaw" : 1.5126609519907648,
	"z" : -0.16794408883921555
}
