{
	"pitch" : 1.4486439438118079,
	"roll" : -1.3391750517939898,
	"x" : -0.013985573312020258,
	"y" : -0.29462573500981537,
	"yaw" : 1.4599419695597586,
	"z" : -0.17209327971563748
}
