{
	"pitch" : 1.4893953008761396,
	"roll" : -1.3516561450881133,
	"x" : 0.12600276023869045,
	"y" : -0.022446659083155365,
	"yaw" : 1.4690219149348129,
	"z" : -0.16862622376185762
}
