{
	"pitch" : 1.4924125238256074,
	"roll" : -1.5267251099388186,
	"x" : 0.072245849292533706,
	"y" : -0.016987980226176605,
	"yaw" : 1.2951522882429714,
	"z" : -0.17000893382519722
}
