{
	"pitch" : 1.4740908182038965,
	"roll" : -1.421807933659551,
	"x" : 0.074433255729637257,
	"y" : -0.063291132725637203,
	"yaw" : 1.3975782689571892,
	"z" : -0.1686865864138232
}
