{
	"pitch" : 1.4953984886933736,
	"roll" : -1.5644123459098263,
	"x" : 0.092819876640274593,
	"y" : 0.034848546297393951,
	"yaw" : 1.2563464265037056,
	"z" : -0.18172071012671018
}
