{
	"pitch" : 1.4931750307429135,
	"roll" : -1.6158668111290333,
	"x" : 0.091126890685585799,
	"y" : 0.029284360268171643,
	"yaw" : 1.2047412876060433,
	"z" : -0.14541792950894469
}
