{
	"pitch" : 1.4842760821662107,
	"roll" : -1.5566665068483772,
	"x" : 0.070915308988307585,
	"y" : -0.027699396022299767,
	"yaw" : 1.2564114994293991,
	"z" : -0.1217489877032641
}
