{
	"pitch" : 1.4612855548483028,
	"roll" : -1.436542527540124,
	"x" : 0.041008377975238083,
	"y" : -0.12641986340795025,
	"yaw" : 1.3659385847338119,
	"z" : -0.16859095716804529
}
