{
	"pitch" : 1.4945015612763868,
	"roll" : -1.6076157816573042,
	"x" : 0.075585136925450935,
	"y" : 0.039553447950831308,
	"yaw" : 1.2217448887297855,
	"z" : -0.17113109961351841
}
