{
	"pitch" : 1.47426611315904,
	"roll" : -1.530854983624192,
	"x" : 0.044237477277268317,
	"y" : -0.11103090756880543,
	"yaw" : 1.2830891523584234,
	"z" : -0.16943891361059049
}
