{
	"pitch" : 1.4529997058629944,
	"roll" : -1.4487982344879722,
	"x" : 0.030542456674595875,
	"y" : -0.16251659462807361,
	"yaw" : 1.3548205312606512,
	"z" : -0.17016310418398592
}
