{
	"pitch" : 1.4754968261382091,
	"roll" : -1.4780295196579123,
	"x" : 0.061261369589243032,
	"y" : -0.060931069293575599,
	"yaw" : 1.3370051491800223,
	"z" : -0.16250929072099035
}
