{
	"pitch" : 1.4710874924605026,
	"roll" : -1.5850429259655647,
	"x" : 0.033381102328828724,
	"y" : -0.036375926599457861,
	"yaw" : 1.2306582542710207,
	"z" : -0.17013661577568834
}
