{
	"pitch" : 1.4690144488725314,
	"roll" : -1.5851685665734372,
	"x" : 0.03162202320012325,
	"y" : -0.035938046446673394,
	"yaw" : 1.2227062638516777,
	"z" : -0.17025053920468819
}
