{
	"pitch" : 1.4999104931148652,
	"roll" : -1.5653154699912768,
	"x" : 0.099067015011844811,
	"y" : 0.034112543018007882,
	"yaw" : 1.2648862018368117,
	"z" : -0.17056721150206533
}
