{
	"pitch" : 1.4668356575406543,
	"roll" : -1.4757580847436205,
	"x" : 0.063110188723801697,
	"y" : -0.057737367245317792,
	"yaw" : 1.3316041484962047,
	"z" : -0.18631987969078528
}
