{
	"pitch" : 1.4752658447955378,
	"roll" : -1.4422444308084337,
	"x" : 0.075222491773658889,
	"y" : -0.062510167385065013,
	"yaw" : 1.3712861026555023,
	"z" : -0.16877209445530181
}
