{
	"pitch" : 1.4777115485766457,
	"roll" : -1.5589116011968482,
	"x" : 0.065155229347790181,
	"y" : -0.054804256444392324,
	"yaw" : 1.2543299510445771,
	"z" : -0.16904738461361268
}
