{
	"pitch" : 1.4542186388363894,
	"roll" : -1.3146098641737551,
	"x" : 0.041780548836022557,
	"y" : -0.29669940277659246,
	"yaw" : 1.4905489834267835,
	"z" : -0.17032903786806167
}
