{
	"pitch" : 1.4866550204548248,
	"roll" : -1.5026581127352687,
	"x" : 0.075993739320011564,
	"y" : -0.012695033985587341,
	"yaw" : 1.3122811806486183,
	"z" : -0.11878454938488295
}
