{
	"pitch" : 1.4499288906050496,
	"roll" : -1.4176088493393404,
	"x" : -0.00043107918719297034,
	"y" : -0.25752434370714522,
	"yaw" : 1.3807838963167967,
	"z" : -0.17146886392271357
}
