{
	"pitch" : 1.4513094533730846,
	"roll" : -1.4036083351013091,
	"x" : -0.0010748231182490103,
	"y" : -0.25643709916903962,
	"yaw" : 1.399293301715826,
	"z" : -0.17169527002544535
}
