{
	"pitch" : 1.4748401053231071,
	"roll" : -1.4993929131043475,
	"x" : 0.060544014740384726,
	"y" : -0.061107846561461912,
	"yaw" : 1.3135365004789914,
	"z" : -0.16088820644386803
}
