{
	"pitch" : 1.4753613781912096,
	"roll" : -1.4935268417630914,
	"x" : 0.061946504763434398,
	"y" : -0.058863795044956188,
	"yaw" : 1.3216865278957197,
	"z" : -0.15231348585091392
}
