{
	"pitch" : 1.4920714932490151,
	"roll" : -1.5762961033517962,
	"x" : 0.065515787249508184,
	"y" : 0.038166353159099692,
	"yaw" : 1.2588097324042855,
	"z" : -0.17165526128970535
}
