{
	"pitch" : 1.4749185908335651,
	"roll" : -1.56495916279376,
	"x" : 0.028589112773076367,
	"y" : -0.026968833735625808,
	"yaw" : 1.2546899838534258,
	"z" : -0.17025713815417623
}
