{
	"pitch" : 1.4695786385501217,
	"roll" : -1.6299478840696757,
	"x" : 0.030239155187749882,
	"y" : -0.028877439836815948,
	"yaw" : 1.1858776344379292,
	"z" : -0.17005197649035134
}
