{
	"pitch" : 1.4771082940598976,
	"roll" : -1.5116449458856354,
	"x" : 0.074889944989236623,
	"y" : -0.02078816980734001,
	"yaw" : 1.2943076239824136,
	"z" : -0.22035700096752425
}
