{
	"pitch" : 1.4682724033777965,
	"roll" : -1.4901201813686282,
	"x" : 0.061071296364140715,
	"y" : -0.06082824320073385,
	"yaw" : 1.3188971655883179,
	"z" : -0.16933242658472186
}
