{
	"pitch" : 1.4812106633659874,
	"roll" : -1.4314681659686936,
	"x" : 0.10346370264009809,
	"y" : -0.055539526493867397,
	"yaw" : 1.388428235652426,
	"z" : -0.16795325338981354
}
