{
	"pitch" : 1.4569330512608929,
	"roll" : -1.5640627571845516,
	"x" : -0.05559264737887587,
	"y" : -0.163675136145981,
	"yaw" : 1.2428816721093143,
	"z" : -0.17260996155512703
}
