{
	"pitch" : 1.4879691082080753,
	"roll" : -1.4173089551518623,
	"x" : 0.12414565333691788,
	"y" : -0.030051751588457017,
	"yaw" : 1.4026785609231738,
	"z" : -0.16904475700592214
}
