{
	"pitch" : 1.4703807786116669,
	"roll" : -1.6544227975819688,
	"x" : 0.028660663031290196,
	"y" : -0.022634118968893096,
	"yaw" : 1.1599604174335612,
	"z" : -0.17049023282098796
}
