{
	"pitch" : 1.4949156023294601,
	"roll" : -1.4713598272301454,
	"x" : 0.089500475752970932,
	"y" : 0.038100022778322466,
	"yaw" : 1.3636665682505986,
	"z" : -0.17095818879381269
}
