{
	"pitch" : 1.4706011947298139,
	"roll" : -1.4181942701589496,
	"x" : 0.10172104548307236,
	"y" : -0.17694109765116045,
	"yaw" : 1.397539556901443,
	"z" : -0.16856407565120746
}
