{
	"pitch" : 1.4726753856557486,
	"roll" : -1.5680212480435916,
	"x" : 0.070945080793870588,
	"y" : -0.036988974965451935,
	"yaw" : 1.2411364620708827,
	"z" : -0.21387741191596674
}
