{
	"pitch" : 1.4543007836822379,
	"roll" : -1.4422645947701713,
	"x" : 0.032118601453461737,
	"y" : -0.15733109528016131,
	"yaw" : 1.3593221145984702,
	"z" : -0.16990758630366251
}
