{
	"pitch" : 1.465686753302091,
	"roll" : -1.453820708416667,
	"x" : 0.039940777706102271,
	"y" : -0.12646440034731743,
	"yaw" : 1.3579793912064564,
	"z" : -0.18594985997340527
}
