{
	"pitch" : 1.4976896149505428,
	"roll" : -1.5243381186860618,
	"x" : 0.088330727362464834,
	"y" : 0.038418102306563368,
	"yaw" : 1.310482254883665,
	"z" : -0.17115623105219491
}
