{
	"pitch" : 1.4854039140965236,
	"roll" : -1.4607496949407706,
	"x" : 0.0502568059863703,
	"y" : -0.038330381788351367,
	"yaw" : 1.3604359130218517,
	"z" : -0.16990853382259566
}
