{
	"pitch" : 1.4870508027889167,
	"roll" : -1.6026832095751093,
	"x" : 0.048882077904717783,
	"y" : 0.03031966153763882,
	"yaw" : 1.2276908614348421,
	"z" : -0.17134861072250837
}
