{
	"pitch" : 1.4914614328266542,
	"roll" : -1.4697855607432819,
	"x" : 0.075810815272048318,
	"y" : -0.012389083376642435,
	"yaw" : 1.3500683985862352,
	"z" : -0.16923329969134826
}
