{
	"pitch" : 1.4685379899042297,
	"roll" : -1.4988101069232418,
	"x" : 0.038338654199781219,
	"y" : -0.045963171380931693,
	"yaw" : 1.3095108528632782,
	"z" : -0.1701402081310732
}
