{
	"pitch" : 1.4564507636312423,
	"roll" : -1.3484797262648003,
	"x" : 0.014866038391924477,
	"y" : -0.20876333771980393,
	"yaw" : 1.464607165345599,
	"z" : -0.27097926455873411
}
