{
	"pitch" : 1.4680265810849225,
	"roll" : -1.4088283210273562,
	"x" : 0.064103625383990684,
	"y" : -0.061299039347776058,
	"yaw" : 1.4083427247915694,
	"z" : -0.16917811188287951
}
