{
	"pitch" : 1.4674062322938681,
	"roll" : -1.4570749861247401,
	"x" : 0.05335591133966433,
	"y" : -0.05745487547363419,
	"yaw" : 1.3550641904044205,
	"z" : -0.16897645090646818
}
