{
	"pitch" : 1.4969104349851914,
	"roll" : -1.6089200781137871,
	"x" : 0.065944452697365707,
	"y" : 0.0383372398219737,
	"yaw" : 1.2199606098473115,
	"z" : -0.17107247786883847
}
