{
	"pitch" : 1.4808689418423016,
	"roll" : -1.506020973565587,
	"x" : 0.08057467077232966,
	"y" : -0.004074794184243169,
	"yaw" : 1.305710192740285,
	"z" : -0.21920396831601832
}
