{
	"pitch" : 1.4858674629635762,
	"roll" : -1.3571978867787855,
	"x" : 0.11896279311920718,
	"y" : -0.039094485350933475,
	"yaw" : 1.4604382266153462,
	"z" : -0.16815280222282919
}
