{
	"pitch" : 1.4961422033058878,
	"roll" : -1.3724425786081949,
	"x" : 0.12234927034523309,
	"y" : 0.011655355929338241,
	"yaw" : 1.4522894024384658,
	"z" : -0.16951176797108439
}
