{
	"pitch" : 1.4771838268302295,
	"roll" : -1.5073820597619343,
	"x" : 0.074866507392899032,
	"y" : -0.02074432062470212,
	"yaw" : 1.2984850817102171,
	"z" : -0.22033408046566355
}
