{
	"pitch" : 1.4707583830649464,
	"roll" : -1.5171766584942026,
	"x" : 0.065974053112097392,
	"y" : -0.05042061648982453,
	"yaw" : 1.2889248867296594,
	"z" : -0.20143245674439814
}
