{
	"pitch" : 1.4884411687249781,
	"roll" : -1.4975295647735967,
	"x" : 0.076349668618057212,
	"y" : -0.012885677190963859,
	"yaw" : 1.3199812709391412,
	"z" : -0.16971361181232661
}
