{
	"pitch" : 1.4847807438492429,
	"roll" : -1.5849944842840955,
	"x" : 0.033842807898278489,
	"y" : 0.016199759655084543,
	"yaw" : 1.2360591480994081,
	"z" : -0.17067059077611216
}
