{
	"pitch" : 1.4802937990351184,
	"roll" : -1.6252860845341603,
	"x" : 0.031789542702793556,
	"y" : 0.010798364862028927,
	"yaw" : 1.1933548044580091,
	"z" : -0.17058408825936752
}
