{
	"pitch" : 1.4597479557178228,
	"roll" : -1.5264220740838579,
	"x" : 0.01220778772600585,
	"y" : -0.21148647774491877,
	"yaw" : 1.2825695266829011,
	"z" : -0.070602711938187443
}
