{
	"pitch" : 1.4761064482890529,
	"roll" : -1.5611622401587613,
	"x" : 0.030548039995101098,
	"y" : -0.033358496573604526,
	"yaw" : 1.259428903407767,
	"z" : -0.16968026866244165
}
