{
	"pitch" : 1.4737139671679798,
	"roll" : -1.5868444968030173,
	"x" : 0.040649246129950842,
	"y" : -0.046875087080173745,
	"yaw" : 1.2326635143615703,
	"z" : -0.16994493515958001
}
