{
	"pitch" : 1.4750014486403251,
	"roll" : -1.5316430595291712,
	"x" : 0.077562846309094963,
	"y" : -0.013659628480341159,
	"yaw" : 1.2679238824980057,
	"z" : -0.170396088860715
}
