{
	"pitch" : 1.4745112976483725,
	"roll" : -1.4535290620430332,
	"x" : 0.061491273213269998,
	"y" : -0.058708793658077366,
	"yaw" : 1.3623443350889839,
	"z" : -0.15259942731836926
}
