{
	"pitch" : 1.4669172970525597,
	"roll" : -1.4932392004066646,
	"x" : 0.063490994562852357,
	"y" : -0.055828468498465747,
	"yaw" : 1.3128399237794153,
	"z" : -0.19005829201984212
}
