{
	"pitch" : 1.4804708490841929,
	"roll" : -1.5131081220503313,
	"x" : 0.080527333879063953,
	"y" : -0.0063989714782846843,
	"yaw" : 1.2989454764482531,
	"z" : -0.21976582130698885
}
