{
	"pitch" : 1.479302580665419,
	"roll" : -1.6242722470839703,
	"x" : 0.031825415852222129,
	"y" : 0.011678837193597318,
	"yaw" : 1.1939767713923368,
	"z" : -0.17050071390917831
}
