{
	"pitch" : 1.4465071926008042,
	"roll" : -1.4220554052986398,
	"x" : -0.017487101082286585,
	"y" : -0.30925526206859244,
	"yaw" : 1.3787869973600158,
	"z" : -0.17312284176459167
}
