{
	"pitch" : 1.4566922679964192,
	"roll" : -1.4836747825432348,
	"x" : 0.040618900082199406,
	"y" : -0.13186307325331759,
	"yaw" : 1.3159134521193117,
	"z" : -0.17012435123874162
}
