{
	"pitch" : 1.4931502088807258,
	"roll" : -1.6074589966858446,
	"x" : 0.088726456525284048,
	"y" : 0.023429584768527065,
	"yaw" : 1.2104586338783405,
	"z" : -0.13680622976917126
}
