{
	"pitch" : 1.4691295898466472,
	"roll" : -1.4999931547625598,
	"x" : 0.06147587589511698,
	"y" : -0.059307761155859229,
	"yaw" : 1.308767914961616,
	"z" : -0.16929550559737055
}
