{
	"pitch" : 1.4781036736509376,
	"roll" : -1.4533296072184418,
	"x" : 0.080214917027572205,
	"y" : -0.062881562092675064,
	"yaw" : 1.3609309304701289,
	"z" : -0.16848823263374882
}
