{
	"pitch" : 1.4857814532168832,
	"roll" : -1.5824759443205825,
	"x" : 0.09144393240927276,
	"y" : 0.028526610651127483,
	"yaw" : 1.2352265222920005,
	"z" : -0.19698111663703222
}
