{
	"pitch" : 1.4830266949207975,
	"roll" : -1.4803497253957172,
	"x" : 0.077792188046148431,
	"y" : -0.01064228296467945,
	"yaw" : 1.3311675831923506,
	"z" : -0.16937326712255746
}
