{
	"pitch" : 1.4546380945879844,
	"roll" : -1.4495581487409288,
	"x" : 0.021501218243936845,
	"y" : -0.18949379131332916,
	"yaw" : 1.3537401875926671,
	"z" : -0.17018780211063658
}
