{
	"pitch" : 1.5142876478152585,
	"roll" : -1.3238207724747599,
	"x" : 0.10317824511248422,
	"y" : -0.16615246657140897,
	"yaw" : 1.4461269610154255,
	"z" : -0.16687044495704698
}
