{
	"pitch" : 1.4691327978653981,
	"roll" : -1.511217760073432,
	"x" : 0.035596214464805695,
	"y" : -0.042941054397956147,
	"yaw" : 1.2977576816767344,
	"z" : -0.17013795239317131
}
