{
	"pitch" : 1.4937402719667581,
	"roll" : -1.4407629601179945,
	"x" : 0.12826457866701266,
	"y" : -0.01157518778562347,
	"yaw" : 1.3810770137919843,
	"z" : -0.16893270327797677
}
