{
	"pitch" : 1.4848583913655093,
	"roll" : -1.581698603597627,
	"x" : 0.073379420045500396,
	"y" : -0.022795831687462527,
	"yaw" : 1.231536176216302,
	"z" : -0.12087134914937825
}
