{
	"pitch" : 1.4700588185979344,
	"roll" : -1.4105054544164313,
	"x" : 0.10208695220988667,
	"y" : -0.17541067614869466,
	"yaw" : 1.4061482928026681,
	"z" : -0.16845551216802429
}
