{
	"pitch" : 1.4740434797633928,
	"roll" : -1.4153619238202793,
	"x" : 0.074378065305944652,
	"y" : -0.063274361558350548,
	"yaw" : 1.4043588180960167,
	"z" : -0.16869200893477537
}
