{
	"pitch" : 1.4875412205055303,
	"roll" : -1.5102903310875111,
	"x" : 0.076216761365016567,
	"y" : -0.012831223789974771,
	"yaw" : 1.3070632611454898,
	"z" : -0.16950440825857818
}
