{
	"pitch" : 1.4843979382186476,
	"roll" : -1.5664414710673296,
	"x" : 0.03217501050916205,
	"y" : 0.012990609418988507,
	"yaw" : 1.254452084879641,
	"z" : -0.17047372974111172
}
