{
	"pitch" : 1.4858540731898511,
	"roll" : -1.5284979452810394,
	"x" : 0.053970960976146329,
	"y" : 0.035290871255621921,
	"yaw" : 1.3046178965973312,
	"z" : -0.171406729318623
}
