{
	"pitch" : 1.4877266889826035,
	"roll" : -1.3140518661109217,
	"x" : 0.12372516005046716,
	"y" : -0.026889745882483967,
	"yaw" : 1.50884637957747,
	"z" : -0.16818815295148018
}
