{
	"pitch" : 1.4824205504888235,
	"roll" : -1.3617542382931,
	"x" : 0.11015663631374203,
	"y" : -0.050576166560129629,
	"yaw" : 1.4611031104639713,
	"z" : -0.16841047741320461
}
