{
	"pitch" : 1.4933407755400809,
	"roll" : -1.3254683866714618,
	"x" : 0.12854083401382932,
	"y" : -0.0081903822913811045,
	"yaw" : 1.4967044777385603,
	"z" : -0.16864292077240284
}
