{
	"pitch" : 1.4600916186455157,
	"roll" : -1.6040101313947055,
	"x" : -0.08294696456414255,
	"y" : -0.1799480481077963,
	"yaw" : 1.2037709211780145,
	"z" : -0.1739023233372872
}
