{
	"pitch" : 1.4791098876671849,
	"roll" : -1.6767896494032279,
	"x" : 0.029526658417225779,
	"y" : 0.0044831873765802457,
	"yaw" : 1.1444628177062803,
	"z" : -0.17051444632068702
}
