{
	"pitch" : 1.4713432826685149,
	"roll" : -1.5013194004344463,
	"x" : 0.043758816863661273,
	"y" : -0.11452006080899092,
	"yaw" : 1.310908026661036,
	"z" : -0.17231835066749454
}
