{
	"pitch" : 1.4698396284047672,
	"roll" : -1.5761692526859215,
	"x" : 0.03121858005161799,
	"y" : -0.03574295342916356,
	"yaw" : 1.2315062146708928,
	"z" : -0.17002118369784561
}
