{
	"pitch" : 1.4926322774809901,
	"roll" : -1.5154282008349589,
	"x" : 0.074661865685137371,
	"y" : -0.014326010168753569,
	"yaw" : 1.3081150524661695,
	"z" : -0.1696908591647292
}
