{
	"pitch" : 1.4783531167767636,
	"roll" : -1.6061676128267695,
	"x" : 0.026376593291420447,
	"y" : -0.0094232042128606676,
	"yaw" : 1.2143334402972299,
	"z" : -0.17066599466966498
}
