{
	"pitch" : 1.4886784506853061,
	"roll" : -1.3678044129991083,
	"x" : 0.12416806949437578,
	"y" : -0.027476406256104091,
	"yaw" : 1.4534984218813207,
	"z" : -0.16862431541571141
}
