{
	"pitch" : 1.4927181570953107,
	"roll" : -1.3739904401622227,
	"x" : 0.12796082825920699,
	"y" : -0.0050895664686143767,
	"yaw" : 1.4495673447382764,
	"z" : -0.16895705738587907
}
