{
	"pitch" : 1.4759642446386541,
	"roll" : -1.6092367689655462,
	"x" : 0.041440372006508866,
	"y" : -0.12477309272409777,
	"yaw" : 1.2062272417016306,
	"z" : -0.15679294260670229
}
