{
	"pitch" : 1.4730205507734073,
	"roll" : -1.3909306260839371,
	"x" : 0.073486857340790329,
	"y" : -0.063196832576080539,
	"yaw" : 1.4286047280454379,
	"z" : -0.16882973732712739
}
