{
	"pitch" : 1.481846114636802,
	"roll" : -1.6007156883911235,
	"x" : 0.050565941899267365,
	"y" : 0.03197060505002966,
	"yaw" : 1.2238099208619142,
	"z" : -0.17149756318832018
}
