{
	"pitch" : 1.4635489343183645,
	"roll" : -1.5453039075563888,
	"x" : 0.073248418439972041,
	"y" : -0.025584835954334608,
	"yaw" : 1.260609575253312,
	"z" : -0.17039335089906496
}
