{
	"pitch" : 1.4574797023617825,
	"roll" : -1.3679488453627866,
	"x" : 0.018095294032323489,
	"y" : -0.19703043594071615,
	"yaw" : 1.4444922488486667,
	"z" : -0.25990409790872299
}
