{
	"pitch" : 1.4864712558754873,
	"roll" : -1.6142747720599275,
	"x" : 0.057839083221530876,
	"y" : 0.03553288471803083,
	"yaw" : 1.2137707307396739,
	"z" : -0.17177011004196988
}
