{
	"pitch" : 1.4909501739810176,
	"roll" : -1.5385981289321724,
	"x" : 0.092054583980731616,
	"y" : 0.033426207260113618,
	"yaw" : 1.2807013488744114,
	"z" : -0.18778366808743963
}
