{
	"pitch" : 1.4717305043693338,
	"roll" : -1.6314787355420277,
	"x" : 0.028607522148470357,
	"y" : -0.022436397044224825,
	"yaw" : 1.1822698694100604,
	"z" : -0.17038645485746542
}
