{
	"pitch" : 1.4894391356971783,
	"roll" : -1.580994072872786,
	"x" : 0.077120707473778,
	"y" : -0.012603528786395073,
	"yaw" : 1.2330741047139315,
	"z" : -0.16998058307785618
}
