{
	"pitch" : 1.4559667538865961,
	"roll" : -1.3381882629229038,
	"x" : 0.011860415979601191,
	"y" : -0.28740045964872168,
	"yaw" : 1.4683322209743541,
	"z" : -0.17154035030487222
}
