{
	"pitch" : 1.4790998374337452,
	"roll" : -1.4001471427692553,
	"x" : 0.09259187750075476,
	"y" : -0.059979263971411699,
	"yaw" : 1.423414976568478,
	"z" : -0.16848888456804464
}
