{
	"pitch" : 1.4745873431324492,
	"roll" : -1.4627952380733409,
	"x" : 0.063148815349662865,
	"y" : -0.054904649062891372,
	"yaw" : 1.3498700566602746,
	"z" : -0.14447094377227443
}
