{
	"pitch" : 1.489560683081635,
	"roll" : -1.5114773484436574,
	"x" : 0.07905051634818358,
	"y" : -0.003632534224922707,
	"yaw" : 1.3017442799590757,
	"z" : -0.118958127937408
}
