{
	"pitch" : 1.4878498077933979,
	"roll" : -1.6104142121433438,
	"x" : 0.056668674330008044,
	"y" : 0.035039971285748178,
	"yaw" : 1.2151919953489239,
	"z" : -0.17128865071963809
}
