{
	"pitch" : 1.4829126553280125,
	"roll" : -1.5436378596981712,
	"x" : 0.076664407772064624,
	"y" : -0.013528668066795041,
	"yaw" : 1.2736510556829468,
	"z" : -0.16981341165012606
}
