{
	"pitch" : 1.4485348788283403,
	"roll" : -1.4076842266637324,
	"x" : -0.0168522495303466,
	"y" : -0.30900658937480996,
	"yaw" : 1.3939226517472902,
	"z" : -0.17300535095225911
}
