{
	"pitch" : 1.4694473028407016,
	"roll" : -1.5627208089282714,
	"x" : -0.030863988256359873,
	"y" : -0.11593184682260375,
	"yaw" : 1.2463411586916016,
	"z" : -0.17172207971183648
}
