{
	"pitch" : 1.4866803800653017,
	"roll" : -1.5662470678042544,
	"x" : 0.044047447330756238,
	"y" : -0.028803525392977349,
	"yaw" : 1.2586350207279502,
	"z" : -0.16863053522497529
}
