{
	"pitch" : 1.4809636838551452,
	"roll" : -1.6206789032242943,
	"x" : 0.030570650627231438,
	"y" : 0.0075358357869815505,
	"yaw" : 1.2019858469804727,
	"z" : -0.17108689090225421
}
