{
	"pitch" : 1.4702428170464068,
	"roll" : -1.4894345219147631,
	"x" : 0.058073143328164101,
	"y" : -0.059898674279269884,
	"yaw" : 1.3245594419737525,
	"z" : -0.16919496697155448
}
