{
	"pitch" : 1.4607159743038365,
	"roll" : -1.5807759523511666,
	"x" : -0.029253244265208936,
	"y" : -0.14970514485715422,
	"yaw" : 1.2229820139301921,
	"z" : -0.17236866013710006
}
