{
	"pitch" : 1.4751028425546158,
	"roll" : -1.5100818783624981,
	"x" : 0.063591312153462601,
	"y" : -0.054879830257637291,
	"yaw" : 1.3029191857507552,
	"z" : -0.14431164996250709
}
