{
	"pitch" : 1.4831179483202659,
	"roll" : -1.3738458529681989,
	"x" : 0.10723432347240661,
	"y" : -0.05274609258605116,
	"yaw" : 1.4496986609595361,
	"z" : -0.16805274165803655
}
