{
	"pitch" : 1.4707250525599032,
	"roll" : -1.4894600011579708,
	"x" : 0.062148864809820188,
	"y" : -0.059801673235180527,
	"yaw" : 1.323461096242416,
	"z" : -0.17364318706245518
}
