{
	"pitch" : 1.4678899315792504,
	"roll" : -1.60710861167881,
	"x" : -0.022646770208528511,
	"y" : -0.12221654811722929,
	"yaw" : 1.2041892942296279,
	"z" : -0.17171027104738315
}
