{
	"pitch" : 1.4572819205987355,
	"roll" : -1.4758349644414819,
	"x" : -2.606487670241131e-05,
	"y" : -0.21661500375551618,
	"yaw" : 1.3248385284813682,
	"z" : -0.17133672105712777
}
