{
	"pitch" : 1.4436680823754309,
	"roll" : -1.3759326971496815,
	"x" : -0.016409570131085904,
	"y" : -0.30569602948154162,
	"yaw" : 1.4258116211138196,
	"z" : -0.17386201492380504
}
