{
	"pitch" : 1.4483572436640666,
	"roll" : -1.4081101243809786,
	"x" : -0.016717989641242423,
	"y" : -0.30903798818836559,
	"yaw" : 1.3933657281794183,
	"z" : -0.17303612560168793
}
