{
	"pitch" : 1.4497478122978793,
	"roll" : -1.4250451670900413,
	"x" : -0.0017481160296698856,
	"y" : -0.261655172398433,
	"yaw" : 1.375331387399966,
	"z" : -0.1714535234650145
}
