{
	"pitch" : 1.4758304898272694,
	"roll" : -1.4781952615715663,
	"x" : 0.061085266732030789,
	"y" : -0.060807807024929821,
	"yaw" : 1.3365601713625213,
	"z" : -0.16380311595931948
}
