{
	"pitch" : 1.4729431973934513,
	"roll" : -1.5822770351058948,
	"x" : 0.040131273476749593,
	"y" : -0.046439110096271954,
	"yaw" : 1.2374871652618429,
	"z" : -0.16990542422080249
}
