{
	"pitch" : 1.4886578863248852,
	"roll" : -1.5766616162722924,
	"x" : 0.088775038711442864,
	"y" : 0.02126425093182794,
	"yaw" : 1.2404064385861502,
	"z" : -0.2065734043715366
}
