{
	"pitch" : 1.4787809285338707,
	"roll" : -1.6043656945256417,
	"x" : 0.026561956995910296,
	"y" : -0.0087914677792022451,
	"yaw" : 1.2160835531979051,
	"z" : -0.17068005051718904
}
