{
	"pitch" : 1.4994226389682555,
	"roll" : -1.5441545196456963,
	"x" : 0.095667450452397579,
	"y" : 0.035932859149412424,
	"yaw" : 1.2878763282690484,
	"z" : -0.17061316855274181
}
