{
	"pitch" : 1.4758919641573158,
	"roll" : -1.5216225894346231,
	"x" : 0.072558038322556112,
	"y" : -0.029419269960177054,
	"yaw" : 1.2854508566107978,
	"z" : -0.21685077960849031
}
