{
	"pitch" : 1.4767676224166606,
	"roll" : -1.5509816652585506,
	"x" : 0.077297075779870036,
	"y" : -0.013421030049292307,
	"yaw" : 1.2476752583995068,
	"z" : -0.17051281064223056
}
