{
	"pitch" : 1.4786637993186604,
	"roll" : -1.4920929895066557,
	"x" : 0.044758028304456077,
	"y" : -0.11224129259241396,
	"yaw" : 1.3248949110946147,
	"z" : -0.16929355462812581
}
