{
	"pitch" : 1.4740144867323282,
	"roll" : -1.5739880411127289,
	"x" : 0.048327175921676742,
	"y" : -0.027825371471695125,
	"yaw" : 1.2391203082810733,
	"z" : -0.1707530522341362
}
