{
	"pitch" : 1.4960807828872569,
	"roll" : -1.5594852615768009,
	"x" : 0.070302804664144056,
	"y" : 0.039147495010904303,
	"yaw" : 1.2745712615774687,
	"z" : -0.17118295103709497
}
