{
	"pitch" : 1.4678557751516512,
	"roll" : -1.558596534851157,
	"x" : -0.046509759335380249,
	"y" : -0.14110448998421773,
	"yaw" : 1.2626925580519239,
	"z" : -0.17257895161265213
}
