{
	"pitch" : 1.4723883900959538,
	"roll" : -1.4693250136437441,
	"x" : 0.058190360140132014,
	"y" : -0.05821735091724077,
	"yaw" : 1.3482854130836783,
	"z" : -0.16876119837625381
}
