{
	"pitch" : 1.4863594046493225,
	"roll" : -1.5881072170049386,
	"x" : 0.089406533947045522,
	"y" : 0.023370936172559881,
	"yaw" : 1.2284162303392143,
	"z" : -0.20417043365313545
}
