{
	"pitch" : 1.4961202453161435,
	"roll" : -1.5632486546311657,
	"x" : 0.092442179644688968,
	"y" : 0.036202435373202557,
	"yaw" : 1.2594196656985415,
	"z" : -0.16729528954260839
}
