{
	"pitch" : 1.4564344974520851,
	"roll" : -1.373800108676575,
	"x" : 0.070947288888646681,
	"y" : -0.2725632162405261,
	"yaw" : 1.4320699860790951,
	"z" : -0.16994722612136126
}
