{
	"pitch" : 1.4649507568381552,
	"roll" : -1.4828398050131084,
	"x" : 0.048372372536229141,
	"y" : -0.054532188241965873,
	"yaw" : 1.3276559112412571,
	"z" : -0.16933772430252222
}
