{
	"pitch" : 1.4548340227599317,
	"roll" : -1.4668299961978584,
	"x" : 0.0076766062275104713,
	"y" : -0.21166882638968454,
	"yaw" : 1.3327199983867857,
	"z" : -0.17089569300719951
}
