{
	"pitch" : 1.4779405549203164,
	"roll" : -1.4589644706606222,
	"x" : 0.061985651053248568,
	"y" : -0.055898156621855898,
	"yaw" : 1.354715774400326,
	"z" : -0.14650694467514713
}
