{
	"pitch" : 1.4791454385232674,
	"roll" : -1.6081415561433319,
	"x" : 0.055826760883172677,
	"y" : -0.13159374051548206,
	"yaw" : 1.1967084930951157,
	"z" : -0.1699614117235988
}
