{
	"pitch" : 1.495526380326321,
	"roll" : -1.6004432947749299,
	"x" : 0.091162717197685844,
	"y" : 0.030316669046646871,
	"yaw" : 1.2207439088096261,
	"z" : -0.14721362492388901
}
