{
	"pitch" : 1.4802962554983596,
	"roll" : -1.5481716362396889,
	"x" : -0.030233498734227676,
	"y" : -0.12533089933752595,
	"yaw" : 1.2692970880925052,
	"z" : -0.17176929621498271
}
