{
	"pitch" : 1.4651558234178181,
	"roll" : -1.3064674458565588,
	"x" : 0.015230013089151964,
	"y" : -0.20870180365254024,
	"yaw" : 1.5054449171141577,
	"z" : -0.27018948566351941
}
