{
	"pitch" : 1.4918681198212074,
	"roll" : -1.39410567138275,
	"x" : 0.074552209563837263,
	"y" : -0.01260236076250436,
	"yaw" : 1.4234733478869044,
	"z" : -0.16896701112829057
}
