{
	"pitch" : 1.4520387357870921,
	"roll" : -1.419642538506187,
	"x" : -4.6342765950224685e-05,
	"y" : -0.25358772320669387,
	"yaw" : 1.3828299543979397,
	"z" : -0.17167923990167525
}
