{
	"pitch" : 1.475769942605295,
	"roll" : -1.4510039710559894,
	"x" : 0.064767763193288364,
	"y" : -0.051184828364543404,
	"yaw" : 1.3559458164153046,
	"z" : -0.16973017858989956
}
