{
	"pitch" : 1.4944536329426867,
	"roll" : -1.5844742818081514,
	"x" : 0.074169986864270065,
	"y" : 0.039719535614958737,
	"yaw" : 1.2440457886813321,
	"z" : -0.17087646482218025
}
