{
	"pitch" : 1.473600659244102,
	"roll" : -1.5570234687793338,
	"x" : 0.029587640222636685,
	"y" : -0.15975958042967581,
	"yaw" : 1.2535590696394554,
	"z" : -0.12255436944534312
}
