{
	"pitch" : 1.4835522007361766,
	"roll" : -1.5572737441827382,
	"x" : 0.0771675173209702,
	"y" : -0.012181641132268663,
	"yaw" : 1.2609791219630977,
	"z" : -0.1696190982532709
}
