{
	"pitch" : 1.4768309918606763,
	"roll" : -1.6260450100736268,
	"x" : 0.027584722203001719,
	"y" : -0.020629755336750492,
	"yaw" : 1.1945218122476309,
	"z" : -0.17084268176290521
}
