{
	"pitch" : 1.4534292223052525,
	"roll" : -1.4257187400493059,
	"x" : -0.07028836475695964,
	"y" : -0.25404995926292662,
	"yaw" : 1.375775862054156,
	"z" : -0.17362602036085356
}
