{
	"pitch" : 1.4468926388281764,
	"roll" : -1.3999311539520716,
	"x" : -0.014444992867109874,
	"y" : -0.30591600155624932,
	"yaw" : 1.40149261787172,
	"z" : -0.17407124261871124
}
