{
	"pitch" : 1.4552853867378528,
	"roll" : -1.3656207753588441,
	"x" : 0.017946414298851798,
	"y" : -0.19798687383642799,
	"yaw" : 1.4457200032471873,
	"z" : -0.26090845896113746
}
