{
	"pitch" : 1.4591039137832689,
	"roll" : -1.4062847505329552,
	"x" : 0.025397380137168392,
	"y" : -0.17683404199722322,
	"yaw" : 1.4094123118332198,
	"z" : -0.23813377782615833
}
