{
	"pitch" : 1.4616443498022731,
	"roll" : -1.3115121793454907,
	"x" : 0.10898463286852855,
	"y" : -0.2348158340286462,
	"yaw" : 1.4966741419694769,
	"z" : -0.16812083184884066
}
