{
	"pitch" : 1.4843628050851596,
	"roll" : -1.6416988113455533,
	"x" : 0.040549756385280002,
	"y" : 0.022759228377236221,
	"yaw" : 1.183013746296276,
	"z" : -0.17163496024447394
}
