{
	"pitch" : 1.4454749267008029,
	"roll" : -1.4096170888878903,
	"x" : -0.016744584220858061,
	"y" : -0.30885537628437054,
	"yaw" : 1.3911904336173904,
	"z" : -0.17399442127997392
}
