{
	"pitch" : 1.4956912621607823,
	"roll" : -1.5830908646603983,
	"x" : 0.091573220036118105,
	"y" : 0.033460765637016804,
	"yaw" : 1.2367897658747911,
	"z" : -0.15276904633280897
}
