{
	"pitch" : 1.4815438671793988,
	"roll" : -1.4437487688839432,
	"x" : 0.10341145018892639,
	"y" : -0.055586715855299867,
	"yaw" : 1.375838847531675,
	"z" : -0.16801901315037629
}
