{
	"pitch" : 1.4504274599016733,
	"roll" : -1.2960330074422159,
	"x" : 0.060520557386168641,
	"y" : -0.30175874924028684,
	"yaw" : 1.507227977922271,
	"z" : -0.17016388395501328
}
