{
	"pitch" : 1.4938794581691115,
	"roll" : -1.4965921492125271,
	"x" : 0.075383030952119151,
	"y" : -0.013963910458910185,
	"yaw" : 1.3163089559086869,
	"z" : -0.16954361203885346
}
