{
	"pitch" : 1.4791911683947856,
	"roll" : -1.6453691284254657,
	"x" : 0.026623276667326966,
	"y" : -0.0047858782253247262,
	"yaw" : 1.1727751849410721,
	"z" : -0.17069481206659179
}
