{
	"pitch" : 1.4818859406683484,
	"roll" : -1.614782690495268,
	"x" : 0.083810813513362545,
	"y" : 0.0034435288293454477,
	"yaw" : 1.2023763952673827,
	"z" : -0.21783449037499258
}
