{
	"pitch" : 1.4543330824085223,
	"roll" : -1.4295240489813519,
	"x" : 0.01427902063454109,
	"y" : -0.20781012113223557,
	"yaw" : 1.3708297690592619,
	"z" : -0.17061914264158798
}
