{
	"pitch" : 1.4897388338708593,
	"roll" : -1.5953491257709906,
	"x" : 0.080831950372275835,
	"y" : 0.0006906093717852016,
	"yaw" : 1.2188150395517809,
	"z" : -0.12090491019717187
}
