{
	"pitch" : 1.471502902345305,
	"roll" : -1.3161762410911266,
	"x" : 0.019698283532401509,
	"y" : -0.19386027019830385,
	"yaw" : 1.4970889565677368,
	"z" : -0.26164498572691947
}
