{
	"pitch" : 1.4948198136320099,
	"roll" : -1.5808450512582173,
	"x" : 0.092588130744305525,
	"y" : 0.035411899360006875,
	"yaw" : 1.2400065619936422,
	"z" : -0.16157989439623122
}
