{
	"pitch" : 1.4756248743045337,
	"roll" : -1.5478222737312177,
	"x" : 0.077509880748699245,
	"y" : -0.013575277459389171,
	"yaw" : 1.251504895825686,
	"z" : -0.17043972214394146
}
