{
	"pitch" : 1.4776143412231406,
	"roll" : -1.5263232675448088,
	"x" : 0.066500492945496981,
	"y" : -0.043895340697547219,
	"yaw" : 1.2861539959992239,
	"z" : -0.13103660888477237
}
