{
	"pitch" : 1.4669353993167964,
	"roll" : -1.4953177158808315,
	"x" : 0.0060067192594038255,
	"y" : -0.23214930201929551,
	"yaw" : 1.3112675443549258,
	"z" : -0.09198949665554626
}
