{
	"pitch" : 1.4576905488288343,
	"roll" : -1.5004047737860104,
	"x" : -0.0059756160971600469,
	"y" : -0.22056465357417443,
	"yaw" : 1.3011618259148827,
	"z" : -0.17177975792622655
}
