{
	"pitch" : 1.455751903601272,
	"roll" : -1.4272436226927703,
	"x" : 0.013365002641008865,
	"y" : -0.20843885771028514,
	"yaw" : 1.3724195029118655,
	"z" : -0.1705012841835245
}
