{
	"pitch" : 1.4683219091157478,
	"roll" : -1.362978644553775,
	"x" : 0.016922420633151442,
	"y" : -0.20457536794427647,
	"yaw" : 1.4501783425751809,
	"z" : -0.2683372423657624
}
