{
	"pitch" : 1.4795067257577181,
	"roll" : -1.4942805231753344,
	"x" : 0.073456410399660374,
	"y" : -0.023022927374031613,
	"yaw" : 1.3186765409042533,
	"z" : -0.17023361449781532
}
