{
	"pitch" : 1.4750025219343668,
	"roll" : -1.5149972650705701,
	"x" : 0.072039089857922123,
	"y" : -0.031201869231393758,
	"yaw" : 1.2951900785680486,
	"z" : -0.16962853862351901
}
