{
	"pitch" : 1.4892912541249843,
	"roll" : -1.5796590762531051,
	"x" : 0.07695460845352653,
	"y" : -0.012604791451834055,
	"yaw" : 1.2345382684815838,
	"z" : -0.1698856297054091
}
