{
	"pitch" : 1.4646551995048589,
	"roll" : -1.500458478417225,
	"x" : -0.0017799907560829831,
	"y" : -0.25696948114941659,
	"yaw" : 1.3146295331590283,
	"z" : -0.11884547350788585
}
