{
	"pitch" : 1.4619969027071167,
	"roll" : -1.5801361536135505,
	"x" : -0.0069166060369684063,
	"y" : -0.13805349287055679,
	"yaw" : 1.2277193236548289,
	"z" : -0.17230081966201385
}
