{
	"pitch" : 1.4691543726493532,
	"roll" : -1.495855614533663,
	"x" : 0.031745824947545721,
	"y" : -0.038123908282488711,
	"yaw" : 1.3116536489195376,
	"z" : -0.17058076841343603
}
