{
	"pitch" : 1.461493284415915,
	"roll" : -1.3132133078149024,
	"x" : 0.081780174677930806,
	"y" : -0.23613900058625306,
	"yaw" : 1.4973366393437417,
	"z" : -0.16900283404337882
}
