{
	"pitch" : 1.4805015099710332,
	"roll" : -1.6311687229152121,
	"x" : 0.026582324977514428,
	"y" : -0.0052599642016176555,
	"yaw" : 1.1874458267539558,
	"z" : -0.17083140739878977
}
