{
	"pitch" : 1.4795663651597601,
	"roll" : -1.5063799243839069,
	"x" : 0.044463764263727681,
	"y" : -0.11229542493226424,
	"yaw" : 1.3114592322668195,
	"z" : -0.16909738851745396
}
