{
	"pitch" : 1.4686265625842487,
	"roll" : -1.4867969401720003,
	"x" : 0.053936246201278321,
	"y" : -0.14508362988450943,
	"yaw" : 1.3226415927072293,
	"z" : -0.16982490485633414
}
