{
	"pitch" : 1.4739297522322075,
	"roll" : -1.4517624541714509,
	"x" : 0.0074813514334206577,
	"y" : -0.077592845085870971,
	"yaw" : 1.3742150346438047,
	"z" : -0.17112572555468153
}
