{
	"pitch" : 1.4981449718112523,
	"roll" : -1.3700668717412536,
	"x" : 0.1100527050234863,
	"y" : 0.026173524922066191,
	"yaw" : 1.4576501433156712,
	"z" : -0.16948311955702536
}
