{
	"pitch" : 1.4781894565753551,
	"roll" : -1.5445180386675155,
	"x" : 0.045789540929717064,
	"y" : -0.11075948133108364,
	"yaw" : 1.274667812727337,
	"z" : -0.16968975043427442
}
