{
	"pitch" : 1.4808964086292586,
	"roll" : -1.417935566704021,
	"x" : 0.095556477118239905,
	"y" : -0.059757998384255363,
	"yaw" : 1.4003307581639202,
	"z" : -0.16852129927560419
}
