{
	"pitch" : 1.4600452111967888,
	"roll" : -1.4312637544546156,
	"x" : 0.049999400078953767,
	"y" : -0.094190967629564512,
	"yaw" : 1.3670549325681143,
	"z" : -0.17010220627955702
}
