{
	"pitch" : 1.4967832580734992,
	"roll" : -1.450785422097282,
	"x" : 0.081397853722106728,
	"y" : 0.039383348205703037,
	"yaw" : 1.3857547552724532,
	"z" : -0.17099673660290299
}
