{
	"pitch" : 1.491820616175437,
	"roll" : -1.3869673018831257,
	"x" : 0.12703420134345167,
	"y" : -0.019120945747958529,
	"yaw" : 1.4336391456435094,
	"z" : -0.1686402706894187
}
