{
	"pitch" : 1.469646267719726,
	"roll" : -1.518209926020031,
	"x" : 0.0065266592074497143,
	"y" : -0.23032841935285797,
	"yaw" : 1.2885939177495509,
	"z" : -0.089620365062757598
}
