{
	"pitch" : 1.4732286892978916,
	"roll" : -1.5393979791924191,
	"x" : 0.04409294874316097,
	"y" : -0.11124167190708846,
	"yaw" : 1.2735618247659783,
	"z" : -0.16954404275628737
}
