{
	"pitch" : 1.4921843646541029,
	"roll" : -1.3765791695228655,
	"x" : 0.1270308026303168,
	"y" : -0.018991794193878912,
	"yaw" : 1.4443979297063863,
	"z" : -0.16862503187859046
}
