{
	"pitch" : 1.4674195115467568,
	"roll" : -1.4871668296440852,
	"x" : 0.042257122236152189,
	"y" : -0.12224612815024428,
	"yaw" : 1.3238892666350743,
	"z" : -0.18063924516725904
}
