{
	"pitch" : 1.4961311746878969,
	"roll" : -1.401895875954331,
	"x" : 0.12404344026279725,
	"y" : 0.0078445782550747335,
	"yaw" : 1.4210959786650252,
	"z" : -0.16917270396154821
}
