{
	"pitch" : 1.4542604146296401,
	"roll" : -1.5123829358839007,
	"x" : -0.032824608883435136,
	"y" : -0.23398532947489448,
	"yaw" : 1.2879065194010424,
	"z" : -0.17263669995127792
}
