{
	"pitch" : 1.4537013689103151,
	"roll" : -1.4234523348832084,
	"x" : 0.014530550856017871,
	"y" : -0.20759291642118052,
	"yaw" : 1.3773276714212825,
	"z" : -0.17060354482936685
}
