{
	"pitch" : 1.4687025118929102,
	"roll" : -1.5459333960934587,
	"x" : 0.043072433999923374,
	"y" : -0.050391852909224669,
	"yaw" : 1.2648987118884711,
	"z" : -0.16976473495385591
}
