{
	"pitch" : 1.5011082352535015,
	"roll" : -1.4665109076281646,
	"x" : 0.1105323371991947,
	"y" : 0.026798802879886473,
	"yaw" : 1.3636339423956083,
	"z" : -0.16983524307080228
}
