{
	"pitch" : 1.4882228373460809,
	"roll" : -1.4911593519395252,
	"x" : 0.075412354561997755,
	"y" : -0.013012454971738511,
	"yaw" : 1.3234162556918394,
	"z" : -0.11840323763927181
}
