{
	"pitch" : 1.4841496815411248,
	"roll" : -1.5489212848886746,
	"x" : 0.076693557446773086,
	"y" : -0.013107581643985577,
	"yaw" : 1.2686341493990034,
	"z" : -0.16969160565774391
}
