{
	"pitch" : 1.450983278597261,
	"roll" : -1.4825284863296999,
	"x" : -0.073486808029383954,
	"y" : -0.2600210620916602,
	"yaw" : 1.3217646587241849,
	"z" : -0.17455692116262636
}
