{
	"pitch" : 1.4722426797400392,
	"roll" : -1.4009940292617034,
	"x" : 0.070723316110326562,
	"y" : -0.062963256142367682,
	"yaw" : 1.4171972182671706,
	"z" : -0.16894130026865659
}
