{
	"pitch" : 1.4685854047773952,
	"roll" : -1.545624669855721,
	"x" : 0.043043940259574608,
	"y" : -0.050856532283959963,
	"yaw" : 1.2642341199006693,
	"z" : -0.16961643707514806
}
