{
	"pitch" : 1.4663012105253959,
	"roll" : -1.5022331774772792,
	"x" : 0.016489003323962283,
	"y" : -0.19700344705204159,
	"yaw" : 1.3042174351255165,
	"z" : -0.085065070035440421
}
