{
	"pitch" : 1.4962247424419983,
	"roll" : -1.366433766788119,
	"x" : 0.12242314041675356,
	"y" : 0.011504852122408576,
	"yaw" : 1.4578254488467857,
	"z" : -0.1694477973943547
}
