{
	"pitch" : 1.4898052664253743,
	"roll" : -1.3959304109170971,
	"x" : 0.12445931056462026,
	"y" : -0.027810659803546404,
	"yaw" : 1.4248763526085337,
	"z" : -0.16877909575845829
}
