{
	"pitch" : 1.466867158287035,
	"roll" : -1.4910648395375747,
	"x" : 0.042497750321058812,
	"y" : -0.12165768952305542,
	"yaw" : 1.3207331675965417,
	"z" : -0.18017047263018579
}
