{
	"pitch" : 1.4784584797057698,
	"roll" : -1.3852057373922488,
	"x" : 0.083094320021175866,
	"y" : -0.062995241296238277,
	"yaw" : 1.4408210460732334,
	"z" : -0.16844582461332902
}
