{
	"pitch" : 1.4816641518795557,
	"roll" : -1.5481301069446998,
	"x" : 0.08593558183989021,
	"y" : 0.011487019627108009,
	"yaw" : 1.2649702304794603,
	"z" : -0.21399994824320712
}
