{
	"pitch" : 1.4719841190322935,
	"roll" : -1.5814382709964765,
	"x" : 0.046854965297148006,
	"y" : -0.051843052776334775,
	"yaw" : 1.2374327533464891,
	"z" : -0.16941217200477382
}
