{
	"pitch" : 1.4701312475391364,
	"roll" : -1.4744260029085807,
	"x" : 0.003874510803940967,
	"y" : -0.23844267683355874,
	"yaw" : 1.3346630085342963,
	"z" : -0.098639792353082692
}
