{
	"pitch" : 1.4791637942226425,
	"roll" : -1.4789564005856224,
	"x" : -0.019683255972620994,
	"y" : -0.11199094729792057,
	"yaw" : 1.3369280830910104,
	"z" : -0.17065971798354621
}
