{
	"pitch" : 1.4812315975878581,
	"roll" : -1.5574795069210754,
	"x" : 0.079708643643105703,
	"y" : -0.0088664119668388167,
	"yaw" : 1.2556573617563895,
	"z" : -0.22022855536063141
}
