{
	"pitch" : 1.4539840060400919,
	"roll" : -1.5419109632423222,
	"x" : -0.024169859721351244,
	"y" : -0.22945278526969889,
	"yaw" : 1.2607826109509905,
	"z" : -0.17208714820845417
}
