{
	"pitch" : 1.4784328847823804,
	"roll" : -1.6808068690536029,
	"x" : 0.028662407482355878,
	"y" : 0.0010243525409760462,
	"yaw" : 1.1381769265352215,
	"z" : -0.17095144725014957
}
