{
	"pitch" : 1.494925734321543,
	"roll" : -1.3192397676384948,
	"x" : 0.12765207057844186,
	"y" : -0.0091570912245509742,
	"yaw" : 1.5029198741416805,
	"z" : -0.16834153043053277
}
