{
	"pitch" : 1.4612848078782334,
	"roll" : -1.3523392852954119,
	"x" : 0.024463355086317626,
	"y" : -0.18022426644288167,
	"yaw" : 1.4618544006760945,
	"z" : -0.24107684897673765
}
