{
	"pitch" : 1.491488460154069,
	"roll" : -1.6242632736240528,
	"x" : 0.084669059898410698,
	"y" : 0.011771254235778659,
	"yaw" : 1.1914912041266112,
	"z" : -0.1264591169362026
}
