{
	"pitch" : 1.4650654814258883,
	"roll" : -1.3724565372404611,
	"x" : 0.031402635484089655,
	"y" : -0.15204563729151893,
	"yaw" : 1.4451958036931598,
	"z" : -0.21164009718641563
}
