{
	"pitch" : 1.4910311080431065,
	"roll" : -1.5167105794521778,
	"x" : 0.07188729558902357,
	"y" : -0.023406492258292284,
	"yaw" : 1.2958235844185035,
	"z" : -0.16932077377255636
}
