{
	"pitch" : 1.4867651971604183,
	"roll" : -1.5812266456839152,
	"x" : 0.087650678812135757,
	"y" : 0.018393666540296866,
	"yaw" : 1.2358426117333086,
	"z" : -0.20937399868486126
}
