{
	"pitch" : 1.4750622151046788,
	"roll" : -1.5732990445440711,
	"x" : 0.07021403487952145,
	"y" : -0.038180115533139117,
	"yaw" : 1.2352410092938972,
	"z" : -0.21278028176339883
}
