{
	"pitch" : 1.4685172853928132,
	"roll" : -1.4916728803972217,
	"x" : 0.060810732235107648,
	"y" : -0.061414883397911652,
	"yaw" : 1.3175568684132877,
	"z" : -0.16943556275461441
}
