{
	"pitch" : 1.447258649501016,
	"roll" : -1.4106050999625559,
	"x" : -0.0094952149325548407,
	"y" : -0.28272488020225467,
	"yaw" : 1.3930446388198034,
	"z" : -0.17252319741123773
}
