{
	"pitch" : 1.4511134487152064,
	"roll" : -1.4670621384571259,
	"x" : 0.0184313206394306,
	"y" : -0.1950084740034137,
	"yaw" : 1.3354447897113921,
	"z" : -0.17013572482290468
}
