{
	"pitch" : 1.4716567012647734,
	"roll" : -1.4234084976926973,
	"x" : 0.097210806299516839,
	"y" : -0.18938347231942224,
	"yaw" : 1.3922912314579023,
	"z" : -0.16851767895136377
}
