{
	"pitch" : 1.4821838139295413,
	"roll" : -1.611438751114957,
	"x" : 0.02721452852146794,
	"y" : -0.00071770203372730976,
	"yaw" : 1.2099596263584165,
	"z" : -0.17065419429936551
}
