{
	"pitch" : 1.4759815069873021,
	"roll" : -1.5096161892082409,
	"x" : 0.061862192547770888,
	"y" : -0.058203959930881899,
	"yaw" : 1.3051092323272626,
	"z" : -0.15089115734568273
}
