{
	"pitch" : 1.4852390519929526,
	"roll" : -1.472776466229446,
	"x" : 0.077665350284095866,
	"y" : -0.010726157881014262,
	"yaw" : 1.3412544161577451,
	"z" : -0.16918488659648442
}
