{
	"pitch" : 1.4559201859687596,
	"roll" : -1.4246847343368576,
	"x" : 0.01321459434894718,
	"y" : -0.20841050990730187,
	"yaw" : 1.3748885043340884,
	"z" : -0.17028788194875427
}
