{
	"pitch" : 1.4749366784145088,
	"roll" : -1.5693161470138963,
	"x" : 0.029243659011743292,
	"y" : -0.03139654582835693,
	"yaw" : 1.2456338317052098,
	"z" : -0.16954670996419782
}
