{
	"pitch" : 1.4655537113367965,
	"roll" : -1.5119290795270799,
	"x" : 0.014411593764556745,
	"y" : -0.20089745848427087,
	"yaw" : 1.2957982390886389,
	"z" : -0.080919785997131746
}
