{
	"pitch" : 1.4533609546975004,
	"roll" : -1.4843413708651472,
	"x" : 0.014179893317652945,
	"y" : -0.20885891113899044,
	"yaw" : 1.317316825706965,
	"z" : -0.1706060444995274
}
