{
	"pitch" : 1.4833292979837245,
	"roll" : -1.5717356575473189,
	"x" : 0.077440394585257644,
	"y" : -0.012214025904099559,
	"yaw" : 1.2465937827013887,
	"z" : -0.16950868957999574
}
