{
	"pitch" : 1.4601918070759667,
	"roll" : -1.5184746129647164,
	"x" : 0.012518498525306954,
	"y" : -0.21153701204293329,
	"yaw" : 1.2910258959176115,
	"z" : -0.07062230571893173
}
