{
	"pitch" : 1.471986195165655,
	"roll" : -1.583206739072317,
	"x" : 0.046480585474352125,
	"y" : -0.051863113330412512,
	"yaw" : 1.2350370289132109,
	"z" : -0.16927483616624908
}
