{
	"pitch" : 1.4580126968385778,
	"roll" : -1.3273195949103291,
	"x" : 0.080033032510148844,
	"y" : -0.23971850286966201,
	"yaw" : 1.4768501984474547,
	"z" : -0.16940685416929741
}
