{
	"pitch" : 1.4508070181064172,
	"roll" : -1.3683603894063188,
	"x" : -0.0079611113828449848,
	"y" : -0.27834902938461187,
	"yaw" : 1.4332077307658833,
	"z" : -0.17287712898759922
}
