{
	"pitch" : 1.4785642395851302,
	"roll" : -1.5826529878006184,
	"x" : 0.03231952500271746,
	"y" : -0.035370168519669391,
	"yaw" : 1.2384804211433269,
	"z" : -0.17013420342304728
}
