{
	"pitch" : 1.4493884742843754,
	"roll" : -1.456744878380416,
	"x" : -0.07817769681420321,
	"y" : -0.25837286482339855,
	"yaw" : 1.3452620335730228,
	"z" : -0.17429115980591472
}
