{
	"pitch" : 1.4701332095916106,
	"roll" : -1.4661969096201326,
	"x" : 0.064659801520522364,
	"y" : -0.049707955143378557,
	"yaw" : 1.3397781566508888,
	"z" : -0.20142597629588838
}
