{
	"pitch" : 1.4955257293878532,
	"roll" : -1.4927279599808727,
	"x" : 0.083091268695685241,
	"y" : 0.039245449738644064,
	"yaw" : 1.3417093220464458,
	"z" : -0.17088852842547925
}
