{
	"pitch" : 1.4651763674932832,
	"roll" : -1.476939935608953,
	"x" : 0.062724439927441866,
	"y" : -0.057229282947860005,
	"yaw" : 1.3316506112263773,
	"z" : -0.18681553710409041
}
