{
	"pitch" : 1.4571953759502225,
	"roll" : -1.5097714240859521,
	"x" : -0.010804616645466308,
	"y" : -0.22325295138209381,
	"yaw" : 1.2907802104173549,
	"z" : -0.17217116873322202
}
