{
	"pitch" : 1.4658557392338187,
	"roll" : -1.5101299077879171,
	"x" : 0.049248302585356382,
	"y" : -0.14371046038373841,
	"yaw" : 1.2981628001232255,
	"z" : -0.17031913054593775
}
