{
	"pitch" : 1.4835485898629912,
	"roll" : -1.5701490907231106,
	"x" : 0.08578743132287972,
	"y" : 0.015551139890654644,
	"yaw" : 1.2436032028488626,
	"z" : -0.21153150775848578
}
