{
	"pitch" : 1.4794617882429244,
	"roll" : -1.6065839924847909,
	"x" : 0.067565724967601173,
	"y" : -0.046848466208737179,
	"yaw" : 1.2096008367092261,
	"z" : -0.16902642386970076
}
