{
	"pitch" : 1.4674082020241472,
	"roll" : -1.479675431938567,
	"x" : 0.050923018704207165,
	"y" : -0.056248912390734138,
	"yaw" : 1.3308574573556871,
	"z" : -0.16910923581486537
}
