{
	"pitch" : 1.4927274133769566,
	"roll" : -1.5235258031551082,
	"x" : 0.061257773411557637,
	"y" : 0.037694259850590259,
	"yaw" : 1.3025199345630261,
	"z" : -0.17098047856270859
}
