{
	"pitch" : 1.4920428383071562,
	"roll" : -1.6168467090128835,
	"x" : 0.087746693015963537,
	"y" : 0.020171862020531176,
	"yaw" : 1.2005142587103357,
	"z" : -0.13290939097846499
}
