{
	"pitch" : 1.461241413335348,
	"roll" : -1.5115393437883962,
	"x" : 0.013684787921687952,
	"y" : -0.20372384144473182,
	"yaw" : 1.2951487404659057,
	"z" : -0.078108144206317065
}
