{
	"pitch" : 1.4929964534940687,
	"roll" : -1.5048764195146496,
	"x" : 0.092497186875596299,
	"y" : 0.037415250710225334,
	"yaw" : 1.3229063999427824,
	"z" : -0.17146782782528933
}
