{
	"pitch" : 1.4707161114461378,
	"roll" : -1.6276262734988731,
	"x" : 0.028803714002898141,
	"y" : -0.022699631133476866,
	"yaw" : 1.1868205909652385,
	"z" : -0.17043975740411732
}
