{
	"pitch" : 1.4838405051884267,
	"roll" : -1.580063763608528,
	"x" : 0.037150431316697811,
	"y" : -0.033062432402615374,
	"yaw" : 1.2442160780299085,
	"z" : -0.16964158476430904
}
