{
	"pitch" : 1.4672037345882223,
	"roll" : -1.5704252149879989,
	"x" : 0.010989993995186118,
	"y" : -0.13149756069079144,
	"yaw" : 1.2393992854339508,
	"z" : -0.17141159387588514
}
