{
	"pitch" : 1.4961132708462461,
	"roll" : -1.3343645914842797,
	"x" : 0.12132103026603606,
	"y" : 0.012659106402213285,
	"yaw" : 1.4912390512803868,
	"z" : -0.16900705379602241
}
