{
	"pitch" : 1.4692535255471284,
	"roll" : -1.5670961140955775,
	"x" : 0.021657450894661451,
	"y" : -0.13495433576090882,
	"yaw" : 1.2431093235975699,
	"z" : -0.17096673606298454
}
