{
	"pitch" : 1.4472587741363303,
	"roll" : -1.4154756056479461,
	"x" : -0.014833439485166841,
	"y" : -0.30691508787023969,
	"yaw" : 1.3854928491933214,
	"z" : -0.17395882071784155
}
