{
	"pitch" : 1.4949878437760518,
	"roll" : -1.511455924175001,
	"x" : 0.095565066766390427,
	"y" : 0.036028522780568811,
	"yaw" : 1.3193190701802349,
	"z" : -0.17073264229143942
}
