{
	"pitch" : 1.4743850234429656,
	"roll" : -1.525727274772678,
	"x" : 0.044756595057946699,
	"y" : -0.11093374544893315,
	"yaw" : 1.2892386868481422,
	"z" : -0.16951842555973534
}
