{
	"pitch" : 1.4712367076757678,
	"roll" : -1.2813798390178948,
	"x" : 0.074273625621833789,
	"y" : -0.013033910863906213,
	"yaw" : 1.5072127035847716,
	"z" : -0.16929298479922703
}
