{
	"pitch" : 1.4888588881659495,
	"roll" : -1.4965550335868874,
	"x" : 0.076164248549999383,
	"y" : -0.012729548708929565,
	"yaw" : 1.3215107750851625,
	"z" : -0.16962017322178821
}
