{
	"pitch" : 1.4695659240895393,
	"roll" : -1.4518966536208577,
	"x" : 0.06063059768735183,
	"y" : -0.060683843107691572,
	"yaw" : 1.3632519638456999,
	"z" : -0.16891401476365162
}
