{
	"pitch" : 1.4681154681538202,
	"roll" : -1.557972804052995,
	"x" : 0.037369649118695482,
	"y" : -0.13942796058070017,
	"yaw" : 1.2517029263898161,
	"z" : -0.17036715565838478
}
