{
	"pitch" : 1.4707027848052425,
	"roll" : -1.4721132108945427,
	"x" : 0.059570781339547851,
	"y" : -0.060521877594654307,
	"yaw" : 1.34209998572974,
	"z" : -0.16886740779050533
}
