{
	"pitch" : 1.4612491282136024,
	"roll" : -1.4377813427803294,
	"x" : -0.0086020385307935404,
	"y" : -0.27953039078906644,
	"yaw" : 1.3812824906913379,
	"z" : -0.14226970781102663
}
