{
	"pitch" : 1.4906527241749667,
	"roll" : -1.5928442662005842,
	"x" : 0.086798534811585407,
	"y" : 0.015448872776540033,
	"yaw" : 1.2237297459837149,
	"z" : -0.12940235533978633
}
