{
	"pitch" : 1.4470210707230604,
	"roll" : -1.4046760992495615,
	"x" : -0.014646932866976756,
	"y" : -0.30622654101789731,
	"yaw" : 1.3959464171933156,
	"z" : -0.17405791871308604
}
