{
	"pitch" : 1.4687118914991393,
	"roll" : -1.5234658819088782,
	"x" : 0.0069168956105295637,
	"y" : -0.22928034534661401,
	"yaw" : 1.2826295008102544,
	"z" : -0.088623587418550726
}
