{
	"pitch" : 1.4799168082068552,
	"roll" : -1.6166458101758607,
	"x" : 0.027178425888153557,
	"y" : -0.0032699543943041798,
	"yaw" : 1.205046042875223,
	"z" : -0.17071669865647068
}
