{
	"pitch" : 1.4551354093491897,
	"roll" : -1.6030755374460814,
	"x" : -0.081714801642774323,
	"y" : -0.17821563997554318,
	"yaw" : 1.2088625066113206,
	"z" : -0.17380270887119514
}
