{
	"pitch" : 1.4898361228552375,
	"roll" : -1.6075233878180317,
	"x" : 0.084985100595429255,
	"y" : 0.012631267131326149,
	"yaw" : 1.2082993156314843,
	"z" : -0.12709306987870339
}
