{
	"pitch" : 1.4887418684766844,
	"roll" : -1.3719815606694079,
	"x" : 0.1242259576820412,
	"y" : -0.027667528327447732,
	"yaw" : 1.4489741111191983,
	"z" : -0.16858671196936692
}
