{
	"pitch" : 1.4962115901665023,
	"roll" : -1.5114776215702055,
	"x" : 0.094157827619822443,
	"y" : 0.03704769189686153,
	"yaw" : 1.3202237867505953,
	"z" : -0.171082583731443
}
