{
	"pitch" : 1.4791207193764293,
	"roll" : -1.526427926260395,
	"x" : 0.074825412946825265,
	"y" : -0.017325261260986512,
	"yaw" : 1.2883052570644178,
	"z" : -0.16968019553684169
}
