{
	"pitch" : 1.4686479227066782,
	"roll" : -1.4763034372616,
	"x" : 0.057401437680231267,
	"y" : -0.14613950174219642,
	"yaw" : 1.3289208752135939,
	"z" : -0.16961684279849226
}
