{
	"pitch" : 1.4518596250604983,
	"roll" : -1.2807875777242743,
	"x" : 0.056729959706359578,
	"y" : -0.30082431423087491,
	"yaw" : 1.5255366922456028,
	"z" : -0.16964563738638125
}
