{
	"pitch" : 1.4768365439114406,
	"roll" : -1.495316257358924,
	"x" : 0.02203782983419026,
	"y" : -0.065446843127344556,
	"yaw" : 1.3278538885419344,
	"z" : -0.170884554001074
}
