{
	"pitch" : 1.4721770242480594,
	"roll" : -1.5033899109468032,
	"x" : 0.065836668038864773,
	"y" : -0.047764559273009065,
	"yaw" : 1.3016372684726019,
	"z" : -0.16930686868674369
}
