{
	"pitch" : 1.4933516242779941,
	"roll" : -1.5256327666306624,
	"x" : 0.080621832813818101,
	"y" : 0.004323012800972751,
	"yaw" : 1.2881271455417147,
	"z" : -0.12193806465848847
}
