{
	"pitch" : 1.4784504248308943,
	"roll" : -1.6015289054195117,
	"x" : 0.026807429052620797,
	"y" : -0.0081561336183173534,
	"yaw" : 1.219028039346749,
	"z" : -0.17075535930514738
}
