{
	"pitch" : 1.4953861610323071,
	"roll" : -1.5598784841591189,
	"x" : 0.09261356562623467,
	"y" : 0.03570192398199204,
	"yaw" : 1.2611819330485854,
	"z" : -0.16350535074717443
}
