{
	"pitch" : 1.4528843698022686,
	"roll" : -1.3383328748150858,
	"x" : 0.062211523481016925,
	"y" : -0.29907969389127442,
	"yaw" : 1.4659115617800547,
	"z" : -0.17006447981833409
}
