{
	"pitch" : 1.4706661248541812,
	"roll" : -1.450107312179836,
	"x" : 0.05045228602941855,
	"y" : -0.10034082049584409,
	"yaw" : 1.3554202983323431,
	"z" : -0.16928590970906029
}
