{
	"pitch" : 1.4911902589058672,
	"roll" : -1.5197298535979882,
	"x" : 0.07193157058955256,
	"y" : -0.022959417189341486,
	"yaw" : 1.2928757728702682,
	"z" : -0.16933972446150752
}
