{
	"pitch" : 1.476035449684338,
	"roll" : -1.5113340318148385,
	"x" : 0.070453077359876562,
	"y" : -0.16012566682057019,
	"yaw" : 1.2996381109088788,
	"z" : -0.16934039504367612
}
