{
	"pitch" : 1.4687482893894885,
	"roll" : -1.5100919287585199,
	"x" : 0.042484326666627353,
	"y" : -0.050198675039901525,
	"yaw" : 1.2998284706399221,
	"z" : -0.1698104324207283
}
