{
	"pitch" : 1.471752770459934,
	"roll" : -1.5088533604975334,
	"x" : 0.06847857826713484,
	"y" : -0.039401372392679823,
	"yaw" : 1.3026684214042428,
	"z" : -0.16936180049640281
}
