{
	"pitch" : 1.471516378505775,
	"roll" : -1.5828905753919984,
	"x" : 0.035009836245851335,
	"y" : -0.040369254294660824,
	"yaw" : 1.2343231101545638,
	"z" : -0.1697068317647078
}
