{
	"pitch" : 1.4723598422543154,
	"roll" : -1.5216976080870239,
	"x" : 0.038545947881225937,
	"y" : -0.045529722301352479,
	"yaw" : 1.2979451959489836,
	"z" : -0.16957722169286243
}
