{
	"pitch" : 1.495831283702167,
	"roll" : -1.5233672553802826,
	"x" : 0.092204141548831775,
	"y" : 0.036440000648928009,
	"yaw" : 1.2985148010607421,
	"z" : -0.16969413937054781
}
