{
	"pitch" : 1.4787283978707635,
	"roll" : -1.584032136274957,
	"x" : 0.032406304066029464,
	"y" : -0.035327525062738965,
	"yaw" : 1.2370255212597603,
	"z" : -0.17011904503533609
}
