{
	"pitch" : 1.4899608392277028,
	"roll" : -1.5875946829360195,
	"x" : 0.076674346112370909,
	"y" : -0.013089749882607606,
	"yaw" : 1.2295452700632741,
	"z" : -0.17022715359187574
}
