{
	"pitch" : 1.4784629255143826,
	"roll" : -1.5948578180617941,
	"x" : 0.027379411617556394,
	"y" : -0.018694130852666177,
	"yaw" : 1.2246282156810602,
	"z" : -0.17086477037674325
}
