{
	"pitch" : 1.4983080599582597,
	"roll" : -1.376125442745135,
	"x" : 0.11002648571932878,
	"y" : 0.026183285306066194,
	"yaw" : 1.451539091414648,
	"z" : -0.16938583888284761
}
