{
	"pitch" : 1.452110792381889,
	"roll" : -1.4547976701248859,
	"x" : 0.029176465346021092,
	"y" : -0.15992871097997266,
	"yaw" : 1.3461365491154469,
	"z" : -0.16981659698083398
}
