{
	"pitch" : 1.4841542468384183,
	"roll" : -1.7060474870615232,
	"x" : 0.037013789108506889,
	"y" : 0.019243817475865115,
	"yaw" : 1.1138278273544502,
	"z" : -0.17124727296435677
}
