{
	"pitch" : 1.4902010759674413,
	"roll" : -1.4272727813025281,
	"x" : 0.069307140694090066,
	"y" : -0.035488386429133871,
	"yaw" : 1.39177310002893,
	"z" : -0.16784095757961101
}
