{
	"pitch" : 1.4681718570193822,
	"roll" : -1.4649189752107865,
	"x" : 6.6117850804375822e-05,
	"y" : -0.25191450121597836,
	"yaw" : 1.349880810210432,
	"z" : -0.11298157022847399
}
