{
	"pitch" : 1.4972588380695815,
	"roll" : -1.3433200052281626,
	"x" : 0.10354862015681729,
	"y" : -0.16290694797140137,
	"yaw" : 1.4275930950126983,
	"z" : -0.16667773690657503
}
