{
	"pitch" : 1.4778411575886312,
	"roll" : -1.5011858581526045,
	"x" : 0.044499259517472536,
	"y" : -0.11230121904875236,
	"yaw" : 1.3151821827958863,
	"z" : -0.16944653572118923
}
