{
	"pitch" : 1.4955797351822189,
	"roll" : -1.5777872125302881,
	"x" : 0.091639890321678602,
	"y" : 0.033476350314581058,
	"yaw" : 1.2420169970109787,
	"z" : -0.15279939969508716
}
