{
	"pitch" : 1.4576286732960166,
	"roll" : -1.4568941620960858,
	"x" : -0.038984788580777446,
	"y" : -0.27042519766533057,
	"yaw" : 1.3532118731960607,
	"z" : -0.17345224916372848
}
