{
	"pitch" : 1.4955063987717998,
	"roll" : -1.5835768942939328,
	"x" : 0.092046529512873759,
	"y" : 0.033425571534312339,
	"yaw" : 1.2361638347977519,
	"z" : -0.15304331228912132
}
