{
	"pitch" : 1.4805501066426618,
	"roll" : -1.5946003523790113,
	"x" : 0.034411580968048097,
	"y" : -0.034884596721226853,
	"yaw" : 1.2261356713024021,
	"z" : -0.17021746955808978
}
