{
	"pitch" : 1.487501335904633,
	"roll" : -1.5628874082150099,
	"x" : 0.076135329083363998,
	"y" : -0.013538294900952813,
	"yaw" : 1.2535437203692552,
	"z" : -0.16999520555405562
}
