{
	"pitch" : 1.4777690975442048,
	"roll" : -1.450414753680678,
	"x" : 0.070545273133121589,
	"y" : -0.01493030570998931,
	"yaw" : 1.3659840571010855,
	"z" : -0.16900964504703045
}
