{
	"pitch" : 1.4924563861478914,
	"roll" : -1.3755089614698763,
	"x" : 0.12768385348263989,
	"y" : -0.01458939610808864,
	"yaw" : 1.4487870463976269,
	"z" : -0.16897538557149736
}
