{
	"pitch" : 1.4582302235001434,
	"roll" : -1.3305903354417703,
	"x" : 0.07936776466804378,
	"y" : -0.2412213915412168,
	"yaw" : 1.4710019993330155,
	"z" : -0.16941973367669833
}
