{
	"pitch" : 1.4774628438651893,
	"roll" : -1.4755664183660999,
	"x" : 0.073760117486478344,
	"y" : -0.020243634283738376,
	"yaw" : 1.330308881249227,
	"z" : -0.2201079323958231
}
