{
	"pitch" : 1.4675330414929895,
	"roll" : -1.52707445345978,
	"x" : 0.064760597604312062,
	"y" : -0.053894020705916701,
	"yaw" : 1.2799075839985334,
	"z" : -0.19528004229342882
}
