{
	"pitch" : 1.4539095867602134,
	"roll" : -1.4187503347248056,
	"x" : 0.001130155689824261,
	"y" : -0.25032735880789048,
	"yaw" : 1.3829783899038097,
	"z" : -0.17179559162198291
}
