{
	"pitch" : 1.4881400432595668,
	"roll" : -1.4933760983455151,
	"x" : 0.075505105782461307,
	"y" : -0.01289877783099665,
	"yaw" : 1.3212125549365321,
	"z" : -0.11841342174234323
}
