{
	"pitch" : 1.4690049735528676,
	"roll" : -1.4503479884069306,
	"x" : 0.071183276570275164,
	"y" : -0.15107186415605017,
	"yaw" : 1.3561562108278624,
	"z" : -0.16918242299099226
}
