{
	"pitch" : 1.5430348423807596,
	"roll" : -0.99064735312651042,
	"x" : 0.10059199163684579,
	"y" : -0.17534412295814544,
	"yaw" : 1.7773625634796455,
	"z" : -0.16670560791548109
}
