{
	"pitch" : 1.4605164669401769,
	"roll" : -1.2959826070256057,
	"x" : 0.014410706880534946,
	"y" : -0.20905706699510451,
	"yaw" : 1.5154551858126681,
	"z" : -0.27101609202165677
}
