{
	"pitch" : 1.4580581268731514,
	"roll" : -1.4516434546751744,
	"x" : -0.015708524038607327,
	"y" : -0.3007355071632441,
	"yaw" : 1.3554911100724307,
	"z" : -0.16400295285958949
}
