{
	"pitch" : 1.4917209851355544,
	"roll" : -1.4972458193724789,
	"x" : 0.070479275032013552,
	"y" : -0.018637183695317184,
	"yaw" : 1.3192307000029988,
	"z" : -0.17003991838301433
}
