{
	"pitch" : 1.4600460724864277,
	"roll" : -1.5971063270686854,
	"x" : -0.083128792970525306,
	"y" : -0.17998087868908508,
	"yaw" : 1.2110063131376216,
	"z" : -0.1739236009254567
}
