{
	"pitch" : 1.4862508795093112,
	"roll" : -1.3887770680969069,
	"x" : 0.11685531268452326,
	"y" : -0.043244163294495777,
	"yaw" : 1.4287493673305265,
	"z" : -0.16844238519113772
}
