{
	"pitch" : 1.4711205012126629,
	"roll" : -1.5231777243466726,
	"x" : 0.062889443181369964,
	"y" : -0.060213735502614281,
	"yaw" : 1.2934818228646452,
	"z" : -0.1699554247079855
}
