{
	"pitch" : 1.4661283148642148,
	"roll" : -1.6178607665387919,
	"x" : -0.017901083966419998,
	"y" : -0.12382162391935805,
	"yaw" : 1.194018534119575,
	"z" : -0.17203754369648369
}
