{
	"pitch" : 1.4723498015740035,
	"roll" : -1.5056223414823127,
	"x" : 0.070876642045125629,
	"y" : -0.062617305414038746,
	"yaw" : 1.3033529114397646,
	"z" : -0.16914894205089054
}
