{
	"pitch" : 1.4855611874455721,
	"roll" : -1.6380199953645638,
	"x" : 0.041614188095385807,
	"y" : 0.024908720922036953,
	"yaw" : 1.1841539055279571,
	"z" : -0.17103799666233799
}
