{
	"pitch" : 1.4738108758975095,
	"roll" : -1.4010566249861427,
	"x" : 0.074263214051367724,
	"y" : -0.063273494398069785,
	"yaw" : 1.4190178879123163,
	"z" : -0.16876518221392806
}
