{
	"pitch" : 1.4571783078281368,
	"roll" : -1.4511845250374442,
	"x" : 0.041838791397930959,
	"y" : -0.12660321828511734,
	"yaw" : 1.3491062041167083,
	"z" : -0.16989931445732073
}
