{
	"pitch" : 1.4566906677415108,
	"roll" : -1.3631975096955744,
	"x" : 0.01618425392259705,
	"y" : -0.20613842335899638,
	"yaw" : 1.4491032082440387,
	"z" : -0.26860928970412529
}
