{
	"pitch" : 1.4970478209756086,
	"roll" : -1.5272069184582602,
	"x" : 0.092099794178663333,
	"y" : 0.036360310078815773,
	"yaw" : 1.2943599572979925,
	"z" : -0.17006040081223173
}
