{
	"pitch" : 1.486810244295643,
	"roll" : -1.3318730092311912,
	"x" : 0.11940777880299745,
	"y" : -0.037896665764242415,
	"yaw" : 1.4863952708120123,
	"z" : -0.16805943323868588
}
