{
	"pitch" : 1.4921925628311281,
	"roll" : -1.3778372907599583,
	"x" : 0.1269352732033423,
	"y" : -0.018819046743211689,
	"yaw" : 1.4433158156104517,
	"z" : -0.16865140638891027
}
