{
	"pitch" : 1.4699873822642644,
	"roll" : -1.5132864208924128,
	"x" : 0.067489191742670401,
	"y" : -0.043859873640960882,
	"yaw" : 1.2928326465787274,
	"z" : -0.20875853497014157
}
