{
	"pitch" : 1.4715639273220884,
	"roll" : -1.4796740572574862,
	"x" : 0.060455612092176259,
	"y" : -0.061826095488201394,
	"yaw" : 1.3295953778324137,
	"z" : -0.1695113464883671
}
