{
	"pitch" : 1.4952203202852177,
	"roll" : -1.6008125845663137,
	"x" : 0.092480078155837808,
	"y" : 0.033466254043109898,
	"yaw" : 1.2191970654039448,
	"z" : -0.15376837960797771
}
