{
	"pitch" : 1.4953105437034295,
	"roll" : -1.6147727993615839,
	"x" : 0.091195175188483565,
	"y" : 0.030039649941408127,
	"yaw" : 1.2066545892283755,
	"z" : -0.14674383120624379
}
