{
	"pitch" : 1.4772983328049101,
	"roll" : -1.5836051905426816,
	"x" : 0.026862231041882248,
	"y" : -0.018366368000373383,
	"yaw" : 1.2360310449184626,
	"z" : -0.17068155274560454
}
