{
	"pitch" : 1.470614754266766,
	"roll" : -1.4996402118009537,
	"x" : 0.055578398287539646,
	"y" : -0.08123791694201489,
	"yaw" : 1.3108431259951108,
	"z" : -0.16939709627510305
}
