{
	"pitch" : 1.4973304332385775,
	"roll" : -1.5046337663760154,
	"x" : 0.088145738837589693,
	"y" : 0.038494336022520004,
	"yaw" : 1.3305511121812328,
	"z" : -0.17106224868221639
}
