{
	"pitch" : 1.4590515284467784,
	"roll" : -1.5017753901275972,
	"x" : 0.011519178786804612,
	"y" : -0.21148086784080805,
	"yaw" : 1.3059652211554473,
	"z" : -0.070327870092627809
}
