{
	"pitch" : 1.4993012454262338,
	"roll" : -1.5464795841827461,
	"x" : 0.10152279081682777,
	"y" : 0.033346201043005119,
	"yaw" : 1.2835654506710508,
	"z" : -0.17117517248659334
}
