{
	"pitch" : 1.4594725227459098,
	"roll" : -1.5879668920883547,
	"x" : -0.016437685416959877,
	"y" : -0.14289306372428573,
	"yaw" : 1.2192079011319095,
	"z" : -0.17272514910751821
}
