{
	"pitch" : 1.4535638629505636,
	"roll" : -1.4179502883562447,
	"x" : 0.0044821554545631109,
	"y" : -0.24018631699826548,
	"yaw" : 1.3847690086087396,
	"z" : -0.17114858145037576
}
