{
	"pitch" : 1.47963100811098,
	"roll" : -1.5361003240273607,
	"x" : 0.081139939638885883,
	"y" : -0.0037384690495034251,
	"yaw" : 1.2757354097066527,
	"z" : -0.21932581970155915
}
