{
	"pitch" : 1.4968497787578137,
	"roll" : -1.5256706778553351,
	"x" : 0.092691203955412901,
	"y" : 0.036257638421370093,
	"yaw" : 1.2949216662805914,
	"z" : -0.17111941155583685
}
