{
	"pitch" : 1.4848783431233616,
	"roll" : -1.6505820700517702,
	"x" : 0.042864702156477044,
	"y" : 0.026082917609010714,
	"yaw" : 1.1709904665224258,
	"z" : -0.17165684372292964
}
