{
	"pitch" : 1.4874436904484729,
	"roll" : -1.6392542331378634,
	"x" : 0.04956822307902508,
	"y" : 0.030846932598377549,
	"yaw" : 1.1844798998967496,
	"z" : -0.17122026768967719
}
