{
	"pitch" : 1.479829489137191,
	"roll" : -1.5204465070451347,
	"x" : 0.044129918419337805,
	"y" : -0.11437355392768739,
	"yaw" : 1.2996155369438862,
	"z" : -0.16731486957014033
}
