{
	"pitch" : 1.4901935361287881,
	"roll" : -1.3635400034729708,
	"x" : 0.12658286745381014,
	"y" : -0.016774342412822545,
	"yaw" : 1.4609426699323975,
	"z" : -0.16863312929149318
}
