{
	"pitch" : 1.4920420320637509,
	"roll" : -1.3774719667835942,
	"x" : 0.12697807315774923,
	"y" : -0.01871050311266759,
	"yaw" : 1.4438369306953005,
	"z" : -0.1685930671402103
}
