{
	"pitch" : 1.4791441051191518,
	"roll" : -1.5960137112514909,
	"x" : 0.066376360229083817,
	"y" : -0.051693063177439116,
	"yaw" : 1.2184154484303085,
	"z" : -0.16927626037879326
}
