{
	"pitch" : 1.4873300850358873,
	"roll" : -1.398816370029389,
	"x" : 0.12370257810531302,
	"y" : -0.031347665011819327,
	"yaw" : 1.4204547423452367,
	"z" : -0.16910088715157545
}
