{
	"pitch" : 1.4815664926933398,
	"roll" : -1.5313935157476517,
	"x" : 0.085441836679419819,
	"y" : 0.010495876312948467,
	"yaw" : 1.2822326168904354,
	"z" : -0.21405322327228521
}
