{
	"pitch" : 1.4545705533348801,
	"roll" : -1.540640170836614,
	"x" : -0.018123315346083413,
	"y" : -0.22683047576783671,
	"yaw" : 1.2615021198467427,
	"z" : -0.17207811464129205
}
