{
	"pitch" : 1.4686649237073122,
	"roll" : -1.5367217823650776,
	"x" : 0.06204776090120083,
	"y" : -0.057260611468311851,
	"yaw" : 1.2716078914055584,
	"z" : -0.16952855634474429
}
