{
	"pitch" : 1.4710415389446589,
	"roll" : -1.4809234532434286,
	"x" : 0.060335768104206357,
	"y" : -0.062015612738686367,
	"yaw" : 1.3291930690731684,
	"z" : -0.16905846431817678
}
