{
	"pitch" : 1.5013902608505862,
	"roll" : -1.4737986905060978,
	"x" : 0.10437548237247493,
	"y" : 0.031380231351651966,
	"yaw" : 1.357563131302566,
	"z" : -0.17026485211907635
}
