{
	"pitch" : 1.4576511966709773,
	"roll" : -1.3233522871268091,
	"x" : 0.014433614390654055,
	"y" : -0.20899825877070988,
	"yaw" : 1.4889906723246764,
	"z" : -0.27088486021579644
}
