{
	"pitch" : 1.4862460856708755,
	"roll" : -1.2709761492606813,
	"x" : 0.11830413961246514,
	"y" : -0.039770237342379562,
	"yaw" : 1.5500065243801708,
	"z" : -0.16799715115724473
}
