{
	"pitch" : 1.4542497236079317,
	"roll" : -1.3432975625278207,
	"x" : 0.032389517190892905,
	"y" : -0.29355954589024608,
	"yaw" : 1.4630600270197598,
	"z" : -0.17112349057271073
}
