{
	"pitch" : 1.4515476003889842,
	"roll" : -1.4197487124909323,
	"x" : 0.017673592707051163,
	"y" : -0.19552324850786465,
	"yaw" : 1.3828988398327224,
	"z" : -0.16999204597428114
}
