{
	"pitch" : 1.4639077714505664,
	"roll" : -1.3349923916349007,
	"x" : 0.027464324429211193,
	"y" : -0.16586283254307474,
	"yaw" : 1.4807513617206245,
	"z" : -0.22624552285692764
}
