{
	"pitch" : 1.4750204167177399,
	"roll" : -1.4316983473882527,
	"x" : 0.078549112818247349,
	"y" : -0.06293926154463543,
	"yaw" : 1.3829394250690399,
	"z" : -0.168673679257626
}
