{
	"pitch" : 1.4691579216828643,
	"roll" : -1.4026328940727817,
	"x" : 0.035111276560335192,
	"y" : -0.14141223043015785,
	"yaw" : 1.4121369953639351,
	"z" : -0.20186699044676706
}
