{
	"pitch" : 1.4724489544267059,
	"roll" : -1.3815650909070327,
	"x" : 0.09663461155818151,
	"y" : -0.19265909332550318,
	"yaw" : 1.4337068825161774,
	"z" : -0.16809275339721858
}
