{
	"pitch" : 1.4656779444708679,
	"roll" : -1.3510706925923175,
	"x" : 0.020422681874991702,
	"y" : -0.28881048443545693,
	"yaw" : 1.4577381872251653,
	"z" : -0.17142511345858888
}
