{
	"pitch" : 1.4881886984133095,
	"roll" : -1.5505079957256878,
	"x" : 0.07889881843771944,
	"y" : -0.0048667704924422444,
	"yaw" : 1.2629073868191369,
	"z" : -0.11893829731240074
}
