{
	"pitch" : 1.4565242811718619,
	"roll" : -1.3678877916695662,
	"x" : 0.06780965730694874,
	"y" : -0.28170740784132509,
	"yaw" : 1.4354004587306219,
	"z" : -0.17006029450204485
}
