{
	"pitch" : 1.4549170142123569,
	"roll" : -1.4510595193211544,
	"x" : 0.013835184997449748,
	"y" : -0.20902955167563317,
	"yaw" : 1.3512035979335906,
	"z" : -0.17040338280131909
}
