{
	"pitch" : 1.4894060749387972,
	"roll" : -1.5610007944142898,
	"x" : 0.082596738610621057,
	"y" : 0.0048096013440483629,
	"yaw" : 1.2533249798075807,
	"z" : -0.12306543848751815
}
