{
	"pitch" : 1.4766687648391608,
	"roll" : -1.5209031662813706,
	"x" : 0.072549665576731925,
	"y" : -0.029330913668971136,
	"yaw" : 1.2860460911455782,
	"z" : -0.21704654971534648
}
