{
	"pitch" : 1.4546329389528343,
	"roll" : -1.4367742412468647,
	"x" : 0.03191429888510993,
	"y" : -0.15814810983990682,
	"yaw" : 1.364193187363506,
	"z" : -0.17002551904564087
}
