{
	"pitch" : 1.4689304545113993,
	"roll" : -1.581205279117577,
	"x" : 0.031826396775945634,
	"y" : -0.035987925127851435,
	"yaw" : 1.226516356049457,
	"z" : -0.17029843245754261
}
