{
	"pitch" : 1.5025520638199075,
	"roll" : -1.4648948822265253,
	"x" : 0.10653120149785121,
	"y" : 0.030152208272159746,
	"yaw" : 1.365198241347281,
	"z" : -0.16992943296863122
}
