{
	"pitch" : 1.4941616215229634,
	"roll" : -1.5385082543689728,
	"x" : 0.09258161446910268,
	"y" : 0.034430980150356734,
	"yaw" : 1.2805322127490999,
	"z" : -0.18370924755111806
}
