{
	"pitch" : 1.4532758029754589,
	"roll" : -1.490145601918571,
	"x" : 0.013673167735619454,
	"y" : -0.20891272375721689,
	"yaw" : 1.3113087637065113,
	"z" : -0.17060217582130582
}
