{
	"pitch" : 1.4729686449559907,
	"roll" : -1.5031600668727869,
	"x" : 0.065440673420734299,
	"y" : -0.047585113030145995,
	"yaw" : 1.3066341883919776,
	"z" : -0.16942713787697811
}
