{
	"pitch" : 1.4752883873886553,
	"roll" : -1.5090612687407439,
	"x" : 0.04476035091461826,
	"y" : -0.11257775542084245,
	"yaw" : 1.3053600864553729,
	"z" : -0.17026906274788053
}
