{
	"pitch" : 1.4592658815094106,
	"roll" : -1.4973932931146672,
	"x" : -0.0045632798832787869,
	"y" : -0.21992781819689272,
	"yaw" : 1.3043513538466671,
	"z" : -0.17183105792021636
}
