{
	"pitch" : 1.4532903040593244,
	"roll" : -1.6537396622335729,
	"x" : -0.070562110622506516,
	"y" : -0.17393948875916737,
	"yaw" : 1.1544589522317248,
	"z" : -0.17381980417965201
}
