{
	"pitch" : 1.49469089271169,
	"roll" : -1.3420043526843948,
	"x" : 0.12717072383086431,
	"y" : -0.0099908772219174328,
	"yaw" : 1.4795995795980261,
	"z" : -0.16821383597902564
}
