{
	"pitch" : 1.4898348475160763,
	"roll" : -1.5564781809586374,
	"x" : 0.027302553375683949,
	"y" : -0.06601994385119643,
	"yaw" : 1.2704155003929105,
	"z" : -0.16900534397593622
}
