{
	"pitch" : 1.4859422689121045,
	"roll" : -1.5315167702303811,
	"x" : 0.076831326475763892,
	"y" : -0.01207633586192664,
	"yaw" : 1.2835999253499515,
	"z" : -0.11911918077980477
}
