{
	"pitch" : 1.4958813027405211,
	"roll" : -1.3429280539046211,
	"x" : 0.1258520464925742,
	"y" : -0.00062446033238978439,
	"yaw" : 1.4789797412449781,
	"z" : -0.16908615903488763
}
