{
	"pitch" : 1.4670193622456533,
	"roll" : -1.3408910749389678,
	"x" : 0.016736741583835535,
	"y" : -0.20571013902851884,
	"yaw" : 1.4718557806245456,
	"z" : -0.26880106478967025
}
