{
	"pitch" : 1.4857611261417953,
	"roll" : -1.5285025598003947,
	"x" : 0.074444086786351144,
	"y" : -0.016219384409147327,
	"yaw" : 1.2862238224751612,
	"z" : -0.11917744123119778
}
