{
	"pitch" : 1.4699870738916585,
	"roll" : -1.5208044640495748,
	"x" : 0.068110772663909497,
	"y" : -0.044165564569185821,
	"yaw" : 1.2855466044449713,
	"z" : -0.20879851847819142
}
