{
	"pitch" : 1.4834224508692655,
	"roll" : -1.3618001981039882,
	"x" : 0.10427450809113505,
	"y" : -0.16297142245564186,
	"yaw" : 1.4127314651554805,
	"z" : -0.16728800248926687
}
