{
	"pitch" : 1.4619267800986648,
	"roll" : -1.5464730644225273,
	"x" : 0.075421076467239029,
	"y" : -0.017813392409242505,
	"yaw" : 1.2590382147337797,
	"z" : -0.17035413327901647
}
