{
	"pitch" : 1.4595462358631652,
	"roll" : -1.5276410210395666,
	"x" : 0.012122849781223258,
	"y" : -0.2114557630197566,
	"yaw" : 1.2812108943862179,
	"z" : -0.070514508677693433
}
