{
	"pitch" : 1.4835679597517779,
	"roll" : -1.5896441428093842,
	"x" : 0.090754152275225139,
	"y" : 0.025011039654499641,
	"yaw" : 1.2287227827503604,
	"z" : -0.20237138796138129
}
