{
	"pitch" : 1.4617434293900373,
	"roll" : -1.5548649071554221,
	"x" : 0.010175799787304179,
	"y" : -0.1289731573974732,
	"yaw" : 1.2536182830964633,
	"z" : -0.1718277278692307
}
