{
	"pitch" : 1.4959688495292127,
	"roll" : -1.3738167038369293,
	"x" : 0.12205760731474793,
	"y" : 0.011882148858947415,
	"yaw" : 1.4511264716539047,
	"z" : -0.16924924612678643
}
