{
	"pitch" : 1.480848621635267,
	"roll" : -1.4032760097910828,
	"x" : 0.086767963598009895,
	"y" : -0.062554514840457084,
	"yaw" : 1.421607588264773,
	"z" : -0.16853202297134817
}
