{
	"pitch" : 1.471979522169915,
	"roll" : -1.582160758418228,
	"x" : 0.046499963743555847,
	"y" : -0.051870205256131507,
	"yaw" : 1.2360466966543253,
	"z" : -0.16927676504520051
}
