{
	"pitch" : 1.4638304341152124,
	"roll" : -1.3715882129403447,
	"x" : 0.026779348422751911,
	"y" : -0.17015510798258651,
	"yaw" : 1.4433254232620836,
	"z" : -0.2307631975325504
}
