{
	"pitch" : 1.4863024648380943,
	"roll" : -1.4627821094158411,
	"x" : 0.035869958552733783,
	"y" : -0.052638713306267258,
	"yaw" : 1.35871960082999,
	"z" : -0.16970078992169421
}
