{
	"pitch" : 1.4830434953905827,
	"roll" : -1.3640291485922023,
	"x" : 0.11429221972270688,
	"y" : -0.046088767475165715,
	"yaw" : 1.4584993450180552,
	"z" : -0.16816261982979025
}
