{
	"pitch" : 1.4819035466512116,
	"roll" : -1.3404157307024265,
	"x" : 0.025857475366520402,
	"y" : -0.17543886195978847,
	"yaw" : 1.4740514949080783,
	"z" : -0.25205357125715888
}
