{
	"pitch" : 1.4748801256892277,
	"roll" : -1.4713104512146142,
	"x" : 0.063074782449920583,
	"y" : -0.054868529944787428,
	"yaw" : 1.3408288016023995,
	"z" : -0.14456220502874009
}
