{
	"pitch" : 1.4518913220498777,
	"roll" : -1.442689579219862,
	"x" : -0.06890575201571178,
	"y" : -0.25297543185180732,
	"yaw" : 1.357867309086138,
	"z" : -0.17344519285746962
}
