{
	"pitch" : 1.4951337761432613,
	"roll" : -1.5089535258240072,
	"x" : 0.075399172788034638,
	"y" : -0.01470773515936386,
	"yaw" : 1.3103967753827666,
	"z" : -0.17080667764757712
}
