{
	"pitch" : 1.4891105429936857,
	"roll" : -1.6578149645923324,
	"x" : 0.046517825173931854,
	"y" : 0.028125782087320465,
	"yaw" : 1.1704877711040054,
	"z" : -0.17147804705775954
}
