{
	"pitch" : 1.4713861724711854,
	"roll" : -1.4855964625989448,
	"x" : 0.064975431531011013,
	"y" : -0.048739875796530635,
	"yaw" : 1.3236061533387427,
	"z" : -0.16929206968256186
}
