{
	"pitch" : 1.4704193431690493,
	"roll" : -1.4875897747626763,
	"x" : 0.053280311422130452,
	"y" : -0.056161668649176558,
	"yaw" : 1.3290681273021936,
	"z" : -0.16895159121032327
}
