{
	"pitch" : 1.4753340041256409,
	"roll" : -1.5565047194472996,
	"x" : 0.065182292155374078,
	"y" : -0.052241575486362435,
	"yaw" : 1.2558677603261499,
	"z" : -0.14059318670402746
}
