{
	"pitch" : 1.4786255501127776,
	"roll" : -1.4805684863722735,
	"x" : 0.07344238535952391,
	"y" : -0.019898801859640044,
	"yaw" : 1.325548369101347,
	"z" : -0.21995312513925494
}
