{
	"pitch" : 1.468200291647161,
	"roll" : -1.4222059507650842,
	"x" : 0.065022216587509063,
	"y" : -0.061596416137139037,
	"yaw" : 1.3942480509435118,
	"z" : -0.16931027152725134
}
