{
	"pitch" : 1.5015977669759699,
	"roll" : -1.5151174051005216,
	"x" : 0.11606537080849712,
	"y" : 0.021895943221910963,
	"yaw" : 1.3158628517131359,
	"z" : -0.17002975569628903
}
