{
	"pitch" : 1.4715313100679306,
	"roll" : -1.4923191425085323,
	"x" : 0.043483588321531048,
	"y" : -0.11651715926435775,
	"yaw" : 1.3182670514077681,
	"z" : -0.17473354790976536
}
