{
	"pitch" : 1.4659348260884852,
	"roll" : -1.4046911353820182,
	"x" : 0.099937753117077088,
	"y" : -0.21647287534926937,
	"yaw" : 1.4047303332476595,
	"z" : -0.16870410861356527
}
