{
	"pitch" : 1.4526256117772687,
	"roll" : -1.3889851407976943,
	"x" : 0.025417651073111891,
	"y" : -0.17192721559113375,
	"yaw" : 1.4113852259694926,
	"z" : -0.16904629467347684
}
