{
	"pitch" : 1.4475604981798864,
	"roll" : -1.2777154766636343,
	"x" : 0.05281415404176782,
	"y" : -0.30017859273618225,
	"yaw" : 1.5318449790309265,
	"z" : -0.17001479701879635
}
