{
	"pitch" : 1.4481366278953143,
	"roll" : -1.5486083285623691,
	"x" : -0.04401164565887096,
	"y" : -0.24158640951207605,
	"yaw" : 1.252733205549621,
	"z" : -0.1736273393296168
}
