{
	"pitch" : 1.494502483286462,
	"roll" : -1.5540445653403228,
	"x" : 0.088387525039088422,
	"y" : 0.025095025330473725,
	"yaw" : 1.2639292716114667,
	"z" : -0.13771366670069746
}
