{
	"pitch" : 1.4907256712427019,
	"roll" : -1.37708214384669,
	"x" : 0.12706026164300677,
	"y" : -0.019717210123630549,
	"yaw" : 1.4431765101631164,
	"z" : -0.16871199083407301
}
