{
	"pitch" : 1.4816306319830912,
	"roll" : -1.4948992690796556,
	"x" : 0.026767387110417741,
	"y" : -0.060201399356699034,
	"yaw" : 1.3294190863372546,
	"z" : -0.17045824950956254
}
