{
	"pitch" : 1.4866668836649064,
	"roll" : -1.5594235203362448,
	"x" : 0.053234707546764133,
	"y" : 0.034187278849499431,
	"yaw" : 1.2726761912086761,
	"z" : -0.17126809511530994
}
