{
	"pitch" : 1.4820273190107303,
	"roll" : -1.4855766275026883,
	"x" : 0.069485486566915167,
	"y" : -0.032508436264560903,
	"yaw" : 1.3256593054742338,
	"z" : -0.16960895438633852
}
