{
	"pitch" : 1.4696224997045564,
	"roll" : -1.453976289032042,
	"x" : 0.074408706002583327,
	"y" : -0.15210461153169616,
	"yaw" : 1.3507368813702807,
	"z" : -0.16910891075549214
}
