{
	"pitch" : 1.478107679413498,
	"roll" : -1.5215877784683476,
	"x" : 0.068225799001857448,
	"y" : -0.036803335632590861,
	"yaw" : 1.2897828295137768,
	"z" : -0.12533639880197686
}
