{
	"pitch" : 1.481690085298029,
	"roll" : -1.4048011340235917,
	"x" : 0.099011848662702379,
	"y" : -0.057540538486975268,
	"yaw" : 1.41741263473998,
	"z" : -0.16856213135620629
}
