{
	"pitch" : 1.4781686189926859,
	"roll" : -1.519709734479515,
	"x" : 0.067846470183954302,
	"y" : -0.036318479005232551,
	"yaw" : 1.2911246238931007,
	"z" : -0.12516880766133101
}
