{
	"pitch" : 1.4831258187723932,
	"roll" : -1.3521787480719434,
	"x" : 0.1072914285471717,
	"y" : -0.052657928312256783,
	"yaw" : 1.4709816451334143,
	"z" : -0.1677971455298162
}
