{
	"pitch" : 1.4946752014623648,
	"roll" : -1.5940171411012825,
	"x" : 0.090194669939915706,
	"y" : 0.027158701471472799,
	"yaw" : 1.2255418742372992,
	"z" : -0.14147479693959597
}
