{
	"pitch" : 1.4888105286410287,
	"roll" : -1.4441245501523539,
	"x" : 0.041040212642045659,
	"y" : -0.12137378247821304,
	"yaw" : 1.3637573061835491,
	"z" : -0.22479991866255741
}
