{
	"pitch" : 1.4558624830262932,
	"roll" : -1.4248513056033563,
	"x" : 0.013222167338014901,
	"y" : -0.2083942471966975,
	"yaw" : 1.3748109461789637,
	"z" : -0.17027810947392361
}
