{
	"pitch" : 1.4428449050683694,
	"roll" : -1.3685805014769243,
	"x" : -0.013843695808915243,
	"y" : -0.29582717162638472,
	"yaw" : 1.4346567354592776,
	"z" : -0.17307528491251414
}
