{
	"pitch" : 1.4966278590270317,
	"roll" : -1.4423489218395125,
	"x" : 0.067878038794455697,
	"y" : -0.039512495217347718,
	"yaw" : 1.3723248887315802,
	"z" : -0.18227105985450243
}
