{
	"pitch" : 1.492353475036087,
	"roll" : -1.5901734995261181,
	"x" : 0.088819705091041368,
	"y" : 0.023750064556691496,
	"yaw" : 1.2278000867389762,
	"z" : -0.13713567741448413
}
