{
	"pitch" : 1.481136109638473,
	"roll" : -1.4737642302465874,
	"x" : 0.072583686771970704,
	"y" : -0.014695574827507236,
	"yaw" : 1.3408589850418531,
	"z" : -0.16889229090193861
}
