{
	"pitch" : 1.4617562368740979,
	"roll" : -1.4826249306587431,
	"x" : 0.061478995463304861,
	"y" : -0.057582719334858548,
	"yaw" : 1.3233361552378249,
	"z" : -0.17003184759852624
}
