{
	"pitch" : 1.4924882307852432,
	"roll" : -1.4589101362313797,
	"x" : 0.074625934601244351,
	"y" : -0.018935805845758113,
	"yaw" : 1.3556019421112204,
	"z" : -0.16890975037076483
}
