{
	"pitch" : 1.4653496516116522,
	"roll" : -1.4952360964377918,
	"x" : 0.011413233950183066,
	"y" : -0.21357913519829699,
	"yaw" : 1.3174840169070869,
	"z" : -0.072367718773480527
}
