{
	"pitch" : 1.4800189230815255,
	"roll" : -1.6403476473956271,
	"x" : 0.026253765152072922,
	"y" : -0.0063900260051893924,
	"yaw" : 1.1788445482049352,
	"z" : -0.17092818224799375
}
