{
	"pitch" : 1.4781671661034363,
	"roll" : -1.468141919712447,
	"x" : 0.081022062870710634,
	"y" : -0.062992290534128081,
	"yaw" : 1.3465142876504574,
	"z" : -0.16862793522868116
}
