{
	"pitch" : 1.4570340655063765,
	"roll" : -1.4638952165196948,
	"x" : -0.015584551968001764,
	"y" : -0.29816636981456313,
	"yaw" : 1.3418007515048824,
	"z" : -0.161725905169818
}
