{
	"pitch" : 1.4700570164306743,
	"roll" : -1.6257797843688488,
	"x" : 0.036291858520367565,
	"y" : -0.034073293055614115,
	"yaw" : 1.1834605599634564,
	"z" : -0.17037117427210063
}
