{
	"pitch" : 1.4959081967870345,
	"roll" : -1.5603926301241038,
	"x" : 0.092621550326724991,
	"y" : 0.035258385946426607,
	"yaw" : 1.260211100033009,
	"z" : -0.17997452885250836
}
