{
	"pitch" : 1.4936452686632049,
	"roll" : -1.5195617014517169,
	"x" : 0.072959432415169112,
	"y" : -0.016100013708092074,
	"yaw" : 1.3032727958995252,
	"z" : -0.16979851142970506
}
