{
	"pitch" : 1.4973635829793899,
	"roll" : -1.4288746433631434,
	"x" : 0.110591727333886,
	"y" : 0.025758705131002806,
	"yaw" : 1.3988403906375624,
	"z" : -0.16949776294237281
}
