{
	"pitch" : 1.4831921001241124,
	"roll" : -1.5583755547519997,
	"x" : 0.07021589190022863,
	"y" : -0.028846989850995701,
	"yaw" : 1.2545383067484128,
	"z" : -0.12206138308128828
}
