{
	"pitch" : 1.4906796943202096,
	"roll" : -1.4940342089340355,
	"x" : 0.073013397640115316,
	"y" : -0.019407427152306537,
	"yaw" : 1.3209408615822416,
	"z" : -0.16928332826850162
}
