{
	"pitch" : 1.4932076496210704,
	"roll" : -1.6268113085771478,
	"x" : 0.090950176462067656,
	"y" : 0.0295246983656881,
	"yaw" : 1.1941923838942989,
	"z" : -0.14570199202351131
}
