{
	"pitch" : 1.4757459013663714,
	"roll" : -1.5242868629019219,
	"x" : 0.072666193510682847,
	"y" : -0.0294818037393474,
	"yaw" : 1.2828526328381409,
	"z" : -0.21677012695492121
}
