{
	"pitch" : 1.4827882751699353,
	"roll" : -1.635353813647163,
	"x" : 0.030028559371514864,
	"y" : 0.007199526247829803,
	"yaw" : 1.1877848416664798,
	"z" : -0.1710502439361487
}
