{
	"pitch" : 1.495198181991175,
	"roll" : -1.4083221504247536,
	"x" : 0.11993835343458401,
	"y" : 0.015943332437944543,
	"yaw" : 1.4172680419915205,
	"z" : -0.16993468839917836
}
