{
	"pitch" : 1.4788758101007202,
	"roll" : -1.6838587975695016,
	"x" : 0.029289600228591249,
	"y" : 0.0033363883715056847,
	"yaw" : 1.1363756756217227,
	"z" : -0.17102910913958741
}
