{
	"pitch" : 1.4906559550507219,
	"roll" : -1.6380317615163753,
	"x" : 0.084894560363858076,
	"y" : 0.011165388692685747,
	"yaw" : 1.178218189069385,
	"z" : -0.12653668281071057
}
