{
	"pitch" : 1.4695973360152101,
	"roll" : -1.5802925483462282,
	"x" : 0.031781919278278822,
	"y" : -0.035788076463817528,
	"yaw" : 1.2277806773248985,
	"z" : -0.17030362795682133
}
