{
	"pitch" : 1.4703152476405617,
	"roll" : -1.6516581611054788,
	"x" : 0.028667790872803599,
	"y" : -0.022969565239999434,
	"yaw" : 1.1632429522156571,
	"z" : -0.17021025292333233
}
