{
	"pitch" : 1.4586989749153145,
	"roll" : -1.3171736500739197,
	"x" : 0.07724995390469791,
	"y" : -0.24508852750700424,
	"yaw" : 1.4877364718026038,
	"z" : -0.16895693517434499
}
