{
	"pitch" : 1.4723890423510975,
	"roll" : -1.5701870793695922,
	"x" : 0.046525365113192725,
	"y" : -0.051695695407870695,
	"yaw" : 1.2488125914179102,
	"z" : -0.16943442356610328
}
