{
	"pitch" : 1.4683639699400541,
	"roll" : -1.6177350855857857,
	"x" : 0.041245710841815775,
	"y" : -0.031604490249920611,
	"yaw" : 1.1931696410725108,
	"z" : -0.17059436152289983
}
