{
	"pitch" : 1.4692099898722011,
	"roll" : -1.5174554760525119,
	"x" : 0.035631058958873182,
	"y" : -0.042885034130878269,
	"yaw" : 1.2912539882246716,
	"z" : -0.17015314631157802
}
