{
	"pitch" : 1.4966973885547226,
	"roll" : -1.4039250486075057,
	"x" : 0.1052524314231008,
	"y" : 0.030902536675558791,
	"yaw" : 1.4243616282532083,
	"z" : -0.17011721970315219
}
