{
	"pitch" : 1.4655964392991561,
	"roll" : -1.4303435152426622,
	"x" : 0.038985203671062132,
	"y" : -0.12940591326774908,
	"yaw" : 1.381767136736596,
	"z" : -0.18838648469130009
}
