{
	"pitch" : 1.4739341258985597,
	"roll" : -1.5740416042181902,
	"x" : 0.030570924912218363,
	"y" : -0.032365250476984908,
	"yaw" : 1.2402657371787607,
	"z" : -0.16975049271433887
}
