{
	"pitch" : 1.4680816627929461,
	"roll" : -1.484499661086305,
	"x" : 0.063605053768452061,
	"y" : -0.05457989695489085,
	"yaw" : 1.3230808050776632,
	"z" : -0.16948296108796485
}
