{
	"pitch" : 1.4799143325492532,
	"roll" : -1.5038775160528211,
	"x" : 0.078176566074491638,
	"y" : -0.010351523478563381,
	"yaw" : 1.3036775714648154,
	"z" : -0.16918513106193261
}
