{
	"pitch" : 1.4535161033686388,
	"roll" : -1.3940840089232049,
	"x" : 0.025115118668824543,
	"y" : -0.17393139004711672,
	"yaw" : 1.4067257707759897,
	"z" : -0.16927930891422205
}
