{
	"pitch" : 1.4618639758733205,
	"roll" : -1.5551127725508345,
	"x" : 0.0075803821731326854,
	"y" : -0.13032731895875221,
	"yaw" : 1.2550170169059029,
	"z" : -0.17197965988380903
}
