{
	"pitch" : 1.4948337236330904,
	"roll" : -1.5731072959683712,
	"x" : 0.088452674720796265,
	"y" : 0.024899287117662143,
	"yaw" : 1.2448836412984681,
	"z" : -0.1376413699709198
}
