{
	"pitch" : 1.4907100373897206,
	"roll" : -1.5706053967486666,
	"x" : 0.077070599178747909,
	"y" : -0.013165557830760215,
	"yaw" : 1.246762211655176,
	"z" : -0.17030694415837752
}
