{
	"pitch" : 1.4518698920254651,
	"roll" : -1.4435418959795898,
	"x" : -0.072667702420891794,
	"y" : -0.25529839758657807,
	"yaw" : 1.3588834546606667,
	"z" : -0.17399018195731741
}
