{
	"pitch" : 1.4757816698381439,
	"roll" : -1.5200346068541324,
	"x" : 0.072651673865595678,
	"y" : -0.029489902182586777,
	"yaw" : 1.287061587021793,
	"z" : -0.21679744195780193
}
