{
	"pitch" : 1.4538861077809797,
	"roll" : -1.4404048215555756,
	"x" : 0.021030885889140989,
	"y" : -0.18517971034082512,
	"yaw" : 1.3634720232833646,
	"z" : -0.17022380210512444
}
