{
	"pitch" : 1.4818373833591765,
	"roll" : -1.3619396410954956,
	"x" : 0.10991132460420951,
	"y" : -0.0506973702227475,
	"yaw" : 1.4608354145458333,
	"z" : -0.16843610534742992
}
