{
	"pitch" : 1.4801316198232841,
	"roll" : -1.6113305594049701,
	"x" : 0.043364155678533717,
	"y" : -0.11831388436352792,
	"yaw" : 1.2066327374763655,
	"z" : -0.16355540536505023
}
