{
	"pitch" : 1.4694149449377087,
	"roll" : -1.5034567022975858,
	"x" : 0.040394386527166912,
	"y" : -0.04838066366591913,
	"yaw" : 1.3051100985100978,
	"z" : -0.16968571114342029
}
