{
	"pitch" : 1.4790947761280606,
	"roll" : -1.6789473638766432,
	"x" : 0.029199407826534185,
	"y" : 0.0034809928189230722,
	"yaw" : 1.1415089602884831,
	"z" : -0.17098247381521714
}
