{
	"pitch" : 1.4842377796868855,
	"roll" : -1.3805144833700669,
	"x" : 0.11081284146322057,
	"y" : -0.049990915740825127,
	"yaw" : 1.4383386799058444,
	"z" : -0.16836909534054481
}
