{
	"pitch" : 1.4749840009670854,
	"roll" : -1.5578407825582434,
	"x" : 0.028680799080697983,
	"y" : -0.027072931824307884,
	"yaw" : 1.261767951278876,
	"z" : -0.17017486034234686
}
