{
	"pitch" : 1.4823727877404453,
	"roll" : -1.6906428458935161,
	"x" : 0.038002242102764344,
	"y" : 0.019367246335308591,
	"yaw" : 1.1294785680679409,
	"z" : -0.1716081270384551
}
