{
	"pitch" : 1.488426788257154,
	"roll" : -1.5874106720220464,
	"x" : 0.053025614432777361,
	"y" : 0.032938561234590234,
	"yaw" : 1.2428281580441689,
	"z" : -0.17152900021358666
}
