{
	"pitch" : 1.4918596343344068,
	"roll" : -1.5616085626415845,
	"x" : 0.085347166825527093,
	"y" : 0.039468005235452304,
	"yaw" : 1.2709319644567292,
	"z" : -0.17137870840221059
}
