{
	"pitch" : 1.486968448421272,
	"roll" : -1.6177701571374115,
	"x" : 0.069380341747230165,
	"y" : -0.034413803256722053,
	"yaw" : 1.1952538921632532,
	"z" : -0.16907471300065727
}
