{
	"pitch" : 1.4915205850041438,
	"roll" : -1.6136143893114885,
	"x" : 0.084591600574698445,
	"y" : 0.011856391469339495,
	"yaw" : 1.2021714813376012,
	"z" : -0.12647926420639216
}
