{
	"pitch" : 1.4780636177301665,
	"roll" : -1.4681496330523252,
	"x" : 0.06217209444487324,
	"y" : -0.055557273919997201,
	"yaw" : 1.3443063965359512,
	"z" : -0.1461181143182371
}
