{
	"pitch" : 1.4827917186583719,
	"roll" : -1.5875663740553656,
	"x" : 0.071091194681885087,
	"y" : -0.029411983764933848,
	"yaw" : 1.2251991839357783,
	"z" : -0.12257172055378802
}
