{
	"pitch" : 1.4739030547478076,
	"roll" : -1.341443815299221,
	"x" : 0.075019421405707137,
	"y" : -0.013108440737950727,
	"yaw" : 1.4511503229726428,
	"z" : -0.16975908818690905
}
