{
	"pitch" : 1.4548987496545824,
	"roll" : -1.4652975110481512,
	"x" : 0.0078838726039841822,
	"y" : -0.21155325491136726,
	"yaw" : 1.3342809469942942,
	"z" : -0.17088292884484535
}
