{
	"pitch" : 1.5002285326026332,
	"roll" : -1.4744137438897624,
	"x" : 0.11422299569175302,
	"y" : 0.023170692381801233,
	"yaw" : 1.3556198383464713,
	"z" : -0.16963389387335745
}
