{
	"pitch" : 1.4775500213939985,
	"roll" : -1.4744437454730452,
	"x" : 0.079367625431022021,
	"y" : -0.062906826904458563,
	"yaw" : 1.3390252755986336,
	"z" : -0.16867456507235204
}
