{
	"pitch" : 1.4724872391863228,
	"roll" : -1.5781050800489123,
	"x" : 0.046735167424045612,
	"y" : -0.051794409513609904,
	"yaw" : 1.2408467765147952,
	"z" : -0.16940643175656739
}
