{
	"pitch" : 1.4959777451397485,
	"roll" : -1.5051608490230193,
	"x" : 0.094720581227525802,
	"y" : 0.036249854554382718,
	"yaw" : 1.3258282434079931,
	"z" : -0.17091350640781949
}
