{
	"pitch" : 1.4810910655522023,
	"roll" : -1.6717880390435638,
	"x" : 0.031306224366752712,
	"y" : 0.0070027112203733775,
	"yaw" : 1.1485145381494868,
	"z" : -0.17111271211017517
}
