{
	"pitch" : 1.4571756023194584,
	"roll" : -1.3557715157752541,
	"x" : 0.015925745613542264,
	"y" : -0.20714649969991272,
	"yaw" : 1.4566106682284141,
	"z" : -0.26977886277816909
}
