{
	"pitch" : 1.4900148978579197,
	"roll" : -1.3590058361226904,
	"x" : 0.12650540016724668,
	"y" : -0.017894518487693821,
	"yaw" : 1.464562968304792,
	"z" : -0.16867510132047309
}
