{
	"pitch" : 1.4729913333708078,
	"roll" : -1.6920535596783566,
	"x" : 0.027642218399039464,
	"y" : -0.016251924786827382,
	"yaw" : 1.124028313742766,
	"z" : -0.17155881403059564
}
