{
	"pitch" : 1.4696663541207897,
	"roll" : -1.5100590927497655,
	"x" : 0.064885541102547878,
	"y" : -0.061588965918427108,
	"yaw" : 1.2965550480105175,
	"z" : -0.16927847700500434
}
