{
	"pitch" : 1.4578746645226646,
	"roll" : -1.4558834887694163,
	"x" : -0.015769377629250056,
	"y" : -0.30036560494068348,
	"yaw" : 1.3508023953136188,
	"z" : -0.16374754437553971
}
