{
	"pitch" : 1.471966703785101,
	"roll" : -1.5796513781205208,
	"x" : 0.046544049894020757,
	"y" : -0.051904294722981748,
	"yaw" : 1.238569496889137,
	"z" : -0.1692872053642413
}
