{
	"pitch" : 1.4658148272526783,
	"roll" : -1.5063579246334449,
	"x" : 0.063374071054943235,
	"y" : -0.05571371561412973,
	"yaw" : 1.3018631997237626,
	"z" : -0.169294479966003
}
