{
	"pitch" : 1.4849132599748258,
	"roll" : -1.5665843714809422,
	"x" : 0.032312316103572644,
	"y" : 0.013269098436577163,
	"yaw" : 1.2543293695176416,
	"z" : -0.17048734406183602
}
