{
	"pitch" : 1.4944636929407662,
	"roll" : -1.6065174623794873,
	"x" : 0.09164788817302541,
	"y" : 0.033297651756146157,
	"yaw" : 1.2141841563464106,
	"z" : -0.15265919214863211
}
