{
	"pitch" : 1.4937325847108065,
	"roll" : -1.5639546851897823,
	"x" : 0.089218054067896804,
	"y" : 0.025764461154330606,
	"yaw" : 1.2541895955685642,
	"z" : -0.13891535625535922
}
