{
	"pitch" : 1.4679915707138349,
	"roll" : -1.5281048448845884,
	"x" : 0.062818344662074935,
	"y" : -0.059573090490224287,
	"yaw" : 1.2839113212276574,
	"z" : -0.17807838717366004
}
