{
	"pitch" : 1.4872481411067722,
	"roll" : -1.5677439669625057,
	"x" : 0.058505205418187309,
	"y" : 0.036397201353193555,
	"yaw" : 1.2620696468981323,
	"z" : -0.17199424983942962
}
