{
	"pitch" : 1.4777349847060954,
	"roll" : -1.500131826816804,
	"x" : 0.066071988687133126,
	"y" : -0.044179248538469836,
	"yaw" : 1.3121241378181099,
	"z" : -0.13133450642153202
}
