{
	"pitch" : 1.5004295080449297,
	"roll" : -1.47104019948583,
	"x" : 0.10387809119858557,
	"y" : 0.031790324528767192,
	"yaw" : 1.3601742478799239,
	"z" : -0.17040526308839318
}
