{
	"pitch" : 1.4903392298742437,
	"roll" : -1.4915752637222599,
	"x" : 0.060095067964782679,
	"y" : -0.028237311338693064,
	"yaw" : 1.3267962938819073,
	"z" : -0.16998622378485623
}
