{
	"pitch" : 1.4562667048817513,
	"roll" : -1.3663557840840279,
	"x" : 0.016809660901369247,
	"y" : -0.20422860667004611,
	"yaw" : 1.4475495348131038,
	"z" : -0.26651409174580165
}
