{
	"pitch" : 1.4719642687260552,
	"roll" : -1.5831989148286749,
	"x" : 0.04650733488048947,
	"y" : -0.051872980194739668,
	"yaw" : 1.2351434814267044,
	"z" : -0.16925949090016432
}
