{
	"pitch" : 1.4760872123828228,
	"roll" : -1.4422187274827309,
	"x" : 0.064892980457627578,
	"y" : -0.05059506804340258,
	"yaw" : 1.364747650185385,
	"z" : -0.16980734340680298
}
