{
	"pitch" : 1.4844972705783321,
	"roll" : -1.3902511065717871,
	"x" : 0.11451932969310012,
	"y" : -0.045640737277147472,
	"yaw" : 1.428529172005236,
	"z" : -0.16874154995734197
}
