{
	"pitch" : 1.451810932037481,
	"roll" : -1.3981404746605828,
	"x" : 0.025508480544158996,
	"y" : -0.17198689487564892,
	"yaw" : 1.3999937412321952,
	"z" : -0.16906858189158902
}
