{
	"pitch" : 1.4569344425875743,
	"roll" : -1.4516658707613581,
	"x" : -0.015543605754632678,
	"y" : -0.30144796691960934,
	"yaw" : 1.3556567315290329,
	"z" : -0.16466803531508162
}
