{
	"pitch" : 1.4816286512649055,
	"roll" : -1.6085258410550956,
	"x" : 0.05205174512216134,
	"y" : 0.032837546563705258,
	"yaw" : 1.2172857516726157,
	"z" : -0.17169136768617813
}
