{
	"pitch" : 1.4619288144410816,
	"roll" : -1.3912236226815526,
	"x" : 0.025664492611599941,
	"y" : -0.17485054313760426,
	"yaw" : 1.4257231044275274,
	"z" : -0.23550520760487673
}
