{
	"pitch" : 1.4703532350771498,
	"roll" : -1.65166370895959,
	"x" : 0.028577682870270314,
	"y" : -0.023124010763193412,
	"yaw" : 1.1630390561321071,
	"z" : -0.17023897772677929
}
