{
	"pitch" : 1.4640854244107537,
	"roll" : -1.392731931703262,
	"x" : 0.10467722090345893,
	"y" : -0.22392637031001594,
	"yaw" : 1.415630880721084,
	"z" : -0.16917801509969521
}
