{
	"pitch" : 1.4781387922171714,
	"roll" : -1.6467365347675782,
	"x" : 0.026681936519759968,
	"y" : -0.0041883808689317532,
	"yaw" : 1.1734213506627689,
	"z" : -0.17080167604611457
}
