{
	"pitch" : 1.4752086119326939,
	"roll" : -1.584482425327788,
	"x" : 0.029684668643809677,
	"y" : -0.02901414294266063,
	"yaw" : 1.2345895265793634,
	"z" : -0.17015961258408729
}
