{
	"pitch" : 1.4825360674557355,
	"roll" : -1.334721216417575,
	"x" : 0.10766590922089424,
	"y" : -0.052209726359715408,
	"yaw" : 1.4876865865140607,
	"z" : -0.16794145648515735
}
