{
	"pitch" : 1.4625650598111093,
	"roll" : -1.2902101448811822,
	"x" : 0.1095573054868071,
	"y" : -0.24227582296545222,
	"yaw" : 1.5245801305666764,
	"z" : -0.16823447129778374
}
