{
	"pitch" : 1.4938547886377762,
	"roll" : -1.5116094799239446,
	"x" : 0.073150163383170388,
	"y" : -0.015788210758495628,
	"yaw" : 1.3109608843113449,
	"z" : -0.16980660370514364
}
