{
	"pitch" : 1.4750373441774594,
	"roll" : -1.5082562739901599,
	"x" : 0.063251331741019629,
	"y" : -0.054746833403366224,
	"yaw" : 1.3044757782025549,
	"z" : -0.14435272921746778
}
