{
	"pitch" : 1.4893042445496103,
	"roll" : -1.3883234625647638,
	"x" : 0.12445696829683699,
	"y" : -0.027819920280450439,
	"yaw" : 1.4323891131481976,
	"z" : -0.16876906647615009
}
