{
	"pitch" : 1.4738785170759525,
	"roll" : -1.6393253984312044,
	"x" : 0.02613311883513586,
	"y" : -0.010504513617828859,
	"yaw" : 1.1752839478686652,
	"z" : -0.17120714432754292
}
