{
	"pitch" : 1.448225133793219,
	"roll" : -1.4107071615193845,
	"x" : -0.016607027062571278,
	"y" : -0.30906174913458828,
	"yaw" : 1.3907608453081375,
	"z" : -0.17309560180702677
}
