{
	"pitch" : 1.4968272758936374,
	"roll" : -1.5753789244962224,
	"x" : 0.064627965002912915,
	"y" : 0.038197781912791405,
	"yaw" : 1.2521816339876679,
	"z" : -0.17068160546915215
}
