{
	"pitch" : 1.4673864379881649,
	"roll" : -1.5926342390326174,
	"x" : -0.032355987469151387,
	"y" : -0.11903193887597127,
	"yaw" : 1.2176292496114471,
	"z" : -0.17160933498794412
}
