{
	"pitch" : 1.4884896690654321,
	"roll" : -1.5424125462649292,
	"x" : 0.070346286806904509,
	"y" : -0.029308381111835882,
	"yaw" : 1.2701014818731968,
	"z" : -0.1690458999800328
}
