{
	"pitch" : 1.4965083954573859,
	"roll" : -1.4256882698231561,
	"x" : 0.12150450936936866,
	"y" : 0.012302068755372288,
	"yaw" : 1.3975121103972548,
	"z" : -0.1699957034428097
}
