{
	"pitch" : 1.4542400608929957,
	"roll" : -1.3240490714098734,
	"x" : 0.024015937157854675,
	"y" : -0.29091728459359223,
	"yaw" : 1.4803049016417154,
	"z" : -0.17124444053060944
}
