{
	"pitch" : 1.4797139994140078,
	"roll" : -1.6129188391914515,
	"x" : 0.027119711109479937,
	"y" : -0.00401097132261268,
	"yaw" : 1.208116444132314,
	"z" : -0.17078094279198924
}
