{
	"pitch" : 1.4848142247031932,
	"roll" : -1.6026253214270907,
	"x" : 0.089913668515608489,
	"y" : 0.02431472946120368,
	"yaw" : 1.2147050885915771,
	"z" : -0.20331384562584123
}
