{
	"pitch" : 1.4943608331663201,
	"roll" : -1.316634520055221,
	"x" : 0.12768128654101915,
	"y" : -0.008782152678204402,
	"yaw" : 1.5053484096341991,
	"z" : -0.16836114079837705
}
