{
	"pitch" : 1.4539174254625504,
	"roll" : -1.4847496694088413,
	"x" : 0.013085401200803218,
	"y" : -0.20892202639491878,
	"yaw" : 1.3159669314178106,
	"z" : -0.17054689587146268
}
