{
	"pitch" : 1.4729379220776218,
	"roll" : -1.5257437805963161,
	"x" : 0.070964686272100119,
	"y" : -0.035480921205838206,
	"yaw" : 1.2824331949173176,
	"z" : -0.21471102777767145
}
