{
	"pitch" : 1.4517691180687795,
	"roll" : -1.4274667490604296,
	"x" : -0.017122807627079059,
	"y" : -0.3076360673116853,
	"yaw" : 1.3750793673107202,
	"z" : -0.17147842731695756
}
