{
	"pitch" : 1.4969420468779828,
	"roll" : -1.4402859741582121,
	"x" : 0.068628289843420634,
	"y" : -0.037532622305824742,
	"yaw" : 1.3764214410688707,
	"z" : -0.18135021916006
}
