{
	"pitch" : 1.4584251309264675,
	"roll" : -1.3159358093429536,
	"x" : 0.014186222967687068,
	"y" : -0.20907491787107693,
	"yaw" : 1.4961211685127316,
	"z" : -0.27096556886115547
}
