{
	"pitch" : 1.4895480824307243,
	"roll" : -1.573256236597578,
	"x" : 0.053700143262442435,
	"y" : 0.033677386828958752,
	"yaw" : 1.2577640456465478,
	"z" : -0.17127947721768322
}
