{
	"pitch" : 1.491918944911693,
	"roll" : -1.6257216317267775,
	"x" : 0.087809805205966068,
	"y" : 0.018310594043320028,
	"yaw" : 1.191324362212441,
	"z" : -0.13135508202977053
}
