{
	"pitch" : 1.4864113405201365,
	"roll" : -1.6020889555821249,
	"x" : 0.048161282072174842,
	"y" : 0.030032969011832659,
	"yaw" : 1.2292545312823133,
	"z" : -0.17150040532784575
}
