{
	"pitch" : 1.4678714038238347,
	"roll" : -1.4720874937145421,
	"x" : 0.064561040791186075,
	"y" : -0.052063197544628237,
	"yaw" : 1.3279209309608411,
	"z" : -0.16976410087203417
}
