{
	"pitch" : 1.470682121397088,
	"roll" : -1.4252116554120926,
	"x" : 0.088638021411714521,
	"y" : -0.15738579173284473,
	"yaw" : 1.3755421777048675,
	"z" : -0.16849834930383387
}
