{
	"pitch" : 1.4550876600428373,
	"roll" : -1.4476828210300483,
	"x" : -0.06739546596255451,
	"y" : -0.26144195443273299,
	"yaw" : 1.3637723091661176,
	"z" : -0.17425677772011702
}
