{
	"pitch" : 1.4913705244144155,
	"roll" : -1.6036869757226477,
	"x" : 0.084694087280793195,
	"y" : 0.012060718021031933,
	"yaw" : 1.2120826740047672,
	"z" : -0.12655768516119453
}
