{
	"pitch" : 1.487944457383827,
	"roll" : -1.4918209127170727,
	"x" : 0.075524596330376476,
	"y" : -0.012817748666528008,
	"yaw" : 1.3226670008690546,
	"z" : -0.11843067569358402
}
