{
	"pitch" : 1.4843424121836775,
	"roll" : -1.4735542446871346,
	"x" : 0.10335978622403093,
	"y" : -0.056616536241721041,
	"yaw" : 1.3459800939277857,
	"z" : -0.16848267091139332
}
