{
	"pitch" : 1.4532296767268971,
	"roll" : -1.5316278125693175,
	"x" : -0.020429681606717875,
	"y" : -0.22776937974992145,
	"yaw" : 1.2702695042929271,
	"z" : -0.17200317130949253
}
