{
	"pitch" : 1.4699658278505536,
	"roll" : -1.3686141471800979,
	"x" : 0.017342851369836321,
	"y" : -0.20092941874579293,
	"yaw" : 1.4429251943567891,
	"z" : -0.26606348607038172
}
