{
	"pitch" : 1.4517447121930032,
	"roll" : -1.2812636986652752,
	"x" : 0.056517419004306721,
	"y" : -0.30076775000078182,
	"yaw" : 1.5252839061295811,
	"z" : -0.16966499532157236
}
