{
	"pitch" : 1.4830466993165692,
	"roll" : -1.5121561679663467,
	"x" : 0.065866837519626631,
	"y" : -0.052046285219932764,
	"yaw" : 1.3107018232944989,
	"z" : -0.16822983895233892
}
