{
	"pitch" : 1.4941593459390328,
	"roll" : -1.6127726110142722,
	"x" : 0.09188162729982087,
	"y" : 0.033069743995318042,
	"yaw" : 1.2079574318885551,
	"z" : -0.15260775462076953
}
