{
	"pitch" : 1.4527446249341305,
	"roll" : -1.4313160432482763,
	"x" : 0.013666653215058971,
	"y" : -0.20790324529599177,
	"yaw" : 1.3705363671493749,
	"z" : -0.1707971335272106
}
