{
	"pitch" : 1.4687676007983517,
	"roll" : -1.4980643831737261,
	"x" : 0.038036090641695011,
	"y" : -0.045697238763344868,
	"yaw" : 1.3099576837574589,
	"z" : -0.17016377892553106
}
