{
	"pitch" : 1.4535219527660426,
	"roll" : -1.4281305935037489,
	"x" : 0.009088937197170327,
	"y" : -0.22367374946101293,
	"yaw" : 1.3705039637409284,
	"z" : -0.17071385465476152
}
