{
	"pitch" : 1.4760986252327402,
	"roll" : -1.5418619546147914,
	"x" : 0.062913737853398322,
	"y" : -0.05874947930528078,
	"yaw" : 1.2719224722006208,
	"z" : -0.16918759522924789
}
