{
	"pitch" : 1.4565024077090167,
	"roll" : -1.412207707947422,
	"x" : 0.0078165783724311877,
	"y" : -0.22979554593605042,
	"yaw" : 1.3875477210783118,
	"z" : -0.17042598342630072
}
