{
	"pitch" : 1.4874183248724389,
	"roll" : -1.4827747997146798,
	"x" : 0.055370756892303044,
	"y" : -0.032574300383794969,
	"yaw" : 1.3365733879238002,
	"z" : -0.17016401380938564
}
