{
	"pitch" : 1.482404532972676,
	"roll" : -1.3447034779805132,
	"x" : 0.10697473702563125,
	"y" : -0.052674297545317626,
	"yaw" : 1.4779378741741855,
	"z" : -0.16773491274502478
}
