{
	"pitch" : 1.4948272312113913,
	"roll" : -1.5735747587361049,
	"x" : 0.083242401431161045,
	"y" : 0.038965600893128283,
	"yaw" : 1.2566842515906373,
	"z" : -0.17080729769206429
}
