{
	"pitch" : 1.4614695502474149,
	"roll" : -1.3814149901197728,
	"x" : 0.023201222619416442,
	"y" : -0.18432302252311861,
	"yaw" : 1.4394975912916594,
	"z" : -0.24569815411591672
}
