{
	"pitch" : 1.4544309326873524,
	"roll" : -1.4345492831306892,
	"x" : 0.011839937529841263,
	"y" : -0.21672568424437849,
	"yaw" : 1.3668687111778866,
	"z" : -0.17078752646555134
}
