{
	"pitch" : 1.477378753400054,
	"roll" : -1.5054062712949785,
	"x" : 0.022648857643194971,
	"y" : -0.064883821697676897,
	"yaw" : 1.3186697885562044,
	"z" : -0.17083408114275794
}
