{
	"pitch" : 1.4712423369633885,
	"roll" : -1.5488017888688039,
	"x" : 0.0302607061304071,
	"y" : -0.036062402050787298,
	"yaw" : 1.2588050249710327,
	"z" : -0.16985059457085269
}
