{
	"pitch" : 1.4943327550216137,
	"roll" : -1.6295669084021833,
	"x" : 0.092909536278300203,
	"y" : 0.033590644952508263,
	"yaw" : 1.1913796753091859,
	"z" : -0.15502185107284777
}
