{
	"pitch" : 1.4753694008867093,
	"roll" : -1.4935208756428602,
	"x" : 0.061910855301669093,
	"y" : -0.058840811773448548,
	"yaw" : 1.3216784994345063,
	"z" : -0.1522797062521713
}
