{
	"pitch" : 1.4731985728019794,
	"roll" : -1.5271952591618929,
	"x" : 0.067415255510320446,
	"y" : -0.041413501007540182,
	"yaw" : 1.2736265986719326,
	"z" : -0.17031390457651419
}
