{
	"pitch" : 1.4880638272417035,
	"roll" : -1.5955138732745509,
	"x" : 0.052848446708922442,
	"y" : 0.032768952375790888,
	"yaw" : 1.2349359987149673,
	"z" : -0.17159990733556571
}
