{
	"pitch" : 1.4536048978753016,
	"roll" : -1.4157977027219208,
	"x" : 0.01499266664361739,
	"y" : -0.20537502908408867,
	"yaw" : 1.3846113493256258,
	"z" : -0.17062257372684253
}
