{
	"pitch" : 1.4883389560736482,
	"roll" : -1.5360637147763128,
	"x" : 0.058885668489621124,
	"y" : 0.037032032390945276,
	"yaw" : 1.2943727845758601,
	"z" : -0.17162488339468776
}
