{
	"pitch" : 1.469138434007734,
	"roll" : -1.5221538664178151,
	"x" : 0.063314955565645759,
	"y" : -0.061411263531305119,
	"yaw" : 1.2841775870759478,
	"z" : -0.16938835277187553
}
