{
	"pitch" : 1.4738452178291124,
	"roll" : -1.4281523714840074,
	"x" : 0.078037812855511701,
	"y" : -0.17601862697355131,
	"yaw" : 1.3798820731476389,
	"z" : -0.16898908006401639
}
