{
	"pitch" : 1.4938357645124034,
	"roll" : -1.5960823974933924,
	"x" : 0.09049194325719398,
	"y" : 0.028830942887568684,
	"yaw" : 1.2241189362390226,
	"z" : -0.14414290877018332
}
