{
	"pitch" : 1.4554829141020305,
	"roll" : -1.5431256933665887,
	"x" : -0.01693091690654025,
	"y" : -0.22638496503951874,
	"yaw" : 1.259378803399787,
	"z" : -0.17205252263220555
}
