{
	"pitch" : 1.4896358047565881,
	"roll" : -1.358399928218984,
	"x" : 0.12628873132855639,
	"y" : -0.019693325791442673,
	"yaw" : 1.4656800574242017,
	"z" : -0.16868708821896622
}
