{
	"pitch" : 1.4837998916138531,
	"roll" : -1.3385364207279049,
	"x" : 0.11563381792766839,
	"y" : -0.042329183070521567,
	"yaw" : 1.482546527839981,
	"z" : -0.16786811445923555
}
