{
	"pitch" : 1.4627736258824855,
	"roll" : -1.3108301288065636,
	"x" : 0.11055631141038019,
	"y" : -0.24182301600782599,
	"yaw" : 1.5027972721962688,
	"z" : -0.16825352851588221
}
