{
	"pitch" : 1.4611842848498542,
	"roll" : -1.6033233766038215,
	"x" : -0.08289921636578175,
	"y" : -0.18020573149565117,
	"yaw" : 1.2062368101056065,
	"z" : -0.17302279890543751
}
