{
	"pitch" : 1.4791912777178662,
	"roll" : -1.6722081612024824,
	"x" : 0.029163465160407548,
	"y" : 0.0035081282004955309,
	"yaw" : 1.148383803744917,
	"z" : -0.17087344819491662
}
