{
	"pitch" : 1.4687474348515304,
	"roll" : -1.5210431292834259,
	"x" : 0.0069388456030963913,
	"y" : -0.22952344846846695,
	"yaw" : 1.2856829008323529,
	"z" : -0.089187546246941085
}
