{
	"pitch" : 1.4791949695309046,
	"roll" : -1.5499306015105592,
	"x" : 0.0784834253196659,
	"y" : -0.013812411889174391,
	"yaw" : 1.2599428739355643,
	"z" : -0.22084233337968551
}
