{
	"pitch" : 1.4821740354957731,
	"roll" : -1.398959386442763,
	"x" : 0.099719282966992687,
	"y" : -0.056861481231016212,
	"yaw" : 1.4231573979799843,
	"z" : -0.16861690911582047
}
