{
	"pitch" : 1.4738872925530908,
	"roll" : -1.398850005026006,
	"x" : 0.07409787616999014,
	"y" : -0.063291866153404125,
	"yaw" : 1.4212212868386596,
	"z" : -0.16871247587302987
}
