{
	"pitch" : 1.4688326558344826,
	"roll" : -1.5053895290948773,
	"x" : 0.065733418353179335,
	"y" : -0.047904813889260198,
	"yaw" : 1.2992382934593323,
	"z" : -0.20335924994924306
}
