{
	"pitch" : 1.4665212377802102,
	"roll" : -1.490321826750636,
	"x" : 0.042516559062058895,
	"y" : -0.12138823330342571,
	"yaw" : 1.3217290684574419,
	"z" : -0.17987152390817424
}
