{
	"pitch" : 1.4826500424876372,
	"roll" : -1.3650463532243946,
	"x" : 0.11421695137024385,
	"y" : -0.046726442982322723,
	"yaw" : 1.4578860144414223,
	"z" : -0.16835734550185838
}
