{
	"pitch" : 1.4866189452920269,
	"roll" : -1.3128307850314724,
	"x" : 0.1211652960889275,
	"y" : -0.035868787337579186,
	"yaw" : 1.5052251954703686,
	"z" : -0.16809082776781048
}
