{
	"pitch" : 1.4771952456467514,
	"roll" : -1.4870716132166868,
	"x" : 0.0744142008407883,
	"y" : -0.020499367086241428,
	"yaw" : 1.3185483603531001,
	"z" : -0.22033352535113845
}
