{
	"pitch" : 1.4704630447857825,
	"roll" : -1.5388197778600148,
	"x" : 0.043140836441796601,
	"y" : -0.11194698575758463,
	"yaw" : 1.2734538265583049,
	"z" : -0.16963079277724702
}
