{
	"pitch" : 1.4670920126667586,
	"roll" : -1.4468555282815407,
	"x" : -0.0052760881298562629,
	"y" : -0.09016480908986417,
	"yaw" : 1.3738588129383951,
	"z" : -0.17229696558908464
}
