{
	"pitch" : 1.4984390505874126,
	"roll" : -1.3953957436833657,
	"x" : 0.10737387508719222,
	"y" : 0.02889053967885891,
	"yaw" : 1.434524683791069,
	"z" : -0.16976294513450046
}
