{
	"pitch" : 1.4969805903230775,
	"roll" : -1.4217935080173942,
	"x" : 0.10475754670345705,
	"y" : 0.03120158367370884,
	"yaw" : 1.4056141749372184,
	"z" : -0.17030997122967731
}
