{
	"pitch" : 1.4911068634102087,
	"roll" : -1.5470144727015871,
	"x" : 0.091939672752056917,
	"y" : 0.033115900298359743,
	"yaw" : 1.2720946043852772,
	"z" : -0.18799674201716643
}
