{
	"pitch" : 1.492359899964887,
	"roll" : -1.605929388708794,
	"x" : 0.088051047385725806,
	"y" : 0.02110158541321968,
	"yaw" : 1.2109022939361775,
	"z" : -0.13416424257713255
}
