{
	"pitch" : 1.4821994420987246,
	"roll" : -1.6030251499810819,
	"x" : 0.026882188593048771,
	"y" : 0.0003651978792401419,
	"yaw" : 1.2167680933341649,
	"z" : -0.17068275757171977
}
