{
	"pitch" : 1.4757788448600562,
	"roll" : -1.5706855653998812,
	"x" : 0.032237891402097735,
	"y" : -0.035404292048584286,
	"yaw" : 1.2497761567157522,
	"z" : -0.17021680298432179
}
