{
	"pitch" : 1.483488913277899,
	"roll" : -1.6010142671268681,
	"x" : 0.034352708277390939,
	"y" : 0.01667146410273862,
	"yaw" : 1.220043543919785,
	"z" : -0.17083023018816251
}
