{
	"pitch" : 1.4771542553262196,
	"roll" : -1.4378126330952172,
	"x" : 0.076505952472721447,
	"y" : -0.013578808203340401,
	"yaw" : 1.3578174566233565,
	"z" : -0.17055953737747873
}
