{
	"pitch" : 1.4462543564984645,
	"roll" : -1.5558642576410435,
	"x" : -0.046479132208613744,
	"y" : -0.24279915985228412,
	"yaw" : 1.2451006760953247,
	"z" : -0.17399232710807452
}
