{
	"pitch" : 1.4791556984102461,
	"roll" : -1.5292147131113842,
	"x" : 0.070614486567168788,
	"y" : -0.029546255677464415,
	"yaw" : 1.2805780362954804,
	"z" : -0.16972547790401549
}
