{
	"pitch" : 1.4742159644423267,
	"roll" : -1.5698858042793842,
	"x" : 0.070218377237862284,
	"y" : -0.037514251442150363,
	"yaw" : 1.2394066098735705,
	"z" : -0.21326610319857231
}
