{
	"pitch" : 1.4674517175739454,
	"roll" : -1.513466430359675,
	"x" : 0.047508973662625159,
	"y" : -0.10931909677447704,
	"yaw" : 1.2924452428904436,
	"z" : -0.16969574589530537
}
