{
	"pitch" : 1.4763956445264195,
	"roll" : -1.4456503309367355,
	"x" : 0.0088056305344582919,
	"y" : -0.076299344118059331,
	"yaw" : 1.3790451805966366,
	"z" : -0.17108849469967538
}
