{
	"pitch" : 1.4732956797858909,
	"roll" : -1.4537271781286571,
	"x" : 0.060243552859300005,
	"y" : -0.058908780090751546,
	"yaw" : 1.3649929864470156,
	"z" : -0.16872757024625537
}
