{
	"pitch" : 1.4928246723016843,
	"roll" : -1.3437289399739194,
	"x" : 0.12892990260071541,
	"y" : -0.0069540436145151124,
	"yaw" : 1.4782465524390149,
	"z" : -0.16874939967508448
}
