{
	"pitch" : 1.4531597928676767,
	"roll" : -1.4420395641397248,
	"x" : 0.029256081125099823,
	"y" : -0.15770038734580816,
	"yaw" : 1.3587154685626719,
	"z" : -0.16910015287325456
}
