{
	"pitch" : 1.4793994337623118,
	"roll" : -1.5051570961385514,
	"x" : 0.068289497926435141,
	"y" : -0.038500222591557769,
	"yaw" : 1.3066426316581579,
	"z" : -0.12652839054503892
}
