{
	"pitch" : 1.4737784696457243,
	"roll" : -1.5033439304303788,
	"x" : 0.062375982000743117,
	"y" : -0.059401123970905759,
	"yaw" : 1.3161096187054551,
	"z" : -0.16894576797693606
}
