{
	"pitch" : 1.4776674222396495,
	"roll" : -1.4985871412282956,
	"x" : 0.044663370346163279,
	"y" : -0.1122022660233857,
	"yaw" : 1.3175216577137281,
	"z" : -0.16945178924419624
}
