{
	"pitch" : 1.496339800405962,
	"roll" : -1.575796900654816,
	"x" : 0.052281695632787457,
	"y" : -0.09465537788494427,
	"yaw" : 1.2270778232991937,
	"z" : -0.21056274858462731
}
