{
	"pitch" : 1.4624307693473408,
	"roll" : -1.3141067150688459,
	"x" : 0.11068395283573414,
	"y" : -0.24143259013073559,
	"yaw" : 1.4994138250819133,
	"z" : -0.16806952298538616
}
