{
	"pitch" : 1.4744757527861549,
	"roll" : -1.5689147539710777,
	"x" : 0.033480372473673539,
	"y" : -0.15124261201966177,
	"yaw" : 1.2489080600611577,
	"z" : -0.13134956756428545
}
