{
	"pitch" : 1.4675769610698191,
	"roll" : -1.5253060315223896,
	"x" : 0.064727576156327932,
	"y" : -0.054008661056794846,
	"yaw" : 1.2814468157149961,
	"z" : -0.19516739360063867
}
