{
	"pitch" : 1.4799402169625113,
	"roll" : -1.4136010873421647,
	"x" : 0.084709393610716083,
	"y" : -0.06274477212964856,
	"yaw" : 1.4112263819269144,
	"z" : -0.16852620824841527
}
