{
	"pitch" : 1.4916169751486421,
	"roll" : -1.5079662998082339,
	"x" : 0.057960234591475389,
	"y" : -0.032378142230749876,
	"yaw" : 1.3110522253425239,
	"z" : -0.16995710019721455
}
