{
	"pitch" : 1.4664602743682544,
	"roll" : -1.4984824036652309,
	"x" : 0.011274749996771222,
	"y" : -0.21412996320197744,
	"yaw" : 1.3150607198756734,
	"z" : -0.073098244312267899
}
