{
	"pitch" : 1.497807665403543,
	"roll" : -1.4105737454308167,
	"x" : 0.11041607745529342,
	"y" : 0.025948441609712335,
	"yaw" : 1.4172135783950732,
	"z" : -0.16940838358544943
}
