{
	"pitch" : 1.4763831153223836,
	"roll" : -1.5570412342350728,
	"x" : 0.030735137745638214,
	"y" : -0.033646715755476279,
	"yaw" : 1.2637002762122596,
	"z" : -0.16973398496419678
}
