{
	"pitch" : 1.4693623235549365,
	"roll" : -1.4463906230825103,
	"x" : 0.061244916577108975,
	"y" : -0.061050677852325028,
	"yaw" : 1.3601951015344103,
	"z" : -0.16918804089126363
}
