{
	"pitch" : 1.4893649242056863,
	"roll" : -1.3674725999667126,
	"x" : 0.12616620775953799,
	"y" : -0.021957730365280814,
	"yaw" : 1.4571694953602674,
	"z" : -0.16893475519537235
}
