{
	"pitch" : 1.4686245250837231,
	"roll" : -1.5015262494174082,
	"x" : 0.067239739666094298,
	"y" : -0.043260258466668519,
	"yaw" : 1.3044019155691655,
	"z" : -0.20902727305446345
}
