{
	"pitch" : 1.454584925818124,
	"roll" : -1.4383787752478059,
	"x" : 0.012697300662678032,
	"y" : -0.21264760711066197,
	"yaw" : 1.3597812138466898,
	"z" : -0.17024078041829757
}
