{
	"pitch" : 1.4481264587922522,
	"roll" : -1.3683406112058074,
	"x" : -0.011979515301842297,
	"y" : -0.28905778784194253,
	"yaw" : 1.4341611661436617,
	"z" : -0.17213499095719137
}
