{
	"pitch" : 1.4664756843572109,
	"roll" : -1.4712699635406148,
	"x" : -0.00079565993431481019,
	"y" : -0.25437980743457556,
	"yaw" : 1.3433652546904786,
	"z" : -0.11537284712439456
}
