{
	"pitch" : 1.4566142511554039,
	"roll" : -1.3522242201473156,
	"x" : 0.015242762232560193,
	"y" : -0.20872648552989101,
	"yaw" : 1.4609684187922967,
	"z" : -0.2709608861603236
}
