{
	"pitch" : 1.4676307273976821,
	"roll" : -1.4255523986390299,
	"x" : 0.057074113638044086,
	"y" : -0.059329471831434034,
	"yaw" : 1.3887197244028695,
	"z" : -0.16910927307231871
}
