{
	"pitch" : 1.4707496065085386,
	"roll" : -1.4200535785169168,
	"x" : 0.10152394749201127,
	"y" : -0.17735120495122522,
	"yaw" : 1.395061326442818,
	"z" : -0.16857807033112551
}
