{
	"pitch" : 1.4846742472283154,
	"roll" : -1.3399219102438762,
	"x" : 0.12336013599714313,
	"y" : -0.032107390933189414,
	"yaw" : 1.4838921769313409,
	"z" : -0.16844973596107968
}
