{
	"pitch" : 1.4691643292730419,
	"roll" : -1.4381613063528105,
	"x" : 0.06112063289684689,
	"y" : -0.061070862920274277,
	"yaw" : 1.3683873963144257,
	"z" : -0.16918053668726168
}
