{
	"pitch" : 1.4463802724970101,
	"roll" : -1.4285591965290687,
	"x" : -0.017311061563281438,
	"y" : -0.30931067956834907,
	"yaw" : 1.3723900119462755,
	"z" : -0.17321335968559254
}
