{
	"pitch" : 1.5030048006935564,
	"roll" : -1.4814685896346433,
	"x" : 0.1070408442584292,
	"y" : 0.029975340671214872,
	"yaw" : 1.3487887343919867,
	"z" : -0.16999002102198701
}
