{
	"pitch" : 1.4796041750814659,
	"roll" : -1.5176917203945215,
	"x" : 0.067593538233863729,
	"y" : -0.03990912002536675,
	"yaw" : 1.2942576627922777,
	"z" : -0.12772868348816332
}
