{
	"pitch" : 1.4777773299946606,
	"roll" : -1.4601289062566574,
	"x" : 0.082756408943399001,
	"y" : -0.062802737567555153,
	"yaw" : 1.3566153132659058,
	"z" : -0.16871187134521942
}
