{
	"pitch" : 1.4923077675613321,
	"roll" : -1.6057662355111919,
	"x" : 0.08797065725130214,
	"y" : 0.020839917238040968,
	"yaw" : 1.2113112850885386,
	"z" : -0.13369926336318164
}
