{
	"pitch" : 1.487645534290202,
	"roll" : -1.5855561500141746,
	"x" : 0.076585969160118908,
	"y" : -0.012162978213954727,
	"yaw" : 1.2283625386378609,
	"z" : -0.16979844798764396
}
