{
	"pitch" : 1.4945012021361528,
	"roll" : -1.4687919165620769,
	"x" : 0.075136517783434165,
	"y" : 0.039635471721834473,
	"yaw" : 1.3650391423960415,
	"z" : -0.17144189041807686
}
