{
	"pitch" : 1.4967286252708345,
	"roll" : -1.3425640248219339,
	"x" : 0.12092219762940283,
	"y" : 0.013754285399345843,
	"yaw" : 1.4831438107128136,
	"z" : -0.16935386248802409
}
