{
	"pitch" : 1.4520493226562357,
	"roll" : -1.4280395580722192,
	"x" : -0.017122589250205683,
	"y" : -0.30742413784801381,
	"yaw" : 1.3748668339384105,
	"z" : -0.17135798681131456
}
