{
	"pitch" : 1.4847490104621863,
	"roll" : -1.3286528148567096,
	"x" : 0.12314492968163573,
	"y" : -0.031762383883858492,
	"yaw" : 1.4952014448607862,
	"z" : -0.16824748298513728
}
