{
	"pitch" : 1.4898145754423022,
	"roll" : -1.3632755690178138,
	"x" : 0.12625022075313758,
	"y" : -0.022543756487357257,
	"yaw" : 1.4615074619722728,
	"z" : -0.16904538424967763
}
