{
	"pitch" : 1.4900652348836296,
	"roll" : -1.5077230645077326,
	"x" : 0.078770861288592509,
	"y" : -0.0037830478737532255,
	"yaw" : 1.3053859417470595,
	"z" : -0.11886916996706602
}
