{
	"pitch" : 1.4875649765584273,
	"roll" : -1.4550215123081733,
	"x" : 0.07743706416953032,
	"y" : -0.010752907763715704,
	"yaw" : 1.360021307670461,
	"z" : -0.16904329816209707
}
