{
	"pitch" : 1.4526341129983211,
	"roll" : -1.3381978704563628,
	"x" : 0.062258800056875674,
	"y" : -0.29926925686186379,
	"yaw" : 1.4665673521149949,
	"z" : -0.17000906558944928
}
