{
	"pitch" : 1.5006511496597654,
	"roll" : -1.4941737022509982,
	"x" : 0.11625565393993026,
	"y" : 0.021425400308775634,
	"yaw" : 1.33532416550396,
	"z" : -0.16997820782020864
}
