{
	"pitch" : 1.4847889004742818,
	"roll" : -1.5770740974906881,
	"x" : 0.091255700534183665,
	"y" : 0.027831732528301907,
	"yaw" : 1.240293060248814,
	"z" : -0.19788647802501194
}
