{
	"pitch" : 1.4889431176640249,
	"roll" : -1.3630185588543664,
	"x" : 0.12613376439437862,
	"y" : -0.020200222029943649,
	"yaw" : 1.4609596757233858,
	"z" : -0.16868237607558742
}
