{
	"pitch" : 1.4986007174713447,
	"roll" : -1.3754237674478258,
	"x" : 0.10940215098478016,
	"y" : 0.02701396645375654,
	"yaw" : 1.4535647997334686,
	"z" : -0.16985984643707511
}
