{
	"pitch" : 1.4786533632919958,
	"roll" : -1.6015012963491893,
	"x" : 0.027144746284321286,
	"y" : -0.005657323432736552,
	"yaw" : 1.2197851819033734,
	"z" : -0.17085977503953131
}
