{
	"pitch" : 1.4690740052343689,
	"roll" : -1.5076666819263254,
	"x" : 0.06220282466601483,
	"y" : -0.059873324193503982,
	"yaw" : 1.3040596207528015,
	"z" : -0.17571250208169606
}
