{
	"pitch" : 1.4750253186280045,
	"roll" : -1.562120573534246,
	"x" : 0.06514157279876237,
	"y" : -0.050202652746682022,
	"yaw" : 1.2505838826793336,
	"z" : -0.13712431116831322
}
