{
	"pitch" : 1.4796167863320804,
	"roll" : -1.5778981962656058,
	"x" : 0.043887750492045491,
	"y" : -0.11657980985067397,
	"yaw" : 1.2408460939513304,
	"z" : -0.16523545867996048
}
