{
	"pitch" : 1.4909886305895561,
	"roll" : -1.5148296126598633,
	"x" : 0.075471260254111244,
	"y" : -0.01411885712461392,
	"yaw" : 1.3032528494380626,
	"z" : -0.17032185066985642
}
