{
	"pitch" : 1.4705546023042622,
	"roll" : -1.5509317400075433,
	"x" : 0.062291636609319287,
	"y" : -0.060032734309051219,
	"yaw" : 1.2619560064625024,
	"z" : -0.16959785480880571
}
