{
	"pitch" : 1.4769908785022878,
	"roll" : -1.5216378969279498,
	"x" : 0.077415508413469392,
	"y" : -0.013265146590807183,
	"yaw" : 1.2764324540620609,
	"z" : -0.17040250325831544
}
