{
	"pitch" : 1.4938354236642917,
	"roll" : -1.5010193973961974,
	"x" : 0.075435777418242811,
	"y" : -0.013825503089417598,
	"yaw" : 1.3117959658140839,
	"z" : -0.16956151917758924
}
