{
	"pitch" : 1.4753924358298998,
	"roll" : -1.5196114361252973,
	"x" : 0.063847774786501499,
	"y" : -0.055006512480971576,
	"yaw" : 1.2936983624775873,
	"z" : -0.14386055601803696
}
