{
	"pitch" : 1.4906846794621349,
	"roll" : -1.5414666309524991,
	"x" : 0.092041202725080012,
	"y" : 0.033503576036496487,
	"yaw" : 1.277932778578126,
	"z" : -0.18777499175512044
}
