{
	"pitch" : 1.4529646872697335,
	"roll" : -1.4629937549649543,
	"x" : 0.022758112827611185,
	"y" : -0.18134325083502589,
	"yaw" : 1.3432808108222805,
	"z" : -0.17018523092272583
}
