{
	"pitch" : 1.4810033430016507,
	"roll" : -1.6198874470927818,
	"x" : 0.030596155060353916,
	"y" : 0.007494237395598416,
	"yaw" : 1.2028001664166976,
	"z" : -0.17113922408403598
}
