{
	"pitch" : 1.4948227665739797,
	"roll" : -1.4276270402605999,
	"x" : 0.12592309608313612,
	"y" : 0.0028924255688541067,
	"yaw" : 1.3986876398848525,
	"z" : -0.17010723294540031
}
