{
	"pitch" : 1.4629806302679507,
	"roll" : -1.5028164274434659,
	"x" : 0.065904469265727822,
	"y" : -0.044621214056781169,
	"yaw" : 1.3009859163022244,
	"z" : -0.16971309539871685
}
