{
	"pitch" : 1.4708532323320462,
	"roll" : -1.4730080107191335,
	"x" : 0.064834866879547454,
	"y" : -0.049790031916003993,
	"yaw" : 1.3326336232373952,
	"z" : -0.20139644292090128
}
