{
	"pitch" : 1.4747159272062544,
	"roll" : -1.5628110222213709,
	"x" : 0.06508384526926525,
	"y" : -0.050176648001919344,
	"yaw" : 1.2499013497446869,
	"z" : -0.13703840583791657
}
