{
	"pitch" : 1.4469278574732389,
	"roll" : -1.537408889248506,
	"x" : -0.051341415948866445,
	"y" : -0.24496767451372731,
	"yaw" : 1.2599756204983334,
	"z" : -0.17351540294902065
}
