{
	"pitch" : 1.4696340679687117,
	"roll" : -1.5468803965943125,
	"x" : 0.067099596730183064,
	"y" : -0.045710812021325695,
	"yaw" : 1.2596003114802943,
	"z" : -0.20616688268839772
}
