{
	"pitch" : 1.4683228085463831,
	"roll" : -1.5254569473348134,
	"x" : 0.035446181515337523,
	"y" : -0.041543452553554759,
	"yaw" : 1.2824374177452371,
	"z" : -0.17075726119604925
}
