{
	"pitch" : 1.4488407343614651,
	"roll" : -1.3965329862281886,
	"x" : 0.00067598585525399657,
	"y" : -0.25358818426717145,
	"yaw" : 1.4023738397429919,
	"z" : -0.17102440936639784
}
