{
	"pitch" : 1.4522397494059722,
	"roll" : -1.3862674391705307,
	"x" : 0.015928960189242794,
	"y" : -0.20146891260378674,
	"yaw" : 1.4146605623197017,
	"z" : -0.17012226534466449
}
