{
	"pitch" : 1.4575422982745159,
	"roll" : -1.3649755400088501,
	"x" : 0.015705501081273159,
	"y" : -0.20830911673598632,
	"yaw" : 1.4481317205018682,
	"z" : -0.27081410232372805
}
