{
	"pitch" : 1.4836300684736221,
	"roll" : -1.6113440403964585,
	"x" : 0.090279571755858268,
	"y" : 0.024336626743689055,
	"yaw" : 1.2060537772812987,
	"z" : -0.20323494531835254
}
