{
	"pitch" : 1.4946318408106762,
	"roll" : -1.4350705647026143,
	"x" : 0.1259194051804669,
	"y" : 0.0029005447614900287,
	"yaw" : 1.3912820021741383,
	"z" : -0.17011168839951846
}
