{
	"pitch" : 1.4750997114974767,
	"roll" : -1.4942627369700003,
	"x" : 0.060915499010852775,
	"y" : -0.061011098400807401,
	"yaw" : 1.319279160599387,
	"z" : -0.16127425357226172
}
