{
	"pitch" : 1.451509370171977,
	"roll" : -1.3116895465624672,
	"x" : 0.061565201394932871,
	"y" : -0.30180853896471443,
	"yaw" : 1.4913799770517735,
	"z" : -0.17053422527899922
}
