{
	"pitch" : 1.4977193970418665,
	"roll" : -1.4852440863378533,
	"x" : 0.054261571979436936,
	"y" : -0.076710439783675213,
	"yaw" : 1.3257180907918846,
	"z" : -0.20122063664249062
}
