{
	"pitch" : 1.4720721106167443,
	"roll" : -1.43430021270772,
	"x" : 0.079219624385559448,
	"y" : -0.17789804045308028,
	"yaw" : 1.3744240357792497,
	"z" : -0.16887184209667985
}
