{
	"pitch" : 1.4955016073966805,
	"roll" : -1.3686611024687438,
	"x" : 0.12555686387423928,
	"y" : 0.0035221797677524765,
	"yaw" : 1.4541204121744893,
	"z" : -0.16944078871160681
}
