{
	"pitch" : 1.4563907318647005,
	"roll" : -1.443182255201982,
	"x" : -0.014551399958864508,
	"y" : -0.29559032126092677,
	"yaw" : 1.3644637655701757,
	"z" : -0.15865244453359725
}
