{
	"pitch" : 1.4534016619415973,
	"roll" : -1.4170871380714765,
	"x" : 0.01473785277707472,
	"y" : -0.20670295703192496,
	"yaw" : 1.3835747360602797,
	"z" : -0.17057177728382411
}
