{
	"pitch" : 1.4899828866394558,
	"roll" : -1.3969831429990525,
	"x" : 0.1244350033643461,
	"y" : -0.027816686557041823,
	"yaw" : 1.4238019445834913,
	"z" : -0.16874683256495246
}
