{
	"pitch" : 1.4548906651589388,
	"roll" : -1.4500005817215174,
	"x" : 0.013851802511845576,
	"y" : -0.20899771604977965,
	"yaw" : 1.3522512681408119,
	"z" : -0.17039047732093443
}
