{
	"pitch" : 1.4788442574732488,
	"roll" : -1.4642866247285393,
	"x" : 0.065992402087768007,
	"y" : -0.016843413139440704,
	"yaw" : 1.3508006997530517,
	"z" : -0.16904994005105586
}
