{
	"pitch" : 1.4712265562185174,
	"roll" : -1.340251046389892,
	"x" : 0.074368662813691866,
	"y" : -0.012686814080193154,
	"yaw" : 1.4479751480028185,
	"z" : -0.16899139376620914
}
