{
	"pitch" : 1.4636825994596057,
	"roll" : -1.4180217397207251,
	"x" : 0.038564966066389775,
	"y" : -0.13128644854855889,
	"yaw" : 1.4012346741039083,
	"z" : -0.19040748651562411
}
