{
	"pitch" : 1.4712453341484615,
	"roll" : -1.4808429868075728,
	"x" : 0.060412113689409505,
	"y" : -0.061833290240541482,
	"yaw" : 1.3287931086903548,
	"z" : -0.16942683223870122
}
