{
	"pitch" : 1.4672857717261656,
	"roll" : -1.4807198528234677,
	"x" : 0.058875158112642045,
	"y" : -0.066463782737279251,
	"yaw" : 1.3219372629547559,
	"z" : -0.16977722397528899
}
