{
	"pitch" : 1.4708814862043238,
	"roll" : -1.3984035040267884,
	"x" : 0.097581617854812411,
	"y" : -0.16037396054935213,
	"yaw" : 1.3998208081436072,
	"z" : -0.16840227859986179
}
