{
	"pitch" : 1.4910585169075559,
	"roll" : -1.5448885089131073,
	"x" : 0.091266669768701222,
	"y" : 0.03190424705446581,
	"yaw" : 1.2728067705240751,
	"z" : -0.19047297956566756
}
