{
	"pitch" : 1.4729175449549372,
	"roll" : -1.5689215338729794,
	"x" : -0.038196212116966749,
	"y" : -0.13270343363245798,
	"yaw" : 1.2515133281786781,
	"z" : -0.17181319127405487
}
