{
	"pitch" : 1.4505304029139419,
	"roll" : -1.4637751811398128,
	"x" : 0.018231723208798574,
	"y" : -0.19622139297972624,
	"yaw" : 1.3391261017092302,
	"z" : -0.1700569122000242
}
