{
	"pitch" : 1.5014337220777656,
	"roll" : -1.5100874100317903,
	"x" : 0.11441048571451079,
	"y" : 0.023114087755849222,
	"yaw" : 1.3208430810198273,
	"z" : -0.16960875470757852
}
