{
	"pitch" : 1.4963217397355106,
	"roll" : -1.5062970518706116,
	"x" : 0.070892582751725303,
	"y" : 0.039553274922158127,
	"yaw" : 1.3302975225806792,
	"z" : -0.1718722346393538
}
