{
	"pitch" : 1.4732773480247763,
	"roll" : -1.4974517828868978,
	"x" : 0.062287697832532234,
	"y" : -0.059194569756146093,
	"yaw" : 1.3217039221523523,
	"z" : -0.16889223342048493
}
