{
	"pitch" : 1.4819720480781846,
	"roll" : -1.6448880993385819,
	"x" : 0.031549256122358288,
	"y" : 0.0081316226556634365,
	"yaw" : 1.1750719787124995,
	"z" : -0.17093861432735449
}
