{
	"pitch" : 1.4741239096082688,
	"roll" : -1.5193636170464371,
	"x" : 0.044745147735215353,
	"y" : -0.11115567772499016,
	"yaw" : 1.2949806685540191,
	"z" : -0.16949645586054227
}
