{
	"pitch" : 1.4696881027679674,
	"roll" : -1.462273257836741,
	"x" : 0.06458446780698783,
	"y" : -0.049491710029662489,
	"yaw" : 1.3439077770978778,
	"z" : -0.20161926470881875
}
