{
	"pitch" : 1.4996254175818409,
	"roll" : -1.557429315911969,
	"x" : 0.089319589579792816,
	"y" : 0.037675694981072351,
	"yaw" : 1.2705993273144089,
	"z" : -0.17097799860235613
}
