{
	"pitch" : 1.4702738253404641,
	"roll" : -1.5043136801232413,
	"x" : 0.032854529687323511,
	"y" : -0.039479254522426913,
	"yaw" : 1.3040914423926186,
	"z" : -0.17111196661967254
}
