{
	"pitch" : 1.4795317020608481,
	"roll" : -1.4316527754403108,
	"x" : 0.086751325917899136,
	"y" : -0.061918618450564483,
	"yaw" : 1.3858030884990644,
	"z" : -0.16853840920976845
}
