{
	"pitch" : 1.4553582739409316,
	"roll" : -1.4293407356352965,
	"x" : 0.013798302865138667,
	"y" : -0.20815519358285961,
	"yaw" : 1.3712526403110381,
	"z" : -0.17042482231260631
}
