{
	"pitch" : 1.4953177624698104,
	"roll" : -1.3589763064614835,
	"x" : 0.12564665183665913,
	"y" : -0.0012644308225986216,
	"yaw" : 1.4625845167638505,
	"z" : -0.1687828183070762
}
