{
	"pitch" : 1.4725929380445808,
	"roll" : -1.6654528997409077,
	"x" : 0.027553534661276073,
	"y" : -0.018422188495603873,
	"yaw" : 1.1478179373059803,
	"z" : -0.17086157606647917
}
