{
	"pitch" : 1.470025247632198,
	"roll" : -1.5204577192304383,
	"x" : 0.067396230644609673,
	"y" : -0.042247575884839697,
	"yaw" : 1.2866788717834701,
	"z" : -0.20944182653449134
}
