{
	"pitch" : 1.4665160540156432,
	"roll" : -1.5896282193434348,
	"x" : -0.033203599738270709,
	"y" : -0.1187384861749641,
	"yaw" : 1.2197953055792619,
	"z" : -0.17136676679034232
}
