{
	"pitch" : 1.4716535032105129,
	"roll" : -1.4772402351714453,
	"x" : 0.069918387461936654,
	"y" : -0.062427882010231653,
	"yaw" : 1.3319755519412779,
	"z" : -0.16879682046823305
}
