{
	"pitch" : 1.4891841189171062,
	"roll" : -1.6575038976527225,
	"x" : 0.046317116953630971,
	"y" : 0.028006667413866593,
	"yaw" : 1.1706687414426336,
	"z" : -0.17137348312799566
}
