{
	"pitch" : 1.4845661906128831,
	"roll" : -1.3837066806911669,
	"x" : 0.11017367764334052,
	"y" : -0.05013220206329376,
	"yaw" : 1.4348908778294409,
	"z" : -0.16822586079626486
}
