{
	"pitch" : 1.482144660204086,
	"roll" : -1.3527588702633544,
	"x" : 0.027604039467405299,
	"y" : -0.16765026964402613,
	"yaw" : 1.4599316169789296,
	"z" : -0.24888774660990459
}
