{
	"pitch" : 1.4921469914420762,
	"roll" : -1.3472733718720595,
	"x" : 0.12741605662879885,
	"y" : -0.011682997594708398,
	"yaw" : 1.4765503650020049,
	"z" : -0.16841153014812932
}
