{
	"pitch" : 1.4757101670600268,
	"roll" : -1.6496608629335465,
	"x" : 0.027362236777587465,
	"y" : -0.013561103587743217,
	"yaw" : 1.1690709962681214,
	"z" : -0.17110320741674045
}
