{
	"pitch" : 1.4954928814351778,
	"roll" : -1.5826474814196945,
	"x" : 0.092160672505766386,
	"y" : 0.033414468083057473,
	"yaw" : 1.2370233167490139,
	"z" : -0.15317594899028669
}
