{
	"pitch" : 1.4697968718518135,
	"roll" : -1.495999505359906,
	"x" : 0.041175910034008639,
	"y" : -0.049048471287834051,
	"yaw" : 1.3134073692835253,
	"z" : -0.16965804648778274
}
