{
	"pitch" : 1.4553033378517304,
	"roll" : -1.4623939314442906,
	"x" : 0.0040729411979198715,
	"y" : -0.2139661544201904,
	"yaw" : 1.3386725003862134,
	"z" : -0.17105665289214766
}
