{
	"pitch" : 1.4905272771735867,
	"roll" : -1.4190655430260828,
	"x" : 0.075191377168459764,
	"y" : -0.012080270411224094,
	"yaw" : 1.3985122524992299,
	"z" : -0.16894753947500701
}
