{
	"pitch" : 1.4704086497330409,
	"roll" : -1.4444366156479111,
	"x" : 0.084376998840414899,
	"y" : -0.15581245872787278,
	"yaw" : 1.3560636186235053,
	"z" : -0.16867803280962446
}
