{
	"pitch" : 1.4850036931040715,
	"roll" : -1.5841585766460375,
	"x" : 0.083435489427208936,
	"y" : 0.0025290026692034954,
	"yaw" : 1.2317241899293887,
	"z" : -0.21821168785452832
}
