{
	"pitch" : 1.4882211220350667,
	"roll" : -1.5623430872680271,
	"x" : 0.078353652362877363,
	"y" : -0.0077770560202690547,
	"yaw" : 1.2521026775436384,
	"z" : -0.11880303495958611
}
