{
	"pitch" : 1.4870355622068012,
	"roll" : -1.475972405562016,
	"x" : 0.067698425608632692,
	"y" : -0.042156114178248862,
	"yaw" : 1.3466009655039337,
	"z" : -0.16808473995119938
}
