{
	"pitch" : 1.4565965325427703,
	"roll" : -1.4445342887541577,
	"x" : 0.03391084042982187,
	"y" : -0.14856542277256546,
	"yaw" : 1.3605830369027012,
	"z" : -0.16981386844357965
}
