{
	"pitch" : 1.4703825874896004,
	"roll" : -1.4886276999704557,
	"x" : 0.0532485016806689,
	"y" : -0.056124570083643008,
	"yaw" : 1.3280718448357678,
	"z" : -0.16892463730265919
}
