{
	"pitch" : 1.4643430506721293,
	"roll" : -1.4062318349931964,
	"x" : 0.038273475296611834,
	"y" : -0.1316989962915413,
	"yaw" : 1.4157003121886944,
	"z" : -0.19094226223937227
}
