{
	"pitch" : 1.4731635048505893,
	"roll" : -1.6076394383680213,
	"x" : 0.042195150216266721,
	"y" : -0.047995845191640393,
	"yaw" : 1.2120062824245605,
	"z" : -0.17002509736413884
}
