{
	"pitch" : 1.4966248902339574,
	"roll" : -1.4844970429431414,
	"x" : 0.079291188927581677,
	"y" : 0.040018295457066526,
	"yaw" : 1.3517772259214498,
	"z" : -0.17108126928810491
}
