{
	"pitch" : 1.4790671107997602,
	"roll" : -1.4334889874640684,
	"x" : 0.10303613093682651,
	"y" : -0.056072367496265679,
	"yaw" : 1.3895474164780408,
	"z" : -0.16873408028258716
}
