{
	"pitch" : 1.4532527952249568,
	"roll" : -1.4407367591480846,
	"x" : 0.014836051781232304,
	"y" : -0.20876745107963107,
	"yaw" : 1.3610879188369129,
	"z" : -0.17116809458724902
}
