{
	"pitch" : 1.47474066365691,
	"roll" : -1.6244916632641653,
	"x" : 0.026714337500523544,
	"y" : -0.016997340612074512,
	"yaw" : 1.1947598149013625,
	"z" : -0.17102456092107945
}
