{
	"pitch" : 1.4872616299153218,
	"roll" : -1.4600893436724172,
	"x" : 0.077517886695835717,
	"y" : -0.010779663099165546,
	"yaw" : 1.3549332186001948,
	"z" : -0.16905487227680055
}
