{
	"pitch" : 1.4923216604898406,
	"roll" : -1.4668110477547867,
	"x" : 0.075570680324380773,
	"y" : -0.015403496826349478,
	"yaw" : 1.3463211170787024,
	"z" : -0.16854090194287843
}
