{
	"pitch" : 1.4732257808341034,
	"roll" : -1.5176946298289826,
	"x" : 0.070987247827811309,
	"y" : -0.035234875259814183,
	"yaw" : 1.2903982601633126,
	"z" : -0.2148186740514571
}
