{
	"pitch" : 1.4970077205610082,
	"roll" : -1.5895548871812852,
	"x" : 0.066311452861625153,
	"y" : 0.038253589955580508,
	"yaw" : 1.2400776392204558,
	"z" : -0.17122112170487302
}
