{
	"pitch" : 1.4888749630633709,
	"roll" : -1.5402118240381957,
	"x" : 0.031187772602428429,
	"y" : -0.062431142438366699,
	"yaw" : 1.2842437773869517,
	"z" : -0.16903448949356242
}
