{
	"pitch" : 1.4956291300764235,
	"roll" : -1.5117377180569818,
	"x" : 0.075015660802547721,
	"y" : -0.017807978235633827,
	"yaw" : 1.3093449633196987,
	"z" : -0.17220896830785393
}
