{
	"pitch" : 1.4735002078205126,
	"roll" : -1.509508036907242,
	"x" : 0.071132457783037242,
	"y" : -0.033120813559221016,
	"yaw" : 1.2979438994979671,
	"z" : -0.21537391444209386
}
