{
	"pitch" : 1.4883993828965587,
	"roll" : -1.5719658434253416,
	"x" : 0.055886284910289477,
	"y" : 0.035983647468927099,
	"yaw" : 1.2616410301188179,
	"z" : -0.17122815706684505
}
