{
	"pitch" : 1.4936933020506991,
	"roll" : -1.6269536008973231,
	"x" : 0.093148134886608308,
	"y" : 0.033886568291384513,
	"yaw" : 1.1944903964048093,
	"z" : -0.15640879234162611
}
