{
	"pitch" : 1.4860315988187942,
	"roll" : -1.5232090080204344,
	"x" : 0.023753417589896617,
	"y" : -0.068563363952040296,
	"yaw" : 1.3052442799406994,
	"z" : -0.16929347359057326
}
