{
	"pitch" : 1.4590870602251003,
	"roll" : -1.4521977319629709,
	"x" : 0.03713232947918093,
	"y" : -0.13807387978952584,
	"yaw" : 1.3529703595846654,
	"z" : -0.16962161719234928
}
