{
	"pitch" : 1.451914645285834,
	"roll" : -1.3314151251408353,
	"x" : 0.061826147397721729,
	"y" : -0.30186125538446457,
	"yaw" : 1.4718690973186919,
	"z" : -0.17061578986345211
}
