{
	"pitch" : 1.4998853796238898,
	"roll" : -1.5665998580318139,
	"x" : 0.10043669668116878,
	"y" : 0.033746745679817988,
	"yaw" : 1.2633475145520821,
	"z" : -0.17069510151981926
}
