{
	"pitch" : 1.4689823793544154,
	"roll" : -1.4361532198149052,
	"x" : 0.065161141130144859,
	"y" : -0.061765437050509547,
	"yaw" : 1.3799960589145639,
	"z" : -0.16924150813392358
}
