{
	"pitch" : 1.4943922776967014,
	"roll" : -1.5636054440636173,
	"x" : 0.067118704218019826,
	"y" : -0.023786100493979237,
	"yaw" : 1.2533068568559955,
	"z" : -0.17028685513057656
}
