{
	"pitch" : 1.5038853117630391,
	"roll" : -1.4946035516267728,
	"x" : 0.1078150128948239,
	"y" : 0.02943634878058948,
	"yaw" : 1.3379329620716847,
	"z" : -0.16993274427166205
}
