{
	"pitch" : 1.4497592492641629,
	"roll" : -1.4747198955773511,
	"x" : -0.077954284563361773,
	"y" : -0.25850406422743322,
	"yaw" : 1.3272376949396651,
	"z" : -0.17439799904121298
}
