{
	"pitch" : 1.4813140293282863,
	"roll" : -1.4101212626501658,
	"x" : 0.10463527464518216,
	"y" : -0.054460803838397145,
	"yaw" : 1.4123834389175514,
	"z" : -0.16836112900071273
}
