{
	"pitch" : 1.4689240463688296,
	"roll" : -1.5439510773329641,
	"x" : 0.021560809855404123,
	"y" : -0.18010084033227342,
	"yaw" : 1.2661879384927819,
	"z" : -0.10145864989996704
}
