{
	"pitch" : 1.4828559161474217,
	"roll" : -1.3646350160439984,
	"x" : 0.10439337088108767,
	"y" : -0.16289931751364825,
	"yaw" : 1.4101860053049668,
	"z" : -0.16735359073682601
}
