{
	"pitch" : 1.4775764754202907,
	"roll" : -1.5351831691648927,
	"x" : 0.045698965790336471,
	"y" : -0.11054308534242377,
	"yaw" : 1.2833643427857837,
	"z" : -0.16965721034264331
}
