{
	"pitch" : 1.4699643521030434,
	"roll" : -1.5216988933604296,
	"x" : 0.068159564560372796,
	"y" : -0.044187240592134761,
	"yaw" : 1.2846837299467333,
	"z" : -0.20890145431374069
}
