{
	"pitch" : 1.4652155973408023,
	"roll" : -1.3178334681970103,
	"x" : 0.015645623367581019,
	"y" : -0.20816513667975911,
	"yaw" : 1.4952897619928935,
	"z" : -0.26992511229323007
}
