{
	"pitch" : 1.4827448629332787,
	"roll" : -1.553891630802954,
	"x" : 0.075810668287709757,
	"y" : -0.014958656655815019,
	"yaw" : 1.2611712701036655,
	"z" : -0.17013163310079951
}
