{
	"pitch" : 1.4700431230577939,
	"roll" : -1.4942984023502111,
	"x" : 0.060761140308093133,
	"y" : -0.061626226206903952,
	"yaw" : 1.3150079064975215,
	"z" : -0.16944653618209585
}
