{
	"pitch" : 1.4680038989938515,
	"roll" : -1.5749508296168329,
	"x" : 0.030733674729915769,
	"y" : -0.13736938776200089,
	"yaw" : 1.2357104156584049,
	"z" : -0.17066391161538275
}
