{
	"pitch" : 1.4892994088805771,
	"roll" : -1.5612539450991207,
	"x" : 0.078561154976349606,
	"y" : -0.0059276580342978724,
	"yaw" : 1.2520159244676452,
	"z" : -0.11879931333480054
}
