{
	"pitch" : 1.4706864683121936,
	"roll" : -1.4851317775524175,
	"x" : 0.060310185849147588,
	"y" : -0.062133659082123607,
	"yaw" : 1.3243364357748109,
	"z" : -0.16945081242040211
}
