{
	"pitch" : 1.4545743761065504,
	"roll" : -1.4441890504056853,
	"x" : 0.032184193508585673,
	"y" : -0.15702152062339642,
	"yaw" : 1.3576634379204358,
	"z" : -0.16987337575958789
}
