{
	"pitch" : 1.4630658200171407,
	"roll" : -1.517909833629276,
	"x" : -0.0033198144529787699,
	"y" : -0.26040657226327313,
	"yaw" : 1.2946926560701744,
	"z" : -0.12341343786034384
}
