{
	"pitch" : 1.4658204020768548,
	"roll" : -1.5091216846779538,
	"x" : 0.01787526074804302,
	"y" : -0.19402550372249538,
	"yaw" : 1.298461132388709,
	"z" : -0.088658281771150982
}
