{
	"pitch" : 1.4957838397694307,
	"roll" : -1.5002437089995793,
	"x" : 0.087705946331302118,
	"y" : 0.038756049142932451,
	"yaw" : 1.3356193795484774,
	"z" : -0.1709386496471722
}
