{
	"pitch" : 1.4906300705830544,
	"roll" : -1.4066230722403927,
	"x" : 0.12791903423549233,
	"y" : -0.01712042629742265,
	"yaw" : 1.4143928605265756,
	"z" : -0.1689019238880349
}
