{
	"pitch" : 1.4878686037196205,
	"roll" : -1.4115572865217594,
	"x" : 0.12390176907849421,
	"y" : -0.030604537052157245,
	"yaw" : 1.4083256006667664,
	"z" : -0.16908474095613613
}
