{
	"pitch" : 1.4912047647820632,
	"roll" : -1.6257279729710754,
	"x" : 0.084746764429814728,
	"y" : 0.011495454696216451,
	"yaw" : 1.1902666371131638,
	"z" : -0.12643725438859318
}
