{
	"pitch" : 1.48326607323008,
	"roll" : -1.5629912602095508,
	"x" : 0.070074086554982568,
	"y" : -0.029184934447916998,
	"yaw" : 1.2497604460625962,
	"z" : -0.12203867703438612
}
