{
	"pitch" : 1.4704531949528941,
	"roll" : -1.4881838323884538,
	"x" : 0.053261139014055048,
	"y" : -0.056163972982753052,
	"yaw" : 1.3284190963562723,
	"z" : -0.16893917694067076
}
