{
	"pitch" : 1.4895211425384762,
	"roll" : -1.6299484989876736,
	"x" : 0.063027943643423956,
	"y" : 0.037078509276087947,
	"yaw" : 1.2056884991682955,
	"z" : -0.1717879263541042
}
