{
	"pitch" : 1.4800742290001443,
	"roll" : -1.4386907571526744,
	"x" : 0.086569874736073985,
	"y" : -0.061690514093113442,
	"yaw" : 1.3784150584638457,
	"z" : -0.16853524592957603
}
