{
	"pitch" : 1.4654060726461273,
	"roll" : -1.4967372730113062,
	"x" : 0.011115699290009454,
	"y" : -0.21175910708789814,
	"yaw" : 1.3141664157090043,
	"z" : -0.070622070288152802
}
