{
	"pitch" : 1.4703760509634585,
	"roll" : -1.2918734370245923,
	"x" : 0.074207707096550474,
	"y" : -0.012667179446309325,
	"yaw" : 1.4960330759428275,
	"z" : -0.1690713512620538
}
