{
	"pitch" : 1.4599800119863784,
	"roll" : -1.5882359332035088,
	"x" : -0.083606086935544929,
	"y" : -0.18003569391492286,
	"yaw" : 1.2204704254270693,
	"z" : -0.17394276597708133
}
