{
	"pitch" : 1.4665769189307398,
	"roll" : -1.4988489143217874,
	"x" : 0.063504183226904223,
	"y" : -0.055723694798309978,
	"yaw" : 1.3066617194308967,
	"z" : -0.19034652460775064
}
