{
	"pitch" : 1.4595539317419264,
	"roll" : -1.527421813664773,
	"x" : 0.012101318824732435,
	"y" : -0.21145058310786816,
	"yaw" : 1.2814530939531854,
	"z" : -0.070525443741190325
}
