{
	"pitch" : 1.49178370176409,
	"roll" : -1.6117890771423038,
	"x" : 0.087630692357758541,
	"y" : 0.017086714855178382,
	"yaw" : 1.2052525725715399,
	"z" : -0.13083763126946796
}
