{
	"pitch" : 1.471285871983302,
	"roll" : -1.5751989612671324,
	"x" : 0.047500206882952103,
	"y" : -0.052458913123264402,
	"yaw" : 1.2426277073183094,
	"z" : -0.1695767367930455
}
