{
	"pitch" : 1.4976968163151851,
	"roll" : -1.5082414215068578,
	"x" : 0.071826944274576393,
	"y" : -0.027438461492193658,
	"yaw" : 1.3126015043939609,
	"z" : -0.17757074828148622
}
