{
	"pitch" : 1.4848977256646545,
	"roll" : -1.5514426047711654,
	"x" : 0.091060516026562552,
	"y" : 0.02912117354981051,
	"yaw" : 1.2658300101665294,
	"z" : -0.19604446707038262
}
