{
	"pitch" : 1.460700055100445,
	"roll" : -1.2992342349157415,
	"x" : 0.11196277195778337,
	"y" : -0.24046073400838891,
	"yaw" : 1.5100907458937027,
	"z" : -0.16792864656467188
}
