{
	"pitch" : 1.4797707328920677,
	"roll" : -1.5479519174622893,
	"x" : 0.081019367465773942,
	"y" : -0.0038594095001738722,
	"yaw" : 1.2636301044552773,
	"z" : -0.2193078200803748
}
