{
	"pitch" : 1.4835872321428711,
	"roll" : -1.5922585425175866,
	"x" : 0.034031489041953661,
	"y" : 0.016304947178068144,
	"yaw" : 1.2292181666518629,
	"z" : -0.17079136279060217
}
