{
	"pitch" : 1.4749897375981691,
	"roll" : -1.4719219240044892,
	"x" : 0.060979307563592572,
	"y" : -0.061386763221657481,
	"yaw" : 1.3411404109597567,
	"z" : -0.16611915460483323
}
