{
	"pitch" : 1.4702236720341375,
	"roll" : -1.508246051917727,
	"x" : 0.056705482019870475,
	"y" : -0.057627961648695797,
	"yaw" : 1.3081102128977689,
	"z" : -0.16882406066059055
}
