{
	"pitch" : 1.4705312945987572,
	"roll" : -1.5798570097333358,
	"x" : 0.034508852482657851,
	"y" : -0.03739204779025132,
	"yaw" : 1.2357457468265012,
	"z" : -0.1701910141938561
}
