{
	"pitch" : 1.4947515485004066,
	"roll" : -1.5628423874438826,
	"x" : 0.088318029691456953,
	"y" : 0.024924138546305367,
	"yaw" : 1.2551535054742824,
	"z" : -0.13758692008960371
}
