{
	"pitch" : 1.4892175649670207,
	"roll" : -1.6587940337725948,
	"x" : 0.046426453084891815,
	"y" : 0.028047494360334459,
	"yaw" : 1.169403655747838,
	"z" : -0.17142203011313809
}
