{
	"pitch" : 1.4768519050694968,
	"roll" : -1.5599461472942566,
	"x" : 0.07226653279439707,
	"y" : -0.023903876841455913,
	"yaw" : 1.2501834668523337,
	"z" : -0.16973889014495716
}
