{
	"pitch" : 1.4855434517133543,
	"roll" : -1.2920825817821942,
	"x" : 0.11867806527875932,
	"y" : -0.039702382883074157,
	"yaw" : 1.5294216974371309,
	"z" : -0.1682234456134912
}
