{
	"pitch" : 1.453787089463396,
	"roll" : -1.3620661900180107,
	"x" : 0.017842403958429523,
	"y" : -0.19965075215889777,
	"yaw" : 1.4510318507981395,
	"z" : -0.26211636949442163
}
