{
	"pitch" : 1.4850550697578786,
	"roll" : -1.388782434637615,
	"x" : 0.11753942642612267,
	"y" : -0.041805195561705311,
	"yaw" : 1.4286114659527689,
	"z" : -0.1683047541825409
}
