{
	"pitch" : 1.4492045038562078,
	"roll" : -1.363037940820407,
	"x" : -0.0091608641283064396,
	"y" : -0.28177942256112171,
	"yaw" : 1.439071973243393,
	"z" : -0.17288044131499561
}
