{
	"pitch" : 1.4658345848712706,
	"roll" : -1.5003438973580878,
	"x" : 0.046838935350479512,
	"y" : -0.053282311802564403,
	"yaw" : 1.3098411260607561,
	"z" : -0.16953996783714687
}
