{
	"pitch" : 1.4941462544344177,
	"roll" : -1.3724804265005481,
	"x" : 0.12302248666250756,
	"y" : 0.0072954725623968989,
	"yaw" : 1.452710921584478,
	"z" : -0.16904069369464297
}
