{
	"pitch" : 1.4684508612608762,
	"roll" : -1.6141861294359869,
	"x" : 0.040219986771083072,
	"y" : -0.032143073341328043,
	"yaw" : 1.1964122180164651,
	"z" : -0.17063622536648393
}
