{
	"pitch" : 1.4473509151835027,
	"roll" : -1.4150218746448893,
	"x" : -0.014818637341212207,
	"y" : -0.30699868170811268,
	"yaw" : 1.3860359680625032,
	"z" : -0.17403203247227342
}
