{
	"pitch" : 1.4861499048425351,
	"roll" : -1.6550627617631721,
	"x" : 0.038895361737334683,
	"y" : 0.021857196552361909,
	"yaw" : 1.1660161571273371,
	"z" : -0.17110214170387406
}
