{
	"pitch" : 1.4934048643215612,
	"roll" : -1.5488722055922843,
	"x" : 0.0916516334660082,
	"y" : 0.03264706428742508,
	"yaw" : 1.2688922420373003,
	"z" : -0.18811895201453249
}
