{
	"pitch" : 1.4470808406521409,
	"roll" : -1.4031824369383692,
	"x" : -0.011074880708335788,
	"y" : -0.28657833728582155,
	"yaw" : 1.4020283256054529,
	"z" : -0.17258140342694886
}
