{
	"pitch" : 1.4650733378284764,
	"roll" : -1.5474921918984519,
	"x" : 0.076783664309016481,
	"y" : -0.012598561869295574,
	"yaw" : 1.2578842272680508,
	"z" : -0.17044277991245149
}
