{
	"pitch" : 1.4840558100938022,
	"roll" : -1.6339655914753981,
	"x" : 0.039817267707989212,
	"y" : 0.022350686663171804,
	"yaw" : 1.1891085021439316,
	"z" : -0.1715191748084785
}
