{
	"pitch" : 1.452498899546933,
	"roll" : -1.4602240966189595,
	"x" : 0.034304999771058879,
	"y" : -0.14658717744669802,
	"yaw" : 1.3401975941903144,
	"z" : -0.16941379669979151
}
