{
	"pitch" : 1.4618407704693543,
	"roll" : -1.3106087574195742,
	"x" : 0.080258058654408923,
	"y" : -0.25855776762948707,
	"yaw" : 1.4975178006803995,
	"z" : -0.16879706039453482
}
