{
	"pitch" : 1.4710982899471519,
	"roll" : -1.4835690410549554,
	"x" : 0.065640326961645998,
	"y" : -0.048314976270791288,
	"yaw" : 1.3146410560941124,
	"z" : -0.1697808829425986
}
