{
	"pitch" : 1.4859001819542599,
	"roll" : -1.6318290932165382,
	"x" : 0.041256254975364497,
	"y" : 0.024646224273157252,
	"yaw" : 1.190120842985406,
	"z" : -0.17096088907665791
}
