{
	"pitch" : 1.4808996343035192,
	"roll" : -1.6173792673947758,
	"x" : 0.030520759296516549,
	"y" : 0.0076157495852612941,
	"yaw" : 1.2053243165696581,
	"z" : -0.17107065657687867
}
