{
	"pitch" : 1.4888727223531795,
	"roll" : -1.3590633265722853,
	"x" : 0.12407514394130355,
	"y" : -0.026687693375663037,
	"yaw" : 1.4619137764305665,
	"z" : -0.16851529364378121
}
