{
	"pitch" : 1.4730794993182073,
	"roll" : -1.5098673815717232,
	"x" : 0.071040297995667329,
	"y" : -0.03420197123111797,
	"yaw" : 1.2980500756707916,
	"z" : -0.21501255804986225
}
