{
	"pitch" : 1.4462904987046257,
	"roll" : -1.4364193741874363,
	"x" : -0.017279417701442437,
	"y" : -0.30934681802428493,
	"yaw" : 1.3646493191748326,
	"z" : -0.17335306988141969
}
