{
	"pitch" : 1.4558413187500174,
	"roll" : -1.4297180476285269,
	"x" : 0.0038056675451351024,
	"y" : -0.2977502352814117,
	"yaw" : 1.3821506421868692,
	"z" : -0.17287666215440917
}
