{
	"pitch" : 1.4756306956071705,
	"roll" : -1.4589169912777729,
	"x" : 0.07404400496279534,
	"y" : -0.062612998924614777,
	"yaw" : 1.3529199290976959,
	"z" : -0.16863089157014952
}
