{
	"pitch" : 1.4763525289408221,
	"roll" : -1.5580237748269616,
	"x" : 0.065426296232115488,
	"y" : -0.051511229453586466,
	"yaw" : 1.25417680406182,
	"z" : -0.13957226562549307
}
