{
	"pitch" : 1.4903648018056816,
	"roll" : -1.4025105703828369,
	"x" : 0.12782434750473828,
	"y" : -0.017249427763312952,
	"yaw" : 1.4186265465453014,
	"z" : -0.16886285211207513
}
