{
	"pitch" : 1.4747553206918962,
	"roll" : -1.4984286565508025,
	"x" : 0.060747286900363795,
	"y" : -0.060986335129920063,
	"yaw" : 1.314958688168006,
	"z" : -0.16106665567802708
}
