{
	"pitch" : 1.4747504819999828,
	"roll" : -1.5548094423880703,
	"x" : 0.065049797745372964,
	"y" : -0.050042452244053993,
	"yaw" : 1.2573168103541525,
	"z" : -0.13709820225803265
}
