{
	"pitch" : 1.4936573354085831,
	"roll" : -1.4485511964848423,
	"x" : 0.12883223500761393,
	"y" : -0.012682708401505335,
	"yaw" : 1.3727450960366265,
	"z" : -0.16928439349227906
}
