{
	"pitch" : 1.4733297585563936,
	"roll" : -1.4992201259059337,
	"x" : 0.062277327101044298,
	"y" : -0.059223962333586011,
	"yaw" : 1.3200338538972123,
	"z" : -0.1688712345778586
}
