{
	"pitch" : 1.4937873439285707,
	"roll" : -1.3477205598890847,
	"x" : 0.12582531545850609,
	"y" : 0.00011829871315522864,
	"yaw" : 1.4746082319617255,
	"z" : -0.16898635212368254
}
