{
	"pitch" : 1.4879538824249487,
	"roll" : -1.6007001807554717,
	"x" : 0.083200792496782611,
	"y" : 0.0073103829887547073,
	"yaw" : 1.2148142912018822,
	"z" : -0.12453439221995426
}
