{
	"pitch" : 1.4505334304958699,
	"roll" : -1.2972086391062119,
	"x" : 0.060586437668179949,
	"y" : -0.30177151100658367,
	"yaw" : 1.5060527489232411,
	"z" : -0.17021300937713507
}
