{
	"pitch" : 1.4717834270707983,
	"roll" : -1.5052083658893405,
	"x" : 0.062693769365090302,
	"y" : -0.060253662883412828,
	"yaw" : 1.3126916187181992,
	"z" : -0.17057795355537722
}
