{
	"pitch" : 1.4587091077992504,
	"roll" : -1.4059424884423333,
	"x" : 0.046924015243259426,
	"y" : -0.10673793800847525,
	"yaw" : 1.39072950897506,
	"z" : -0.16944006847348572
}
