{
	"pitch" : 1.4545745565322177,
	"roll" : -1.4309681063356574,
	"x" : 0.014142916875700767,
	"y" : -0.20790003323916537,
	"yaw" : 1.3692459311238185,
	"z" : -0.17055208120842269
}
