{
	"pitch" : 1.4916867949898949,
	"roll" : -1.6124081829279815,
	"x" : 0.087798652585627926,
	"y" : 0.020436732166873375,
	"yaw" : 1.2048961449314521,
	"z" : -0.13318855063707899
}
