{
	"pitch" : 1.4610787429853336,
	"roll" : -1.2962396287455094,
	"x" : 0.11203341990029463,
	"y" : -0.24073530662628051,
	"yaw" : 1.5147587584768072,
	"z" : -0.16798006329055501
}
