{
	"pitch" : 1.4963656766660269,
	"roll" : -1.4276650887534823,
	"x" : 0.12163667095816975,
	"y" : 0.012171272683606892,
	"yaw" : 1.3957099544782345,
	"z" : -0.17000143737898976
}
