{
	"pitch" : 1.4634778398993882,
	"roll" : -1.3789645043555119,
	"x" : 0.10556009641725356,
	"y" : -0.22549789160063646,
	"yaw" : 1.4291789750743766,
	"z" : -0.16918612534371966
}
