{
	"pitch" : 1.4844570613951733,
	"roll" : -1.3819605706331688,
	"x" : 0.11059015390907663,
	"y" : -0.050071688496754904,
	"yaw" : 1.4367791224321482,
	"z" : -0.16832321045418305
}
