{
	"pitch" : 1.4761953514309138,
	"roll" : -1.4176937460003429,
	"x" : 0.076330106636369147,
	"y" : -0.063452824070366648,
	"yaw" : 1.4017485257536981,
	"z" : -0.16849045778800165
}
