{
	"pitch" : 1.4617944378971426,
	"roll" : -1.3080453043882978,
	"x" : 0.10869856759521133,
	"y" : -0.23421592739605415,
	"yaw" : 1.5000291095324867,
	"z" : -0.16818048798978336
}
