{
	"pitch" : 1.4947990459061875,
	"roll" : -1.5625503513277907,
	"x" : 0.088274400030555894,
	"y" : 0.024942204532479195,
	"yaw" : 1.2555015402516059,
	"z" : -0.13765215797848063
}
