{
	"pitch" : 1.4934585660853463,
	"roll" : -1.5949241661417486,
	"x" : 0.088772436949129049,
	"y" : 0.02442394240638595,
	"yaw" : 1.2229136806613798,
	"z" : -0.13760438146122086
}
