{
	"pitch" : 1.4635967261554801,
	"roll" : -1.3907321191275843,
	"x" : 0.026259401197917906,
	"y" : -0.17246851706124144,
	"yaw" : 1.4254454001715706,
	"z" : -0.23315971869056967
}
