{
	"pitch" : 1.4658058127570097,
	"roll" : -1.4976013241116093,
	"x" : 0.047166047209492037,
	"y" : -0.053524772450093426,
	"yaw" : 1.3128791965882072,
	"z" : -0.16945306551688377
}
