{
	"pitch" : 1.4792819962105082,
	"roll" : -1.5440419692991012,
	"x" : 0.078574259966339988,
	"y" : -0.013723038118095623,
	"yaw" : 1.265829532782029,
	"z" : -0.22088233946062263
}
