{
	"pitch" : 1.4520891266715277,
	"roll" : -1.3340755574489223,
	"x" : 0.062224091313591079,
	"y" : -0.30046089783123925,
	"yaw" : 1.4707447940098433,
	"z" : -0.17012303466694914
}
