{
	"pitch" : 1.4623023822106582,
	"roll" : -1.3033606048006143,
	"x" : 0.10863828892382757,
	"y" : -0.23325786528653916,
	"yaw" : 1.5047041323985848,
	"z" : -0.16838788532922175
}
