{
	"pitch" : 1.4969081443454191,
	"roll" : -1.5237458024289214,
	"x" : 0.091988996340837098,
	"y" : 0.036410449610172715,
	"yaw" : 1.2979058708378302,
	"z" : -0.17005164720426896
}
