{
	"pitch" : 1.4799063646751469,
	"roll" : -1.3547629207983216,
	"x" : 0.091408328177470466,
	"y" : -0.060405706894439887,
	"yaw" : 1.4699611022140866,
	"z" : -0.16812769223400764
}
