{
	"pitch" : 1.5005760489533548,
	"roll" : -1.4702788175160741,
	"x" : 0.11386258870867613,
	"y" : 0.0234749852813919,
	"yaw" : 1.3596001938922775,
	"z" : -0.16987899602472809
}
