{
	"pitch" : 1.4916039560867846,
	"roll" : -1.384479921650889,
	"x" : 0.12755400977583772,
	"y" : -0.01337385814595041,
	"yaw" : 1.4404571544718041,
	"z" : -0.16878761940435724
}
