{
	"pitch" : 1.4856625973799693,
	"roll" : -1.552532767661656,
	"x" : 0.091239715425830648,
	"y" : 0.029089293974172557,
	"yaw" : 1.2649488099751931,
	"z" : -0.19602658397967446
}
