{
	"pitch" : 1.4812642108923588,
	"roll" : -1.5929095717242685,
	"x" : 0.035276868194895103,
	"y" : -0.034477158778796625,
	"yaw" : 1.2286623032032118,
	"z" : -0.17010709258992832
}
