{
	"pitch" : 1.4926095496695415,
	"roll" : -1.5879559031946562,
	"x" : 0.088811239026780064,
	"y" : 0.023811934050288093,
	"yaw" : 1.229850417288318,
	"z" : -0.1371760787490309
}
