{
	"pitch" : 1.4925936178020884,
	"roll" : -1.5568110706725991,
	"x" : 0.076599763836778176,
	"y" : -0.013205534681765285,
	"yaw" : 1.2608924557569074,
	"z" : -0.17022362541544633
}
