{
	"pitch" : 1.4689997566395965,
	"roll" : -1.5141217940853071,
	"x" : 0.075847432511746429,
	"y" : -0.012526340379615863,
	"yaw" : 1.2867041036077389,
	"z" : -0.16903372426066332
}
