{
	"pitch" : 1.4834113431011688,
	"roll" : -1.5747977716027071,
	"x" : 0.037667400669648153,
	"y" : -0.032780511363463723,
	"yaw" : 1.2498538460701452,
	"z" : -0.16961860589977709
}
