{
	"pitch" : 1.4605413208370541,
	"roll" : -1.5807298045245486,
	"x" : -0.02991291200759788,
	"y" : -0.15008722168976238,
	"yaw" : 1.2240170631203016,
	"z" : -0.1723974337006722
}
