{
	"pitch" : 1.4858208960343575,
	"roll" : -1.5170554291899399,
	"x" : 0.074863174324671031,
	"y" : -0.014227145889969227,
	"yaw" : 1.29862456676085,
	"z" : -0.11878115616003432
}
