{
	"pitch" : 1.4893585066689479,
	"roll" : -1.5794076383084479,
	"x" : 0.056082952734437121,
	"y" : 0.035821292860892799,
	"yaw" : 1.2538357819825166,
	"z" : -0.17121094223210664
}
