{
	"pitch" : 1.4668545469587169,
	"roll" : -1.4677664759084235,
	"x" : 0.048895773915411916,
	"y" : -0.055157116688286739,
	"yaw" : 1.3430431295790748,
	"z" : -0.16933299815395236
}
