{
	"pitch" : 1.4825656454313914,
	"roll" : -1.5292127555715536,
	"x" : 0.091076373989378054,
	"y" : 0.029804689568334018,
	"yaw" : 1.2870086788452832,
	"z" : -0.1953825819535111
}
