{
	"pitch" : 1.495648954893805,
	"roll" : -1.358246001947695,
	"x" : 0.12549494202069,
	"y" : -0.0011523202218827293,
	"yaw" : 1.4633778199714302,
	"z" : -0.16872184654088318
}
