{
	"pitch" : 1.4710463539461913,
	"roll" : -1.4920460439634387,
	"x" : 0.043313072540766627,
	"y" : -0.11518466474852643,
	"yaw" : 1.3195763730529562,
	"z" : -0.17311475934682979
}
