{
	"pitch" : 1.4704675998818484,
	"roll" : -1.6626717961205351,
	"x" : 0.028598752697124072,
	"y" : -0.0226373400566462,
	"yaw" : 1.1519543848084768,
	"z" : -0.17029403627490602
}
