{
	"pitch" : 1.4718167730321192,
	"roll" : -1.4786713452357456,
	"x" : 0.057653708084416194,
	"y" : -0.0579568539308392,
	"yaw" : 1.3386221657263104,
	"z" : -0.16875536175771549
}
