{
	"pitch" : 1.4779783530038113,
	"roll" : -1.4659795602857764,
	"x" : 0.08488766143789922,
	"y" : -0.062146264724938144,
	"yaw" : 1.3526425238866078,
	"z" : -0.16858080339879722
}
