{
	"pitch" : 1.474201620313137,
	"roll" : -1.5229515795976691,
	"x" : 0.044510959952147836,
	"y" : -0.11111847421932616,
	"yaw" : 1.2912021537546261,
	"z" : -0.16944250058815236
}
