{
	"pitch" : 1.4732209369963802,
	"roll" : -1.5852276223759187,
	"x" : 0.029058271539088416,
	"y" : -0.030953957716261582,
	"yaw" : 1.2304019122651908,
	"z" : -0.16937424561211895
}
