{
	"pitch" : 1.4775350821911055,
	"roll" : -1.4082604005069517,
	"x" : 0.066904530925067415,
	"y" : -0.04170888482883104,
	"yaw" : 1.3968168084994996,
	"z" : -0.16915949387175255
}
