{
	"pitch" : 1.4954611888971836,
	"roll" : -1.3687630220804352,
	"x" : 0.12560890457278406,
	"y" : 0.0029121739811385321,
	"yaw" : 1.4543935268225514,
	"z" : -0.16925615417471229
}
