{
	"pitch" : 1.4697140373248909,
	"roll" : -1.4832830155382106,
	"x" : 0.061355039506853171,
	"y" : -0.060903519685050464,
	"yaw" : 1.3229468949564851,
	"z" : -0.16938936602016963
}
