{
	"pitch" : 1.4822964855062395,
	"roll" : -1.3544003642145179,
	"x" : 0.11405302906750295,
	"y" : -0.046594802484302235,
	"yaw" : 1.467877102728139,
	"z" : -0.16808797482343932
}
