{
	"pitch" : 1.482142673057385,
	"roll" : -1.6501296234103502,
	"x" : 0.031513256978005555,
	"y" : 0.0078959577471565592,
	"yaw" : 1.1699681413601342,
	"z" : -0.17097317636915677
}
