{
	"pitch" : 1.4916019308035617,
	"roll" : -1.5196203354221269,
	"x" : 0.071716403535906095,
	"y" : -0.024349844315682823,
	"yaw" : 1.2923572774614569,
	"z" : -0.1691814595444564
}
