{
	"pitch" : 1.4939717392420528,
	"roll" : -1.4054963939163152,
	"x" : 0.12783505070070972,
	"y" : -0.0026275777303251032,
	"yaw" : 1.420129302192314,
	"z" : -0.16941104518350927
}
