{
	"pitch" : 1.4743808156941443,
	"roll" : -1.5247652902325928,
	"x" : 0.044757305393862114,
	"y" : -0.11099201713424847,
	"yaw" : 1.2901526196125819,
	"z" : -0.16954540073861474
}
