{
	"pitch" : 1.4698498032511149,
	"roll" : -1.5427579062539001,
	"x" : -0.026685997062383865,
	"y" : -0.11152527355398684,
	"yaw" : 1.266811114890495,
	"z" : -0.17185774364781506
}
