{
	"pitch" : 1.468164265179525,
	"roll" : -1.5247327817193705,
	"x" : 0.062662261069487801,
	"y" : -0.059531592012354348,
	"yaw" : 1.2872696699624657,
	"z" : -0.17775406327920698
}
