{
	"pitch" : 1.491132040559465,
	"roll" : -1.5466307774506869,
	"x" : 0.091263447066322279,
	"y" : 0.031856245232589821,
	"yaw" : 1.2710087948953683,
	"z" : -0.19054438645086505
}
