{
	"pitch" : 1.496153150119337,
	"roll" : -1.3241403916534298,
	"x" : 0.12124309002597469,
	"y" : 0.01302838588759779,
	"yaw" : 1.5019727291179008,
	"z" : -0.16911962254826057
}
