{
	"pitch" : 1.4865391422475522,
	"roll" : -1.3193174837163901,
	"x" : 0.12140485968848216,
	"y" : -0.035505757681143502,
	"yaw" : 1.4992144436511774,
	"z" : -0.16794269460152533
}
