{
	"pitch" : 1.4815973710118173,
	"roll" : -1.6145701589677062,
	"x" : 0.027380147450350917,
	"y" : -0.0017464472967467087,
	"yaw" : 1.2061481777227929,
	"z" : -0.17068406103812056
}
