{
	"pitch" : 1.4550232133602909,
	"roll" : -1.4680667473803461,
	"x" : 0.0067666631566680735,
	"y" : -0.21230295444409167,
	"yaw" : 1.3314849581262187,
	"z" : -0.17096637416710533
}
