{
	"pitch" : 1.4748722146487936,
	"roll" : -1.4984477957285725,
	"x" : 0.060550484302451343,
	"y" : -0.061089847926773286,
	"yaw" : 1.31446958160648,
	"z" : -0.16087266893249241
}
