{
	"pitch" : 1.4471927297204303,
	"roll" : -1.4165276645508122,
	"x" : -0.014817867264318996,
	"y" : -0.3071074450694925,
	"yaw" : 1.3849888665029415,
	"z" : -0.17402387248209475
}
