{
	"pitch" : 1.4734212088218772,
	"roll" : -1.5119463167572398,
	"x" : 0.070539361941803921,
	"y" : -0.031001280061104509,
	"yaw" : 1.2905703814211653,
	"z" : -0.17004300598611827
}
