{
	"pitch" : 1.4802094522678679,
	"roll" : -1.4163638764174382,
	"x" : 0.085121467293278186,
	"y" : -0.062684725307854239,
	"yaw" : 1.4085268932683264,
	"z" : -0.16851895700959416
}
