{
	"pitch" : 1.4711662263588818,
	"roll" : -1.5105781894597565,
	"x" : 0.066872314501878791,
	"y" : -0.061644795040897427,
	"yaw" : 1.2986500893473383,
	"z" : -0.16855610449371883
}
