{
	"pitch" : 1.4931503821870837,
	"roll" : -1.6167618594555655,
	"x" : 0.091111839007419135,
	"y" : 0.029329052324153879,
	"yaw" : 1.2038841354279108,
	"z" : -0.14537000685302018
}
