{
	"pitch" : 1.4730029535380518,
	"roll" : -1.5177689106085064,
	"x" : 0.066402056453060132,
	"y" : -0.045701370759834208,
	"yaw" : 1.2887763500018483,
	"z" : -0.16942701649460695
}
