{
	"pitch" : 1.4758622423352481,
	"roll" : -1.5556089619224216,
	"x" : 0.077457433760387301,
	"y" : -0.013515042845817424,
	"yaw" : 1.2438229407644308,
	"z" : -0.17040782093382689
}
