{
	"pitch" : 1.4756915590129416,
	"roll" : -1.3282274167658901,
	"x" : 0.020923694469286838,
	"y" : -0.19038963275078175,
	"yaw" : 1.4851375794270689,
	"z" : -0.2600671454052379
}
