{
	"pitch" : 1.470192380438627,
	"roll" : -1.4138145840432548,
	"x" : 0.10229813461326903,
	"y" : -0.1742918814480251,
	"yaw" : 1.4019418533408678,
	"z" : -0.16846633511544365
}
