{
	"pitch" : 1.4889220980862399,
	"roll" : -1.6596728734150354,
	"x" : 0.046781585554986529,
	"y" : 0.02825023294731635,
	"yaw" : 1.1689802483581875,
	"z" : -0.17155361232495914
}
