{
	"pitch" : 1.4787575456138977,
	"roll" : -1.5262503827810083,
	"x" : 0.070562174918515963,
	"y" : -0.029672811004211957,
	"yaw" : 1.2837778185370519,
	"z" : -0.16970857897872679
}
