{
	"pitch" : 1.4948663821307298,
	"roll" : -1.5762744990236479,
	"x" : 0.092623420978903845,
	"y" : 0.035486655140750119,
	"yaw" : 1.2444249177652138,
	"z" : -0.16169167875798601
}
