{
	"pitch" : 1.4851450567149214,
	"roll" : -1.3182022135456015,
	"x" : 0.12118102445177696,
	"y" : -0.035883885170725736,
	"yaw" : 1.5046055339135802,
	"z" : -0.1685252016385127
}
