{
	"pitch" : 1.4757301311058562,
	"roll" : -1.5666231238542756,
	"x" : 0.028388311971648414,
	"y" : -0.026668748246692429,
	"yaw" : 1.2530776533051804,
	"z" : -0.17019437411237587
}
