{
	"pitch" : 1.4918660864161069,
	"roll" : -1.6119812295583567,
	"x" : 0.088208140781460859,
	"y" : 0.022303847607459307,
	"yaw" : 1.2057958758146037,
	"z" : -0.13552708646945946
}
