{
	"pitch" : 1.4748159172961954,
	"roll" : -1.5555247004777513,
	"x" : 0.064980876853400149,
	"y" : -0.049995769061317856,
	"yaw" : 1.2566728445218185,
	"z" : -0.13711005650409197
}
