{
	"pitch" : 1.4543567602950291,
	"roll" : -1.409489036622114,
	"x" : -0.01210048868409562,
	"y" : -0.29030874479829921,
	"yaw" : 1.4042141025929913,
	"z" : -0.1542864915885481
}
