{
	"pitch" : 1.4980959068491859,
	"roll" : -1.3705759869903302,
	"x" : 0.11003269228583822,
	"y" : 0.02619501819628077,
	"yaw" : 1.4572171438299057,
	"z" : -0.16946443469577144
}
