{
	"pitch" : 1.49023860546229,
	"roll" : -1.5722884735308762,
	"x" : 0.064397310417031145,
	"y" : 0.03793062613318228,
	"yaw" : 1.2646904583114222,
	"z" : -0.17208996184761469
}
