{
	"pitch" : 1.4823882732411862,
	"roll" : -1.397136300383774,
	"x" : 0.099588902691453415,
	"y" : -0.057175475982739567,
	"yaw" : 1.4252955383673236,
	"z" : -0.16870860327403819
}
