{
	"pitch" : 1.4542684564149986,
	"roll" : -1.4057883805590912,
	"x" : 0.010325550453288798,
	"y" : -0.21832380794039097,
	"yaw" : 1.3950238947410669,
	"z" : -0.17005916861950504
}
