{
	"pitch" : 1.4697018422300498,
	"roll" : -1.5372021922488359,
	"x" : 0.067026555573525243,
	"y" : -0.045534708352430814,
	"yaw" : 1.2692755964419629,
	"z" : -0.20646396247768078
}
