{
	"pitch" : 1.4650605583825385,
	"roll" : -1.4959435196818065,
	"x" : 0.011439677783937868,
	"y" : -0.21337820669171842,
	"yaw" : 1.3165506167869498,
	"z" : -0.072066616064068764
}
