{
	"pitch" : 1.4774841009809994,
	"roll" : -1.3884847191849086,
	"x" : 0.024798295814997637,
	"y" : -0.17881093875188114,
	"yaw" : 1.4246072844646647,
	"z" : -0.2545670926891046
}
