{
	"pitch" : 1.483022838216757,
	"roll" : -1.551172178348845,
	"x" : 0.073725624266256493,
	"y" : -0.020134826203405697,
	"yaw" : 1.262526795579449,
	"z" : -0.11958489242994291
}
