{
	"pitch" : 1.4938791660859199,
	"roll" : -1.6019110812343462,
	"x" : 0.090285843334342863,
	"y" : 0.028398472065565387,
	"yaw" : 1.2181817019554071,
	"z" : -0.14320563829199306
}
