{
	"pitch" : 1.4598126286901283,
	"roll" : -1.4135272362625757,
	"x" : 0.056600903446263708,
	"y" : -0.072450781699010633,
	"yaw" : 1.3860106099492153,
	"z" : -0.16958551177157408
}
