{
	"pitch" : 1.4522274525273133,
	"roll" : -1.4334821572205301,
	"x" : -0.071565259105329626,
	"y" : -0.25465356388499433,
	"yaw" : 1.3664615872712289,
	"z" : -0.17379177982756328
}
