{
	"pitch" : 1.4946315367469689,
	"roll" : -1.5838566199271427,
	"x" : 0.092164672816465565,
	"y" : 0.032249825165644626,
	"yaw" : 1.2357041209569073,
	"z" : -0.15147486446186348
}
