{
	"pitch" : 1.5017229455208803,
	"roll" : -1.5198365359180801,
	"x" : 0.11530347588845472,
	"y" : 0.022677746532723149,
	"yaw" : 1.3119511658594039,
	"z" : -0.16982898684875114
}
