{
	"pitch" : 1.494768013931844,
	"roll" : -1.5553135613677966,
	"x" : 0.087563150107138915,
	"y" : 0.038721930861060572,
	"yaw" : 1.2745923268410502,
	"z" : -0.17116570065319306
}
