{
	"pitch" : 1.4694509343929609,
	"roll" : -1.5243613971076362,
	"x" : 0.055074450049034551,
	"y" : -0.056849912975822627,
	"yaw" : 1.2920414301967631,
	"z" : -0.1691244450101072
}
