{
	"pitch" : 1.4946728862633414,
	"roll" : -1.6007913595070746,
	"x" : 0.091540800504038081,
	"y" : 0.033329418564911506,
	"yaw" : 1.2197564959934921,
	"z" : -0.15266845624552092
}
