{
	"pitch" : 1.4881108017460889,
	"roll" : -1.4952892707665228,
	"x" : 0.075254584867475327,
	"y" : -0.013283362519538185,
	"yaw" : 1.3195457584494985,
	"z" : -0.11840093156020474
}
