{
	"pitch" : 1.4486388021268213,
	"roll" : -1.3832241464092188,
	"x" : 0.001906114690446839,
	"y" : -0.24922682610985197,
	"yaw" : 1.4145067632366333,
	"z" : -0.17071367715892732
}
