{
	"pitch" : 1.4764434545842564,
	"roll" : -1.501662752887662,
	"x" : 0.061045832435671701,
	"y" : -0.060605618015110815,
	"yaw" : 1.3109169025650593,
	"z" : -0.15886855644136208
}
