{
	"pitch" : 1.4570910498174254,
	"roll" : -1.4029030727067981,
	"x" : 0.0095859616965823652,
	"y" : -0.22292772991677823,
	"yaw" : 1.3950065617350458,
	"z" : -0.17053472742306
}
