{
	"pitch" : 1.4929287066549741,
	"roll" : -1.5189732600455559,
	"x" : 0.081292351199487675,
	"y" : 0.004387108483227915,
	"yaw" : 1.2948223041964149,
	"z" : -0.12218398684594432
}
