{
	"pitch" : 1.4571318465617944,
	"roll" : -1.4253236867183914,
	"x" : 0.013615347753597885,
	"y" : -0.20952480073963298,
	"yaw" : 1.3745215903682977,
	"z" : -0.17032813100982908
}
