{
	"pitch" : 1.4738813305137743,
	"roll" : -1.4802530229202751,
	"x" : 0.098374753303850149,
	"y" : -0.18262384085821573,
	"yaw" : 1.3337469248857923,
	"z" : -0.16859375904076715
}
