{
	"pitch" : 1.4634596654520475,
	"roll" : -1.5504312359723673,
	"x" : 0.068517397612018596,
	"y" : -0.038270906534758113,
	"yaw" : 1.2551989048701486,
	"z" : -0.17073209951893875
}
