{
	"pitch" : 1.4898141284064783,
	"roll" : -1.5735710225105288,
	"x" : 0.076516764834528336,
	"y" : -0.013113529410256529,
	"yaw" : 1.2434706206132031,
	"z" : -0.17003817448842271
}
