{
	"pitch" : 1.4815916986385118,
	"roll" : -1.6086454874323672,
	"x" : 0.050775226883310723,
	"y" : 0.032216429177641323,
	"yaw" : 1.2160898115685217,
	"z" : -0.17148158134214794
}
