{
	"pitch" : 1.4560824619711388,
	"roll" : -1.4398946922813036,
	"x" : -0.015628987963330079,
	"y" : -0.3046313822807335,
	"yaw" : 1.36716817529257,
	"z" : -0.16758491408934262
}
