{
	"pitch" : 1.4992273199345514,
	"roll" : -1.5136509586860813,
	"x" : 0.091009595020173986,
	"y" : 0.037132811967166737,
	"yaw" : 1.3134209383040025,
	"z" : -0.17060872566039617
}
