{
	"pitch" : 1.4733892717111465,
	"roll" : -1.5097695545966896,
	"x" : 0.070999903722139976,
	"y" : -0.03441036820169166,
	"yaw" : 1.2981911904845047,
	"z" : -0.21497963683613441
}
