{
	"pitch" : 1.4538034587839594,
	"roll" : -1.3963552579729943,
	"x" : 0.015307797479692423,
	"y" : -0.20366175607576409,
	"yaw" : 1.4046317322589292,
	"z" : -0.17042722617595121
}
