{
	"pitch" : 1.479051546393803,
	"roll" : -1.6141622663373996,
	"x" : 0.027081508642203947,
	"y" : -0.009616090618402422,
	"yaw" : 1.2060517449178965,
	"z" : -0.17082921752722122
}
