{
	"pitch" : 1.4736715104449085,
	"roll" : -1.4760798947755096,
	"x" : 0.072474473845818982,
	"y" : -0.1638731470685913,
	"yaw" : 1.3335465991313666,
	"z" : -0.16955448503963311
}
