{
	"pitch" : 1.4847808599627361,
	"roll" : -1.632840085822499,
	"x" : 0.029568409950406854,
	"y" : 0.0059018246727838355,
	"yaw" : 1.1898240781531644,
	"z" : -0.17089973975638179
}
