{
	"pitch" : 1.4769039795833676,
	"roll" : -1.6022117092192836,
	"x" : 0.066556356158660193,
	"y" : -0.050404968421676723,
	"yaw" : 1.2127718455424723,
	"z" : -0.16928999021886612
}
