{
	"pitch" : 1.4873332455293509,
	"roll" : -1.50040928091783,
	"x" : 0.075901776159355658,
	"y" : -0.012832122132171839,
	"yaw" : 1.3165565707383942,
	"z" : -0.16945094814803746
}
