{
	"pitch" : 1.4685387346207601,
	"roll" : -1.5792116049041192,
	"x" : -0.03180921069322698,
	"y" : -0.1168681157222127,
	"yaw" : 1.2301175698181799,
	"z" : -0.17169031190702544
}
