{
	"pitch" : 1.4831097011212453,
	"roll" : -1.7161815062911256,
	"x" : 0.037617087161849146,
	"y" : 0.019348714602267555,
	"yaw" : 1.1038754917655678,
	"z" : -0.17149039072165467
}
