{
	"pitch" : 1.4560218100955156,
	"roll" : -1.4267257275766669,
	"x" : 0.013430760351572514,
	"y" : -0.20849739310118376,
	"yaw" : 1.3726746641545358,
	"z" : -0.17053449977160551
}
