{
	"pitch" : 1.4947628741923229,
	"roll" : -1.5668692533317605,
	"x" : 0.084009261717211708,
	"y" : 0.039005056288646929,
	"yaw" : 1.2636025438144125,
	"z" : -0.17087192804131407
}
