{
	"pitch" : 1.4695371567490634,
	"roll" : -1.5770024100621085,
	"x" : 0.03127408131387565,
	"y" : -0.035768829528547402,
	"yaw" : 1.2307908694892586,
	"z" : -0.17006452696506619
}
