{
	"pitch" : 1.4774890512905587,
	"roll" : -1.6292434333800723,
	"x" : 0.027629553324675732,
	"y" : -0.020408553306536938,
	"yaw" : 1.1910432569121803,
	"z" : -0.17085882264908772
}
