{
	"pitch" : 1.474727856919922,
	"roll" : -1.4828807070113392,
	"x" : 0.062612361461961502,
	"y" : -0.061297983932295463,
	"yaw" : 1.3229294164395842,
	"z" : -0.16945582296184331
}
