{
	"pitch" : 1.4989454899031673,
	"roll" : -1.4375228288030928,
	"x" : 0.10336419537658162,
	"y" : 0.032058878584818574,
	"yaw" : 1.3913762324466179,
	"z" : -0.17003242488998813
}
