{
	"pitch" : 1.4834694054197266,
	"roll" : -1.4958194443449435,
	"x" : 0.063838610133344978,
	"y" : -0.056544228169394146,
	"yaw" : 1.3273135859146454,
	"z" : -0.16811268138140409
}
