{
	"pitch" : 1.4976948821483256,
	"roll" : -1.4365443985043211,
	"x" : 0.11763786104023351,
	"y" : 0.019123022272268333,
	"yaw" : 1.3915418540493623,
	"z" : -0.16984181128586723
}
