{
	"pitch" : 1.4829006016996458,
	"roll" : -1.5798807250429683,
	"x" : 0.077587492706962774,
	"y" : -0.012182296096033508,
	"yaw" : 1.2384886419978764,
	"z" : -0.16945026906134256
}
