{
	"pitch" : 1.4933358514041042,
	"roll" : -1.3185679203156562,
	"x" : 0.12766247395919508,
	"y" : -0.0083215124693063643,
	"yaw" : 1.502845753558665,
	"z" : -0.16831584491343565
}
