{
	"pitch" : 1.4864080950196088,
	"roll" : -1.5894061725817425,
	"x" : 0.087997969161928424,
	"y" : 0.018222414310568414,
	"yaw" : 1.2271488979725751,
	"z" : -0.209501975072303
}
