{
	"pitch" : 1.4937974989135165,
	"roll" : -1.5878307338830793,
	"x" : 0.088718370216487819,
	"y" : 0.024581380130174236,
	"yaw" : 1.230091737501114,
	"z" : -0.13757661571482965
}
