{
	"pitch" : 1.4981092670609637,
	"roll" : -1.385474489746414,
	"x" : 0.11013009496962482,
	"y" : 0.026109764732029042,
	"yaw" : 1.4424500236480482,
	"z" : -0.16933456235362018
}
