{
	"pitch" : 1.4779139344972818,
	"roll" : -1.4976497342004351,
	"x" : -0.0099864029034490986,
	"y" : -0.10202093278046369,
	"yaw" : 1.320711039179705,
	"z" : -0.17048172573281312
}
