{
	"pitch" : 1.468177145742372,
	"roll" : -1.4958904547328578,
	"x" : 0.06326366944093148,
	"y" : -0.057988717967848394,
	"yaw" : 1.3121936619854246,
	"z" : -0.18495009893109257
}
