{
	"pitch" : 1.4741261553962561,
	"roll" : -1.5685846419139182,
	"x" : 0.029862343798705143,
	"y" : -0.031896916498232591,
	"yaw" : 1.2459607603316936,
	"z" : -0.16960699152058317
}
