{
	"pitch" : 1.4648729166152072,
	"roll" : -1.4804466930214608,
	"x" : 0.04797542796214388,
	"y" : -0.054167732915117207,
	"yaw" : 1.3301036994055684,
	"z" : -0.16944047280703561
}
