{
	"pitch" : 1.4722514168195284,
	"roll" : -1.490556852093833,
	"x" : 0.072240542192386736,
	"y" : -0.025644631076211101,
	"yaw" : 1.3100122910722878,
	"z" : -0.1695912748257562
}
