{
	"pitch" : 1.4706142721629507,
	"roll" : -1.5131714445847992,
	"x" : 0.066030639654129447,
	"y" : -0.061587290568570985,
	"yaw" : 1.296235012017837,
	"z" : -0.16874010597809547
}
