{
	"pitch" : 1.4775842479541901,
	"roll" : -1.5405096858393439,
	"x" : 0.066357173646335116,
	"y" : -0.043487932751804917,
	"yaw" : 1.2720006933008683,
	"z" : -0.13074209856329855
}
