{
	"pitch" : 1.4817613065344697,
	"roll" : -1.5003589003472602,
	"x" : 0.085384812434251584,
	"y" : 0.012945871141017482,
	"yaw" : 1.3107923632203962,
	"z" : -0.21305942755127547
}
