{
	"pitch" : 1.4696845292039162,
	"roll" : -1.4832774319152813,
	"x" : 0.0021675744381474821,
	"y" : -0.24117507294864579,
	"yaw" : 1.3260750196100444,
	"z" : -0.10200090597397173
}
