{
	"pitch" : 1.4735689512661481,
	"roll" : -1.4503574812101483,
	"x" : 0.07733658768600532,
	"y" : -0.17399428363475006,
	"yaw" : 1.3582342754151979,
	"z" : -0.16925216710993493
}
