{
	"pitch" : 1.4690044945003093,
	"roll" : -1.5958246485203438,
	"x" : -0.032634465900831466,
	"y" : -0.11899158186830723,
	"yaw" : 1.2157541417252815,
	"z" : -0.17154910876342605
}
