{
	"pitch" : 1.4950165684834409,
	"roll" : -1.544206935605736,
	"x" : 0.097198656891816518,
	"y" : 0.035503438524462944,
	"yaw" : 1.2872774296343612,
	"z" : -0.17140130866544087
}
