{
	"pitch" : 1.4749747605309893,
	"roll" : -1.5024851290227963,
	"x" : 0.060597271823628909,
	"y" : -0.061026664157746838,
	"yaw" : 1.3104076307588202,
	"z" : -0.16090850074555807
}
