{
	"pitch" : 1.464970672241741,
	"roll" : -1.4688464204916267,
	"x" : 0.048539961366074719,
	"y" : -0.05477999092278657,
	"yaw" : 1.3414965196211204,
	"z" : -0.1692607484742388
}
