{
	"pitch" : 1.4722421844728664,
	"roll" : -1.5151424837326612,
	"x" : 0.050537620816233746,
	"y" : -0.054350973681206768,
	"yaw" : 1.3015099029744577,
	"z" : -0.16902100623308644
}
