{
	"pitch" : 1.4788987985514876,
	"roll" : -1.4235793408867126,
	"x" : 0.10330335953503093,
	"y" : -0.055778585112911776,
	"yaw" : 1.3993327902171007,
	"z" : -0.16855479526362821
}
