{
	"pitch" : 1.4901930603241624,
	"roll" : -1.6229749879071664,
	"x" : 0.08367661954051929,
	"y" : 0.0080684028778709033,
	"yaw" : 1.1930959583855838,
	"z" : -0.12507263324679549
}
