{
	"pitch" : 1.4865422226853489,
	"roll" : -1.5892869053905554,
	"x" : 0.087928000929177783,
	"y" : 0.018239414411136145,
	"yaw" : 1.2274231091874612,
	"z" : -0.20939637943770464
}
