{
	"pitch" : 1.4806449259544756,
	"roll" : -1.6112150095269409,
	"x" : 0.030513789830019677,
	"y" : 0.0076904435131370293,
	"yaw" : 1.2117131510993457,
	"z" : -0.17110782894501642
}
