{
	"pitch" : 1.4863962388873175,
	"roll" : -1.5875319040939948,
	"x" : 0.034176553686858416,
	"y" : 0.016049384876591122,
	"yaw" : 1.2339494164989913,
	"z" : -0.17072605053243894
}
