{
	"pitch" : 1.4922872867644168,
	"roll" : -1.5415990280516172,
	"x" : 0.092576103018703754,
	"y" : 0.034413522535214396,
	"yaw" : 1.2774824918146857,
	"z" : -0.18428261433019741
}
