{
	"pitch" : 1.4898547476188639,
	"roll" : -1.63120029546833,
	"x" : 0.062968700061358976,
	"y" : 0.037092639647937048,
	"yaw" : 1.2042287008990848,
	"z" : -0.1717036588975813
}
