{
	"pitch" : 1.4702892255101987,
	"roll" : -1.5291796686747767,
	"x" : 0.076125135130368615,
	"y" : -0.012279167821709255,
	"yaw" : 1.2755382373805852,
	"z" : -0.17002828375390974
}
