{
	"pitch" : 1.4738860151453039,
	"roll" : -1.5132704198686391,
	"x" : 0.071137605086129943,
	"y" : -0.033393941754514107,
	"yaw" : 1.2941566035573733,
	"z" : -0.21529966539978551
}
