{
	"pitch" : 1.4532246491835747,
	"roll" : -1.4176661682856191,
	"x" : 0.0046083837600684741,
	"y" : -0.23961559257987256,
	"yaw" : 1.3851191399375085,
	"z" : -0.17110341126372164
}
