{
	"pitch" : 1.4853291308395551,
	"roll" : -1.611534624326816,
	"x" : 0.046843893310998461,
	"y" : 0.029154173046328891,
	"yaw" : 1.2191401499092553,
	"z" : -0.17150217696792858
}
