{
	"pitch" : 1.4718164230037261,
	"roll" : -1.4705970002421607,
	"x" : 0.069895955562316592,
	"y" : -0.06248815381511684,
	"yaw" : 1.3383619377943805,
	"z" : -0.16883661264435537
}
