{
	"pitch" : 1.4982207792855953,
	"roll" : -1.4784284213843335,
	"x" : 0.069973115204097755,
	"y" : -0.032181379492771618,
	"yaw" : 1.3406767370405088,
	"z" : -0.1798462908116695
}
