{
	"pitch" : 1.4965097045198479,
	"roll" : -1.4462823449913933,
	"x" : 0.11866470245502919,
	"y" : 0.017574663819925854,
	"yaw" : 1.3811755239243102,
	"z" : -0.17011274350222863
}
