{
	"pitch" : 1.4716319158278983,
	"roll" : -1.478446013589743,
	"x" : 0.060437615636310262,
	"y" : -0.061793466757031845,
	"yaw" : 1.3307828000859103,
	"z" : -0.1695251930177962
}
