{
	"pitch" : 1.4841602870155275,
	"roll" : -1.3850877726882731,
	"x" : 0.11030206818504605,
	"y" : -0.05032640616620291,
	"yaw" : 1.4334375099668679,
	"z" : -0.1682410692531838
}
