{
	"pitch" : 1.4961119859682364,
	"roll" : -1.3805232418123941,
	"x" : 0.12021446150255206,
	"y" : 0.015514427192537995,
	"yaw" : 1.4450414995898546,
	"z" : -0.17002928090371405
}
