{
	"pitch" : 1.4798552042120179,
	"roll" : -1.5515821878166411,
	"x" : 0.075368129452397944,
	"y" : -0.016894127240163027,
	"yaw" : 1.2597595397876058,
	"z" : -0.1703125240229513
}
