{
	"pitch" : 1.4805265307926361,
	"roll" : -1.5161494832501636,
	"x" : 0.068434654220368998,
	"y" : -0.037675288878266704,
	"yaw" : 1.2952937933979649,
	"z" : -0.12587665174649293
}
