{
	"pitch" : 1.4841201207148427,
	"roll" : -1.553532973876562,
	"x" : 0.077080320073672909,
	"y" : -0.012262962502068675,
	"yaw" : 1.2646735604106278,
	"z" : -0.16964668181703182
}
