{
	"pitch" : 1.4761136143213882,
	"roll" : -1.5315703814549431,
	"x" : 0.064485919065606981,
	"y" : -0.05304901613569557,
	"yaw" : 1.2802061759245558,
	"z" : -0.14150990127419971
}
