{
	"pitch" : 1.4716689224996691,
	"roll" : -1.4814039421950216,
	"x" : 0.060531025976535632,
	"y" : -0.062034311292971475,
	"yaw" : 1.3300509202061779,
	"z" : -0.16808695642128421
}
