{
	"pitch" : 1.4893232896855508,
	"roll" : -1.5813704615066493,
	"x" : 0.08298239472162447,
	"y" : 0.0056323151821761307,
	"yaw" : 1.233324231097509,
	"z" : -0.12373166976651576
}
