{
	"pitch" : 1.4702559379101965,
	"roll" : -1.5471476385762617,
	"x" : 0.06807785287073613,
	"y" : -0.044118341288226545,
	"yaw" : 1.259270666049036,
	"z" : -0.20878813301586804
}
