{
	"pitch" : 1.4784036335608539,
	"roll" : -1.5979485083847538,
	"x" : 0.066219377358281664,
	"y" : -0.052489193766706035,
	"yaw" : 1.2165326442952356,
	"z" : -0.16918758355072983
}
