{
	"pitch" : 1.476353836313808,
	"roll" : -1.3979316669371493,
	"x" : 0.024443135028493906,
	"y" : -0.17996940200231418,
	"yaw" : 1.4153565686904974,
	"z" : -0.255337977804725
}
