{
	"pitch" : 1.4693116081704973,
	"roll" : -1.4589304565714294,
	"x" : 0.057685112826133478,
	"y" : -0.059571981081914152,
	"yaw" : 1.3552539837328912,
	"z" : -0.1693129098502448
}
