{
	"pitch" : 1.4835828570887046,
	"roll" : -1.6275114905884704,
	"x" : 0.028783959237759373,
	"y" : 0.003723437676882782,
	"yaw" : 1.1935791398705817,
	"z" : -0.17093190091717358
}
