{
	"pitch" : 1.4944105139605255,
	"roll" : -1.4674824179738568,
	"x" : 0.071404759116896255,
	"y" : -0.026713804882118913,
	"yaw" : 1.3474518603601258,
	"z" : -0.16874293899985054
}
