{
	"pitch" : 1.4749272961590387,
	"roll" : -1.4988655963369968,
	"x" : 0.060699881170796624,
	"y" : -0.061017871335049823,
	"yaw" : 1.3143700201302355,
	"z" : -0.16098972269965586
}
