{
	"pitch" : 1.499525009247697,
	"roll" : -1.5329366964542865,
	"x" : 0.1010595305048787,
	"y" : 0.033530068773455976,
	"yaw" : 1.29709228831529,
	"z" : -0.1708491192302028
}
