{
	"pitch" : 1.4766266204156913,
	"roll" : -1.5516155943829091,
	"x" : 0.031729911566883123,
	"y" : -0.034781703755909818,
	"yaw" : 1.2685802782397235,
	"z" : -0.17000923246273272
}
