{
	"pitch" : 1.481687971104358,
	"roll" : -1.4949166082474363,
	"x" : 0.085352378336770771,
	"y" : 0.013179771674488746,
	"yaw" : 1.3166136270073889,
	"z" : -0.21301983985974476
}
