{
	"pitch" : 1.4626066032977776,
	"roll" : -1.4470626705230631,
	"x" : 0.042024516859077828,
	"y" : -0.12304710107211063,
	"yaw" : 1.3536443191906466,
	"z" : -0.16881630452707763
}
