{
	"pitch" : 1.482864321787611,
	"roll" : -1.6026659311575342,
	"x" : 0.083399249051230556,
	"y" : 0.0034683931815716398,
	"yaw" : 1.2139813351932547,
	"z" : -0.21780155736515072
}
