{
	"pitch" : 1.460404912024466,
	"roll" : -1.2988573807175843,
	"x" : 0.11235844642784514,
	"y" : -0.24034923520956777,
	"yaw" : 1.5103307275320865,
	"z" : -0.16805637508051674
}
