{
	"pitch" : 1.4751056960728377,
	"roll" : -1.5370112970316232,
	"x" : 0.073678176454673477,
	"y" : -0.026059419670474628,
	"yaw" : 1.269135532568249,
	"z" : -0.21813115244439496
}
