{
	"pitch" : 1.486382250294553,
	"roll" : -1.602761602761078,
	"x" : 0.058078773700021701,
	"y" : 0.035865587978429939,
	"yaw" : 1.2260675042921427,
	"z" : -0.17182460595433854
}
