{
	"pitch" : 1.4585730098218823,
	"roll" : -1.4059699915668309,
	"x" : 0.047831267908710895,
	"y" : -0.10357073833044482,
	"yaw" : 1.3899383848099949,
	"z" : -0.16927003553037459
}
