{
	"pitch" : 1.4970121570063182,
	"roll" : -1.3922108713282111,
	"x" : 0.12418966609909157,
	"y" : 0.0081867193391003158,
	"yaw" : 1.4311121690210633,
	"z" : -0.16930089447543506
}
