{
	"pitch" : 1.4710717441710166,
	"roll" : -1.4325805053355294,
	"x" : 0.092343341760074721,
	"y" : -0.15831267293075915,
	"yaw" : 1.3683679341134085,
	"z" : -0.16844465017770094
}
