{
	"pitch" : 1.488712535023232,
	"roll" : -1.5633072375652173,
	"x" : 0.076226511674790956,
	"y" : -0.01330814308207225,
	"yaw" : 1.2533753294578949,
	"z" : -0.16994565758986316
}
