{
	"pitch" : 1.4753410938832763,
	"roll" : -1.5699248662338487,
	"x" : 0.065566940760752132,
	"y" : -0.050167659949107726,
	"yaw" : 1.2428599049041893,
	"z" : -0.13765842376777565
}
