{
	"pitch" : 1.4731536792929802,
	"roll" : -1.5410840309035467,
	"x" : 0.076846593720415191,
	"y" : -0.011647494999348843,
	"yaw" : 1.2671092423830872,
	"z" : -0.16931053715156466
}
