{
	"pitch" : 1.4865705451668978,
	"roll" : -1.5903365633770385,
	"x" : 0.087962029429718563,
	"y" : 0.01824882827713796,
	"yaw" : 1.2263407088071296,
	"z" : -0.20941172984520023
}
