{
	"pitch" : 1.4828150741103336,
	"roll" : -1.3764092780022676,
	"x" : 0.10714838742380897,
	"y" : -0.052844934895994393,
	"yaw" : 1.4471872506292667,
	"z" : -0.16816356827776821
}
