{
	"pitch" : 1.4786235765030566,
	"roll" : -1.3696149350861777,
	"x" : 0.091632576827814533,
	"y" : -0.060348739160580422,
	"yaw" : 1.4539872564748482,
	"z" : -0.16823408422808842
}
