{
	"pitch" : 1.4959061914153065,
	"roll" : -1.5615548901428515,
	"x" : 0.092595314090003281,
	"y" : 0.035180629503755244,
	"yaw" : 1.2589028985244974,
	"z" : -0.18055091292146727
}
