{
	"pitch" : 1.4960971160920611,
	"roll" : -1.4518055887365968,
	"x" : 0.11179089458852298,
	"y" : 0.024935668019122871,
	"yaw" : 1.3749287737841933,
	"z" : -0.16984942623200638
}
