{
	"pitch" : 1.4937985887750103,
	"roll" : -1.6006171361082067,
	"x" : 0.090655187806025633,
	"y" : 0.028934385077227225,
	"yaw" : 1.2196792616761198,
	"z" : -0.14447904216748178
}
