{
	"pitch" : 1.4931498067343181,
	"roll" : -1.5160402337669412,
	"x" : 0.074812458393803058,
	"y" : -0.014203904410928204,
	"yaw" : 1.3072840723951176,
	"z" : -0.16952249823709351
}
