{
	"pitch" : 1.4775007761394716,
	"roll" : -1.4953869036156284,
	"x" : 0.04481991853524242,
	"y" : -0.11224597095772409,
	"yaw" : 1.3201519613959849,
	"z" : -0.16970696692594173
}
