{
	"pitch" : 1.4686659624797118,
	"roll" : -1.5640232989638696,
	"x" : 0.039606341770359467,
	"y" : -0.11372973824478741,
	"yaw" : 1.2460900077156341,
	"z" : -0.16992220695109228
}
