{
	"pitch" : 1.4844691041878015,
	"roll" : -1.381778286927835,
	"x" : 0.11027485685306369,
	"y" : -0.050087496871652815,
	"yaw" : 1.436925856767574,
	"z" : -0.16824610633387546
}
