{
	"pitch" : 1.4942412005707371,
	"roll" : -1.6128634141276528,
	"x" : 0.075490282041761614,
	"y" : 0.039494745557417776,
	"yaw" : 1.2165900347295118,
	"z" : -0.17119540859967497
}
