{
	"pitch" : 1.4602649737901494,
	"roll" : -1.4109689742156912,
	"x" : 0.019991471560597204,
	"y" : -0.19340904582017021,
	"yaw" : 1.4042744913010439,
	"z" : -0.25704532919564044
}
