{
	"pitch" : 1.4908566895926059,
	"roll" : -1.5062137326284248,
	"x" : 0.075578449787778279,
	"y" : -0.014018151190397577,
	"yaw" : 1.3116833165033146,
	"z" : -0.17024265508954992
}
