{
	"pitch" : 1.4735486714891821,
	"roll" : -1.5567459441459297,
	"x" : 0.070316729931453575,
	"y" : -0.03717780219041894,
	"yaw" : 1.2525716482734657,
	"z" : -0.21337171939442584
}
