{
	"pitch" : 1.473632076836797,
	"roll" : -1.5042546834924069,
	"x" : 0.062325585540906447,
	"y" : -0.059381483086390519,
	"yaw" : 1.3151910974295071,
	"z" : -0.16888066850763245
}
