{
	"pitch" : 1.453109252677282,
	"roll" : -1.4170874298151241,
	"x" : 0.0082426640464066392,
	"y" : -0.22696802620425341,
	"yaw" : 1.3815861105497551,
	"z" : -0.17060152551937302
}
