{
	"pitch" : 1.4518258175522105,
	"roll" : -1.4179968225582886,
	"x" : 0.017832347262892095,
	"y" : -0.19513943504666253,
	"yaw" : 1.3842860590678507,
	"z" : -0.16998853103742506
}
