{
	"pitch" : 1.4711658471173019,
	"roll" : -1.5369746430871598,
	"x" : 0.06809187559379247,
	"y" : -0.041117209372759221,
	"yaw" : 1.2710928217837569,
	"z" : -0.20995456987387875
}
