{
	"pitch" : 1.4956851274153318,
	"roll" : -1.497925565814715,
	"x" : 0.094957283930702296,
	"y" : 0.036174662086479743,
	"yaw" : 1.3329440352808208,
	"z" : -0.1709060764288651
}
