{
	"pitch" : 1.4550535805524802,
	"roll" : -1.4125792916817168,
	"x" : 0.0030310383522425127,
	"y" : -0.24481348437055789,
	"yaw" : 1.3901099569392166,
	"z" : -0.17135953082957081
}
