{
	"pitch" : 1.4815227225549363,
	"roll" : -1.6308049008515488,
	"x" : 0.031680201023505189,
	"y" : 0.0092795029696592386,
	"yaw" : 1.1887777536609796,
	"z" : -0.17071673385238462
}
