{
	"pitch" : 1.4941009891802743,
	"roll" : -1.3415721683102799,
	"x" : 0.12592794214849301,
	"y" : 0.0012485069367571995,
	"yaw" : 1.4811266240071006,
	"z" : -0.16906489309061465
}
