{
	"pitch" : 1.4708561066953156,
	"roll" : -1.5159331107885781,
	"x" : 0.06611178149040231,
	"y" : -0.061616725597149986,
	"yaw" : 1.2932886556870604,
	"z" : -0.16865926727502151
}
