{
	"pitch" : 1.4552670894143067,
	"roll" : -1.4387264443237859,
	"x" : -0.016336204653718711,
	"y" : -0.30602947006098735,
	"yaw" : 1.3661612720216261,
	"z" : -0.16939044779593246
}
