{
	"pitch" : 1.4803356707535027,
	"roll" : -1.5183892522631421,
	"x" : 0.072122495522880997,
	"y" : -0.024069477864855131,
	"yaw" : 1.2929883158981887,
	"z" : -0.16999329206384639
}
