{
	"pitch" : 1.4683096955197152,
	"roll" : -1.3589649854404682,
	"x" : 0.016901711636644334,
	"y" : -0.20501050064767748,
	"yaw" : 1.4538330141776268,
	"z" : -0.26847782313079677
}
