{
	"pitch" : 1.4828329474130106,
	"roll" : -1.38070288943576,
	"x" : 0.10716047252487593,
	"y" : -0.052915785148616251,
	"yaw" : 1.4428506637660241,
	"z" : -0.16819187115296164
}
