{
	"pitch" : 1.4756719165449086,
	"roll" : -1.502558829648317,
	"x" : -0.016433742027730375,
	"y" : -0.10846642479679147,
	"yaw" : 1.3174064981280538,
	"z" : -0.17081114632905772
}
