{
	"pitch" : 1.4559777252672637,
	"roll" : -1.4249295700342726,
	"x" : 0.013612387772504175,
	"y" : -0.21052443633724116,
	"yaw" : 1.3751620570683893,
	"z" : -0.17030621669708429
}
