{
	"pitch" : 1.4702100544471612,
	"roll" : -1.536386857346399,
	"x" : 0.036188994960905815,
	"y" : -0.043383106073168046,
	"yaw" : 1.2717727872130136,
	"z" : -0.17074690847171345
}
