{
	"pitch" : 1.4645120741084174,
	"roll" : -1.5774523152648179,
	"x" : 0.0038706318754638397,
	"y" : -0.12997565677909964,
	"yaw" : 1.2316808456926622,
	"z" : -0.17177445688399415
}
