{
	"pitch" : 1.4997779439117425,
	"roll" : -1.5674272967023268,
	"x" : 0.10080354478090173,
	"y" : 0.03363010177406589,
	"yaw" : 1.2626032336887096,
	"z" : -0.17079072029792877
}
