{
	"pitch" : 1.4756617490844233,
	"roll" : -1.5267472884858366,
	"x" : 0.072302761513613409,
	"y" : -0.029489373622601789,
	"yaw" : 1.280523022899968,
	"z" : -0.21671656879710002
}
