{
	"pitch" : 1.4507316505905155,
	"roll" : -1.2850529129367119,
	"x" : 0.060065568736601321,
	"y" : -0.30151535030722632,
	"yaw" : 1.5181979808583739,
	"z" : -0.1698653522537199
}
