{
	"pitch" : 1.4695791673133967,
	"roll" : -1.5108273882945753,
	"x" : 0.067253888944649842,
	"y" : -0.043453336911139194,
	"yaw" : 1.2951723268655413,
	"z" : -0.20892481833023158
}
