{
	"pitch" : 1.4839110119441368,
	"roll" : -1.5910757223918954,
	"x" : 0.084765394319366569,
	"y" : 0.0059194511313648123,
	"yaw" : 1.2253654617256451,
	"z" : -0.21678258196173444
}
