{
	"pitch" : 1.4824587888402951,
	"roll" : -1.3407711924240706,
	"x" : 0.10851266919842747,
	"y" : -0.051774883564385678,
	"yaw" : 1.4812203792015772,
	"z" : -0.16820548161498214
}
