{
	"pitch" : 1.4704204405211334,
	"roll" : -1.3777510550428889,
	"x" : 0.035461270070105889,
	"y" : -0.13819422783953797,
	"yaw" : 1.4418415479047098,
	"z" : -0.19780230420181646
}
