{
	"pitch" : 1.482094968522633,
	"roll" : -1.399639231958351,
	"x" : 0.10510053701355343,
	"y" : -0.054202473873680976,
	"yaw" : 1.4228325106894439,
	"z" : -0.16834694360133234
}
