{
	"pitch" : 1.4701734921035021,
	"roll" : -1.4840816009771016,
	"x" : 0.05755469144108994,
	"y" : -0.059737913721149852,
	"yaw" : 1.3299039627630465,
	"z" : -0.16916540906303493
}
