{
	"pitch" : 1.475027493155602,
	"roll" : -1.4690236723975427,
	"x" : 0.061576213116673315,
	"y" : -0.058720555347823875,
	"yaw" : 1.346413564252589,
	"z" : -0.15221298330586272
}
