{
	"pitch" : 1.4793874616771359,
	"roll" : -1.4943475030553279,
	"x" : 0.073578257967777352,
	"y" : -0.019581816356441763,
	"yaw" : 1.3122986865200537,
	"z" : -0.21987013893238783
}
