{
	"pitch" : 1.4710013647785976,
	"roll" : -1.477603861300586,
	"x" : 0.074935745562737383,
	"y" : -0.16823620527213615,
	"yaw" : 1.3323669775324711,
	"z" : -0.16951487458588888
}
