{
	"pitch" : 1.4594016038903044,
	"roll" : -1.6210880773596223,
	"x" : -0.083124150848778375,
	"y" : -0.18033361632344527,
	"yaw" : 1.1878357071381598,
	"z" : -0.17384264199952448
}
