{
	"pitch" : 1.4534001536299412,
	"roll" : -1.432293413065038,
	"x" : 0.014575558702626196,
	"y" : -0.20859651886052646,
	"yaw" : 1.3695573836287358,
	"z" : -0.17103985307249592
}
