{
	"pitch" : 1.478284660349428,
	"roll" : -1.6633475751147158,
	"x" : 0.027647771800444157,
	"y" : -0.0015710191749810278,
	"yaw" : 1.1557433420472363,
	"z" : -0.17074871567349256
}
