{
	"pitch" : 1.4907521611941603,
	"roll" : -1.3533960003047094,
	"x" : 0.1266957553890535,
	"y" : -0.020985939656014758,
	"yaw" : 1.4670114777247436,
	"z" : -0.16864326124247353
}
