{
	"pitch" : 1.4834362163459918,
	"roll" : -1.3752744921955216,
	"x" : 0.11460693757684014,
	"y" : -0.045512038082876113,
	"yaw" : 1.4469861738633838,
	"z" : -0.16814104108597275
}
