{
	"pitch" : 1.4773744828484408,
	"roll" : -1.5784515858146653,
	"x" : 0.031543810807545397,
	"y" : -0.035425482407210544,
	"yaw" : 1.2432120882420126,
	"z" : -0.16975811984870859
}
