{
	"pitch" : 1.494905927658231,
	"roll" : -1.4221924219075299,
	"x" : 0.12597411685380994,
	"y" : 0.0028551571552397677,
	"yaw" : 1.4040271997443947,
	"z" : -0.17017741821837773
}
