{
	"pitch" : 1.4697783526738042,
	"roll" : -1.5418950196071695,
	"x" : 0.067736572262341019,
	"y" : -0.044679573456853347,
	"yaw" : 1.2648475498909546,
	"z" : -0.20780362517432038
}
