{
	"pitch" : 1.452811281705499,
	"roll" : -1.4687410771453489,
	"x" : 0.026225169461660564,
	"y" : -0.17596423261235883,
	"yaw" : 1.3392326047773071,
	"z" : -0.17016611720141447
}
