{
	"pitch" : 1.4887811143100835,
	"roll" : -1.4822991760866437,
	"x" : 0.068621384923031797,
	"y" : -0.039715638264228248,
	"yaw" : 1.3402892879498225,
	"z" : -0.16819425524666221
}
