{
	"pitch" : 1.4535000583598023,
	"roll" : -1.4182053878033143,
	"x" : 0.014227461188550151,
	"y" : -0.20797598794386615,
	"yaw" : 1.383389455846644,
	"z" : -0.17062682641485558
}
