{
	"pitch" : 1.4667163355524457,
	"roll" : -1.4345561472955686,
	"x" : -0.0024992968820118228,
	"y" : -0.087120692914436429,
	"yaw" : 1.3926305562152246,
	"z" : -0.17191724093900934
}
