{
	"pitch" : 1.4431468213774841,
	"roll" : -1.3776674518055341,
	"x" : -0.015498536816642247,
	"y" : -0.30398892298078423,
	"yaw" : 1.4248605306838311,
	"z" : -0.17403163486633499
}
