{
	"pitch" : 1.4779941159101968,
	"roll" : -1.5245400122197625,
	"x" : 0.066218301064923241,
	"y" : -0.043882185527350591,
	"yaw" : 1.2874093969685032,
	"z" : -0.13105707304068273
}
