{
	"pitch" : 1.4713425690886934,
	"roll" : -1.5754544646224502,
	"x" : -0.071445951468388308,
	"y" : -0.16693408940117427,
	"yaw" : 1.2310514136784836,
	"z" : -0.17300054797368825
}
