{
	"pitch" : 1.4822925501899629,
	"roll" : -1.501667323375141,
	"x" : 0.085323695716867806,
	"y" : 0.012202482875158151,
	"yaw" : 1.3094374814595586,
	"z" : -0.21345306856168572
}
