{
	"pitch" : 1.4723439226202901,
	"roll" : -1.4323649897108277,
	"x" : 0.104349851468648,
	"y" : -0.1634270409112516,
	"yaw" : 1.3602110704662906,
	"z" : -0.16856916089685972
}
