{
	"pitch" : 1.4946502821221548,
	"roll" : -1.4356268158577388,
	"x" : 0.12589130808916965,
	"y" : 0.0030104268443858686,
	"yaw" : 1.3909841615189662,
	"z" : -0.16989394271614028
}
