{
	"pitch" : 1.4748182656583273,
	"roll" : -1.5550363749082226,
	"x" : 0.064989700286262886,
	"y" : -0.050013802753582165,
	"yaw" : 1.2571340354502756,
	"z" : -0.13715097442562693
}
