{
	"pitch" : 1.4982923969017137,
	"roll" : -1.3989996983511914,
	"x" : 0.10656108659536571,
	"y" : 0.029676760961024701,
	"yaw" : 1.4308852672385313,
	"z" : -0.16991869378794641
}
