{
	"pitch" : 1.4811867025953556,
	"roll" : -1.4951530841398266,
	"x" : 0.062955160921038131,
	"y" : -0.058023355275038671,
	"yaw" : 1.3263007906052704,
	"z" : -0.16828795091657178
}
