{
	"pitch" : 1.4513812376244106,
	"roll" : -1.4152201210479762,
	"x" : 0.0055055595979731919,
	"y" : -0.23609172156241759,
	"yaw" : 1.3852327463546368,
	"z" : -0.17049379243372503
}
