{
	"pitch" : 1.4695547658879167,
	"roll" : -1.4407557607620751,
	"x" : 0.065168287670772984,
	"y" : -0.062022475777747874,
	"yaw" : 1.3748689066905,
	"z" : -0.16898246163410152
}
