{
	"pitch" : 1.4779535804450974,
	"roll" : -1.5911082744852352,
	"x" : 0.027182825626213859,
	"y" : -0.01850157774010484,
	"yaw" : 1.2284275108036371,
	"z" : -0.1707571632945806
}
