{
	"pitch" : 1.4587081866455094,
	"roll" : -1.4140389088525003,
	"x" : 0.049014718363403126,
	"y" : -0.094689710452305412,
	"yaw" : 1.3891726196151268,
	"z" : -0.16911598110980686
}
