{
	"pitch" : 1.4797756893215304,
	"roll" : -1.5584417971054501,
	"x" : 0.081852036402948816,
	"y" : -0.0024219118046958331,
	"yaw" : 1.2544748902475333,
	"z" : -0.2192890849009724
}
