{
	"pitch" : 1.4804884843033121,
	"roll" : -1.4943029149658096,
	"x" : 0.068249873248431833,
	"y" : -0.034807669609779358,
	"yaw" : 1.3166100807586369,
	"z" : -0.1243749082081067
}
