{
	"pitch" : 1.4837614256726028,
	"roll" : -1.6186033164158813,
	"x" : 0.035902941952207834,
	"y" : 0.018695852843249559,
	"yaw" : 1.2029284255876291,
	"z" : -0.17110335098185064
}
