{
	"pitch" : 1.4756467085286862,
	"roll" : -1.5445633313586318,
	"x" : -0.014982927226879716,
	"y" : -0.10097599244857845,
	"yaw" : 1.2708752452174243,
	"z" : -0.1719487900213712
}
