{
	"pitch" : 1.4681150711662665,
	"roll" : -1.5551346807130308,
	"x" : 0.041447168606899641,
	"y" : -0.11269901230416786,
	"yaw" : 1.2569151542920529,
	"z" : -0.16980540905065694
}
