{
	"pitch" : 1.4894891601908258,
	"roll" : -1.5808969984162369,
	"x" : 0.076843491320577578,
	"y" : -0.012535073558884505,
	"yaw" : 1.2334743507752424,
	"z" : -0.16988397764070426
}
