{
	"pitch" : 1.4844852361597192,
	"roll" : -1.5502568476321716,
	"x" : 0.072489568869340867,
	"y" : -0.025337820021381192,
	"yaw" : 1.2625193443278935,
	"z" : -0.121094979501551
}
