{
	"pitch" : 1.494284215575457,
	"roll" : -1.492610194717775,
	"x" : 0.043914776870458902,
	"y" : -0.047213700643255155,
	"yaw" : 1.3286948812081927,
	"z" : -0.16959459230457566
}
