{
	"pitch" : 1.4700646292764625,
	"roll" : -1.5225334470230623,
	"x" : 0.062802956449141342,
	"y" : -0.055800759220859725,
	"yaw" : 1.2855561827522584,
	"z" : -0.16951445324261238
}
