{
	"pitch" : 1.4886052784231165,
	"roll" : -1.5624763613222585,
	"x" : 0.053557531329464433,
	"y" : 0.033944013512939714,
	"yaw" : 1.2688491976283871,
	"z" : -0.17122269647518035
}
