{
	"pitch" : 1.4914606610747145,
	"roll" : -1.62295860275115,
	"x" : 0.084673847517379316,
	"y" : 0.011697764238126048,
	"yaw" : 1.1929094020813644,
	"z" : -0.12643455006264087
}
