{
	"pitch" : 1.4838208896349292,
	"roll" : -1.556314439806507,
	"x" : 0.084492164870274986,
	"y" : 0.0071595793741325991,
	"yaw" : 1.2593856653019877,
	"z" : -0.21608382355621122
}
