{
	"pitch" : 1.472582647863069,
	"roll" : -1.5771368701915693,
	"x" : 0.046498797252288518,
	"y" : -0.051590557267349901,
	"yaw" : 1.2421683801379271,
	"z" : -0.16943014546561166
}
