{
	"pitch" : 1.4775894313016797,
	"roll" : -1.5520584404186655,
	"x" : 0.074216072585948534,
	"y" : -0.019725752071891929,
	"yaw" : 1.2584152862475786,
	"z" : -0.17015578832085312
}
