{
	"pitch" : 1.4787243897070474,
	"roll" : -1.5154659587321333,
	"x" : 0.068113941408359011,
	"y" : -0.038860813933302721,
	"yaw" : 1.2964614447898724,
	"z" : -0.12687007128719066
}
