{
	"pitch" : 1.4418839681434064,
	"roll" : -1.3621473753141442,
	"x" : -0.014030807048773214,
	"y" : -0.29672345663894273,
	"yaw" : 1.4416146399734115,
	"z" : -0.1731117225492681
}
