{
	"pitch" : 1.4682890924798615,
	"roll" : -1.4903937433937693,
	"x" : 0.061040692662086206,
	"y" : -0.06087710444587234,
	"yaw" : 1.318546859799691,
	"z" : -0.16934088373589723
}
