{
	"pitch" : 1.4993336827580859,
	"roll" : -1.533640207958932,
	"x" : 0.10079738413332232,
	"y" : 0.033677773432087582,
	"yaw" : 1.2966316657319563,
	"z" : -0.17061614313227072
}
