{
	"pitch" : 1.4509577233302895,
	"roll" : -1.4386068620911707,
	"x" : 0.017105101762748119,
	"y" : -0.19959481802792889,
	"yaw" : 1.3650193548115421,
	"z" : -0.16986755572751294
}
