{
	"pitch" : 1.4916793702238536,
	"roll" : -1.4726531791094992,
	"x" : 0.06192999289337392,
	"y" : -0.027136201846979784,
	"yaw" : 1.3436286189501536,
	"z" : -0.16984255148557506
}
