{
	"pitch" : 1.4663920363190519,
	"roll" : -1.4984191802746265,
	"x" : 0.042853106209183485,
	"y" : -0.12087857206619027,
	"yaw" : 1.3136957808013263,
	"z" : -0.17937734804275865
}
