{
	"pitch" : 1.4810492095217218,
	"roll" : -1.6367885523320274,
	"x" : 0.031596251252293088,
	"y" : 0.0086110348126059305,
	"yaw" : 1.1832267982307338,
	"z" : -0.1708201021130675
}
