{
	"pitch" : 1.471719783936303,
	"roll" : -1.5822298204816774,
	"x" : 0.047125945774952459,
	"y" : -0.052295774415709262,
	"yaw" : 1.235811778347081,
	"z" : -0.16949278447895863
}
