{
	"pitch" : 1.4681170333466107,
	"roll" : -1.5092470503255622,
	"x" : 0.010202786419726273,
	"y" : -0.22152379668255565,
	"yaw" : 1.3018908048368907,
	"z" : -0.080318401354062166
}
