{
	"pitch" : 1.4726141657601901,
	"roll" : -1.6944066562492781,
	"x" : 0.027480541900129274,
	"y" : -0.015699539931501829,
	"yaw" : 1.1218678212454924,
	"z" : -0.17168216010134454
}
