{
	"pitch" : 1.489687117245603,
	"roll" : -1.4174819304588209,
	"x" : 0.07317283423505766,
	"y" : -0.013529760679321956,
	"yaw" : 1.3993226263238689,
	"z" : -0.1687715312272107
}
