{
	"pitch" : 1.4888614517645216,
	"roll" : -1.6013566846230516,
	"x" : 0.085159391035239076,
	"y" : 0.01317163451269429,
	"yaw" : 1.2146092559841026,
	"z" : -0.12750780892652419
}
