{
	"pitch" : 1.4713554633170454,
	"roll" : -1.5572017894802559,
	"x" : 0.049582512322697884,
	"y" : -0.05363327331890589,
	"yaw" : 1.2598958303029457,
	"z" : -0.16930220149486178
}
