{
	"pitch" : 1.4707038507120056,
	"roll" : -1.4786066666895581,
	"x" : 0.052613681231183623,
	"y" : -0.055884483208353833,
	"yaw" : 1.3384768566182623,
	"z" : -0.16887984271641915
}
