{
	"pitch" : 1.4753006192154232,
	"roll" : -1.563283259941207,
	"x" : 0.028460253865784491,
	"y" : -0.026840960829331253,
	"yaw" : 1.2563693053914637,
	"z" : -0.17027961048344376
}
