{
	"pitch" : 1.4867904609150253,
	"roll" : -1.5025288530321281,
	"x" : 0.043993014019654914,
	"y" : -0.043814959090028721,
	"yaw" : 1.3163421010606517,
	"z" : -0.17008692039740084
}
