{
	"pitch" : 1.4825453553379766,
	"roll" : -1.51034169896786,
	"x" : 0.085437068998868965,
	"y" : 0.011934732550312636,
	"yaw" : 1.3010296398409538,
	"z" : -0.2137257744035721
}
