{
	"pitch" : 1.4862752946213624,
	"roll" : -1.3826795633897278,
	"x" : 0.11677948168588176,
	"y" : -0.043669366832815248,
	"yaw" : 1.4351979631999101,
	"z" : -0.16855769588938141
}
