{
	"pitch" : 1.4937395053586178,
	"roll" : -1.6036535250529116,
	"x" : 0.087600897474275463,
	"y" : 0.01939402272639159,
	"yaw" : 1.2134497752497284,
	"z" : -0.13202969745251922
}
