{
	"pitch" : 1.4522212520991582,
	"roll" : -1.42561329079684,
	"x" : 0.0087931815540535502,
	"y" : -0.22463917765137689,
	"yaw" : 1.3736127064775934,
	"z" : -0.1707030221372085
}
