{
	"pitch" : 1.4936164269946188,
	"roll" : -1.5997696927249077,
	"x" : 0.087314396893024365,
	"y" : 0.019192888794452925,
	"yaw" : 1.2173184398889676,
	"z" : -0.13161408277526279
}
