{
	"pitch" : 1.4934648283589906,
	"roll" : -1.5497382138951379,
	"x" : 0.091688303273240318,
	"y" : 0.032675948669006694,
	"yaw" : 1.2680432031819899,
	"z" : -0.18814638242557777
}
