{
	"pitch" : 1.4619320041016328,
	"roll" : -1.500788097050308,
	"x" : 0.065756097582869516,
	"y" : -0.04508850006011219,
	"yaw" : 1.3033491627800053,
	"z" : -0.16966617543653645
}
