{
	"pitch" : 1.4710510759897371,
	"roll" : -1.6646159039516535,
	"x" : 0.026752205656678144,
	"y" : -0.013951297742082428,
	"yaw" : 1.1514046776853448,
	"z" : -0.17152112040954604
}
