{
	"pitch" : 1.4968124322643785,
	"roll" : -1.5397831061367893,
	"x" : 0.092743158656999072,
	"y" : 0.036169760889136683,
	"yaw" : 1.280857047554621,
	"z" : -0.17139181723138353
}
