{
	"pitch" : 1.4781905012779892,
	"roll" : -1.5195297045849545,
	"x" : 0.067880379889173517,
	"y" : -0.036359950984918218,
	"yaw" : 1.2913191090738185,
	"z" : -0.12519650290548676
}
