{
	"pitch" : 1.4763766477966744,
	"roll" : -1.5064725369847898,
	"x" : 0.061144785072021618,
	"y" : -0.060491295208911083,
	"yaw" : 1.3061966134738452,
	"z" : -0.15833349968348887
}
