{
	"pitch" : 1.4948569001597791,
	"roll" : -1.6013690547430905,
	"x" : 0.092432409779198629,
	"y" : 0.035328859116945943,
	"yaw" : 1.219885987586812,
	"z" : -0.16146432418659043
}
