{
	"pitch" : 1.4499761977775336,
	"roll" : -1.4223345415954092,
	"x" : -0.016994995647914193,
	"y" : -0.30851811128939127,
	"yaw" : 1.3796026032686048,
	"z" : -0.17282955333277805
}
