{
	"pitch" : 1.4937849453540304,
	"roll" : -1.5159649878242845,
	"x" : 0.073068391952622602,
	"y" : -0.01595943490845321,
	"yaw" : 1.3066615772523849,
	"z" : -0.16979527249952767
}
