{
	"pitch" : 1.4816691103205075,
	"roll" : -1.5481558472105137,
	"x" : 0.085967355150805197,
	"y" : 0.011488112066928813,
	"yaw" : 1.2649187040983474,
	"z" : -0.21403478256053313
}
