{
	"pitch" : 1.4702243875932197,
	"roll" : -1.384004902075523,
	"x" : 0.035629539098456398,
	"y" : -0.13784868142590703,
	"yaw" : 1.435489694717506,
	"z" : -0.19724161656347949
}
