{
	"pitch" : 1.4948605788697393,
	"roll" : -1.5882826209669332,
	"x" : 0.092521413012151207,
	"y" : 0.035359017035627528,
	"yaw" : 1.2328862099841214,
	"z" : -0.16148926565734173
}
