{
	"pitch" : 1.4542135512060363,
	"roll" : -1.3623349368390694,
	"x" : 0.017835160808993604,
	"y" : -0.19951411048002185,
	"yaw" : 1.4503693195870919,
	"z" : -0.26199902506948092
}
