{
	"pitch" : 1.4804195057139897,
	"roll" : -1.4115444627336609,
	"x" : 0.085843240316897718,
	"y" : -0.062632132500695756,
	"yaw" : 1.4134643183244411,
	"z" : -0.16857446099057558
}
