{
	"pitch" : 1.4574203276563225,
	"roll" : -1.3597269909920762,
	"x" : 0.016054294078720888,
	"y" : -0.20694589064981758,
	"yaw" : 1.4531249485317477,
	"z" : -0.26950066381912319
}
