{
	"pitch" : 1.4516942823375412,
	"roll" : -1.2798974060697874,
	"x" : 0.056278156334822672,
	"y" : -0.30074119597101151,
	"yaw" : 1.5269120823641547,
	"z" : -0.16969005617596358
}
