{
	"pitch" : 1.4783827599713999,
	"roll" : -1.616604479245761,
	"x" : 0.031590693046033541,
	"y" : 0.012116247490009325,
	"yaw" : 1.2014043456185357,
	"z" : -0.17019957895991711
}
