{
	"pitch" : 1.4703704702406133,
	"roll" : -1.6532725932229548,
	"x" : 0.028670410849546871,
	"y" : -0.022922021053090408,
	"yaw" : 1.1615874379827416,
	"z" : -0.17021724903597354
}
