{
	"pitch" : 1.4779125638911548,
	"roll" : -1.5109883436485774,
	"x" : 0.066110710758715691,
	"y" : -0.04400330278413072,
	"yaw" : 1.301069815595203,
	"z" : -0.13098969205518704
}
