{
	"pitch" : 1.4752488599538909,
	"roll" : -1.5127884678360264,
	"x" : 0.062342623611113979,
	"y" : -0.059232710737313614,
	"yaw" : 1.3068835885774646,
	"z" : -0.1687139293530184
}
