{
	"pitch" : 1.4591258401752139,
	"roll" : -1.5033168418695741,
	"x" : 0.011511276391826364,
	"y" : -0.21142743915638043,
	"yaw" : 1.3046159029862707,
	"z" : -0.070247870987388231
}
