{
	"pitch" : 1.4946420710002468,
	"roll" : -1.454163293531384,
	"x" : 0.072775027096406514,
	"y" : 0.039558890212678832,
	"yaw" : 1.3813876204617952,
	"z" : -0.17162136806519801
}
