{
	"pitch" : 1.4888884056657541,
	"roll" : -1.6128015202272823,
	"x" : 0.063367270224007705,
	"y" : 0.037245791892831503,
	"yaw" : 1.2234721432947304,
	"z" : -0.17186840081752233
}
