{
	"pitch" : 1.4945195833534337,
	"roll" : -1.3595204003055106,
	"x" : 0.1265942164771296,
	"y" : -0.0028426779276906795,
	"yaw" : 1.4610713996103082,
	"z" : -0.1688757340438741
}
