{
	"pitch" : 1.4846603496459001,
	"roll" : -1.3196240295524975,
	"x" : 0.12073741496365538,
	"y" : -0.036620426406441302,
	"yaw" : 1.5024286781535605,
	"z" : -0.16844163072956031
}
