{
	"pitch" : 1.4798065376505767,
	"roll" : -1.5250870051849654,
	"x" : 0.067866687841337536,
	"y" : -0.039523928339568366,
	"yaw" : 1.2870435021454312,
	"z" : -0.12742419003037234
}
