{
	"pitch" : 1.4935358351256853,
	"roll" : -1.6206031388471371,
	"x" : 0.093264046813069351,
	"y" : 0.034053013729716974,
	"yaw" : 1.2012214643448942,
	"z" : -0.15691715086974933
}
