{
	"pitch" : 1.4938697907926672,
	"roll" : -1.2959793024738764,
	"x" : 0.12752423756795028,
	"y" : -0.0069260514479197229,
	"yaw" : 1.5250490411300792,
	"z" : -0.16825130451680756
}
