{
	"pitch" : 1.4698298877177023,
	"roll" : -1.5181748036153706,
	"x" : 0.065376981358666306,
	"y" : -0.061681204477459936,
	"yaw" : 1.2892801426601264,
	"z" : -0.16921740202298594
}
