{
	"pitch" : 1.4801975494120032,
	"roll" : -1.568948545807844,
	"x" : 0.082146062895540661,
	"y" : -0.00080081746587831563,
	"yaw" : 1.2439250198102121,
	"z" : -0.21885722028848387
}
