{
	"pitch" : 1.4838322699593753,
	"roll" : -1.5134408264233186,
	"x" : 0.085288173384358887,
	"y" : 0.014067909130727831,
	"yaw" : 1.2982638128730728,
	"z" : -0.21244194174037151
}
