{
	"pitch" : 1.4704681437554576,
	"roll" : -1.5504756492655729,
	"x" : 0.06671782692603731,
	"y" : -0.052281062210242896,
	"yaw" : 1.2565022253565865,
	"z" : -0.19955739234454847
}
