{
	"pitch" : 1.4881594391349975,
	"roll" : -1.6248380144944443,
	"x" : 0.057737931528503643,
	"y" : 0.035593319452572228,
	"yaw" : 1.2025494284072205,
	"z" : -0.17146917315895394
}
