{
	"pitch" : 1.4656079441448355,
	"roll" : -1.5689382320657013,
	"x" : 0.070602413885528681,
	"y" : -0.032139839570100991,
	"yaw" : 1.2380748941998434,
	"z" : -0.17086239094636396
}
