{
	"pitch" : 1.4747586170416918,
	"roll" : -1.5791296247566395,
	"x" : 0.029077457222267254,
	"y" : -0.027569724070819177,
	"yaw" : 1.2403062988355815,
	"z" : -0.17048631111173593
}
