{
	"pitch" : 1.4751285794791364,
	"roll" : -1.5876967221704443,
	"x" : 0.034433222206812178,
	"y" : -0.14804716939449519,
	"yaw" : 1.2287327739694447,
	"z" : -0.1344094802262929
}
