{
	"pitch" : 1.4940837689809821,
	"roll" : -1.3781994756025251,
	"x" : 0.12737681334028933,
	"y" : -0.010342364572009032,
	"yaw" : 1.4435345365631265,
	"z" : -0.16824704418594655
}
