{
	"pitch" : 1.4702271107617522,
	"roll" : -1.5393626018087643,
	"x" : 0.036251226002433856,
	"y" : -0.043449090424793488,
	"yaw" : 1.2686213868743323,
	"z" : -0.17073017864340229
}
