{
	"pitch" : 1.4537930023876708,
	"roll" : -1.4237342339545545,
	"x" : 0.014493192620172977,
	"y" : -0.20760699966495935,
	"yaw" : 1.377030951264214,
	"z" : -0.1706435193879004
}
