{
	"pitch" : 1.5030768170190563,
	"roll" : -1.4754661919283212,
	"x" : 0.10737729283970851,
	"y" : 0.029825604381046176,
	"yaw" : 1.35515982458197,
	"z" : -0.1700736158222349
}
