{
	"pitch" : 1.485697535165643,
	"roll" : -1.5276527520056495,
	"x" : 0.076670539765854667,
	"y" : -0.01224456448098858,
	"yaw" : 1.287319959252577,
	"z" : -0.11906764062971431
}
