{
	"pitch" : 1.4904337748081145,
	"roll" : -1.3654448099993122,
	"x" : 0.12675773046944938,
	"y" : -0.016258885420511945,
	"yaw" : 1.459373201560167,
	"z" : -0.16868593698655412
}
