{
	"pitch" : 1.4630419317651151,
	"roll" : -1.3851025915649835,
	"x" : 0.10506151652331036,
	"y" : -0.22462443586309044,
	"yaw" : 1.4236839924368867,
	"z" : -0.16915757479522395
}
