{
	"pitch" : 1.4963348099918403,
	"roll" : -1.4783812927889854,
	"x" : 0.075790488020670066,
	"y" : 0.039612220253263469,
	"yaw" : 1.3543392430254453,
	"z" : -0.17111971720601574
}
