{
	"pitch" : 1.4533693105223926,
	"roll" : -1.485254064509167,
	"x" : 0.014366066107318096,
	"y" : -0.20883937522236221,
	"yaw" : 1.3164382759755335,
	"z" : -0.17068385032944675
}
