{
	"pitch" : 1.4715874589177769,
	"roll" : -1.4947356166144219,
	"x" : 0.066033717748690837,
	"y" : -0.04564323902357563,
	"yaw" : 1.315566810397971,
	"z" : -0.16963432271732365
}
