{
	"pitch" : 1.4684995324901238,
	"roll" : -1.4230141204782027,
	"x" : 0.062677689925059621,
	"y" : -0.061216246784774948,
	"yaw" : 1.3929523769335503,
	"z" : -0.16913255788661283
}
