{
	"pitch" : 1.4879167866334055,
	"roll" : -1.51773309396338,
	"x" : 0.080346408608498759,
	"y" : -0.0028778981502602836,
	"yaw" : 1.2959589869494685,
	"z" : -0.11938327854907488
}
