{
	"pitch" : 1.4637191534914282,
	"roll" : -1.5440765878335241,
	"x" : 0.073873098690460992,
	"y" : -0.02382947280668913,
	"yaw" : 1.261906277740533,
	"z" : -0.17029158352213067
}
