{
	"pitch" : 1.4674315330194883,
	"roll" : -1.4397858737879961,
	"x" : -0.001693054653529813,
	"y" : -0.08676359020897409,
	"yaw" : 1.3878322411001986,
	"z" : -0.17187779317194729
}
