{
	"pitch" : 1.484989879165465,
	"roll" : -1.5725400883309464,
	"x" : 0.073088611765740594,
	"y" : -0.023249107035134893,
	"yaw" : 1.2412443159845603,
	"z" : -0.1208882924787828
}
