{
	"pitch" : 1.4674117150764663,
	"roll" : -1.4502835238535241,
	"x" : -0.0068281157451896696,
	"y" : -0.091571043783682457,
	"yaw" : 1.3690867510144125,
	"z" : -0.17259104922564839
}
