{
	"pitch" : 1.4695692473962689,
	"roll" : -1.4952613077980992,
	"x" : 0.041515915898989002,
	"y" : -0.049274359353928501,
	"yaw" : 1.3143837205676172,
	"z" : -0.1695771039041078
}
