{
	"pitch" : 1.4775060983697128,
	"roll" : -1.5230077831787499,
	"x" : 0.075301243936038376,
	"y" : -0.021048264145935611,
	"yaw" : 1.2828021065601671,
	"z" : -0.22054909658771515
}
