{
	"pitch" : 1.4829569815088597,
	"roll" : -1.5744867417657746,
	"x" : 0.077504595720330111,
	"y" : -0.012165313432796239,
	"yaw" : 1.243857097258654,
	"z" : -0.1694881562634499
}
