{
	"pitch" : 1.4660329070435925,
	"roll" : -1.4553097225219418,
	"x" : 0.060770156390448818,
	"y" : -0.059829962213468438,
	"yaw" : 1.3515115100389132,
	"z" : -0.16865734301135307
}
