{
	"pitch" : 1.4780868756686285,
	"roll" : -1.5776112446786161,
	"x" : 0.076597541481247589,
	"y" : -0.011570717302557555,
	"yaw" : 1.2311525333992135,
	"z" : -0.16955466172529027
}
