{
	"pitch" : 1.4835864170864941,
	"roll" : -1.5894551668668078,
	"x" : 0.083449129974233122,
	"y" : 0.0029924915716645455,
	"yaw" : 1.2263533252588559,
	"z" : -0.21792179273307871
}
