{
	"pitch" : 1.4516617215296304,
	"roll" : -1.4199665777649393,
	"x" : 0.017575471437018854,
	"y" : -0.19592190962062389,
	"yaw" : 1.3825938067191532,
	"z" : -0.16999954650141991
}
