{
	"pitch" : 1.4579929841241441,
	"roll" : -1.4926951076816366,
	"x" : -0.0031252534424946049,
	"y" : -0.21879650518904201,
	"yaw" : 1.3090581113027018,
	"z" : -0.17172349547547727
}
