{
	"pitch" : 1.4814378112598687,
	"roll" : -1.3696103324757922,
	"x" : 0.10457213198447593,
	"y" : -0.16306497357600469,
	"yaw" : 1.4066192193591485,
	"z" : -0.16761033100558989
}
