{
	"pitch" : 1.4512468716544249,
	"roll" : -1.4082243637510012,
	"x" : 0.0050706839986456587,
	"y" : -0.23724573754693223,
	"yaw" : 1.3923394771004964,
	"z" : -0.17049049772878241
}
