{
	"pitch" : 1.4768499448971939,
	"roll" : -1.5596660673456311,
	"x" : 0.028194063156287232,
	"y" : -0.025644684914167076,
	"yaw" : 1.2609815583327295,
	"z" : -0.17014456672118297
}
