{
	"pitch" : 1.4724088826737274,
	"roll" : -1.3148063421507352,
	"x" : 0.019483264998173912,
	"y" : -0.19477267597629333,
	"yaw" : 1.4989031659342971,
	"z" : -0.26201084335522751
}
