{
	"pitch" : 1.4754405062913341,
	"roll" : -1.573444922354706,
	"x" : 0.065540970077700572,
	"y" : -0.050186029164665955,
	"yaw" : 1.2393618498578269,
	"z" : -0.1375042057764384
}
