{
	"pitch" : 1.477268500454693,
	"roll" : -1.4630459963197031,
	"x" : 0.077488269642636776,
	"y" : -0.013614805276753367,
	"yaw" : 1.3332945705826753,
	"z" : -0.1705236405327368
}
