{
	"pitch" : 1.4633756720675326,
	"roll" : -1.5958336960678734,
	"x" : -0.082276554103687408,
	"y" : -0.17817564577996073,
	"yaw" : 1.2125790938001935,
	"z" : -0.17256360199103632
}
