{
	"pitch" : 1.477925190019479,
	"roll" : -1.5327351044344624,
	"x" : 0.045737397688453058,
	"y" : -0.11047325200878859,
	"yaw" : 1.2859934214575923,
	"z" : -0.16972315200906593
}
