{
	"pitch" : 1.4872452542129777,
	"roll" : -1.3410630104781724,
	"x" : 0.12366655883816131,
	"y" : -0.033495476394536344,
	"yaw" : 1.4836018939036468,
	"z" : -0.1689749490696148
}
