{
	"pitch" : 1.4870461906143573,
	"roll" : -1.6588971259453063,
	"x" : 0.045551319907737468,
	"y" : 0.028250607466942343,
	"yaw" : 1.1632459079387845,
	"z" : -0.17135736045837729
}
