{
	"pitch" : 1.4976907596956279,
	"roll" : -1.4646383260451603,
	"x" : 0.11576396974600579,
	"y" : 0.021414683958436709,
	"yaw" : 1.3646626197043477,
	"z" : -0.17009537169569308
}
