{
	"pitch" : 1.4584686394182034,
	"roll" : -1.4291849664953629,
	"x" : 0.039813726937900223,
	"y" : -0.12997025451147001,
	"yaw" : 1.3753973716628354,
	"z" : -0.16896602455151588
}
