{
	"pitch" : 1.4723496764857296,
	"roll" : -1.4283057303317708,
	"x" : 0.10416369390343755,
	"y" : -0.1633518424573128,
	"yaw" : 1.3646820046283534,
	"z" : -0.1684896547361279
}
