{
	"pitch" : 1.4969522046649475,
	"roll" : -1.52527027228477,
	"x" : 0.092033299990428974,
	"y" : 0.036399911608212092,
	"yaw" : 1.2963832137491147,
	"z" : -0.17007251278170263
}
