{
	"pitch" : 1.4933816542986955,
	"roll" : -1.4432548801343259,
	"x" : 0.075635617668265515,
	"y" : -0.013858061050291113,
	"yaw" : 1.3682539023573232,
	"z" : -0.16824637688750857
}
