{
	"pitch" : 1.4944544427304784,
	"roll" : -1.5530454074341966,
	"x" : 0.093266042632542429,
	"y" : 0.035668251954367715,
	"yaw" : 1.267965455754777,
	"z" : -0.17594797573737955
}
