{
	"pitch" : 1.4749703925589639,
	"roll" : -1.562137922033296,
	"x" : 0.065715607758933231,
	"y" : -0.050343919839090437,
	"yaw" : 1.2508950482522809,
	"z" : -0.13816844436577291
}
