{
	"pitch" : 1.4793725936201598,
	"roll" : -1.5367671585080485,
	"x" : 0.080699980026071164,
	"y" : -0.0038975116394104111,
	"yaw" : 1.2749593854747343,
	"z" : -0.21918589128418009
}
