{
	"pitch" : 1.4849823618417661,
	"roll" : -1.665654688477133,
	"x" : 0.042842567783062876,
	"y" : 0.02574328277889561,
	"yaw" : 1.1562300172362427,
	"z" : -0.17157324714634342
}
