{
	"pitch" : 1.4749875858126524,
	"roll" : -1.5650938824714895,
	"x" : 0.065093499232698249,
	"y" : -0.05023898055602033,
	"yaw" : 1.2475501709092065,
	"z" : -0.13709643495537616
}
