{
	"pitch" : 1.4793336257136003,
	"roll" : -1.6192524403621413,
	"x" : 0.031926746292369676,
	"y" : 0.012206790094818568,
	"yaw" : 1.1984446463223741,
	"z" : -0.17029884598525957
}
