{
	"pitch" : 1.4677091953524788,
	"roll" : -1.5054233728574633,
	"x" : 0.0062457657642635001,
	"y" : -0.23121429539021704,
	"yaw" : 1.3014862150811175,
	"z" : -0.090914167093693737
}
