{
	"pitch" : 1.4580786420768312,
	"roll" : -1.4398705931463021,
	"x" : -0.064348419434808943,
	"y" : -0.26279105662660884,
	"yaw" : 1.3744171626571888,
	"z" : -0.1742109479004797
}
