{
	"pitch" : 1.4689061393489284,
	"roll" : -1.5312092481813353,
	"x" : 0.035867066518450244,
	"y" : -0.042857327718538299,
	"yaw" : 1.2787519733580341,
	"z" : -0.17015333939001837
}
