{
	"pitch" : 1.4854793687002388,
	"roll" : -1.6041384472250204,
	"x" : 0.089842917146962117,
	"y" : 0.024062148936923784,
	"yaw" : 1.2131749342640668,
	"z" : -0.20355559224644637
}
