{
	"pitch" : 1.447813130227809,
	"roll" : -1.5419537631758509,
	"x" : -0.052412828807277517,
	"y" : -0.24550184499972594,
	"yaw" : 1.2565666034438057,
	"z" : -0.17353575232472795
}
