{
	"pitch" : 1.4868239734346109,
	"roll" : -1.348282141417394,
	"x" : 0.12230510319538074,
	"y" : -0.034110804313309109,
	"yaw" : 1.4716269683959358,
	"z" : -0.16843136160506797
}
