{
	"pitch" : 1.456797900207248,
	"roll" : -1.3598127082458051,
	"x" : 0.015720589807459613,
	"y" : -0.20735876075183735,
	"yaw" : 1.4520321319486094,
	"z" : -0.27013314824751467
}
