{
	"pitch" : 1.4676348645796369,
	"roll" : -1.4458973438918552,
	"x" : 0.060515118558538861,
	"y" : -0.060373105574729621,
	"yaw" : 1.3609597001044416,
	"z" : -0.16859577402916184
}
