{
	"pitch" : 1.4574419661306337,
	"roll" : -1.3461101827254291,
	"x" : 0.014516634143186324,
	"y" : -0.20880558851710052,
	"yaw" : 1.4663919779728536,
	"z" : -0.27095652505837009
}
