{
	"pitch" : 1.4722649547523334,
	"roll" : -1.4886824980142679,
	"x" : 0.072644642606123078,
	"y" : -0.024455962384241546,
	"yaw" : 1.3115592410209387,
	"z" : -0.16945132672707378
}
