{
	"pitch" : 1.4578909245000959,
	"roll" : -1.4513226902081005,
	"x" : -0.015623446967924642,
	"y" : -0.30123825916981861,
	"yaw" : 1.3558233044139383,
	"z" : -0.16440771762387482
}
