{
	"pitch" : 1.465366917459151,
	"roll" : -1.6095286587480953,
	"x" : -0.01637275127516627,
	"y" : -0.1241502896973742,
	"yaw" : 1.2034183531507887,
	"z" : -0.17198838331670563
}
