{
	"pitch" : 1.4872887520366964,
	"roll" : -1.3295564548580714,
	"x" : 0.11958529686964944,
	"y" : -0.03768184790040937,
	"yaw" : 1.4888940316799415,
	"z" : -0.16811836540907765
}
