{
	"pitch" : 1.4717349216347579,
	"roll" : -1.4724188725612222,
	"x" : 0.068850391015187529,
	"y" : -0.062070781672843967,
	"yaw" : 1.3371929099716442,
	"z" : -0.16864121129094367
}
