{
	"pitch" : 1.4848152595300015,
	"roll" : -1.6322473543690157,
	"x" : 0.040557113918312182,
	"y" : 0.023229586018076731,
	"yaw" : 1.1924783578266542,
	"z" : -0.17152918832627323
}
