{
	"pitch" : 1.4782135135926648,
	"roll" : -1.5170190644947026,
	"x" : 0.066014899359394225,
	"y" : -0.044858665128211156,
	"yaw" : 1.2949646439108846,
	"z" : -0.13188894959614689
}
