{
	"pitch" : 1.4531250615205595,
	"roll" : -1.4020881619649943,
	"x" : 0.017660203902916671,
	"y" : -0.19413859350151055,
	"yaw" : 1.4000924729628161,
	"z" : -0.17004820282927316
}
