{
	"pitch" : 1.4698756854431363,
	"roll" : -1.5958362113437543,
	"x" : 0.035239859096248258,
	"y" : -0.038839603600331972,
	"yaw" : 1.2220671249541919,
	"z" : -0.17015050423805522
}
