{
	"pitch" : 1.4914353751977376,
	"roll" : -1.6046719061441068,
	"x" : 0.084653776244979995,
	"y" : 0.01204485415717536,
	"yaw" : 1.2110633569177118,
	"z" : -0.12651433171503296
}
