{
	"pitch" : 1.49621708115491,
	"roll" : -1.4870078063986187,
	"x" : 0.079010383371092965,
	"y" : 0.039895151462844128,
	"yaw" : 1.347869174740735,
	"z" : -0.17083392722700111
}
