{
	"pitch" : 1.4725904424206127,
	"roll" : -1.5202156779821161,
	"x" : 0.066806632281093389,
	"y" : -0.044210254786638092,
	"yaw" : 1.2864330699673379,
	"z" : -0.1696927807394949
}
