{
	"pitch" : 1.4830829786953308,
	"roll" : -1.5940844749442176,
	"x" : 0.083322269732410775,
	"y" : 0.0033416314208473252,
	"yaw" : 1.2219570583554391,
	"z" : -0.21781812569066208
}
