{
	"pitch" : 1.4913571002520176,
	"roll" : -1.4954533789838407,
	"x" : 0.05167351631433631,
	"y" : -0.038606975837909493,
	"yaw" : 1.3253534544061205,
	"z" : -0.16948530298285064
}
