{
	"pitch" : 1.5029305861017332,
	"roll" : -1.4860662057237932,
	"x" : 0.10779821041527457,
	"y" : 0.029615806620278438,
	"yaw" : 1.3447093697980645,
	"z" : -0.16996149060539242
}
