{
	"pitch" : 1.5511033925622457,
	"roll" : -0.6561751653321235,
	"x" : 0.098844757165367253,
	"y" : -0.17935083598761906,
	"yaw" : 2.1083925144517308,
	"z" : -0.16687759742191466
}
