{
	"pitch" : 1.4513985228215096,
	"roll" : -1.4282866253287716,
	"x" : -0.0033596376162653985,
	"y" : -0.26688909866126875,
	"yaw" : 1.3748141877149445,
	"z" : -0.17186031120376363
}
