{
	"pitch" : 1.4830228978480313,
	"roll" : -1.3809475349756337,
	"x" : 0.033945746200214115,
	"y" : -0.14921455589223867,
	"yaw" : 1.4270602294549306,
	"z" : -0.23881056831142664
}
