{
	"pitch" : 1.4884077617481843,
	"roll" : -1.3971522379473995,
	"x" : 0.0081270300086778019,
	"y" : -0.084413544024022458,
	"yaw" : 1.4268943679136283,
	"z" : -0.1677760618233175
}
