{
	"pitch" : 1.4569073698008845,
	"roll" : -1.3683502817900313,
	"x" : 0.015611456871313545,
	"y" : -0.20773589660360461,
	"yaw" : 1.4438296744321268,
	"z" : -0.27059265962616014
}
