{
	"pitch" : 1.4946250849884157,
	"roll" : -1.4355534285812177,
	"x" : 0.12590599225139792,
	"y" : 0.0029594784104303839,
	"yaw" : 1.3909106760069498,
	"z" : -0.16993179799054584
}
