{
	"pitch" : 1.4550320836083039,
	"roll" : -1.5420684469441535,
	"x" : -0.017536369993248674,
	"y" : -0.22664284675912699,
	"yaw" : 1.260250157632814,
	"z" : -0.17200701257507942
}
