{
	"pitch" : 1.4751979353401494,
	"roll" : -1.5863969538299536,
	"x" : 0.029728988057154473,
	"y" : -0.029176354254611174,
	"yaw" : 1.2327405446699224,
	"z" : -0.17020778742109757
}
