{
	"pitch" : 1.454266492675711,
	"roll" : -1.4060893138564088,
	"x" : -0.012287916365761972,
	"y" : -0.29121503846191249,
	"yaw" : 1.4069014409671179,
	"z" : -0.15500516692003494
}
