{
	"pitch" : 1.4801263186342009,
	"roll" : -1.6284699250048023,
	"x" : 0.026209364468587237,
	"y" : -0.0050650522395455418,
	"yaw" : 1.1900926857322232,
	"z" : -0.17063393585977388
}
