{
	"pitch" : 1.481071169793289,
	"roll" : -1.6805626274873506,
	"x" : 0.030674508039538195,
	"y" : 0.0060298400352776158,
	"yaw" : 1.1401244396155159,
	"z" : -0.1709575171246257
}
