{
	"pitch" : 1.460565510192483,
	"roll" : -1.4003954618788506,
	"x" : 0.02054550751240105,
	"y" : -0.19193724888749084,
	"yaw" : 1.4185089075769828,
	"z" : -0.2552289926329423
}
