{
	"pitch" : 1.4730627752275556,
	"roll" : -1.57865426398287,
	"x" : 0.040067691423883348,
	"y" : -0.046396062321481982,
	"yaw" : 1.2410793733320202,
	"z" : -0.16995288835403682
}
