{
	"pitch" : 1.4918151554462618,
	"roll" : -1.4432560387458515,
	"x" : 0.128843666567976,
	"y" : -0.014366880654519595,
	"yaw" : 1.3779343738651066,
	"z" : -0.16927165829855731
}
