{
	"pitch" : 1.4633038759019621,
	"roll" : -1.3226066466832267,
	"x" : 0.027458851503159215,
	"y" : -0.16498210170221839,
	"yaw" : 1.4920281466224139,
	"z" : -0.22530291325333507
}
