{
	"pitch" : 1.4921389630129069,
	"roll" : -1.5118042693758957,
	"x" : 0.081635856045916305,
	"y" : 0.0044439474487219799,
	"yaw" : 1.301875283312069,
	"z" : -0.12228206950315458
}
