{
	"pitch" : 1.4599461034844448,
	"roll" : -1.6112362909640567,
	"x" : -0.082945157532183511,
	"y" : -0.17999568461362028,
	"yaw" : 1.1965285988825765,
	"z" : -0.17395528573836314
}
