{
	"pitch" : 1.4667187696286283,
	"roll" : -1.4458781571487858,
	"x" : 0.054350936689920963,
	"y" : -0.057899392479718377,
	"yaw" : 1.3666546011128791,
	"z" : -0.16898603810517376
}
