{
	"pitch" : 1.4513270385830264,
	"roll" : -1.338735546455933,
	"x" : 0.061833596251907916,
	"y" : -0.30164349412030605,
	"yaw" : 1.465742836567524,
	"z" : -0.17032634530598065
}
