{
	"pitch" : 1.496357035144527,
	"roll" : -1.503489132954527,
	"x" : 0.079154611558291718,
	"y" : 0.039894166610417447,
	"yaw" : 1.3302611893033323,
	"z" : -0.1708454568115628
}
