{
	"pitch" : 1.4831187172595757,
	"roll" : -1.3576458163095753,
	"x" : 0.03347519881303862,
	"y" : -0.15067425521934136,
	"yaw" : 1.4499851825002685,
	"z" : -0.2393857044276744
}
