{
	"pitch" : 1.4589820612940259,
	"roll" : -1.4529414720958174,
	"x" : 0.037336864774419429,
	"y" : -0.13764155733651859,
	"yaw" : 1.3524168443991249,
	"z" : -0.16953566681808077
}
