{
	"pitch" : 1.4771067693149438,
	"roll" : -1.5148480173541845,
	"x" : 0.065131830602022781,
	"y" : -0.047587373399131515,
	"yaw" : 1.297381075256627,
	"z" : -0.13424532050349638
}
