{
	"pitch" : 1.4989296100302691,
	"roll" : -1.5324652533077818,
	"x" : 0.085539252223902698,
	"y" : 0.03855375101999698,
	"yaw" : 1.3012044966243814,
	"z" : -0.17072081944167922
}
