{
	"pitch" : 1.497735763339185,
	"roll" : -1.5269948772756872,
	"x" : 0.088195484628962442,
	"y" : 0.038497041987294478,
	"yaw" : 1.3076408607752947,
	"z" : -0.17111816888158035
}
