{
	"pitch" : 1.4910218689186403,
	"roll" : -1.5732623482335579,
	"x" : 0.077068633012694912,
	"y" : -0.013174012394781314,
	"yaw" : 1.2441808249967417,
	"z" : -0.17032496554611895
}
