{
	"pitch" : 1.4976867936376033,
	"roll" : -1.3861948722742099,
	"x" : 0.12402219305206194,
	"y" : 0.0085910174619786717,
	"yaw" : 1.4372142137526311,
	"z" : -0.1694152770454555
}
