{
	"pitch" : 1.4978749601053929,
	"roll" : -1.507300523748798,
	"x" : 0.070861800146134329,
	"y" : -0.029306190424587961,
	"yaw" : 1.313114237448878,
	"z" : -0.17890333508416328
}
