{
	"pitch" : 1.461946317142502,
	"roll" : -1.3102332451919168,
	"x" : 0.111537475847169,
	"y" : -0.24048924772170935,
	"yaw" : 1.5008400517639078,
	"z" : -0.16787497069347715
}
