{
	"pitch" : 1.4782607646402601,
	"roll" : -1.6997503068334596,
	"x" : 0.028913034551620323,
	"y" : 0.0022806128527621955,
	"yaw" : 1.1200934692399629,
	"z" : -0.17113187234143407
}
