{
	"pitch" : 1.4837326186461817,
	"roll" : -1.5787737537438122,
	"x" : 0.084580521769429401,
	"y" : 0.0065470918556907454,
	"yaw" : 1.2373170189118388,
	"z" : -0.21651482139041639
}
