{
	"pitch" : 1.4959590933834026,
	"roll" : -1.3678605554458396,
	"x" : 0.12175490856228666,
	"y" : 0.012107575897484924,
	"yaw" : 1.4571610012186924,
	"z" : -0.16911618262435069
}
