{
	"pitch" : 1.4686378789376902,
	"roll" : -1.4789513800967757,
	"x" : 0.049926180673362228,
	"y" : -0.10290636124788294,
	"yaw" : 1.329020186085375,
	"z" : -0.16936485232221191
}
