{
	"pitch" : 1.4865705811314447,
	"roll" : -1.3915186810027762,
	"x" : 0.11659023570398613,
	"y" : -0.043656734241875571,
	"yaw" : 1.426219658626086,
	"z" : -0.16860170998456592
}
