{
	"pitch" : 1.4946847628795903,
	"roll" : -1.5744779022274145,
	"x" : 0.081902314530373263,
	"y" : 0.039289837514097425,
	"yaw" : 1.2553272053620532,
	"z" : -0.17095141523957202
}
