{
	"pitch" : 1.4703996890247764,
	"roll" : -1.4871409754549163,
	"x" : 0.053218275715017874,
	"y" : -0.056085173476226838,
	"yaw" : 1.3295642602783391,
	"z" : -0.16894296445863885
}
