{
	"pitch" : 1.4526934941098415,
	"roll" : -1.5164031426439737,
	"x" : -0.026871810644796906,
	"y" : -0.23059275464624623,
	"yaw" : 1.2847620078240909,
	"z" : -0.17225087106092146
}
