{
	"pitch" : 1.4865288633794471,
	"roll" : -1.5049944210906985,
	"x" : 0.076069382186289225,
	"y" : -0.012706459109772656,
	"yaw" : 1.3099839882438786,
	"z" : -0.11881465022326641
}
