{
	"pitch" : 1.4690291861006426,
	"roll" : -1.5822627694529512,
	"x" : 0.031831774009450975,
	"y" : -0.035985793232595598,
	"yaw" : 1.2254917380847643,
	"z" : -0.17026423267334048
}
