{
	"pitch" : 1.4702656688510753,
	"roll" : -1.4444414143144515,
	"x" : 0.065899800570503431,
	"y" : -0.062172707836643179,
	"yaw" : 1.3709458020243244,
	"z" : -0.16912738533334282
}
