{
	"pitch" : 1.4800115764498989,
	"roll" : -1.4275746133868659,
	"x" : 0.086565155731838025,
	"y" : -0.061717699037880526,
	"yaw" : 1.3892427539742327,
	"z" : -0.16851514738621751
}
