{
	"pitch" : 1.4706366449432506,
	"roll" : -1.4776518103275105,
	"x" : 0.065833218914921318,
	"y" : -0.046858774918881102,
	"yaw" : 1.3207510692426265,
	"z" : -0.16984035427136682
}
