{
	"pitch" : 1.4790879835656041,
	"roll" : -1.6748663490733207,
	"x" : 0.029178196027087634,
	"y" : 0.0035137888921081498,
	"yaw" : 1.1457455333968154,
	"z" : -0.17089772053399155
}
