{
	"pitch" : 1.4731185928237145,
	"roll" : -1.464660125468811,
	"x" : 0.061489971331164003,
	"y" : -0.065600074729509669,
	"yaw" : 1.3385673809270471,
	"z" : -0.16930700933813903
}
