{
	"pitch" : 1.4744663095997372,
	"roll" : -1.5230752558369813,
	"x" : 0.044779018226491843,
	"y" : -0.11088720878611451,
	"yaw" : 1.2928488296604677,
	"z" : -0.16933822172598109
}
