{
	"pitch" : 1.4656341504361783,
	"roll" : -1.5202582792880786,
	"x" : 0.063864968311186626,
	"y" : -0.05549780484527253,
	"yaw" : 1.285253738820195,
	"z" : -0.19115965417520378
}
