{
	"pitch" : 1.4767820487932986,
	"roll" : -1.5135384820284088,
	"x" : -0.003488981032286953,
	"y" : -0.095990073613690302,
	"yaw" : 1.3042625791277673,
	"z" : -0.17018987533654387
}
