{
	"pitch" : 1.4769514664160697,
	"roll" : -1.575444683925169,
	"x" : 0.04061924694095885,
	"y" : -0.12739869958630137,
	"yaw" : 1.2423766422191607,
	"z" : -0.15404925894238569
}
