{
	"pitch" : 1.4534665184739346,
	"roll" : -1.4321586944344491,
	"x" : 0.014643628042546625,
	"y" : -0.20863489962309359,
	"yaw" : 1.3696446092444245,
	"z" : -0.17107966287867926
}
