{
	"pitch" : 1.4837939310052615,
	"roll" : -1.545160614513347,
	"x" : 0.084948406593450404,
	"y" : 0.0087592571240225105,
	"yaw" : 1.2700634845407017,
	"z" : -0.21511864951867737
}
