{
	"pitch" : 1.4934833832612919,
	"roll" : -1.5152816991146649,
	"x" : 0.09242261502604926,
	"y" : 0.037289464966779894,
	"yaw" : 1.3124939222308569,
	"z" : -0.17130575816902779
}
