{
	"pitch" : 1.4834214234076506,
	"roll" : -1.6078400301960567,
	"x" : 0.090952188810593845,
	"y" : 0.024786405344260722,
	"yaw" : 1.2107331491067848,
	"z" : -0.20271305890508184
}
