{
	"pitch" : 1.4504955677189535,
	"roll" : -1.440254167323759,
	"x" : 0.017665353536543985,
	"y" : -0.1977840341587751,
	"yaw" : 1.3625477414097971,
	"z" : -0.16997800995645815
}
