{
	"pitch" : 1.4750705782079918,
	"roll" : -1.562330319582258,
	"x" : 0.0651614724066302,
	"y" : -0.050193832950542645,
	"yaw" : 1.2503986580313247,
	"z" : -0.13709494796725302
}
