{
	"pitch" : 1.4662385325857064,
	"roll" : -1.4079130345105528,
	"x" : 0.094289477836722729,
	"y" : -0.20682640095098911,
	"yaw" : 1.4005147132884572,
	"z" : -0.16850953312440081
}
