{
	"pitch" : 1.4848151431284768,
	"roll" : -1.4588583084764957,
	"x" : 0.03594101917257022,
	"y" : -0.13825726843776182,
	"yaw" : 1.3481369946947137,
	"z" : -0.23263251832071097
}
