{
	"pitch" : 1.4803614870111752,
	"roll" : -1.5314381501937537,
	"x" : 0.044173752045156056,
	"y" : -0.11302718113464884,
	"yaw" : 1.2873918926206567,
	"z" : -0.16828933511274022
}
