{
	"pitch" : 1.4780089817858322,
	"roll" : -1.50085222002095,
	"x" : 0.044545330549802684,
	"y" : -0.11231752961558271,
	"yaw" : 1.3157016208379917,
	"z" : -0.16944644822796695
}
