{
	"pitch" : 1.4758751684673872,
	"roll" : -1.5247051903358699,
	"x" : 0.072608464691261837,
	"y" : -0.029462414638646676,
	"yaw" : 1.2824082444532372,
	"z" : -0.21679954820562519
}
