{
	"pitch" : 1.4661674279715675,
	"roll" : -1.4526819462308498,
	"x" : 0.039888840433696768,
	"y" : -0.12666685328732133,
	"yaw" : 1.3593237397973947,
	"z" : -0.18607988152504359
}
