{
	"pitch" : 1.4688565288297024,
	"roll" : -1.5708643302115004,
	"x" : 0.013780479665281231,
	"y" : -0.13253823498149656,
	"yaw" : 1.240169452763705,
	"z" : -0.17125607967223036
}
