{
	"pitch" : 1.4915379280249894,
	"roll" : -1.4293607075774477,
	"x" : 0.12848725452867898,
	"y" : -0.01582653958854377,
	"yaw" : 1.3913128243054611,
	"z" : -0.1691346121404749
}
