{
	"pitch" : 1.4790578232825264,
	"roll" : -1.4189944734966964,
	"x" : 0.10335120642520071,
	"y" : -0.055679434177994855,
	"yaw" : 1.4038970810947464,
	"z" : -0.16855654274927642
}
