{
	"pitch" : 1.4833080117088755,
	"roll" : -1.5509179598017504,
	"x" : 0.073794990982392616,
	"y" : -0.019756713923118015,
	"yaw" : 1.2628180474167159,
	"z" : -0.11957632012041755
}
