{
	"pitch" : 1.4711207781868714,
	"roll" : -1.5142614790293056,
	"x" : 0.066739578448311951,
	"y" : -0.06163161123421404,
	"yaw" : 1.294962861298087,
	"z" : -0.16854346347651952
}
