{
	"pitch" : 1.4704788565365929,
	"roll" : -1.6608799378432078,
	"x" : 0.028614922283130999,
	"y" : -0.022671586111669813,
	"yaw" : 1.1537565253320223,
	"z" : -0.17030925314082512
}
