{
	"pitch" : 1.4530465953694411,
	"roll" : -1.477060470867833,
	"x" : 0.014885549504101085,
	"y" : -0.20892125739015904,
	"yaw" : 1.324788177239441,
	"z" : -0.17114526796201332
}
