{
	"pitch" : 1.4805387233081873,
	"roll" : -1.5160708574270929,
	"x" : 0.068288958959855414,
	"y" : -0.037120927528859732,
	"yaw" : 1.295089751681344,
	"z" : -0.12565119982955247
}
