{
	"pitch" : 1.4794756482943034,
	"roll" : -1.5114549680207634,
	"x" : 0.044628523839997797,
	"y" : -0.11242976203175827,
	"yaw" : 1.3064197208273689,
	"z" : -0.16897618212939708
}
