{
	"pitch" : 1.4540106157386004,
	"roll" : -1.4220625779460525,
	"x" : 0.0052815202765604807,
	"y" : -0.23762300603126763,
	"yaw" : 1.381156021352123,
	"z" : -0.17105305493854878
}
