{
	"pitch" : 1.494594461701974,
	"roll" : -1.5364616458443774,
	"x" : 0.068445973634479074,
	"y" : 0.038698695310579422,
	"yaw" : 1.2930486485668657,
	"z" : -0.171244765882899
}
