{
	"pitch" : 1.4528290606035623,
	"roll" : -1.4612730263931086,
	"x" : 0.022364157431916526,
	"y" : -0.18180885884064493,
	"yaw" : 1.3447055864549984,
	"z" : -0.17025121857083936
}
