{
	"pitch" : 1.4718508118813991,
	"roll" : -1.5077632696298249,
	"x" : 0.050816170371209085,
	"y" : -0.054526908606557054,
	"yaw" : 1.3087609614131945,
	"z" : -0.16901396526793924
}
