{
	"pitch" : 1.4877101101921473,
	"roll" : -1.6075088367127444,
	"x" : 0.051119717218845964,
	"y" : 0.031527896820534869,
	"yaw" : 1.2233707398247784,
	"z" : -0.1716418623614403
}
