{
	"pitch" : 1.4592585594591543,
	"roll" : -1.3792328658953796,
	"x" : 0.045574200936117193,
	"y" : -0.11050191156873655,
	"yaw" : 1.4203685503217887,
	"z" : -0.16855708270044725
}
