{
	"pitch" : 1.4651594856565038,
	"roll" : -1.5954633572156902,
	"x" : -0.0034204639096575701,
	"y" : -0.12782884882753381,
	"yaw" : 1.2155938592741475,
	"z" : -0.17179432320384988
}
