{
	"pitch" : 1.4700233920168555,
	"roll" : -1.5927316659396513,
	"x" : 0.032974045874723135,
	"y" : -0.035359882207115521,
	"yaw" : 1.2165018238051457,
	"z" : -0.17021748421279509
}
