{
	"pitch" : 1.488669393241296,
	"roll" : -1.5413054370444703,
	"x" : 0.078785209844484533,
	"y" : -0.0044321208264963777,
	"yaw" : 1.2720516948842548,
	"z" : -0.11891163535645966
}
