{
	"pitch" : 1.4773593645028167,
	"roll" : -1.4104187336311549,
	"x" : 0.06705865207341076,
	"y" : -0.040893726180712443,
	"yaw" : 1.394655421692103,
	"z" : -0.16913767463835377
}
