{
	"pitch" : 1.4813985478377161,
	"roll" : -1.3689040976005098,
	"x" : 0.090584676864274169,
	"y" : -0.060723260652632595,
	"yaw" : 1.455908809864753,
	"z" : -0.16810958465624853
}
