{
	"pitch" : 1.4706118871238321,
	"roll" : -1.4867577401820646,
	"x" : 0.065600937547123608,
	"y" : -0.050236628369905237,
	"yaw" : 1.3190886733704197,
	"z" : -0.20153895821653883
}
