{
	"pitch" : 1.496237926000265,
	"roll" : -1.5438605874445985,
	"x" : 0.092795446179982588,
	"y" : 0.036128999287295814,
	"yaw" : 1.276873142466832,
	"z" : -0.1718638334331806
}
