{
	"pitch" : 1.4542602103062701,
	"roll" : -1.409170476593949,
	"x" : 0.01411851370321842,
	"y" : -0.20736882309974353,
	"yaw" : 1.3931044297751467,
	"z" : -0.17044013660060156
}
