{
	"pitch" : 1.4915214320926111,
	"roll" : -1.4154042239900992,
	"x" : 0.070116317678405995,
	"y" : -0.029921417462623744,
	"yaw" : 1.4004164300461581,
	"z" : -0.16806946129285019
}
