{
	"pitch" : 1.4791603342411819,
	"roll" : -1.4944600528742777,
	"x" : 0.073450738601956111,
	"y" : -0.019584723045918139,
	"yaw" : 1.3121555755934009,
	"z" : -0.21978356623730572
}
