{
	"pitch" : 1.4552624005450912,
	"roll" : -1.3571357268875581,
	"x" : 0.017788975313463504,
	"y" : -0.19855929350179963,
	"yaw" : 1.4544054738895975,
	"z" : -0.26135891094494001
}
