{
	"pitch" : 1.479650445349725,
	"roll" : -1.3592644906406668,
	"x" : 0.091520275208831742,
	"y" : -0.060407804720849737,
	"yaw" : 1.4648710818569304,
	"z" : -0.16817065751505866
}
