{
	"pitch" : 1.4889851722156411,
	"roll" : -1.650771920253268,
	"x" : 0.045064306935096915,
	"y" : 0.027302343520755792,
	"yaw" : 1.1772188441205718,
	"z" : -0.17131444493620027
}
