{
	"pitch" : 1.4812659981215164,
	"roll" : -1.3504591283077303,
	"x" : 0.10914930647062804,
	"y" : -0.051201424829151111,
	"yaw" : 1.4718196077891523,
	"z" : -0.16842559098465087
}
