{
	"pitch" : 1.4919465671676437,
	"roll" : -1.6128255285753388,
	"x" : 0.088158117581686193,
	"y" : 0.022140957221084522,
	"yaw" : 1.2045740916747516,
	"z" : -0.13538796518618851
}
