{
	"pitch" : 1.4898720493346675,
	"roll" : -1.5781465586065733,
	"x" : 0.076576533465613161,
	"y" : -0.013099582245644507,
	"yaw" : 1.238957027641967,
	"z" : -0.17007530368666759
}
