{
	"pitch" : 1.4511303244800684,
	"roll" : -1.3058157743334722,
	"x" : 0.061014037571462565,
	"y" : -0.30182016774707893,
	"yaw" : 1.4972726138525674,
	"z" : -0.1702997608974294
}
