{
	"pitch" : 1.4636448583226718,
	"roll" : -1.4956713320546542,
	"x" : 0.043183305220713376,
	"y" : -0.12030925836285526,
	"yaw" : 1.3070060445440022,
	"z" : -0.16921889019456732
}
