{
	"pitch" : 1.5001910132561167,
	"roll" : -1.5750297657661687,
	"x" : 0.099898825919104164,
	"y" : 0.033883000946685837,
	"yaw" : 1.2550963612207855,
	"z" : -0.17064069577079613
}
