{
	"pitch" : 1.4834775702062426,
	"roll" : -1.6516120219338477,
	"x" : 0.042750826099162427,
	"y" : 0.026168081091077357,
	"yaw" : 1.1696643130646862,
	"z" : -0.17162651052514516
}
