{
	"pitch" : 1.4936983711258442,
	"roll" : -1.5240035495190454,
	"x" : 0.074512477545162659,
	"y" : -0.014693032940401123,
	"yaw" : 1.2994258196563393,
	"z" : -0.16979963935851503
}
