{
	"pitch" : 1.486457605247506,
	"roll" : -1.4547264608495953,
	"x" : 0.052314080088478737,
	"y" : -0.036201240231062609,
	"yaw" : 1.3652751931593043,
	"z" : -0.1700086684512275
}
