{
	"pitch" : 1.4792068437821908,
	"roll" : -1.6484983872060008,
	"x" : 0.026715697083227387,
	"y" : -0.0047210003295366822,
	"yaw" : 1.1697231142951088,
	"z" : -0.17074560605490988
}
