{
	"pitch" : 1.4520776592401334,
	"roll" : -1.4168053057601551,
	"x" : 0.0002152965234181875,
	"y" : -0.25268107820777652,
	"yaw" : 1.3853818853686102,
	"z" : -0.17175704939021441
}
