{
	"pitch" : 1.4606863101776111,
	"roll" : -1.3604279840048172,
	"x" : 0.075185136202169184,
	"y" : -0.25263798894369299,
	"yaw" : 1.4434860632093582,
	"z" : -0.16920170105275048
}
