{
	"pitch" : 1.4818740795592986,
	"roll" : -1.5531361322365131,
	"x" : 0.079168950811288399,
	"y" : -0.0099913182498639272,
	"yaw" : 1.2593665503352931,
	"z" : -0.22013916194434216
}
