{
	"pitch" : 1.4718535986779091,
	"roll" : -1.4677347911267971,
	"x" : 0.069832575207953135,
	"y" : -0.062480432663470878,
	"yaw" : 1.3412395873933733,
	"z" : -0.16881780840736849
}
