{
	"pitch" : 1.4789167050255403,
	"roll" : -1.6332034125670971,
	"x" : 0.027597883551508065,
	"y" : -0.0098934693086048277,
	"yaw" : 1.1871338797945019,
	"z" : -0.17101542369971012
}
