{
	"pitch" : 1.4527451699291336,
	"roll" : -1.4310083172131052,
	"x" : 0.013724868943854558,
	"y" : -0.20796073458191949,
	"yaw" : 1.3707549242630863,
	"z" : -0.17085302352775353
}
