{
	"pitch" : 1.4757724603454196,
	"roll" : -1.4703548885732503,
	"x" : 0.061434997777848104,
	"y" : -0.020305619057569814,
	"yaw" : 1.3434082488870303,
	"z" : -0.16981534817740765
}
