{
	"pitch" : 1.4956204229020791,
	"roll" : -1.5709526854769016,
	"x" : 0.09276613266297036,
	"y" : 0.03508575034449142,
	"yaw" : 1.2498309722310443,
	"z" : -0.18084147611125259
}
