{
	"pitch" : 1.4932298838083169,
	"roll" : -1.3245998149184153,
	"x" : 0.12731971194163899,
	"y" : -0.0055647604408474716,
	"yaw" : 1.495291921640066,
	"z" : -0.16850732874599128
}
