{
	"pitch" : 1.4800467633434748,
	"roll" : -1.6249231381025455,
	"x" : 0.03178007947385391,
	"y" : 0.010926939116120677,
	"yaw" : 1.1936409270721757,
	"z" : -0.17057741966762802
}
