{
	"pitch" : 1.4841474836622559,
	"roll" : -1.4673654039166211,
	"x" : 0.035358569019226203,
	"y" : -0.14095307007722416,
	"yaw" : 1.3411783642906836,
	"z" : -0.23476493430034193
}
