{
	"pitch" : 1.4775118529141267,
	"roll" : -1.5334294890063906,
	"x" : 0.045714289469602258,
	"y" : -0.11042041418707182,
	"yaw" : 1.2852802160038741,
	"z" : -0.16968203766837336
}
