{
	"pitch" : 1.4432798835476117,
	"roll" : -1.3777221870316854,
	"x" : -0.01644497984577159,
	"y" : -0.30719740871746576,
	"yaw" : 1.423816647908315,
	"z" : -0.17419754072000138
}
