{
	"pitch" : 1.4919512670468937,
	"roll" : -1.478865491344546,
	"x" : 0.075540831560701044,
	"y" : -0.012378282814036346,
	"yaw" : 1.3412825717249355,
	"z" : -0.16916553452423497
}
