{
	"pitch" : 1.4971499242967194,
	"roll" : -1.5077809106354938,
	"x" : 0.08794528186509816,
	"y" : 0.038610378557582578,
	"yaw" : 1.3275886513608424,
	"z" : -0.17100930166268993
}
