{
	"pitch" : 1.482362477593572,
	"roll" : -1.4020598054699456,
	"x" : 0.099598477764795773,
	"y" : -0.057005287963251342,
	"yaw" : 1.4204327571923054,
	"z" : -0.16876169568371391
}
