{
	"pitch" : 1.4544898912983761,
	"roll" : -1.4442249933880087,
	"x" : -0.012788154789809741,
	"y" : -0.30618246243682323,
	"yaw" : 1.3600127184529742,
	"z" : -0.17304051200631868
}
