{
	"pitch" : 1.4831660137799654,
	"roll" : -1.6132836045726362,
	"x" : 0.090798673309548827,
	"y" : 0.024538923938616706,
	"yaw" : 1.2048841749596362,
	"z" : -0.20334758663074204
}
