{
	"pitch" : 1.4492956183138888,
	"roll" : -1.5524393275327379,
	"x" : -0.054186399252582909,
	"y" : -0.24623046985379346,
	"yaw" : 1.2487797565638108,
	"z" : -0.17341664420797392
}
