{
	"pitch" : 1.4624905106162669,
	"roll" : -1.5184448174471534,
	"x" : 0.023786372323846644,
	"y" : -0.11971538542010446,
	"yaw" : 1.2877612159746057,
	"z" : -0.17089764071106187
}
