{
	"pitch" : 1.4723256827738787,
	"roll" : -1.5150932536593837,
	"x" : 0.067986008711488591,
	"y" : -0.038713025771821008,
	"yaw" : 1.2857834735045035,
	"z" : -0.1703942366234687
}
