{
	"pitch" : 1.4725102705061532,
	"roll" : -1.5561580683767038,
	"x" : 0.076706315135644992,
	"y" : -0.013869792750161654,
	"yaw" : 1.2442959473148876,
	"z" : -0.17012757241342361
}
