{
	"pitch" : 1.4827791634600971,
	"roll" : -1.4442017836360319,
	"x" : 0.068566479434456887,
	"y" : -0.01606088341483573,
	"yaw" : 1.3724774949850784,
	"z" : -0.1689018776124345
}
