{
	"pitch" : 1.45147836051817,
	"roll" : -1.4082622316017066,
	"x" : 0.01875603282953401,
	"y" : -0.19301678809281581,
	"yaw" : 1.3942836819778324,
	"z" : -0.1697551846671097
}
