{
	"pitch" : 1.4680197022126704,
	"roll" : -1.5260015162742426,
	"x" : 0.064750580250156217,
	"y" : -0.054231914266822251,
	"yaw" : 1.2804575764590549,
	"z" : -0.19480070030348842
}
