{
	"pitch" : 1.489195474919744,
	"roll" : -1.4107065929707623,
	"x" : 0.069167800655398542,
	"y" : -0.016132163338370038,
	"yaw" : 1.4083183211728418,
	"z" : -0.16881347776520231
}
