{
	"pitch" : 1.4932832186110492,
	"roll" : -1.6424629582862202,
	"x" : 0.094126717855692765,
	"y" : 0.034282918786946885,
	"yaw" : 1.1796284532660859,
	"z" : -0.15946717851212386
}
