{
	"pitch" : 1.4910057550431874,
	"roll" : -1.6244145412879278,
	"x" : 0.08461385261804491,
	"y" : 0.010698884707188909,
	"yaw" : 1.1918306641125236,
	"z" : -0.1262050999067138
}
