{
	"pitch" : 1.4719552537185672,
	"roll" : -1.6823667572910539,
	"x" : 0.026970735825846928,
	"y" : -0.014521775929457113,
	"yaw" : 1.1338779687724392,
	"z" : -0.17178520162140876
}
