{
	"pitch" : 1.4685664503706406,
	"roll" : -1.4818167359438081,
	"x" : 0.00069670934286461539,
	"y" : -0.24578021935041328,
	"yaw" : 1.3304558343923467,
	"z" : -0.1069668891963363
}
