{
	"pitch" : 1.4655056393818378,
	"roll" : -1.4881220317840009,
	"x" : -0.0048483259914941929,
	"y" : -0.26450780405770091,
	"yaw" : 1.3252418981385086,
	"z" : -0.12846931132628631
}
