{
	"pitch" : 1.4759344158692433,
	"roll" : -1.5646439633474578,
	"x" : 0.028331033117895414,
	"y" : -0.026608020639061543,
	"yaw" : 1.2549417560443334,
	"z" : -0.17021621918876578
}
