{
	"pitch" : 1.4796861515030928,
	"roll" : -1.5512745167753554,
	"x" : 0.076361916004808669,
	"y" : -0.017677442135181021,
	"yaw" : 1.2580892639037822,
	"z" : -0.22057386437002774
}
