{
	"pitch" : 1.4748326077976559,
	"roll" : -1.4679820606777105,
	"x" : 0.061585852399948599,
	"y" : -0.058749461919667428,
	"yaw" : 1.3475468164712257,
	"z" : -0.15223408669140165
}
