{
	"pitch" : 1.4731084286425331,
	"roll" : -1.4207658834669639,
	"x" : 0.10298231977703164,
	"y" : -0.16283536600955203,
	"yaw" : 1.3734466286515776,
	"z" : -0.16834079814977304
}
