{
	"pitch" : 1.4629306049626796,
	"roll" : -1.3472782985400076,
	"x" : 0.028577714898005181,
	"y" : -0.15941697701126628,
	"yaw" : 1.4673030118066275,
	"z" : -0.21955978210816957
}
