{
	"pitch" : 1.4570080143244775,
	"roll" : -1.3688356764471308,
	"x" : 0.015710628862025691,
	"y" : -0.2081308249505992,
	"yaw" : 1.4441020411629231,
	"z" : -0.27079710408833774
}
