{
	"pitch" : 1.4640892659588656,
	"roll" : -1.5019905903660347,
	"x" : -0.0019227019462567801,
	"y" : -0.25721058692873183,
	"yaw" : 1.3133449246332953,
	"z" : -0.11914921187192898
}
