{
	"pitch" : 1.487478533599792,
	"roll" : -1.5735408247644052,
	"x" : 0.081590185062903095,
	"y" : -0.00066822857760792144,
	"yaw" : 1.2401532403725739,
	"z" : -0.12067437784659849
}
