{
	"pitch" : 1.4833225722514878,
	"roll" : -1.5871878228137088,
	"x" : 0.070201037311913211,
	"y" : -0.029176745716434895,
	"yaw" : 1.2255235341473789,
	"z" : -0.12226734651115817
}
