{
	"pitch" : 1.4860596535146955,
	"roll" : -1.3296176151256298,
	"x" : 0.12161848172092515,
	"y" : -0.035014472877949239,
	"yaw" : 1.4893196555698709,
	"z" : -0.1680611781982343
}
