{
	"pitch" : 1.492443470515852,
	"roll" : -1.5314973758799506,
	"x" : 0.037903805722306193,
	"y" : -0.054014535059677675,
	"yaw" : 1.2928038014788252,
	"z" : -0.16927585931267711
}
