{
	"pitch" : 1.4948514695220427,
	"roll" : -1.3017859792977391,
	"x" : 0.12742416060589618,
	"y" : -0.0064900601908270822,
	"yaw" : 1.5191269588451777,
	"z" : -0.16838692143947992
}
