{
	"pitch" : 1.4916228264333167,
	"roll" : -1.6538750859078497,
	"x" : 0.09405480441683195,
	"y" : 0.034592616732669189,
	"yaw" : 1.1688975610810342,
	"z" : -0.16065045331866437
}
