{
	"pitch" : 1.4757034169292946,
	"roll" : -1.5527443554381331,
	"x" : 0.075307518781497162,
	"y" : -0.022924335461024951,
	"yaw" : 1.2532612263235361,
	"z" : -0.21986349615046283
}
