{
	"pitch" : 1.4976687768130015,
	"roll" : -1.5255466145072913,
	"x" : 0.092026155598067622,
	"y" : 0.036824103346308638,
	"yaw" : 1.30114468024777,
	"z" : -0.17055962835472038
}
