{
	"pitch" : 1.4894496124365799,
	"roll" : -1.4873659831379473,
	"x" : 0.07641313818286348,
	"y" : -0.012601155035915934,
	"yaw" : 1.3310664262881164,
	"z" : -0.16964755516699054
}
