{
	"pitch" : 1.4790766312886225,
	"roll" : -1.612429444522268,
	"x" : 0.0433342625973639,
	"y" : -0.11952511981182853,
	"yaw" : 1.2059264138622718,
	"z" : -0.16257547221712232
}
