{
	"pitch" : 1.4884277361131433,
	"roll" : -1.6544685501725351,
	"x" : 0.046932977642143353,
	"y" : 0.028341463735414955,
	"yaw" : 1.174738078607424,
	"z" : -0.1716533084822143
}
