{
	"pitch" : 1.4869621113133868,
	"roll" : -1.6396860515170724,
	"x" : 0.050040790897965516,
	"y" : 0.03115426811288792,
	"yaw" : 1.1846044446443154,
	"z" : -0.17110102439526975
}
