{
	"pitch" : 1.4872744108686069,
	"roll" : -1.6571195476608698,
	"x" : 0.042181527226323574,
	"y" : 0.02534892700297621,
	"yaw" : 1.1718408235616777,
	"z" : -0.17121436158213391
}
