{
	"pitch" : 1.4789986889120774,
	"roll" : -1.4328742201611402,
	"x" : 0.086689306865153998,
	"y" : -0.062005709346136015,
	"yaw" : 1.3847709059454698,
	"z" : -0.16847492723390567
}
