{
	"pitch" : 1.4675242556813322,
	"roll" : -1.6255139598128674,
	"x" : 0.037358039099715905,
	"y" : -0.033377987826021652,
	"yaw" : 1.1849619083389269,
	"z" : -0.17040814919160913
}
