{
	"pitch" : 1.4663503241054638,
	"roll" : -1.5241133880936286,
	"x" : 0.045264959341279817,
	"y" : -0.14253167808725256,
	"yaw" : 1.2847982572627807,
	"z" : -0.1703532458451068
}
