{
	"pitch" : 1.4942896460253872,
	"roll" : -1.5491989848066141,
	"x" : 0.092704591479368631,
	"y" : 0.03471314552038135,
	"yaw" : 1.2706043302315329,
	"z" : -0.18260892641665472
}
