{
	"pitch" : 1.4747348584363817,
	"roll" : -1.5168221446566685,
	"x" : 0.072078493497196611,
	"y" : -0.029885804279103655,
	"yaw" : 1.2898454609151202,
	"z" : -0.21652428461153092
}
