{
	"pitch" : 1.4961862804885242,
	"roll" : -1.3263800896386093,
	"x" : 0.12129626841557126,
	"y" : 0.0128742487279017,
	"yaw" : 1.49957674648837,
	"z" : -0.16906069314864874
}
