{
	"pitch" : 1.4674249603271576,
	"roll" : -1.5195406245443634,
	"x" : 0.064661486603174223,
	"y" : -0.053996020682268914,
	"yaw" : 1.2872260206707704,
	"z" : -0.19506718669862771
}
