{
	"pitch" : 1.4940878335701782,
	"roll" : -1.6176807247826328,
	"x" : 0.075451243356379608,
	"y" : 0.039466964462569309,
	"yaw" : 1.2116950891049292,
	"z" : -0.17122424667445821
}
