{
	"pitch" : 1.4602576676977321,
	"roll" : -1.2996516769718438,
	"x" : 0.014248796684076331,
	"y" : -0.20902335901683339,
	"yaw" : 1.5118896709154228,
	"z" : -0.27099655921436155
}
