{
	"pitch" : 1.4559452883487316,
	"roll" : -1.525700160258858,
	"x" : -0.01191528337483902,
	"y" : -0.2237926681719446,
	"yaw" : 1.2759822350994499,
	"z" : -0.17200925741209547
}
