{
	"pitch" : 1.4599555361796919,
	"roll" : -1.6072244336458836,
	"x" : -0.082911759721959896,
	"y" : -0.17995741741951657,
	"yaw" : 1.2005455426858196,
	"z" : -0.17396400983224694
}
