{
	"pitch" : 1.477070534377638,
	"roll" : -1.5227985151905403,
	"x" : 0.077191586775956833,
	"y" : -0.01322545562063706,
	"yaw" : 1.2751303817409603,
	"z" : -0.17041146374724428
}
