{
	"pitch" : 1.4664897096569181,
	"roll" : -1.500474649777509,
	"x" : 0.011241839032155337,
	"y" : -0.21420042219622504,
	"yaw" : 1.3131900396036806,
	"z" : -0.073291929281921991
}
