{
	"pitch" : 1.4463793812347028,
	"roll" : -1.4237635938692332,
	"x" : -0.017312560708325112,
	"y" : -0.30923324190679441,
	"yaw" : 1.3793423003822336,
	"z" : -0.17338724609243428
}
