{
	"pitch" : 1.4790244755504924,
	"roll" : -1.5821799981998614,
	"x" : 0.032539056455694312,
	"y" : -0.03529429957406878,
	"yaw" : 1.2388204359814261,
	"z" : -0.17015139476807797
}
