{
	"pitch" : 1.4800968617341632,
	"roll" : -1.595474197134414,
	"x" : 0.057790531014807744,
	"y" : -0.13539467323940732,
	"yaw" : 1.2113134777703445,
	"z" : -0.16982903833653779
}
