{
	"pitch" : 1.4960493330920557,
	"roll" : -1.3641056677092813,
	"x" : 0.12162215258930482,
	"y" : 0.01215879866362244,
	"yaw" : 1.4608513496110429,
	"z" : -0.16910176551982442
}
