{
	"pitch" : 1.4550080952597526,
	"roll" : -1.4032125257795884,
	"x" : 0.010152785585953616,
	"y" : -0.21887704056751683,
	"yaw" : 1.3974421622111117,
	"z" : -0.17010072394475118
}
