{
	"pitch" : 1.4863633452344696,
	"roll" : -1.3121328949019517,
	"x" : 0.12358737642523358,
	"y" : -0.028726600428578448,
	"yaw" : 1.5108546919968553,
	"z" : -0.16812937815279802
}
