{
	"pitch" : 1.4728868256071372,
	"roll" : -1.4911094111783894,
	"x" : 0.073126909653074765,
	"y" : -0.023153124687188414,
	"yaw" : 1.3086959935014195,
	"z" : -0.16931703534080095
}
