{
	"pitch" : 1.4992452014228532,
	"roll" : -1.5227856309129599,
	"x" : 0.10077728333014239,
	"y" : 0.033645590940081641,
	"yaw" : 1.307464683787557,
	"z" : -0.17071876028157656
}
