{
	"pitch" : 1.4639407821534258,
	"roll" : -1.3830422039350785,
	"x" : 0.024917164583081339,
	"y" : -0.28623258619421488,
	"yaw" : 1.4239820172402224,
	"z" : -0.17197146864898827
}
