{
	"pitch" : 1.471493461458929,
	"roll" : -1.4288939446071554,
	"x" : 0.074481351004099361,
	"y" : -0.011294754464473722,
	"yaw" : 1.3636980606720497,
	"z" : -0.16836108177199638
}
