{
	"pitch" : 1.4901737588189019,
	"roll" : -1.5846396235273026,
	"x" : 0.076974071942267033,
	"y" : -0.013121508675261668,
	"yaw" : 1.2326189878064109,
	"z" : -0.17029605612693874
}
