{
	"pitch" : 1.487749007928461,
	"roll" : -1.5712058657840382,
	"x" : 0.058443268948303491,
	"y" : 0.036438250956388765,
	"yaw" : 1.2584476131193614,
	"z" : -0.17195140031421038
}
