{
	"pitch" : 1.4851967083097073,
	"roll" : -1.4501371751556271,
	"x" : 0.0059294496795200269,
	"y" : -0.085736284975379495,
	"yaw" : 1.3726120228919301,
	"z" : -0.16858239943885714
}
