{
	"pitch" : 1.4821829649810838,
	"roll" : -1.4990123951006364,
	"x" : 0.074232865115886393,
	"y" : -0.01423716136188145,
	"yaw" : 1.3162854284029828,
	"z" : -0.16908461218265736
}
