{
	"pitch" : 1.4678209770718817,
	"roll" : -1.4899228397009445,
	"x" : 0.042302057004684909,
	"y" : -0.12222735020520692,
	"yaw" : 1.3210049487057911,
	"z" : -0.18047354065383542
}
