{
	"pitch" : 1.4928449161079786,
	"roll" : -1.5010249839418339,
	"x" : 0.075188568414694734,
	"y" : -0.013323830672628705,
	"yaw" : 1.3208341505091539,
	"z" : -0.16924314057625764
}
