{
	"pitch" : 1.4785241493938523,
	"roll" : -1.6572149662193465,
	"x" : 0.02717143078834483,
	"y" : -0.0024772487149098132,
	"yaw" : 1.1626410128660936,
	"z" : -0.17070653018354448
}
