{
	"pitch" : 1.497230955008265,
	"roll" : -1.346454914639021,
	"x" : 0.12239453021293656,
	"y" : 0.010518564698539321,
	"yaw" : 1.47702234910513,
	"z" : -0.16916815704126284
}
