{
	"pitch" : 1.4611407501217817,
	"roll" : -1.3048935358731202,
	"x" : 0.08272780013591953,
	"y" : -0.25745395098202095,
	"yaw" : 1.5045617590651603,
	"z" : -0.16884942881726178
}
