{
	"pitch" : 1.4527899550860119,
	"roll" : -1.4212551650420335,
	"x" : 0.014295769377457204,
	"y" : -0.20600419647776386,
	"yaw" : 1.3835043348357583,
	"z" : -0.17038943336664314
}
