{
	"pitch" : 1.4575330428789692,
	"roll" : -1.344669067954837,
	"x" : 0.014444298422410469,
	"y" : -0.20883039404410797,
	"yaw" : 1.4676200699927657,
	"z" : -0.27099051866947232
}
