{
	"pitch" : 1.4719013376843877,
	"roll" : -1.5284351770235387,
	"x" : 0.067631694259651876,
	"y" : -0.041786786177725695,
	"yaw" : 1.2788364448782703,
	"z" : -0.20972902785711306
}
