{
	"pitch" : 1.4862351572838457,
	"roll" : -1.6417973847968139,
	"x" : 0.050273155483212956,
	"y" : 0.031509295982180024,
	"yaw" : 1.1829837588174201,
	"z" : -0.17112486259403306
}
