{
	"pitch" : 1.4907836418354254,
	"roll" : -1.6202912854734206,
	"x" : 0.084667606474751148,
	"y" : 0.010964137161853665,
	"yaw" : 1.1960986521332646,
	"z" : -0.1264095392411187
}
