{
	"pitch" : 1.4519849431520035,
	"roll" : -1.3354635940366699,
	"x" : 0.062236317423617779,
	"y" : -0.30057266102093444,
	"yaw" : 1.4693874075521136,
	"z" : -0.17017151565240585
}
