{
	"pitch" : 1.4697751799594398,
	"roll" : -1.4056936319755668,
	"x" : 0.072953367485054571,
	"y" : -0.011174181263187009,
	"yaw" : 1.3885135539710949,
	"z" : -0.16830553017071598
}
