{
	"pitch" : 1.4724391308680795,
	"roll" : -1.476008078818301,
	"x" : 0.060539778740264158,
	"y" : -0.068779408268611619,
	"yaw" : 1.3306485699103008,
	"z" : -0.16928510664621524
}
