{
	"pitch" : 1.4539446179999067,
	"roll" : -1.5184645987348382,
	"x" : -0.031025587108959266,
	"y" : -0.23287379735025235,
	"yaw" : 1.2819494931769762,
	"z" : -0.17241732166368293
}
