{
	"pitch" : 1.4791515625464267,
	"roll" : -1.431164737668327,
	"x" : 0.086766171567510347,
	"y" : -0.062017877037799249,
	"yaw" : 1.3864773991359005,
	"z" : -0.16850490024870793
}
