{
	"pitch" : 1.4652482581007911,
	"roll" : -1.4027204968107856,
	"x" : 0.10092249243974581,
	"y" : -0.2181178303663715,
	"yaw" : 1.4068401903849095,
	"z" : -0.16875132506472421
}
