{
	"pitch" : 1.4870917708022615,
	"roll" : -1.6431711674127916,
	"x" : 0.050203335151591665,
	"y" : 0.031260705190265824,
	"yaw" : 1.1812397122375033,
	"z" : -0.17114166565010205
}
