{
	"pitch" : 1.4618392931441249,
	"roll" : -1.516913121775666,
	"x" : 0.010499740388631162,
	"y" : -0.20950320830445512,
	"yaw" : 1.2894921447323988,
	"z" : -0.071165223256084237
}
