{
	"pitch" : 1.4556230814196565,
	"roll" : -1.3272988514237025,
	"x" : 0.0090097743022048427,
	"y" : -0.2864315068753564,
	"yaw" : 1.4785265773871623,
	"z" : -0.17160838928634542
}
