{
	"pitch" : 1.491275914738392,
	"roll" : -1.5448866248987905,
	"x" : 0.028613244074896314,
	"y" : -0.065146453717163447,
	"yaw" : 1.2805594983415884,
	"z" : -0.16903312140511056
}
