{
	"pitch" : 1.4761567315995123,
	"roll" : -1.556977512103888,
	"x" : 0.038664544395270853,
	"y" : -0.13359570522336844,
	"yaw" : 1.2574120408350606,
	"z" : -0.14801490981599152
}
