{
	"pitch" : 1.4844713451967013,
	"roll" : -1.609807187968926,
	"x" : 0.069374227320111337,
	"y" : -0.035911735723330264,
	"yaw" : 1.2019927159784645,
	"z" : -0.16912818758667511
}
