{
	"pitch" : 1.4543896456589589,
	"roll" : -1.4125956199132605,
	"x" : 0.014152314579280102,
	"y" : -0.2069809661123006,
	"yaw" : 1.3901761468359239,
	"z" : -0.17037243090875973
}
