{
	"pitch" : 1.4503812142590751,
	"roll" : -1.4649065656316296,
	"x" : -0.074032514644309197,
	"y" : -0.25645937443863082,
	"yaw" : 1.3381804249860925,
	"z" : -0.17423727549845705
}
