{
	"pitch" : 1.4957985593779812,
	"roll" : -1.5034533826686451,
	"x" : 0.070845879748487217,
	"y" : 0.03949579807801315,
	"yaw" : 1.3326184907090837,
	"z" : -0.17196815592924358
}
