{
	"pitch" : 1.4727837092691038,
	"roll" : -1.5640981460442778,
	"x" : 0.032186439958205922,
	"y" : -0.034527883395893272,
	"yaw" : 1.2522378527568483,
	"z" : -0.1700774835536856
}
