{
	"pitch" : 1.4925841165901863,
	"roll" : -1.5031281632873659,
	"x" : 0.092809030546025809,
	"y" : 0.037605634431367135,
	"yaw" : 1.3252304005833726,
	"z" : -0.17147114974690936
}
