{
	"pitch" : 1.457355630334245,
	"roll" : -1.4670755012233601,
	"x" : 0.038537638139107454,
	"y" : -0.1374805995289673,
	"yaw" : 1.3272162517784816,
	"z" : -0.16970114887436169
}
