{
	"pitch" : 1.4685739676266099,
	"roll" : -1.5701195408081112,
	"x" : 0.06587518571171555,
	"y" : -0.052862417435590871,
	"yaw" : 1.2368460401930694,
	"z" : -0.19783253471430501
}
