{
	"pitch" : 1.4895698577450636,
	"roll" : -1.6169152092706265,
	"x" : 0.083541692396757197,
	"y" : 0.0078484436026145486,
	"yaw" : 1.1990353154345781,
	"z" : -0.12503945751961562
}
