{
	"pitch" : 1.4866665905305121,
	"roll" : -1.5483073770723064,
	"x" : 0.077772003263179179,
	"y" : -0.010811578289591612,
	"yaw" : 1.2673484284953689,
	"z" : -0.11912065311611204
}
