{
	"pitch" : 1.4881111573432302,
	"roll" : -1.5163560800743392,
	"x" : 0.079622573904722757,
	"y" : -0.0031961648577773141,
	"yaw" : 1.2970992943880855,
	"z" : -0.11909600918875549
}
