{
	"pitch" : 1.4775639839237229,
	"roll" : -1.5524712094258906,
	"x" : 0.073438792357983965,
	"y" : -0.021246261184503529,
	"yaw" : 1.2577661705709116,
	"z" : -0.16999291249695475
}
