{
	"pitch" : 1.5028769062702885,
	"roll" : -1.5189830329931824,
	"x" : 0.059471623008858929,
	"y" : -0.061844252899154038,
	"yaw" : 1.2913309981288381,
	"z" : -0.19471770073369157
}
