{
	"pitch" : 1.4744755101323661,
	"roll" : -1.6205015646534517,
	"x" : 0.026664808333357465,
	"y" : -0.017199738844072679,
	"yaw" : 1.198966357997141,
	"z" : -0.17095283436254913
}
