{
	"pitch" : 1.4870812096077219,
	"roll" : -1.3422917381391306,
	"x" : 0.1235461702249218,
	"y" : -0.03353638430400329,
	"yaw" : 1.4824138767112589,
	"z" : -0.16893009791840066
}
