{
	"pitch" : 1.4795764600444274,
	"roll" : -1.5529980237332983,
	"x" : 0.077878160824961379,
	"y" : -0.015251178849319933,
	"yaw" : 1.2574034860287275,
	"z" : -0.22075172149224015
}
