{
	"pitch" : 1.4836683330143123,
	"roll" : -1.556817080792614,
	"x" : 0.084978631537824673,
	"y" : 0.0084503895631886216,
	"yaw" : 1.2589068967616253,
	"z" : -0.21532216469596716
}
