{
	"pitch" : 1.4869270603335776,
	"roll" : -1.3401950050528706,
	"x" : 0.12210869170659694,
	"y" : -0.034415120042897637,
	"yaw" : 1.4796180308973508,
	"z" : -0.16832483176289728
}
