{
	"pitch" : 1.4806063599783195,
	"roll" : -1.4257135911422711,
	"x" : 0.095526720436480847,
	"y" : -0.059773553820213904,
	"yaw" : 1.3927145203570757,
	"z" : -0.16854351750315508
}
