{
	"pitch" : 1.4620095649861877,
	"roll" : -1.4471511435121764,
	"x" : -0.0092788438746315149,
	"y" : -0.28212194961836562,
	"yaw" : 1.3706013351960458,
	"z" : -0.14530476873054093
}
