{
	"pitch" : 1.447662714698031,
	"roll" : -1.4192026332362748,
	"x" : -0.015064180235285371,
	"y" : -0.30834835106007874,
	"yaw" : 1.3828414448781028,
	"z" : -0.17353976781130573
}
