{
	"pitch" : 1.4575028937586318,
	"roll" : -1.3421564140799533,
	"x" : 0.014471829773486683,
	"y" : -0.20888090277035012,
	"yaw" : 1.470108717693331,
	"z" : -0.27102135620129408
}
