{
	"pitch" : 1.4806040674629621,
	"roll" : -1.678920601466098,
	"x" : 0.03084847776005531,
	"y" : 0.0062706924761305651,
	"yaw" : 1.1415290517369268,
	"z" : -0.17100271068238029
}
