{
	"pitch" : 1.4789917357964313,
	"roll" : -1.5245133668586968,
	"x" : 0.073920607427925306,
	"y" : -0.019482292080523111,
	"yaw" : 1.2884262667200268,
	"z" : -0.16973991933316757
}
