{
	"pitch" : 1.4503372547882851,
	"roll" : -1.4511122784939647,
	"x" : 0.017959892466290879,
	"y" : -0.19699659750766291,
	"yaw" : 1.3518939675876092,
	"z" : -0.17002401671099612
}
