{
	"pitch" : 1.4696052529202652,
	"roll" : -1.3045035987141524,
	"x" : 0.071645695496905693,
	"y" : -0.012394261094721193,
	"yaw" : 1.484063476949429,
	"z" : -0.16849238099164912
}
