{
	"pitch" : 1.4704140065579581,
	"roll" : -1.4837013541061739,
	"x" : 0.052871420649689194,
	"y" : -0.055940148632260323,
	"yaw" : 1.3332033777771093,
	"z" : -0.16893606572908657
}
