{
	"pitch" : 1.469055912906047,
	"roll" : -1.6196030753944344,
	"x" : 0.035899398909674293,
	"y" : -0.034099047109325653,
	"yaw" : 1.1896001292202629,
	"z" : -0.17045111190204107
}
