{
	"pitch" : 1.4785275630427557,
	"roll" : -1.5135261174916499,
	"x" : 0.065936502206183814,
	"y" : -0.044983781226057867,
	"yaw" : 1.2982698936558061,
	"z" : -0.13202700132593712
}
