{
	"pitch" : 1.4853208047081514,
	"roll" : -1.6419032387419659,
	"x" : 0.041720971784187287,
	"y" : 0.025004446077546545,
	"yaw" : 1.1803305818907213,
	"z" : -0.17104042525919883
}
