{
	"pitch" : 1.4746844633936242,
	"roll" : -1.4943972796118175,
	"x" : 0.063202497069602487,
	"y" : -0.05493354758728522,
	"yaw" : 1.3183985555701698,
	"z" : -0.14437287407682314
}
