{
	"pitch" : 1.4847639888170492,
	"roll" : -1.3291652948574877,
	"x" : 0.12172634064163236,
	"y" : -0.035079723845105409,
	"yaw" : 1.4937690365128038,
	"z" : -0.16879751096465748
}
