{
	"pitch" : 1.4681903503887672,
	"roll" : -1.5204225971651626,
	"x" : 0.010040591110121636,
	"y" : -0.21743679579993286,
	"yaw" : 1.2940590414007576,
	"z" : -0.076837756643428998
}
