{
	"pitch" : 1.4910132270061673,
	"roll" : -1.6010896359180791,
	"x" : 0.08482164366724769,
	"y" : 0.012181970874459163,
	"yaw" : 1.2148670651194218,
	"z" : -0.12673996467385451
}
