{
	"pitch" : 1.476420061678299,
	"roll" : -1.3939376591475912,
	"x" : 0.075796361966171788,
	"y" : -0.013355689657037572,
	"yaw" : 1.400570971137975,
	"z" : -0.17013510284021496
}
