{
	"pitch" : 1.4775687132582944,
	"roll" : -1.4907740814467829,
	"x" : 0.04480752793683003,
	"y" : -0.11220497201254112,
	"yaw" : 1.3247868734937764,
	"z" : -0.16955899453587045
}
