{
	"pitch" : 1.4742218789726851,
	"roll" : -1.5195368573439085,
	"x" : 0.044785565896093379,
	"y" : -0.1111617784839596,
	"yaw" : 1.2947582315836279,
	"z" : -0.16948975589205442
}
