{
	"pitch" : 1.4798152086121297,
	"roll" : -1.5624314577609695,
	"x" : 0.04406495574839088,
	"y" : -0.11618646422581629,
	"yaw" : 1.2571863466793309,
	"z" : -0.16563163825155433
}
