{
	"pitch" : 1.4785475279169753,
	"roll" : -1.5275996028116068,
	"x" : 0.078166917066560038,
	"y" : -0.012862214551624613,
	"yaw" : 1.2822412978861895,
	"z" : -0.22068830092332875
}
