{
	"pitch" : 1.4679036813319475,
	"roll" : -1.4950132931145048,
	"x" : 0.050522430968608478,
	"y" : -0.05598874642949174,
	"yaw" : 1.3152993074807446,
	"z" : -0.16918600585698662
}
