{
	"pitch" : 1.4979155800343142,
	"roll" : -1.393864708359605,
	"x" : 0.12360544762695674,
	"y" : 0.0092144362510054,
	"yaw" : 1.4289824809739928,
	"z" : -0.16959420154479002
}
