{
	"pitch" : 1.4502254346531851,
	"roll" : -1.2792153169630582,
	"x" : 0.055044566244167772,
	"y" : -0.30065295566225075,
	"yaw" : 1.5290665706776148,
	"z" : -0.16991993794681637
}
