{
	"pitch" : 1.4491606666684975,
	"roll" : -1.4045483119719802,
	"x" : -0.016825227490736255,
	"y" : -0.30901862208984393,
	"yaw" : 1.3970519484009902,
	"z" : -0.17281206588882717
}
