{
	"pitch" : 1.4530983988670485,
	"roll" : -1.4720362299732244,
	"x" : 0.0148051802062662,
	"y" : -0.20890124047386058,
	"yaw" : 1.3297627494505544,
	"z" : -0.17107453409558615
}
