{
	"pitch" : 1.4757028740236358,
	"roll" : -1.5236927748183282,
	"x" : 0.073153680310180463,
	"y" : -0.025995308690691291,
	"yaw" : 1.2875630405756187,
	"z" : -0.17046368519059446
}
