{
	"pitch" : 1.4797740042575036,
	"roll" : -1.5135011658971842,
	"x" : 0.04443279021512974,
	"y" : -0.11220281986687607,
	"yaw" : 1.3040359610897907,
	"z" : -0.16921233841140379
}
