{
	"pitch" : 1.4605340407413261,
	"roll" : -1.3535916647407711,
	"x" : 0.024049506200385116,
	"y" : -0.18135571716455154,
	"yaw" : 1.4652621175947509,
	"z" : -0.2424096886480531
}
