{
	"pitch" : 1.453381217026779,
	"roll" : -1.3666862062264407,
	"x" : -0.0076552708687127047,
	"y" : -0.28106651344501921,
	"yaw" : 1.4447876597379923,
	"z" : -0.17218633622900659
}
