{
	"pitch" : 1.4955736127756396,
	"roll" : -1.5476984197205634,
	"x" : 0.068002709629925773,
	"y" : 0.038593226389542989,
	"yaw" : 1.2838193528841046,
	"z" : -0.17105404013579295
}
