{
	"pitch" : 1.4950632462320272,
	"roll" : -1.5101410709222098,
	"x" : 0.070772546620718385,
	"y" : 0.039315367022138073,
	"yaw" : 1.3255013980684387,
	"z" : -0.17198734983935191
}
