{
	"pitch" : 1.4743916531179215,
	"roll" : -1.565137304845353,
	"x" : 0.033631884928447028,
	"y" : -0.15041821456595486,
	"yaw" : 1.2527974678401357,
	"z" : -0.13210344163910581
}
