{
	"pitch" : 1.4962880111422878,
	"roll" : -1.4592155433534346,
	"x" : 0.066995383793186092,
	"y" : -0.041090072813072545,
	"yaw" : 1.353889385700408,
	"z" : -0.18337108834446819
}
