{
	"pitch" : 1.485861250109596,
	"roll" : -1.2720968100221668,
	"x" : 0.11811825483044749,
	"y" : -0.039949096358032447,
	"yaw" : 1.5489234092762094,
	"z" : -0.16799600078936244
}
