{
	"pitch" : 1.4895230024787243,
	"roll" : -1.5827024301145072,
	"x" : 0.076798694372935433,
	"y" : -0.012504989111583851,
	"yaw" : 1.2317261990627566,
	"z" : -0.16990751391125242
}
