{
	"pitch" : 1.4509488665321688,
	"roll" : -1.3879515818927508,
	"x" : 0.019194529395095777,
	"y" : -0.19176682246014576,
	"yaw" : 1.4136639047678252,
	"z" : -0.1695267076885405
}
