{
	"pitch" : 1.4532178233786543,
	"roll" : -1.4482519385174357,
	"x" : 0.014518331418802558,
	"y" : -0.20861927192756238,
	"yaw" : 1.3526446596616373,
	"z" : -0.17089972533654504
}
