{
	"pitch" : 1.4767666791363203,
	"roll" : -1.5481977728504721,
	"x" : 0.045512510087254529,
	"y" : -0.11022431485906042,
	"yaw" : 1.2697096021919554,
	"z" : -0.1696201778623142
}
