{
	"pitch" : 1.4471748499288701,
	"roll" : -1.3959745325705615,
	"x" : -0.014535606860913014,
	"y" : -0.30606763980704882,
	"yaw" : 1.4047844342724263,
	"z" : -0.17429629696329774
}
