{
	"pitch" : 1.4683044339778151,
	"roll" : -1.5423261405475623,
	"x" : -0.079271623361454158,
	"y" : -0.17505472411605144,
	"yaw" : 1.2675279482659312,
	"z" : -0.17265732161748418
}
