{
	"pitch" : 1.4929852786110076,
	"roll" : -1.5161031360479882,
	"x" : 0.08094590188698228,
	"y" : 0.0044282179316635483,
	"yaw" : 1.2977112119269887,
	"z" : -0.12207452834957255
}
