{
	"pitch" : 1.4808678425971635,
	"roll" : -1.5029868692713282,
	"x" : 0.078165782422328287,
	"y" : -0.010433639593618219,
	"yaw" : 1.3051743920768983,
	"z" : -0.1693071497847663
}
