{
	"pitch" : 1.4930366796544581,
	"roll" : -1.4484036810322849,
	"x" : 0.12893962974000284,
	"y" : -0.013111931979654686,
	"yaw" : 1.3732273944624274,
	"z" : -0.16927624833023969
}
