{
	"pitch" : 1.4759017399524454,
	"roll" : -1.4990241685622401,
	"x" : 0.061794446940605124,
	"y" : -0.057851431722442587,
	"yaw" : 1.3156303012360429,
	"z" : -0.1502720017399331
}
