{
	"pitch" : 1.4865150788680201,
	"roll" : -1.587496566809339,
	"x" : 0.034131582382529675,
	"y" : 0.015879281372334412,
	"yaw" : 1.2341684817568332,
	"z" : -0.17071124213247418
}
