{
	"pitch" : 1.4970011939362273,
	"roll" : -1.5188949999568373,
	"x" : 0.092257235455554101,
	"y" : 0.036318353171232116,
	"yaw" : 1.3024234938510459,
	"z" : -0.17011010339408456
}
