{
	"pitch" : 1.4688143183165485,
	"roll" : -1.4439791175764483,
	"x" : 0.065337281700545355,
	"y" : -0.061864147336301759,
	"yaw" : 1.3720959530906551,
	"z" : -0.16914682699742642
}
