{
	"pitch" : 1.4760025366242744,
	"roll" : -1.4873645983606028,
	"x" : 0.060968405819775195,
	"y" : -0.06019295066834298,
	"yaw" : 1.3259795616726606,
	"z" : -0.15749235206920847
}
