{
	"pitch" : 1.4525413487387859,
	"roll" : -1.4327360418882598,
	"x" : -0.07061291269174988,
	"y" : -0.25417684379883304,
	"yaw" : 1.3684961133916731,
	"z" : -0.1736716388634395
}
