{
	"pitch" : 1.4729822607038059,
	"roll" : -1.5002669843499754,
	"x" : 0.025050494249595587,
	"y" : -0.17068646760138789,
	"yaw" : 1.3101574327270764,
	"z" : -0.11139345355500326
}
