{
	"pitch" : 1.4771128853987363,
	"roll" : -1.5042930512152406,
	"x" : 0.065147393582488916,
	"y" : -0.047025012582904417,
	"yaw" : 1.3086316419532342,
	"z" : -0.13393337847958972
}
