{
	"pitch" : 1.4702757357472738,
	"roll" : -1.4886177152627276,
	"x" : 0.05817188793953134,
	"y" : -0.059969929641661611,
	"yaw" : 1.3253459178453106,
	"z" : -0.16921364155658386
}
