{
	"pitch" : 1.4942961604351233,
	"roll" : -1.4789115594012474,
	"x" : 0.08265882896174305,
	"y" : 0.039492801346096049,
	"yaw" : 1.3563195439996136,
	"z" : -0.17101591491330778
}
