{
	"pitch" : 1.4932726416472488,
	"roll" : -1.4954557637524828,
	"x" : 0.06587073124065311,
	"y" : -0.022924152461776797,
	"yaw" : 1.3209041350958157,
	"z" : -0.16959821146746357
}
