{
	"pitch" : 1.4552460437312253,
	"roll" : -1.4292341560485939,
	"x" : 0.01384227370911062,
	"y" : -0.20811528868950133,
	"yaw" : 1.3712398990278862,
	"z" : -0.17046411278141127
}
