{
	"pitch" : 1.4792770735784575,
	"roll" : -1.6452912206460073,
	"x" : 0.026352928389608815,
	"y" : -0.0071892490540940539,
	"yaw" : 1.173249733509895,
	"z" : -0.1710842987028636
}
