{
	"pitch" : 1.456409968011922,
	"roll" : -1.5959323364574673,
	"x" : -0.082639924590078004,
	"y" : -0.17886192483305596,
	"yaw" : 1.2163078543432866,
	"z" : -0.17362199058505928
}
