{
	"pitch" : 1.4940353523306971,
	"roll" : -1.5985087728118477,
	"x" : 0.090322894588312747,
	"y" : 0.02845856782702667,
	"yaw" : 1.2213174260988615,
	"z" : -0.14341515143097577
}
