{
	"pitch" : 1.4866633110136371,
	"roll" : -1.5796614120845178,
	"x" : 0.087355424249351069,
	"y" : 0.018479363620679715,
	"yaw" : 1.2381089783740695,
	"z" : -0.20921384956321704
}
