{
	"pitch" : 1.4511907012515164,
	"roll" : -1.2831103701675148,
	"x" : 0.059196591289131059,
	"y" : -0.30148111437343883,
	"yaw" : 1.5212461737772611,
	"z" : -0.16982495696113356
}
