{
	"pitch" : 1.4921689833179936,
	"roll" : -1.3937607604926658,
	"x" : 0.12766214199037595,
	"y" : -0.014383519382714094,
	"yaw" : 1.4310785417024485,
	"z" : -0.16896803287978829
}
