{
	"pitch" : 1.4720275325579935,
	"roll" : -1.4961592996150184,
	"x" : 0.070042228824317487,
	"y" : -0.062406294686602047,
	"yaw" : 1.3129696553757477,
	"z" : -0.16888165207897721
}
