{
	"pitch" : 1.4680751643624514,
	"roll" : -1.52415204333271,
	"x" : 0.062702266049710367,
	"y" : -0.059535699229959077,
	"yaw" : 1.2878421175739732,
	"z" : -0.17785675411127871
}
