{
	"pitch" : 1.4900087406004099,
	"roll" : -1.3553521666435042,
	"x" : 0.10372088884443156,
	"y" : -0.16296644409118097,
	"yaw" : 1.4165845979212974,
	"z" : -0.16702210881676452
}
