{
	"pitch" : 1.4594998298677406,
	"roll" : -1.3161090693116404,
	"x" : 0.074126223541043465,
	"y" : -0.25591118899026566,
	"yaw" : 1.488557634664043,
	"z" : -0.16870711224329255
}
