{
	"pitch" : 1.4676135051561845,
	"roll" : -1.5605177186300658,
	"x" : 0.076584018817234256,
	"y" : -0.012498864464990753,
	"yaw" : 1.2448135821031816,
	"z" : -0.16946962788471431
}
