{
	"pitch" : 1.4948392530935604,
	"roll" : -1.5491717542999421,
	"x" : 0.092241293274408109,
	"y" : 0.036429097997986867,
	"yaw" : 1.2747698208450366,
	"z" : -0.16789832531938575
}
