{
	"pitch" : 1.4969861654275072,
	"roll" : -1.5313476611392127,
	"x" : 0.092213284257629397,
	"y" : 0.036869492736513521,
	"yaw" : 1.2956345017079172,
	"z" : -0.17076291291719037
}
