{
	"pitch" : 1.4837913276232131,
	"roll" : -1.5653635066842828,
	"x" : 0.077090156100828811,
	"y" : -0.012502985869026902,
	"yaw" : 1.2526555795147789,
	"z" : -0.16960603990005321
}
