{
	"pitch" : 1.4801336420431002,
	"roll" : -1.5949775473043617,
	"x" : 0.030430508810835422,
	"y" : 0.0078569289936262308,
	"yaw" : 1.228107672129352,
	"z" : -0.17103846762682956
}
