{
	"pitch" : 1.4839661204960601,
	"roll" : -1.5051838471115231,
	"x" : 0.047776040764141194,
	"y" : -0.11768016060537517,
	"yaw" : 1.3084268739539291,
	"z" : -0.17013614336328017
}
