{
	"pitch" : 1.4550890413733053,
	"roll" : -1.3413778417011697,
	"x" : 0.017665364986495791,
	"y" : -0.20182359120211663,
	"yaw" : 1.4718795312025987,
	"z" : -0.26388248492746846
}
