{
	"pitch" : 1.4792148830626417,
	"roll" : -1.505244845237746,
	"x" : 0.023698611514704232,
	"y" : -0.063828575815714217,
	"yaw" : 1.3202910359091056,
	"z" : -0.17086182365835412
}
