{
	"pitch" : 1.4781409255170093,
	"roll" : -1.5225241938356862,
	"x" : 0.065436723451669662,
	"y" : -0.046679709269860412,
	"yaw" : 1.2904251648256837,
	"z" : -0.13347503917481712
}
