{
	"pitch" : 1.490099128577272,
	"roll" : -1.3170542357318811,
	"x" : 0.12554942325922941,
	"y" : -0.02290805512865942,
	"yaw" : 1.506056555296958,
	"z" : -0.1688623126592341
}
