{
	"pitch" : 1.4865630223249906,
	"roll" : -1.6151049990275459,
	"x" : 0.057840977092441119,
	"y" : 0.035569162816740087,
	"yaw" : 1.2130375801657716,
	"z" : -0.17171779455686426
}
