{
	"pitch" : 1.4701824617301855,
	"roll" : -1.4477722471668697,
	"x" : 0.08175465673580401,
	"y" : -0.15471340002953821,
	"yaw" : 1.3536955644707183,
	"z" : -0.16874200270068093
}
