{
	"pitch" : 1.4684033540596422,
	"roll" : -1.5085425433145281,
	"x" : 0.066141935732711182,
	"y" : -0.047195572624105925,
	"yaw" : 1.2964340986425689,
	"z" : -0.20424469921170549
}
