{
	"pitch" : 1.456417701344483,
	"roll" : -1.361693980709122,
	"x" : 0.069761134437153857,
	"y" : -0.27628811157958744,
	"yaw" : 1.4417359248587596,
	"z" : -0.17014507077068841
}
