{
	"pitch" : 1.4910516042056299,
	"roll" : -1.6382624418393352,
	"x" : 0.084873154941849951,
	"y" : 0.011359450452455927,
	"yaw" : 1.1779456020366186,
	"z" : -0.12651361411050999
}
