{
	"pitch" : 1.465463584904575,
	"roll" : -1.4050099976686947,
	"x" : 0.10027331308107543,
	"y" : -0.21700042132010577,
	"yaw" : 1.4043685014958283,
	"z" : -0.16872064304544876
}
