{
	"pitch" : 1.4806595859700327,
	"roll" : -1.4312469860723502,
	"x" : 0.094775626212364877,
	"y" : -0.060095893170178355,
	"yaw" : 1.3873740974097273,
	"z" : -0.16866595343346361
}
