{
	"pitch" : 1.4552618715947541,
	"roll" : -1.484676044771259,
	"x" : -0.070411599025248961,
	"y" : -0.26091041602276871,
	"yaw" : 1.3202647926725708,
	"z" : -0.1744760321812813
}
