{
	"pitch" : 1.489391983472182,
	"roll" : -1.5004726868961924,
	"x" : 0.056038820150942373,
	"y" : -0.032081728663360704,
	"yaw" : 1.3176726389539528,
	"z" : -0.17018006721840073
}
