{
	"pitch" : 1.4862890701974161,
	"roll" : -1.5621363238811123,
	"x" : 0.042582080101169061,
	"y" : -0.030100519164753634,
	"yaw" : 1.2620920142427396,
	"z" : -0.16885912798791414
}
