{
	"pitch" : 1.460583798086011,
	"roll" : -1.2951695947894495,
	"x" : 0.014447622585016563,
	"y" : -0.20908152910105485,
	"yaw" : 1.5161939170990271,
	"z" : -0.27102701343213748
}
