{
	"pitch" : 1.4927371631803079,
	"roll" : -1.3807836029488809,
	"x" : 0.12781119762255783,
	"y" : -0.014492310625155791,
	"yaw" : 1.4435534619759169,
	"z" : -0.16907137591450327
}
