{
	"pitch" : 1.4629493867281946,
	"roll" : -1.3884324403924115,
	"x" : 0.029084528938122398,
	"y" : -0.28450745896066232,
	"yaw" : 1.4169123217581621,
	"z" : -0.17195597866369239
}
