{
	"pitch" : 1.4857603540385078,
	"roll" : -1.5504503809988479,
	"x" : 0.073664445344962262,
	"y" : -0.021241073881182883,
	"yaw" : 1.2629423299528428,
	"z" : -0.11977282521270434
}
