{
	"pitch" : 1.452548611555579,
	"roll" : -1.4216628708826939,
	"x" : 0.02379605012662319,
	"y" : -0.18426932880191466,
	"yaw" : 1.3845845815611137,
	"z" : -0.17007635217055314
}
