{
	"pitch" : 1.4544536144622349,
	"roll" : -1.4150864993012895,
	"x" : 0.0041668590738407896,
	"y" : -0.24117718398131169,
	"yaw" : 1.3875624343228394,
	"z" : -0.17115687060378432
}
