{
	"pitch" : 1.4489568516375657,
	"roll" : -1.4117546260336902,
	"x" : -0.016941015411180996,
	"y" : -0.30889658023660543,
	"yaw" : 1.3895177394319871,
	"z" : -0.17296103506012225
}
