{
	"pitch" : 1.4624768796709029,
	"roll" : -1.4439255741867265,
	"x" : 0.041741984541949689,
	"y" : -0.12389417432042939,
	"yaw" : 1.3573981504923414,
	"z" : -0.16871141887563798
}
