{
	"pitch" : 1.4750054368237007,
	"roll" : -1.5642903145620486,
	"x" : 0.065110920647457174,
	"y" : -0.050217710667119227,
	"yaw" : 1.2483378388008359,
	"z" : -0.1370859953550676
}
