{
	"pitch" : 1.4924738136748461,
	"roll" : -1.5486176041639408,
	"x" : 0.091777284110550389,
	"y" : 0.032838304933256041,
	"yaw" : 1.2697824639084214,
	"z" : -0.18803708331033928
}
