{
	"pitch" : 1.49475136571505,
	"roll" : -1.3649972947557667,
	"x" : 0.12884790777507271,
	"y" : -0.0054615538898219913,
	"yaw" : 1.4580331083075384,
	"z" : -0.16866580732668804
}
