{
	"pitch" : 1.45055422262708,
	"roll" : -1.2926413179949945,
	"x" : 0.060448520778650372,
	"y" : -0.30176086280278769,
	"yaw" : 1.510494611930784,
	"z" : -0.17010137384356291
}
