{
	"pitch" : 1.4927553149241206,
	"roll" : -1.5979345554435715,
	"x" : 0.088186601319641553,
	"y" : 0.022972531112118298,
	"yaw" : 1.2197922998475617,
	"z" : -0.13607240751064717
}
