{
	"pitch" : 1.4762337444840632,
	"roll" : -1.3975454623377159,
	"x" : 0.075641920905267418,
	"y" : -0.013340026764752823,
	"yaw" : 1.3965256239313582,
	"z" : -0.17015313695518974
}
