{
	"pitch" : 1.4589303628325521,
	"roll" : -1.453518820425135,
	"x" : -0.054730295751020425,
	"y" : -0.26521189320113792,
	"yaw" : 1.3572353032810618,
	"z" : -0.17375399213266821
}
