{
	"pitch" : 1.4686464572157762,
	"roll" : -1.5545265463113054,
	"x" : 0.042891118265502598,
	"y" : -0.050745902110581775,
	"yaw" : 1.2556695765812995,
	"z" : -0.16967772593910144
}
