{
	"pitch" : 1.4869223621656114,
	"roll" : -1.4827221497122305,
	"x" : 0.069004049721981986,
	"y" : -0.038628103514287651,
	"yaw" : 1.3388444119698584,
	"z" : -0.16811671317441745
}
