{
	"pitch" : 1.4968923979148483,
	"roll" : -1.5264645155518863,
	"x" : 0.092707834956121504,
	"y" : 0.036250541614910634,
	"yaw" : 1.2940874088641878,
	"z" : -0.17104251246504854
}
