{
	"pitch" : 1.4722456988605703,
	"roll" : -1.5173068940159717,
	"x" : 0.068657492993843453,
	"y" : -0.036053280642897999,
	"yaw" : 1.2815732181160915,
	"z" : -0.17036527575083937
}
