{
	"pitch" : 1.4884760464913536,
	"roll" : -1.6239455493490755,
	"x" : 0.05726905106211256,
	"y" : 0.035343396687260678,
	"yaw" : 1.2025129880474965,
	"z" : -0.1713053464952361
}
