{
	"pitch" : 1.4713862775211344,
	"roll" : -1.666611771471282,
	"x" : 0.026893570790314583,
	"y" : -0.014079748653492026,
	"yaw" : 1.1495056961072965,
	"z" : -0.17160020816352989
}
