{
	"pitch" : 1.4741892078961085,
	"roll" : -1.5131175656107279,
	"x" : 0.056406905272501702,
	"y" : -0.079002874415278285,
	"yaw" : 1.2988004461822278,
	"z" : -0.16945854424362078
}
