{
	"pitch" : 1.4947599356556371,
	"roll" : -1.321489678623333,
	"x" : 0.12737847266047481,
	"y" : -0.0095285340963227726,
	"yaw" : 1.5002055953321671,
	"z" : -0.16817534525542382
}
