{
	"pitch" : 1.4681378728041614,
	"roll" : -1.4102983113222418,
	"x" : 0.063730540748211564,
	"y" : -0.061275493078036793,
	"yaw" : 1.4065516482626217,
	"z" : -0.16918542585204893
}
