{
	"pitch" : 1.4752757671473204,
	"roll" : -1.5725348999278252,
	"x" : 0.028570292320061683,
	"y" : -0.027179048502317879,
	"yaw" : 1.2468661149667455,
	"z" : -0.17036056271920891
}
