{
	"pitch" : 1.4641458601828337,
	"roll" : -1.282635053689638,
	"x" : 0.10206035186949543,
	"y" : -0.24654799537414346,
	"yaw" : 1.5262047616318202,
	"z" : -0.16823224328296912
}
