{
	"pitch" : 1.4683958463550977,
	"roll" : -1.5049196170178054,
	"x" : 0.042534598039461059,
	"y" : -0.050244720283897093,
	"yaw" : 1.3053226373704747,
	"z" : -0.16990237776655187
}
