{
	"pitch" : 1.4784298981594945,
	"roll" : -1.5174368742440054,
	"x" : 0.068068218216550763,
	"y" : -0.039030486767203124,
	"yaw" : 1.294577911037222,
	"z" : -0.12709101841621326
}
