{
	"pitch" : 1.4771985707735351,
	"roll" : -1.4133822943547591,
	"x" : 0.067146996741468068,
	"y" : -0.040516065143892499,
	"yaw" : 1.3918402774157941,
	"z" : -0.1691433356234433
}
