{
	"pitch" : 1.4743896387378552,
	"roll" : -1.5256557418858403,
	"x" : 0.044744947080982034,
	"y" : -0.11093988930415991,
	"yaw" : 1.2895165514283755,
	"z" : -0.16951013070708093
}
