{
	"pitch" : 1.4762530160644938,
	"roll" : -1.5817383477429496,
	"x" : 0.026742331016494848,
	"y" : -0.01816319514643195,
	"yaw" : 1.2374927864325727,
	"z" : -0.17063272448752048
}
