{
	"pitch" : 1.4669878045452374,
	"roll" : -1.5896222468926806,
	"x" : -0.032350100034408538,
	"y" : -0.11908360684226721,
	"yaw" : 1.2207493093294828,
	"z" : -0.17129527867287928
}
