{
	"pitch" : 1.4948570966470409,
	"roll" : -1.3554477739898485,
	"x" : 0.12578852147457042,
	"y" : 0.002172913772372085,
	"yaw" : 1.4678356067481604,
	"z" : -0.16920633169745442
}
