{
	"pitch" : 1.4946441750754591,
	"roll" : -1.3538368754276684,
	"x" : 0.12720012270603409,
	"y" : -0.010137782595800176,
	"yaw" : 1.4676397333205922,
	"z" : -0.1681854287166224
}
