{
	"pitch" : 1.4949434423483725,
	"roll" : -1.5822862199139325,
	"x" : 0.092109838302699837,
	"y" : 0.032222166334882597,
	"yaw" : 1.2373161495344021,
	"z" : -0.15131101861644564
}
