{
	"pitch" : 1.4751782350879294,
	"roll" : -1.5641751053344868,
	"x" : 0.065722869776700998,
	"y" : -0.050322805450903299,
	"yaw" : 1.2487147937129794,
	"z" : -0.13812835236047946
}
