{
	"pitch" : 1.4869963896417915,
	"roll" : -1.5658777201386063,
	"x" : 0.09123930030924865,
	"y" : 0.029058134236403552,
	"yaw" : 1.2518242682415848,
	"z" : -0.1961909064129366
}
