{
	"pitch" : 1.4566894998605202,
	"roll" : -1.4027206175722191,
	"x" : 0.0099450914989582806,
	"y" : -0.22011539002600658,
	"yaw" : 1.3964425566599881,
	"z" : -0.17028491278859315
}
