{
	"pitch" : 1.4717227794556687,
	"roll" : -1.4636229779497394,
	"x" : 0.069552048655013812,
	"y" : -0.062342447674268664,
	"yaw" : 1.3457024970833811,
	"z" : -0.16874370293835012
}
