{
	"pitch" : 1.4750237835599345,
	"roll" : -1.5003544411325305,
	"x" : 0.071763618609606575,
	"y" : -0.030713274426354704,
	"yaw" : 1.3053943660005529,
	"z" : -0.21621531611303368
}
