{
	"pitch" : 1.4566091753509427,
	"roll" : -1.4267589262373814,
	"x" : 0.013558763277938923,
	"y" : -0.20925902055527812,
	"yaw" : 1.3736221770638455,
	"z" : -0.17026547703620323
}
