{
	"pitch" : 1.4762773551955897,
	"roll" : -1.5903382515270699,
	"x" : 0.031853296545032259,
	"y" : -0.035322836269666445,
	"yaw" : 1.2305791554751364,
	"z" : -0.16990739731023022
}
