{
	"pitch" : 1.4710941729379983,
	"roll" : -1.4297052167662909,
	"x" : 0.067372504635756864,
	"y" : -0.062454856959344177,
	"yaw" : 1.386390708996837,
	"z" : -0.16892771881451835
}
