{
	"pitch" : 1.4663572065433887,
	"roll" : -1.4171387418395447,
	"x" : 0.094975726064437743,
	"y" : -0.20806268976341047,
	"yaw" : 1.3913817330951403,
	"z" : -0.16852737860598008
}
