{
	"pitch" : 1.468950651685903,
	"roll" : -1.5723700483898377,
	"x" : -0.031662130693881949,
	"y" : -0.11664180528601566,
	"yaw" : 1.2374248756251602,
	"z" : -0.17167280148587993
}
