{
	"pitch" : 1.4893607999545833,
	"roll" : -1.4277650495906435,
	"x" : 0.066860459696844593,
	"y" : -0.017326753887036379,
	"yaw" : 1.3916923700354595,
	"z" : -0.16893076634059806
}
