{
	"pitch" : 1.4516328535797105,
	"roll" : -1.3430256797627598,
	"x" : 0.061580917129228536,
	"y" : -0.30178685289032797,
	"yaw" : 1.4605470669329623,
	"z" : -0.17045121910969097
}
