{
	"pitch" : 1.4879754377353265,
	"roll" : -1.4999911387672094,
	"x" : 0.075216880194993702,
	"y" : -0.013406784523753582,
	"yaw" : 1.3149479282707144,
	"z" : -0.11845869999621922
}
