{
	"pitch" : 1.4817589618846545,
	"roll" : -1.4987635001380959,
	"x" : 0.085415775110359707,
	"y" : 0.013325327290981962,
	"yaw" : 1.3129872398039661,
	"z" : -0.21291767986468743
}
