{
	"pitch" : 1.474333659251341,
	"roll" : -1.5711828778539751,
	"x" : 0.070266532027731796,
	"y" : -0.038320769295348667,
	"yaw" : 1.2374007574108259,
	"z" : -0.21266527158701687
}
