{
	"pitch" : 1.4939660723047437,
	"roll" : -1.6222701853155543,
	"x" : 0.09096458486521769,
	"y" : 0.029348998154170684,
	"yaw" : 1.1984134763033056,
	"z" : -0.14529021610318557
}
