{
	"pitch" : 1.4843682368371276,
	"roll" : -1.5603611019212902,
	"x" : 0.076858132462126028,
	"y" : -0.012744148154969154,
	"yaw" : 1.2574075135131746,
	"z" : -0.16963928750098081
}
