{
	"pitch" : 1.4794701682575864,
	"roll" : -1.6360544178590564,
	"x" : 0.026050469505763688,
	"y" : -0.0050968865489546562,
	"yaw" : 1.18255761790133,
	"z" : -0.17054078391658584
}
