{
	"pitch" : 1.4919465868316903,
	"roll" : -1.451813775754917,
	"x" : 0.074030943896291612,
	"y" : -0.020467628544147076,
	"yaw" : 1.3625315342407518,
	"z" : -0.16884032677076971
}
