{
	"pitch" : 1.4970256659623897,
	"roll" : -1.5189478113934576,
	"x" : 0.092617624440202398,
	"y" : 0.036293518756787241,
	"yaw" : 1.301906312608947,
	"z" : -0.17047388536465474
}
