{
	"pitch" : 1.4747915430813414,
	"roll" : -1.5312114671126147,
	"x" : 0.045013806339742654,
	"y" : -0.11077308494749045,
	"yaw" : 1.2855349860951426,
	"z" : -0.16929969275938808
}
