{
	"pitch" : 1.4746010534097769,
	"roll" : -1.3590593100174653,
	"x" : 0.02267087902311668,
	"y" : -0.18504167726981513,
	"yaw" : 1.4518755845319109,
	"z" : -0.25783622028288111
}
