{
	"pitch" : 1.490693704327726,
	"roll" : -1.5219696839090791,
	"x" : 0.072234507081900864,
	"y" : -0.021380835107542073,
	"yaw" : 1.2907381958033461,
	"z" : -0.16938562224505874
}
