{
	"pitch" : 1.4834482344009747,
	"roll" : -1.6461215249593404,
	"x" : 0.042699973425717186,
	"y" : 0.026224839656798775,
	"yaw" : 1.1750038790468336,
	"z" : -0.17161722463460807
}
