{
	"pitch" : 1.4880487531410516,
	"roll" : -1.4922774372839813,
	"x" : 0.075505468012476207,
	"y" : -0.012838340780730378,
	"yaw" : 1.3222340716938195,
	"z" : -0.1184018653443862
}
