{
	"pitch" : 1.4723933191751362,
	"roll" : -1.7029598161008472,
	"x" : 0.027216784400321881,
	"y" : -0.015199967293467086,
	"yaw" : 1.1132646311848524,
	"z" : -0.17180123416541357
}
