{
	"pitch" : 1.477431866313252,
	"roll" : -1.4188621340500793,
	"x" : 0.067305101396975209,
	"y" : -0.039951627072127766,
	"yaw" : 1.3859385802470798,
	"z" : -0.16915622100272562
}
