{
	"pitch" : 1.4905857177559805,
	"roll" : -1.5054761950774256,
	"x" : 0.056983809296404897,
	"y" : -0.03097048453890475,
	"yaw" : 1.3128267689274484,
	"z" : -0.17015840013033243
}
