{
	"pitch" : 1.4586881042651485,
	"roll" : -1.574926328493234,
	"x" : -0.047609585389768408,
	"y" : -0.15954394655105084,
	"yaw" : 1.2296193388853993,
	"z" : -0.17221379105582488
}
