{
	"pitch" : 1.4773396177128104,
	"roll" : -1.4570370743988523,
	"x" : 0.0775031559650316,
	"y" : -0.013466994121625886,
	"yaw" : 1.3394824732648791,
	"z" : -0.1704769422971234
}
