{
	"pitch" : 1.4837436039966516,
	"roll" : -1.5680936499921903,
	"x" : 0.077314005242554565,
	"y" : -0.01230598232750253,
	"yaw" : 1.2501970146371584,
	"z" : -0.16959534238233537
}
