{
	"pitch" : 1.4878565382893203,
	"roll" : -1.4916177321263395,
	"x" : 0.075543008501634784,
	"y" : -0.012801903029963684,
	"yaw" : 1.3228986714592963,
	"z" : -0.11847495557832391
}
