{
	"pitch" : 1.4759701074785259,
	"roll" : -1.4744121304562359,
	"x" : 0.061876402166582495,
	"y" : -0.056768282123854361,
	"yaw" : 1.3408719338689847,
	"z" : -0.14810747748870487
}
