{
	"pitch" : 1.4813092253380755,
	"roll" : -1.3828602267162289,
	"x" : 0.082320926293045923,
	"y" : -0.063002892232330396,
	"yaw" : 1.4451732679621996,
	"z" : -0.16863604684581129
}
