{
	"pitch" : 1.4803334157304453,
	"roll" : -1.4285756891588413,
	"x" : 0.095717646218645758,
	"y" : -0.059539058952726778,
	"yaw" : 1.3887825781606236,
	"z" : -0.16857740528142909
}
