{
	"pitch" : 1.4898067164428981,
	"roll" : -1.6208795448946467,
	"x" : 0.08365008758162136,
	"y" : 0.0080340667445474769,
	"yaw" : 1.1952487664817726,
	"z" : -0.12509810930374463
}
