{
	"pitch" : 1.4628623883001199,
	"roll" : -1.5124746871888666,
	"x" : 0.021470908318897884,
	"y" : -0.12086875613335309,
	"yaw" : 1.292765031683077,
	"z" : -0.17093297768901394
}
