{
	"pitch" : 1.4702927182083849,
	"roll" : -1.6086248028269323,
	"x" : 0.034776685514267255,
	"y" : -0.039149725904142015,
	"yaw" : 1.2093970940471475,
	"z" : -0.16976675399325766
}
