{
	"pitch" : 1.479745414355266,
	"roll" : -1.5371292303299371,
	"x" : 0.074941608846535696,
	"y" : -0.018737583701516618,
	"yaw" : 1.2710322030492665,
	"z" : -0.22015266357774863
}
