{
	"pitch" : 1.467823512697769,
	"roll" : -1.4765921228040761,
	"x" : 0.049063689005821316,
	"y" : -0.055339482067320506,
	"yaw" : 1.3343860653827859,
	"z" : -0.16924303035553886
}
