{
	"pitch" : 1.4963449200682879,
	"roll" : -1.3277527177585582,
	"x" : 0.12544610424351377,
	"y" : -0.0008770588900013105,
	"yaw" : 1.4937061869198078,
	"z" : -0.16885760731399535
}
