{
	"pitch" : 1.4651928983520459,
	"roll" : -1.4329531836261657,
	"x" : -0.0076192439394983658,
	"y" : -0.27637613313278375,
	"yaw" : 1.384574356141822,
	"z" : -0.13880638606683621
}
