{
	"pitch" : 1.4685904514441801,
	"roll" : -1.4300049361339513,
	"x" : 0.065143062385422182,
	"y" : -0.061684213339827307,
	"yaw" : 1.3861973284084701,
	"z" : -0.16928351857105181
}
