{
	"pitch" : 1.4579486268919004,
	"roll" : -1.342551805905609,
	"x" : 0.041168709826832225,
	"y" : -0.27817450425520573,
	"yaw" : 1.4654198870633572,
	"z" : -0.17054622520461607
}
