{
	"pitch" : 1.4945726744841745,
	"roll" : -1.5516062632552972,
	"x" : 0.087730599455787678,
	"y" : 0.038805656665098033,
	"yaw" : 1.2785519992205037,
	"z" : -0.17118303021612133
}
