{
	"pitch" : 1.4890094761237149,
	"roll" : -1.6597925192587912,
	"x" : 0.046701854204194412,
	"y" : 0.02820737178606457,
	"yaw" : 1.1687318285489361,
	"z" : -0.17150279929746406
}
