{
	"pitch" : 1.4703980669262606,
	"roll" : -1.3806840228251747,
	"x" : 0.03541933299740567,
	"y" : -0.13846678510967556,
	"yaw" : 1.4387280567786525,
	"z" : -0.19807444841805344
}
