{
	"pitch" : 1.4925664990920122,
	"roll" : -1.5406938275886901,
	"x" : 0.09283933133184305,
	"y" : 0.035620415519720269,
	"yaw" : 1.2814621346164894,
	"z" : -0.17759265340186722
}
