{
	"pitch" : 1.4919745922143799,
	"roll" : -1.56160669922466,
	"x" : 0.070462263676171644,
	"y" : 0.039527321784677293,
	"yaw" : 1.2670111406119076,
	"z" : -0.17111456116325671
}
