{
	"pitch" : 1.4914307959378796,
	"roll" : -1.6223134051865331,
	"x" : 0.084692923841066928,
	"y" : 0.011698231437803257,
	"yaw" : 1.1935720235299352,
	"z" : -0.12642221249158175
}
