{
	"pitch" : 1.4611424520637493,
	"roll" : -1.3979047157569675,
	"x" : 0.021654893661544369,
	"y" : -0.1891112520386124,
	"yaw" : 1.4243552727474265,
	"z" : -0.25109840794106919
}
