{
	"pitch" : 1.4747763653338555,
	"roll" : -1.5839601732012913,
	"x" : 0.033249627745356919,
	"y" : -0.15259826892269307,
	"yaw" : 1.2330836980118134,
	"z" : -0.13004667620671792
}
