{
	"pitch" : 1.4630864556277823,
	"roll" : -1.5185035528736643,
	"x" : 0.019779107632432812,
	"y" : -0.12206053636674699,
	"yaw" : 1.2861674372649008,
	"z" : -0.17095938345737544
}
