{
	"pitch" : 1.4587340421611816,
	"roll" : -1.4983236355135479,
	"x" : 0.011678592138784638,
	"y" : -0.21160377925677734,
	"yaw" : 1.3095772054351309,
	"z" : -0.070456334855116265
}
