{
	"pitch" : 1.4753994636701482,
	"roll" : -1.4862201665910231,
	"x" : 0.061778398701050022,
	"y" : -0.058781225837018017,
	"yaw" : 1.3292460537259514,
	"z" : -0.15226029887333298
}
