{
	"pitch" : 1.4742694917580894,
	"roll" : -1.5690521192138869,
	"x" : 0.029730466629120524,
	"y" : -0.031793827322448065,
	"yaw" : 1.2454821437598145,
	"z" : -0.16957652086313746
}
