{
	"pitch" : 1.4837082809712985,
	"roll" : -1.5357140790257056,
	"x" : 0.091084253554166467,
	"y" : 0.029521644475536554,
	"yaw" : 1.2812102059821708,
	"z" : -0.19577701071359446
}
