{
	"pitch" : 1.4923115232656405,
	"roll" : -1.3946864468322779,
	"x" : 0.12775262068383694,
	"y" : -0.014467592034667721,
	"yaw" : 1.4299170343679175,
	"z" : -0.16902472119767967
}
