{
	"pitch" : 1.4754408420462322,
	"roll" : -1.4466022844019437,
	"x" : 0.06356355042202208,
	"y" : -0.055270505236074914,
	"yaw" : 1.3596832188928862,
	"z" : -0.16978174954489283
}
