{
	"pitch" : 1.4882183089326022,
	"roll" : -1.4929730829224406,
	"x" : 0.075465753991117213,
	"y" : -0.012937218347556711,
	"yaw" : 1.3216427749938415,
	"z" : -0.11838650840370474
}
