{
	"pitch" : 1.4544527650407331,
	"roll" : -1.3188036125025169,
	"x" : 0.043337977745345757,
	"y" : -0.29684927232128022,
	"yaw" : 1.4863309469398267,
	"z" : -0.1702136447874239
}
