{
	"pitch" : 1.4536591642231695,
	"roll" : -1.3324215972678386,
	"x" : 0.06345826093209038,
	"y" : -0.29467423120024877,
	"yaw" : 1.4699984707509623,
	"z" : -0.17014882360989411
}
