{
	"pitch" : 1.4935730226994819,
	"roll" : -1.4053542044954483,
	"x" : 0.1263370668711393,
	"y" : -0.00016556941063369628,
	"yaw" : 1.4202010097592268,
	"z" : -0.16927837654173583
}
