{
	"pitch" : 1.4795698081934092,
	"roll" : -1.3828060739897696,
	"x" : 0.082769661253755122,
	"y" : -0.062843301407896707,
	"yaw" : 1.444515909242541,
	"z" : -0.16845793912419577
}
