{
	"pitch" : 1.4752554601837442,
	"roll" : -1.4867284540573384,
	"x" : 0.062948645316272478,
	"y" : -0.058718785377133584,
	"yaw" : 1.3217888677026839,
	"z" : -0.16959437546378275
}
