{
	"pitch" : 1.474533230679093,
	"roll" : -1.5538486896550627,
	"x" : 0.064963854903633406,
	"y" : -0.050081679306620344,
	"yaw" : 1.2587721976065511,
	"z" : -0.13705989072538449
}
