{
	"pitch" : 1.4930084519995979,
	"roll" : -1.5609453329067227,
	"x" : 0.092969825674068765,
	"y" : 0.035574150956962779,
	"yaw" : 1.261643984006608,
	"z" : -0.17803602937853394
}
