{
	"pitch" : 1.480211638646681,
	"roll" : -1.4335452213992594,
	"x" : 0.10178645312634656,
	"y" : -0.0566490871610901,
	"yaw" : 1.388878842468694,
	"z" : -0.16898283827002475
}
