{
	"pitch" : 1.4544845525186056,
	"roll" : -1.4670589013898989,
	"x" : 0.034055882862082401,
	"y" : -0.15056601311756046,
	"yaw" : 1.3347781956285978,
	"z" : -0.16986446549661383
}
