{
	"pitch" : 1.4689279846618437,
	"roll" : -1.5113180413069833,
	"x" : 0.036062031387833218,
	"y" : -0.042272988442160681,
	"yaw" : 1.2976823880290587,
	"z" : -0.17049200278483503
}
