{
	"pitch" : 1.4939955709093911,
	"roll" : -1.5192034671488872,
	"x" : 0.073480602291440544,
	"y" : -0.015545506662954265,
	"yaw" : 1.3030773418014052,
	"z" : -0.16988565391109051
}
