{
	"pitch" : 1.4491915383585359,
	"roll" : -1.4503197974433464,
	"x" : -0.078239658945614521,
	"y" : -0.25831145906796138,
	"yaw" : 1.3519615457056553,
	"z" : -0.17442679627351065
}
