{
	"pitch" : 1.4771776507746561,
	"roll" : -1.5531879100223456,
	"x" : 0.072885250137568386,
	"y" : -0.022215886271076877,
	"yaw" : 1.2570023006352857,
	"z" : -0.16990209987244467
}
