{
	"pitch" : 1.4783911644604171,
	"roll" : -1.646005039071333,
	"x" : 0.026669690511582966,
	"y" : -0.0043215441221130489,
	"yaw" : 1.1737793150116855,
	"z" : -0.17082937801529474
}
