{
	"pitch" : 1.4731196328806309,
	"roll" : -1.5497985903960914,
	"x" : 0.027408810981725276,
	"y" : -0.16459783952156423,
	"yaw" : 1.2624820237454464,
	"z" : -0.11776395982100735
}
