{
	"pitch" : 1.491140335962897,
	"roll" : -1.6399898561178063,
	"x" : 0.084880486860736334,
	"y" : 0.011251129656391924,
	"yaw" : 1.1761373870690819,
	"z" : -0.12655476717012545
}
