{
	"pitch" : 1.4824734712803667,
	"roll" : -1.3545534823069856,
	"x" : 0.11076836252119548,
	"y" : -0.05010401766258181,
	"yaw" : 1.4687386853955753,
	"z" : -0.16839791062900414
}
