{
	"pitch" : 1.4863435045254789,
	"roll" : -1.6004165623485849,
	"x" : 0.069717359514266677,
	"y" : -0.032269225730550327,
	"yaw" : 1.2127098836672328,
	"z" : -0.16897043011035381
}
