{
	"pitch" : 1.4982192501826104,
	"roll" : -1.3681807204076144,
	"x" : 0.11017528281715838,
	"y" : 0.026208627286584716,
	"yaw" : 1.4593725023549839,
	"z" : -0.16956120795929133
}
