{
	"pitch" : 1.4967162615892688,
	"roll" : -1.4372368217314575,
	"x" : 0.12469525566386974,
	"y" : 0.0073378587037707943,
	"yaw" : 1.3852784531335078,
	"z" : -0.16941549368162892
}
