{
	"pitch" : 1.4926393662223858,
	"roll" : -1.6191027611476103,
	"x" : 0.062432889231502323,
	"y" : 0.036769247040805246,
	"yaw" : 1.2144858551166449,
	"z" : -0.17148690662211233
}
