{
	"pitch" : 1.4616671285882812,
	"roll" : -1.5636693328015145,
	"x" : 0.0070240573456499256,
	"y" : -0.13067171183089346,
	"yaw" : 1.2465493071437972,
	"z" : -0.17194153825182604
}
