{
	"pitch" : 1.4946071825072533,
	"roll" : -1.5558091181649882,
	"x" : 0.088425837131488272,
	"y" : 0.025146764631507883,
	"yaw" : 1.262102089195674,
	"z" : -0.13775677204456163
}
