{
	"pitch" : 1.4627699225710644,
	"roll" : -1.336414207997759,
	"x" : 0.0281618943167787,
	"y" : -0.16213314797055439,
	"yaw" : 1.4756551257511283,
	"z" : -0.22267780922294345
}
