{
	"pitch" : 1.4536460441155026,
	"roll" : -1.4908036600562851,
	"x" : 0.041411410580077551,
	"y" : -0.12854023941621989,
	"yaw" : 1.3069168636792545,
	"z" : -0.17023345779844726
}
