{
	"pitch" : 1.466143376260358,
	"roll" : -1.519412392102109,
	"x" : 0.017655299941444019,
	"y" : -0.1948548547784342,
	"yaw" : 1.2872676347664487,
	"z" : -0.087864953144238631
}
