{
	"pitch" : 1.4709103436358981,
	"roll" : -1.587885410021715,
	"x" : 0.029548704683328181,
	"y" : -0.030769297792581723,
	"yaw" : 1.2283748696876104,
	"z" : -0.16939817809446572
}
