{
	"pitch" : 1.449486344611717,
	"roll" : -1.4130041100684305,
	"x" : -0.016925110677537922,
	"y" : -0.30881276546112418,
	"yaw" : 1.3889052554546804,
	"z" : -0.17287226377946763
}
