{
	"pitch" : 1.4616106511270595,
	"roll" : -1.3107235292225619,
	"x" : 0.11178579818248183,
	"y" : -0.24117219700033976,
	"yaw" : 1.5024366924446986,
	"z" : -0.16788768835657969
}
