{
	"pitch" : 1.4937490920062546,
	"roll" : -1.641954339208854,
	"x" : 0.094101232219344771,
	"y" : 0.034180182244004431,
	"yaw" : 1.1799407284469858,
	"z" : -0.1591668653087846
}
