{
	"pitch" : 1.4744181434697876,
	"roll" : -1.4565819564335296,
	"x" : 0.063107597631542722,
	"y" : -0.054959066715948891,
	"yaw" : 1.3558989295359232,
	"z" : -0.14447221105133043
}
