{
	"pitch" : 1.4743336345038915,
	"roll" : -1.5033931319410807,
	"x" : 0.044680752957646466,
	"y" : -0.11277638089352841,
	"yaw" : 1.310292553536174,
	"z" : -0.17047259428027706
}
