{
	"pitch" : 1.4753641466845426,
	"roll" : -1.4909206765792811,
	"x" : 0.061902107309992738,
	"y" : -0.058843251582924395,
	"yaw" : 1.3244142088863451,
	"z" : -0.15230721493575336
}
