{
	"pitch" : 1.4963719798702562,
	"roll" : -1.3955989944793095,
	"x" : 0.12538142081686338,
	"y" : 0.0054436411460145519,
	"yaw" : 1.4269379450852373,
	"z" : -0.16939334034348155
}
