{
	"pitch" : 1.4788944799927572,
	"roll" : -1.4013803005645311,
	"x" : 0.083479883185922449,
	"y" : -0.063014816657006964,
	"yaw" : 1.4241000656621616,
	"z" : -0.16852708788512671
}
