{
	"pitch" : 1.4800012932602924,
	"roll" : -1.6077331845018135,
	"x" : 0.051182785999354094,
	"y" : -0.12352078722662134,
	"yaw" : 1.2007093048734456,
	"z" : -0.16968582216889841
}
