{
	"pitch" : 1.4565206387383041,
	"roll" : -1.3688355128675347,
	"x" : 0.067661644645638813,
	"y" : -0.28225694659873413,
	"yaw" : 1.4347338306091868,
	"z" : -0.17005959049774338
}
