{
	"pitch" : 1.4967580472540316,
	"roll" : -1.4495615594254481,
	"x" : 0.079740554420207999,
	"y" : 0.039805216914526043,
	"yaw" : 1.38797510362897,
	"z" : -0.17101229075022731
}
