{
	"pitch" : 1.4937386742029963,
	"roll" : -1.5231060940748589,
	"x" : 0.065190740877231701,
	"y" : -0.045634831304355243,
	"yaw" : 1.2879203922987814,
	"z" : -0.1867881578922545
}
