{
	"pitch" : 1.49545274100728,
	"roll" : -1.4139225900225538,
	"x" : 0.11950301363718292,
	"y" : 0.016520320095000447,
	"yaw" : 1.4124514743082612,
	"z" : -0.17001253638382299
}
