{
	"pitch" : 1.4901491413936139,
	"roll" : -1.5829898386464745,
	"x" : 0.077346122746781501,
	"y" : -0.012387575977149309,
	"yaw" : 1.2307986563960875,
	"z" : -0.1701788790121003
}
