{
	"pitch" : 1.4707883657497156,
	"roll" : -1.6397919506242296,
	"x" : 0.029013118569436648,
	"y" : -0.024438018468106785,
	"yaw" : 1.1746564922797929,
	"z" : -0.1701086621488061
}
