{
	"pitch" : 1.4682140216402286,
	"roll" : -1.5579517932613729,
	"x" : 0.03929657042939947,
	"y" : -0.11376365841651317,
	"yaw" : 1.2520495182370057,
	"z" : -0.1699857560005234
}
