{
	"pitch" : 1.4961957552044762,
	"roll" : -1.3692517197240817,
	"x" : 0.1223697074198746,
	"y" : 0.011601053638962145,
	"yaw" : 1.4553471844743795,
	"z" : -0.1695075891983612
}
