{
	"pitch" : 1.4672061950362159,
	"roll" : -1.5075789305104685,
	"x" : 0.0095468728037748779,
	"y" : -0.22372735441800726,
	"yaw" : 1.3013277435640394,
	"z" : -0.083060323602786659
}
