{
	"pitch" : 1.4782664417438092,
	"roll" : -1.6133970484936238,
	"x" : 0.043345128334691715,
	"y" : -0.11983515069811233,
	"yaw" : 1.2050247066671749,
	"z" : -0.16221719896586773
}
