{
	"pitch" : 1.473581685959942,
	"roll" : -1.4441744266660157,
	"x" : 0.061249417285727435,
	"y" : -0.058519343507279067,
	"yaw" : 1.3717882554907779,
	"z" : -0.15373729518580015
}
