{
	"pitch" : 1.4722933975461385,
	"roll" : -1.5634754573929517,
	"x" : -0.069764064532884348,
	"y" : -0.16587364809495245,
	"yaw" : 1.2454504347774915,
	"z" : -0.17259367349750096
}
