{
	"pitch" : 1.4840298765028335,
	"roll" : -1.3733520936384032,
	"x" : 0.11488597336169187,
	"y" : -0.045213373999989509,
	"yaw" : 1.449175507874245,
	"z" : -0.16811079050351332
}
