{
	"pitch" : 1.4728779177386027,
	"roll" : -1.5378469970980633,
	"x" : 0.070993664537731496,
	"y" : -0.036030893742560244,
	"yaw" : 1.2705874155685148,
	"z" : -0.21458122666816293
}
