{
	"pitch" : 1.4548699851451972,
	"roll" : -1.4159575005880989,
	"x" : 0.0066819032916820564,
	"y" : -0.23307308295601981,
	"yaw" : 1.3857892183678744,
	"z" : -0.17059515855309629
}
