{
	"pitch" : 1.491644970383156,
	"roll" : -1.3913619308884138,
	"x" : 0.074408233429479193,
	"y" : -0.012657855729207079,
	"yaw" : 1.4264467580796802,
	"z" : -0.16897524550945081
}
