{
	"pitch" : 1.472179656629244,
	"roll" : -1.4819478493653311,
	"x" : 0.060668766682849262,
	"y" : -0.061909641830857794,
	"yaw" : 1.3301123165959652,
	"z" : -0.16766666602355276
}
