{
	"pitch" : 1.494756569805354,
	"roll" : -1.6042408936621735,
	"x" : 0.090285370641658119,
	"y" : 0.026815794895212814,
	"yaw" : 1.215517778582025,
	"z" : -0.14112402826780257
}
