{
	"pitch" : 1.4941966000907432,
	"roll" : -1.6092992532557409,
	"x" : 0.075501659572875621,
	"y" : 0.039526769658701694,
	"yaw" : 1.2201502685802665,
	"z" : -0.17120276013921082
}
