{
	"pitch" : 1.4923935581320049,
	"roll" : -1.6437860837317773,
	"x" : 0.09306137709517448,
	"y" : 0.034925420746601571,
	"yaw" : 1.1785880271471398,
	"z" : -0.16150905135694008
}
