{
	"pitch" : 1.4512230471931984,
	"roll" : -1.3716563318090644,
	"x" : -0.0067903544127925625,
	"y" : -0.2744821095915963,
	"yaw" : 1.4285506252229858,
	"z" : -0.17286918539809656
}
