{
	"pitch" : 1.4920542982026264,
	"roll" : -1.3348635663723238,
	"x" : 0.12787395306199928,
	"y" : -0.010009392969416615,
	"yaw" : 1.4882842269361367,
	"z" : -0.16847880504977297
}
