{
	"pitch" : 1.4571546589116173,
	"roll" : -1.4618492039524069,
	"x" : -0.015828187212013484,
	"y" : -0.29951390093227231,
	"yaw" : 1.3436656507428659,
	"z" : -0.16305858603924045
}
