{
	"pitch" : 1.4563675871564532,
	"roll" : -1.4288008362418041,
	"x" : 0.013537899638783706,
	"y" : -0.20909796902384589,
	"yaw" : 1.3716506800601631,
	"z" : -0.17031001680808641
}
