{
	"pitch" : 1.4480591443883901,
	"roll" : -1.4267444076301092,
	"x" : -0.016281127782057314,
	"y" : -0.30885829245222846,
	"yaw" : 1.3745382587874262,
	"z" : -0.17317649956902098
}
