{
	"pitch" : 1.4740692053924385,
	"roll" : -1.5696250068006139,
	"x" : 0.030023979741089932,
	"y" : -0.032014688542366013,
	"yaw" : 1.2448789941559111,
	"z" : -0.16965072050285609
}
