{
	"pitch" : 1.4514178718363764,
	"roll" : -1.283834687501024,
	"x" : 0.0556982425317313,
	"y" : -0.30070968748632021,
	"yaw" : 1.5239641901086185,
	"z" : -0.16973359941376964
}
