{
	"pitch" : 1.4790985959240277,
	"roll" : -1.6717863808466968,
	"x" : 0.029405723088712948,
	"y" : 0.0043478355490444483,
	"yaw" : 1.1494810915316884,
	"z" : -0.17051759175764883
}
