{
	"pitch" : 1.4933981805887364,
	"roll" : -1.5553387283248545,
	"x" : 0.084141965540991653,
	"y" : 0.039065264999751534,
	"yaw" : 1.275794218708411,
	"z" : -0.17085778783546379
}
