{
	"pitch" : 1.4747728538704572,
	"roll" : -1.5028983434145227,
	"x" : 0.060569023861626201,
	"y" : -0.061044215574544584,
	"yaw" : 1.31002254253732,
	"z" : -0.16089698472039801
}
