{
	"pitch" : 1.49003778904178,
	"roll" : -1.5831063166568538,
	"x" : 0.077311771424418196,
	"y" : -0.012437990970990419,
	"yaw" : 1.2306933921334515,
	"z" : -0.17014543572920526
}
