{
	"pitch" : 1.468875707657942,
	"roll" : -1.6299546211438525,
	"x" : 0.03714884146570048,
	"y" : -0.03374719904152991,
	"yaw" : 1.1797913220384548,
	"z" : -0.17030879097978982
}
