{
	"pitch" : 1.4689767057339376,
	"roll" : -1.3724251569128889,
	"x" : 0.016907262743885675,
	"y" : -0.20262567089798472,
	"yaw" : 1.4390112044053869,
	"z" : -0.26714747786458015
}
