{
	"pitch" : 1.4741010324148647,
	"roll" : -1.5324739863517538,
	"x" : 0.044064002324016069,
	"y" : -0.11101257655116165,
	"yaw" : 1.2810928058768196,
	"z" : -0.16949101382147286
}
