{
	"pitch" : 1.475722231918084,
	"roll" : -1.5473468388330027,
	"x" : 0.0756570170911946,
	"y" : -0.022073485822446233,
	"yaw" : 1.2584673527741845,
	"z" : -0.22038639635247431
}
