{
	"pitch" : 1.4923967454816118,
	"roll" : -1.6343067003062564,
	"x" : 0.062559793635415084,
	"y" : 0.036868749508650239,
	"yaw" : 1.1999268769902642,
	"z" : -0.17154571533701865
}
