{
	"pitch" : 1.4683651073588644,
	"roll" : -1.4909368269785384,
	"x" : 0.06526642003677087,
	"y" : -0.048262882625558522,
	"yaw" : 1.3141179625332908,
	"z" : -0.20285262924247327
}
