{
	"pitch" : 1.4797431005719857,
	"roll" : -1.4796235784566472,
	"x" : 0.064459775838128869,
	"y" : -0.018136172682101773,
	"yaw" : 1.3350542066881572,
	"z" : -0.16908480154576624
}
