{
	"pitch" : 1.4564045421302534,
	"roll" : -1.5621871665003717,
	"x" : -0.050552200795336649,
	"y" : -0.16111386604120051,
	"yaw" : 1.2443916512205551,
	"z" : -0.17231304489521584
}
