{
	"pitch" : 1.481035425819766,
	"roll" : -1.5940393205211116,
	"x" : 0.026772298381882546,
	"y" : -0.00017364644905362193,
	"yaw" : 1.2258345085331321,
	"z" : -0.17060961403354627
}
