{
	"pitch" : 1.4954641497449916,
	"roll" : -1.4907016725296702,
	"x" : 0.074916915787488145,
	"y" : -0.01694338761309476,
	"yaw" : 1.3301391855506304,
	"z" : -0.17184523227373141
}
