{
	"pitch" : 1.4609482131659972,
	"roll" : -1.30660537117395,
	"x" : 0.058854419164095319,
	"y" : -0.26849293793822715,
	"yaw" : 1.5013969852489639,
	"z" : -0.16982401602243463
}
