{
	"pitch" : 1.4696121580301782,
	"roll" : -1.5319634729869462,
	"x" : 0.066822245467814512,
	"y" : -0.04590260839885018,
	"yaw" : 1.274244694153533,
	"z" : -0.2058836366335331
}
