{
	"pitch" : 1.4797002623144355,
	"roll" : -1.5370014638412368,
	"x" : 0.074677638125375437,
	"y" : -0.018808139765310712,
	"yaw" : 1.2711059210251374,
	"z" : -0.22007161903244873
}
