{
	"pitch" : 1.4706214120502479,
	"roll" : -1.5528940942530225,
	"x" : 0.030652931798762419,
	"y" : -0.035896548508164171,
	"yaw" : 1.254675594248793,
	"z" : -0.16993045478245244
}
