{
	"pitch" : 1.4770502114055764,
	"roll" : -1.4995765532574532,
	"x" : 0.074614697450147816,
	"y" : -0.020568606714873844,
	"yaw" : 1.3062690259493193,
	"z" : -0.22025923767623568
}
