{
	"pitch" : 1.4869710765617126,
	"roll" : -1.5615505508934011,
	"x" : 0.076120059712378188,
	"y" : -0.013691934951930933,
	"yaw" : 1.2546893486373469,
	"z" : -0.17001659348666057
}
