{
	"pitch" : 1.4555219141623941,
	"roll" : -1.4012731677629695,
	"x" : 0.010072126829265032,
	"y" : -0.21925455839322869,
	"yaw" : 1.3991208275265328,
	"z" : -0.17016571321478485
}
