{
	"pitch" : 1.4824405771113196,
	"roll" : -1.4054167757377951,
	"x" : 0.09961121388756751,
	"y" : -0.05685899626796443,
	"yaw" : 1.4166227338098218,
	"z" : -0.16863234696093851
}
