{
	"pitch" : 1.4747830322465265,
	"roll" : -1.5068065490588856,
	"x" : 0.071787021540232268,
	"y" : -0.030905750745743751,
	"yaw" : 1.2991912706095738,
	"z" : -0.21621346629032298
}
