{
	"pitch" : 1.4806087186647985,
	"roll" : -1.684584359955513,
	"x" : 0.030140980324980776,
	"y" : 0.0053886261321297296,
	"yaw" : 1.1369385195247466,
	"z" : -0.17079131089063826
}
