{
	"pitch" : 1.4793208378478475,
	"roll" : -1.5174167958716454,
	"x" : 0.068203855243288633,
	"y" : -0.038862476183575634,
	"yaw" : 1.2945149867116017,
	"z" : -0.12677053847371622
}
