{
	"pitch" : 1.4594452696342499,
	"roll" : -1.6204869251830807,
	"x" : -0.083116243005101065,
	"y" : -0.18027106525371064,
	"yaw" : 1.1881691337905387,
	"z" : -0.1738715259081956
}
