{
	"pitch" : 1.4537950530986825,
	"roll" : -1.4387832929136877,
	"x" : 0.015350506143571863,
	"y" : -0.20328481512622668,
	"yaw" : 1.3598533732135598,
	"z" : -0.17056406893382528
}
