{
	"pitch" : 1.499491743687885,
	"roll" : -1.5550602617358675,
	"x" : 0.098216092107376904,
	"y" : 0.03445256177245886,
	"yaw" : 1.2756536594221544,
	"z" : -0.17048879177981474
}
