{
	"pitch" : 1.4761815912208387,
	"roll" : -1.5430652855193705,
	"x" : 0.039407484823159755,
	"y" : -0.13173246288743781,
	"yaw" : 1.270939613087795,
	"z" : -0.1498624589876309
}
