{
	"pitch" : 1.4844436174925815,
	"roll" : -1.4874071092024854,
	"x" : 0.075995075261106715,
	"y" : -0.013771251987184827,
	"yaw" : 1.3298819396566208,
	"z" : -0.16971722608344358
}
