{
	"pitch" : 1.4918410506199997,
	"roll" : -1.5595410098065623,
	"x" : 0.080382414957176074,
	"y" : 0.003185953356954355,
	"yaw" : 1.2547640199966519,
	"z" : -0.12132508627449387
}
