{
	"pitch" : 1.4971172631016945,
	"roll" : -1.4471869859227138,
	"x" : 0.057156550266506685,
	"y" : -0.067429076962127826,
	"yaw" : 1.3639741701039085,
	"z" : -0.19724524992188786
}
