{
	"pitch" : 1.4751833643254582,
	"roll" : -1.5675565675651892,
	"x" : 0.028603539506548412,
	"y" : -0.027189624641666993,
	"yaw" : 1.2518845999074268,
	"z" : -0.17034499811779635
}
