{
	"pitch" : 1.4876694238916814,
	"roll" : -1.491477794987093,
	"x" : 0.075544039874626545,
	"y" : -0.012756807841089278,
	"yaw" : 1.3230510397586979,
	"z" : -0.11849454072750404
}
