{
	"pitch" : 1.453643699643036,
	"roll" : -1.3363716579515428,
	"x" : 0.063772231234591872,
	"y" : -0.29391927819812486,
	"yaw" : 1.4659632754092995,
	"z" : -0.1702487869579081
}
