{
	"pitch" : 1.4974640003511595,
	"roll" : -1.5181736176773448,
	"x" : 0.071480583164414593,
	"y" : -0.028234145754037349,
	"yaw" : 1.3030451444881157,
	"z" : -0.17819256509463241
}
