{
	"pitch" : 1.4997038069958797,
	"roll" : -1.5648849924031425,
	"x" : 0.10094536697741867,
	"y" : 0.033601807667708039,
	"yaw" : 1.2651294350426778,
	"z" : -0.17085644911388975
}
