{
	"pitch" : 1.4849214595730873,
	"roll" : -1.5881210532424979,
	"x" : 0.090807932792395948,
	"y" : 0.026972138744028058,
	"yaw" : 1.2289666318069876,
	"z" : -0.19964722848512537
}
