{
	"pitch" : 1.4432050080408145,
	"roll" : -1.3689343668403344,
	"x" : -0.013814402041747137,
	"y" : -0.295464267050077,
	"yaw" : 1.4341284696516887,
	"z" : -0.17305647218344428
}
