{
	"pitch" : 1.4951176988703629,
	"roll" : -1.4999655529088283,
	"x" : 0.087772987790988716,
	"y" : 0.038771306687511269,
	"yaw" : 1.3361312872058471,
	"z" : -0.17099646730430387
}
