{
	"pitch" : 1.4811340350123918,
	"roll" : -1.5566184571924471,
	"x" : 0.029883666566670422,
	"y" : 0.0085347871956561148,
	"yaw" : 1.2651545539000826,
	"z" : -0.17068972427063539
}
