{
	"pitch" : 1.4852799892821626,
	"roll" : -1.355039605684115,
	"x" : 0.12367138952245198,
	"y" : -0.032303147730450302,
	"yaw" : 1.4686772634048184,
	"z" : -0.16875666112266932
}
