{
	"pitch" : 1.4490458691345103,
	"roll" : -1.2792243827366099,
	"x" : 0.054216227392869507,
	"y" : -0.3006359160901656,
	"yaw" : 1.5296557365247512,
	"z" : -0.1701078294306155
}
