{
	"pitch" : 1.4934777582114787,
	"roll" : -1.4130728747688943,
	"x" : 0.12766806780421941,
	"y" : -0.010896422737817713,
	"yaw" : 1.4089191864537922,
	"z" : -0.16853756499495801
}
