{
	"pitch" : 1.4838571712505542,
	"roll" : -1.4583378327729721,
	"x" : 0.035185920365788076,
	"y" : -0.14169919522871147,
	"yaw" : 1.350746061764134,
	"z" : -0.23519280243435586
}
