{
	"pitch" : 1.465527988672839,
	"roll" : -1.5755510547976499,
	"x" : 0.0074627839155595455,
	"y" : -0.13069947951446223,
	"yaw" : 1.234350063893046,
	"z" : -0.17158544109656063
}
