{
	"pitch" : 1.4885792614651137,
	"roll" : -1.6217886248122304,
	"x" : 0.05754819892682194,
	"y" : 0.035529729087372494,
	"yaw" : 1.2051362049760266,
	"z" : -0.1713053639006141
}
