{
	"pitch" : 1.4727085311059525,
	"roll" : -1.5042230692945824,
	"x" : 0.07376624373723234,
	"y" : -0.021623088562507088,
	"yaw" : 1.2961773674099162,
	"z" : -0.16925402936223946
}
