{
	"pitch" : 1.4752814383395909,
	"roll" : -1.5475204955164321,
	"x" : 0.07547116704706569,
	"y" : -0.022546326309471065,
	"yaw" : 1.2584290805121621,
	"z" : -0.22009471069143255
}
