{
	"pitch" : 1.4483711307654441,
	"roll" : -1.3635027311681489,
	"x" : -0.0099435458939655386,
	"y" : -0.28386120487737682,
	"yaw" : 1.4389727337700449,
	"z" : -0.17264648841118654
}
