{
	"pitch" : 1.4682301139715537,
	"roll" : -1.4824902741453923,
	"x" : 0.0010327749860062352,
	"y" : -0.24361458676411588,
	"yaw" : 1.32819469537073,
	"z" : -0.10482282272429032
}
