{
	"pitch" : 1.483251083206832,
	"roll" : -1.5508055463958434,
	"x" : 0.07378567181223579,
	"y" : -0.019835268919518662,
	"yaw" : 1.2628931341746312,
	"z" : -0.11958819322439737
}
