{
	"pitch" : 1.4747836799791567,
	"roll" : -1.5291049522822633,
	"x" : 0.044955655168117337,
	"y" : -0.11082842682694197,
	"yaw" : 1.2873735981841081,
	"z" : -0.16927895501987866
}
