{
	"pitch" : 1.4706411760953093,
	"roll" : -1.4864918171414561,
	"x" : 0.064628919037832688,
	"y" : -0.050760886022455598,
	"yaw" : 1.323489458158549,
	"z" : -0.16946505836700917
}
