{
	"pitch" : 1.4817308352301277,
	"roll" : -1.5926682782117723,
	"x" : 0.071595323896784829,
	"y" : -0.02979569311618762,
	"yaw" : 1.2206297075521053,
	"z" : -0.12284764488987633
}
