{
	"pitch" : 1.4888818863590469,
	"roll" : -1.5837909860636963,
	"x" : 0.082937000405038389,
	"y" : 0.00525710000814999,
	"yaw" : 1.2308475324568557,
	"z" : -0.12337872785956708
}
