{
	"pitch" : 1.4800758400634246,
	"roll" : -1.3802313238832193,
	"x" : 0.1048289124529837,
	"y" : -0.16323799601012887,
	"yaw" : 1.3972506566863472,
	"z" : -0.1678322263182741
}
