{
	"pitch" : 1.4674588510145679,
	"roll" : -1.4837772809886569,
	"x" : 0.06330445930537644,
	"y" : -0.057815867104981065,
	"yaw" : 1.3237952091923058,
	"z" : -0.185917295802567
}
