{
	"pitch" : 1.4740556925387192,
	"roll" : -1.6397033110771981,
	"x" : 0.02616075412282981,
	"y" : -0.01041189854261974,
	"yaw" : 1.1748467462098491,
	"z" : -0.1712036750812051
}
