{
	"pitch" : 1.486211579547287,
	"roll" : -1.3815318136013732,
	"x" : 0.11693602829972927,
	"y" : -0.043558731803187804,
	"yaw" : 1.4361495341373536,
	"z" : -0.16854161862810749
}
