{
	"pitch" : 1.4744773059352783,
	"roll" : -1.568418930709883,
	"x" : 0.028255534221825335,
	"y" : -0.16318142331524513,
	"yaw" : 1.2438963205373355,
	"z" : -0.11929476339938519
}
