{
	"pitch" : 1.4748153087696014,
	"roll" : -1.5320711231306676,
	"x" : 0.045031956415516446,
	"y" : -0.11074604379243172,
	"yaw" : 1.2847496045714113,
	"z" : -0.16931302899412753
}
