{
	"pitch" : 1.4628598577664644,
	"roll" : -1.5921299168095726,
	"x" : -0.082286250869897395,
	"y" : -0.17871840207198647,
	"yaw" : 1.2164710669210179,
	"z" : -0.17260292110198161
}
