{
	"pitch" : 1.4839661244286229,
	"roll" : -1.6409166878091648,
	"x" : 0.043036494400283065,
	"y" : 0.026544728638358526,
	"yaw" : 1.1803868477191366,
	"z" : -0.17162593167964121
}
