{
	"pitch" : 1.4713620917826815,
	"roll" : -1.5390774721733875,
	"x" : -0.024932612917887245,
	"y" : -0.11006449132287052,
	"yaw" : 1.2708954869222817,
	"z" : -0.17201489428181971
}
