{
	"pitch" : 1.4949343159064261,
	"roll" : -1.5960909209597844,
	"x" : 0.092540883028801618,
	"y" : 0.035340753487028115,
	"yaw" : 1.2251688652205215,
	"z" : -0.16146305695325752
}
