{
	"pitch" : 1.4577089259726916,
	"roll" : -1.3596171376270532,
	"x" : 0.016059736838640384,
	"y" : -0.20697167529631744,
	"yaw" : 1.4530840061302071,
	"z" : -0.26942885407339623
}
