{
	"pitch" : 1.4989622045320479,
	"roll" : -1.4372013986120571,
	"x" : 0.10384409326835811,
	"y" : 0.031846058328738068,
	"yaw" : 1.3912512056122648,
	"z" : -0.17017637429625945
}
