{
	"pitch" : 1.4798716236390352,
	"roll" : -1.6038637182962157,
	"x" : 0.027083614654458965,
	"y" : -0.0052503662358398887,
	"yaw" : 1.2173368358749181,
	"z" : -0.17084239338400972
}
