{
	"pitch" : 1.4708061503131769,
	"roll" : -1.539943945444544,
	"x" : 0.07639756470555048,
	"y" : -0.014594135185667408,
	"yaw" : 1.2607283789504942,
	"z" : -0.1698768859011355
}
