{
	"pitch" : 1.4743681020629729,
	"roll" : -1.5881226154789971,
	"x" : 0.029997089663923927,
	"y" : -0.029931451657789154,
	"yaw" : 1.2313978768202227,
	"z" : -0.1700000108960511
}
