{
	"pitch" : 1.4810451866620347,
	"roll" : -1.5917517652119761,
	"x" : 0.026816401355551793,
	"y" : -0.00026662050410431945,
	"yaw" : 1.228264252212234,
	"z" : -0.17059268114791035
}
