{
	"pitch" : 1.4612816813599228,
	"roll" : -1.5667812071592802,
	"x" : 0.0065448817752712524,
	"y" : -0.13090531536778532,
	"yaw" : 1.2436404352383768,
	"z" : -0.17196124503058632
}
