{
	"pitch" : 1.4840786650571247,
	"roll" : -1.6941782960047864,
	"x" : 0.037288516998873478,
	"y" : 0.018528387036768051,
	"yaw" : 1.1256846938077296,
	"z" : -0.17154023025647194
}
