{
	"pitch" : 1.4792885423974558,
	"roll" : -1.6257550360353841,
	"x" : 0.031647284530419095,
	"y" : 0.012351039652364715,
	"yaw" : 1.1919682510337908,
	"z" : -0.17009501326256984
}
