{
	"pitch" : 1.4917315667697377,
	"roll" : -1.5952563626616969,
	"x" : 0.049600057416367492,
	"y" : -0.10140907791774136,
	"yaw" : 1.2086359816514152,
	"z" : -0.21446544434642656
}
