{
	"pitch" : 1.4758774256928844,
	"roll" : -1.5504205890252565,
	"x" : 0.068738425236017184,
	"y" : -0.038035317707322429,
	"yaw" : 1.2610169523212396,
	"z" : -0.1703162211205623
}
