{
	"pitch" : 1.4784531106945726,
	"roll" : -1.4732519900367533,
	"x" : 0.06821206553816872,
	"y" : -0.15701043468205181,
	"yaw" : 1.3366191377044718,
	"z" : -0.16904660457874379
}
