{
	"pitch" : 1.4817682002396959,
	"roll" : -1.6331216199514651,
	"x" : 0.030161538748443635,
	"y" : 0.0074109395926652884,
	"yaw" : 1.1899953616093455,
	"z" : -0.17101326081780779
}
