{
	"pitch" : 1.4532566988910025,
	"roll" : -1.4171383396735941,
	"x" : 0.0046848242995573691,
	"y" : -0.23929237883796786,
	"yaw" : 1.3858040266223111,
	"z" : -0.17111591077167596
}
