{
	"pitch" : 1.4896765269411805,
	"roll" : -1.4000196811851318,
	"x" : 0.12463415919323205,
	"y" : -0.028186015895934315,
	"yaw" : 1.4207212062488606,
	"z" : -0.16885027725365442
}
