{
	"pitch" : 1.4866570368373953,
	"roll" : -1.4313586227653285,
	"x" : 0.019082891632039758,
	"y" : -0.073486895652092862,
	"yaw" : 1.3973710571343612,
	"z" : -0.1687137364022406
}
