{
	"pitch" : 1.4962365837067546,
	"roll" : -1.5457127672176296,
	"x" : 0.092802465223526462,
	"y" : 0.036218010172631904,
	"yaw" : 1.2750636172937349,
	"z" : -0.1715702338507441
}
