{
	"pitch" : 1.4834560250010034,
	"roll" : -1.5998761954642446,
	"x" : 0.069061908090787008,
	"y" : -0.039982350971677613,
	"yaw" : 1.2116843405260647,
	"z" : -0.16904902913228267
}
