{
	"pitch" : 1.4851408270950568,
	"roll" : -1.6345477022705226,
	"x" : 0.050275134641399905,
	"y" : 0.031454457245907036,
	"yaw" : 1.1901222440962718,
	"z" : -0.1711563708295164
}
