{
	"pitch" : 1.4765448740840166,
	"roll" : -1.5411290366865018,
	"x" : 0.068082457294578277,
	"y" : -0.040474985209208732,
	"yaw" : 1.2663400749538758,
	"z" : -0.17022321453174585
}
