{
	"pitch" : 1.4756670119766973,
	"roll" : -1.4854711299572152,
	"x" : 0.060981030203784481,
	"y" : -0.060118865251901514,
	"yaw" : 1.3284283653194935,
	"z" : -0.15726715630251048
}
