{
	"pitch" : 1.4727976996573098,
	"roll" : -1.4593347575880358,
	"x" : 0.061552320285238195,
	"y" : -0.058966683658436235,
	"yaw" : 1.3599212816460891,
	"z" : -0.16882592947322711
}
