{
	"pitch" : 1.4685624477055874,
	"roll" : -1.511059214499707,
	"x" : 0.039871895693788816,
	"y" : -0.047744781814552328,
	"yaw" : 1.2974866229649402,
	"z" : -0.16983473289554393
}
