{
	"pitch" : 1.466908527811309,
	"roll" : -1.500735342796609,
	"x" : 0.0061035396235940564,
	"y" : -0.231762791560162,
	"yaw" : 1.3058249709450591,
	"z" : -0.091565665035663962
}
