{
	"pitch" : 1.4796189484371924,
	"roll" : -1.5476964672572091,
	"x" : 0.075883645246007325,
	"y" : -0.018148416718350636,
	"yaw" : 1.2608733595319248,
	"z" : -0.22043281385617575
}
