{
	"pitch" : 1.4826602416846353,
	"roll" : -1.6202400403342321,
	"x" : 0.027463589376559197,
	"y" : 0.001244039419958121,
	"yaw" : 1.2004954277465512,
	"z" : -0.17073477386909638
}
