{
	"pitch" : 1.4623339899250327,
	"roll" : -1.5261488231981561,
	"x" : 0.014860920530421852,
	"y" : -0.12589594658259334,
	"yaw" : 1.2810545361892012,
	"z" : -0.1712866405814224
}
