{
	"pitch" : 1.4627888912438081,
	"roll" : -1.525268350589146,
	"x" : 0.026596905373218183,
	"y" : -0.11841391110402999,
	"yaw" : 1.280688535837037,
	"z" : -0.17106500266453614
}
