{
	"pitch" : 1.4963340783871382,
	"roll" : -1.4521173870717721,
	"x" : 0.11794212842673107,
	"y" : 0.019238850373370243,
	"yaw" : 1.3764690509212649,
	"z" : -0.17024571381631892
}
