{
	"pitch" : 1.4878113909155968,
	"roll" : -1.4520979416088533,
	"x" : 0.07731358333558061,
	"y" : -0.010747752738143775,
	"yaw" : 1.3629829078929732,
	"z" : -0.16897895970422835
}
