{
	"pitch" : 1.4750116025494429,
	"roll" : -1.4590406918146077,
	"x" : 0.062832090343371144,
	"y" : -0.054793779244597052,
	"yaw" : 1.3532895893184047,
	"z" : -0.14467972458244382
}
