{
	"pitch" : 1.4687860561756831,
	"roll" : -1.5016632435311579,
	"x" : 0.037918680431962518,
	"y" : -0.045534146216987738,
	"yaw" : 1.3063329109073349,
	"z" : -0.17010418696137655
}
