{
	"pitch" : 1.4998290217005765,
	"roll" : -1.4434866677242595,
	"x" : 0.11237693771931742,
	"y" : 0.025083317062340831,
	"yaw" : 1.3853963296287934,
	"z" : -0.16984111860414611
}
