{
	"pitch" : 1.4843338191398441,
	"roll" : -1.5431501164343926,
	"x" : 0.071798077303495064,
	"y" : -0.026620665883591226,
	"yaw" : 1.270608956212534,
	"z" : -0.12128312877342057
}
