{
	"pitch" : 1.4592326328429794,
	"roll" : -1.3375382451720883,
	"x" : 0.073336011982321397,
	"y" : -0.26373105311678091,
	"yaw" : 1.4685022005408603,
	"z" : -0.16932906604733705
}
