{
	"pitch" : 1.4699429116176306,
	"roll" : -1.5578216058244136,
	"x" : -0.028928941543211739,
	"y" : -0.11379131410826512,
	"yaw" : 1.2527826199221164,
	"z" : -0.17197096818544252
}
