{
	"pitch" : 1.4537362546072679,
	"roll" : -1.4703663136488672,
	"x" : 0.026624586613326132,
	"y" : -0.17552058522443595,
	"yaw" : 1.3379628991965462,
	"z" : -0.17003433793257317
}
