{
	"pitch" : 1.4986411013573533,
	"roll" : -1.4364662415386604,
	"x" : 0.061574625527841501,
	"y" : -0.058973208095600964,
	"yaw" : 1.3749286846009743,
	"z" : -0.19265733955456615
}
