{
	"pitch" : 1.4896626656114906,
	"roll" : -1.5142569697144939,
	"x" : 0.060814333088983555,
	"y" : 0.037871976324582862,
	"yaw" : 1.3130486852983547,
	"z" : -0.17119623747717144
}
