{
	"pitch" : 1.4979741234496631,
	"roll" : -1.3902912917803876,
	"x" : 0.12393431367548054,
	"y" : 0.0087981410575659839,
	"yaw" : 1.4330108600176157,
	"z" : -0.16942619922989366
}
