{
	"pitch" : 1.4596348766027536,
	"roll" : -1.4249627287593112,
	"x" : 0.047796272618097664,
	"y" : -0.099917517078193477,
	"yaw" : 1.3775937924728117,
	"z" : -0.16895266168204096
}
