{
	"pitch" : 1.494851006989329,
	"roll" : -1.6031468861628906,
	"x" : 0.092420890128240507,
	"y" : 0.035314984452129015,
	"yaw" : 1.2181262686840406,
	"z" : -0.16145617336796395
}
