{
	"pitch" : 1.4848015436139419,
	"roll" : -1.3406315274548251,
	"x" : 0.12342780428815389,
	"y" : -0.032192343462779452,
	"yaw" : 1.4831872511583708,
	"z" : -0.16845305074860223
}
