{
	"pitch" : 1.4890080468395694,
	"roll" : -1.6018668663370972,
	"x" : 0.085131262224259999,
	"y" : 0.013095083489119171,
	"yaw" : 1.214021046182852,
	"z" : -0.12745146157516948
}
