{
	"pitch" : 1.4554333141981322,
	"roll" : -1.4566357427455132,
	"x" : -0.015137570534255559,
	"y" : -0.2965891309244334,
	"yaw" : 1.3511635067116219,
	"z" : -0.16017332955271318
}
