{
	"pitch" : 1.46450221385233,
	"roll" : -1.4929647581044136,
	"x" : 0.063361792108962672,
	"y" : -0.056447857689223654,
	"yaw" : 1.3160503394515257,
	"z" : -0.18795725172828659
}
