{
	"pitch" : 1.4941310512917572,
	"roll" : -1.5987769020603997,
	"x" : 0.090136181766722501,
	"y" : 0.02675573755692047,
	"yaw" : 1.2209147124244015,
	"z" : -0.1408632799046754
}
