{
	"pitch" : 1.4916811927708218,
	"roll" : -1.6116724139604115,
	"x" : 0.087810555071935192,
	"y" : 0.020481327852655391,
	"yaw" : 1.2056429804640225,
	"z" : -0.1332610116590999
}
