{
	"pitch" : 1.4887352063424999,
	"roll" : -1.6007588015059973,
	"x" : 0.064042527434084007,
	"y" : 0.03766548863086109,
	"yaw" : 1.2362490077686488,
	"z" : -0.17211763932550253
}
