{
	"pitch" : 1.4762692942165339,
	"roll" : -1.5461639791184261,
	"x" : 0.038899593579275707,
	"y" : -0.13295090043382368,
	"yaw" : 1.2683518563501233,
	"z" : -0.14859679277298821
}
