{
	"pitch" : 1.450703262253012,
	"roll" : -1.2893760697801642,
	"x" : 0.060363265280220041,
	"y" : -0.30172114078729834,
	"yaw" : 1.5137246305691345,
	"z" : -0.17004143802306887
}
