{
	"pitch" : 1.4670977150495352,
	"roll" : -1.4828516347787677,
	"x" : 0.0015313851195383893,
	"y" : -0.24210869186082318,
	"yaw" : 1.3269554297713109,
	"z" : -0.10341922262666245
}
