{
	"pitch" : 1.4927683115733341,
	"roll" : -1.3881033836995378,
	"x" : 0.12753424914941872,
	"y" : -0.013803430732071601,
	"yaw" : 1.4370493095782448,
	"z" : -0.16891691424912023
}
