{
	"pitch" : 1.4983458535490446,
	"roll" : -1.4414526577586979,
	"x" : 0.10402945565901281,
	"y" : 0.03145022539070539,
	"yaw" : 1.386440465073705,
	"z" : -0.17029781763016957
}
