{
	"pitch" : 1.4942184138047045,
	"roll" : -1.5347339449078949,
	"x" : 0.09248361445950562,
	"y" : 0.034422624103063994,
	"yaw" : 1.2843444775629624,
	"z" : -0.18390357064049762
}
