{
	"pitch" : 1.4745813914573194,
	"roll" : -1.5529514963699556,
	"x" : 0.030929927518517981,
	"y" : -0.15730147238727893,
	"yaw" : 1.259766099596366,
	"z" : -0.12524813944479465
}
