{
	"pitch" : 1.44931845188327,
	"roll" : -1.3982566126557345,
	"x" : -0.00023378117586615732,
	"y" : -0.25617682470245356,
	"yaw" : 1.4001951576808775,
	"z" : -0.17141641886152101
}
