{
	"pitch" : 1.4683563563934452,
	"roll" : -1.6088663269197898,
	"x" : 0.039226972240445433,
	"y" : -0.032577721679734092,
	"yaw" : 1.2013982992065459,
	"z" : -0.17064630030036546
}
