{
	"pitch" : 1.4758204995774598,
	"roll" : -1.5093745235698051,
	"x" : 0.072547203338904354,
	"y" : -0.028800569893468533,
	"yaw" : 1.2972761337487468,
	"z" : -0.21703661271863023
}
