{
	"pitch" : 1.4870157887312363,
	"roll" : -1.6401851677461325,
	"x" : 0.049811152982369294,
	"y" : 0.030985595471828449,
	"yaw" : 1.1838433760586247,
	"z" : -0.17113563340116231
}
