{
	"pitch" : 1.470608316494818,
	"roll" : -1.6365651772209577,
	"x" : 0.0288407522442184,
	"y" : -0.02268527848836456,
	"yaw" : 1.1777761037771559,
	"z" : -0.17044236807957736
}
