{
	"pitch" : 1.4998079087976901,
	"roll" : -1.5657698329341292,
	"x" : 0.098751634188895349,
	"y" : 0.034207713525086419,
	"yaw" : 1.2644104283057076,
	"z" : -0.17045751922033553
}
