{
	"pitch" : 1.4728554392304887,
	"roll" : -1.3142405707471521,
	"x" : 0.019423456350094861,
	"y" : -0.19508068488133143,
	"yaw" : 1.4994664044450476,
	"z" : -0.26212780732053848
}
