{
	"pitch" : 1.4553384326851151,
	"roll" : -1.4545500050133067,
	"x" : 0.013830590845130948,
	"y" : -0.20943388453952258,
	"yaw" : 1.3479637146298102,
	"z" : -0.17026385982412379
}
