{
	"pitch" : 1.4890340594714202,
	"roll" : -1.4279731724859985,
	"x" : 0.064106304432507977,
	"y" : -0.018517993745344116,
	"yaw" : 1.3922522955146435,
	"z" : -0.16912786404669963
}
