{
	"pitch" : 1.454408050629368,
	"roll" : -1.5801627369441453,
	"x" : -0.060015305239034797,
	"y" : -0.16691945466211378,
	"yaw" : 1.230678519637076,
	"z" : -0.17334265492971787
}
