{
	"pitch" : 1.4739939706161997,
	"roll" : -1.4045029228243633,
	"x" : 0.074328423246652869,
	"y" : -0.063328750527327199,
	"yaw" : 1.4153665985665123,
	"z" : -0.1687367120920317
}
