{
	"pitch" : 1.4749963652685538,
	"roll" : -1.5550027221340137,
	"x" : 0.028924064138252242,
	"y" : -0.16139785783063526,
	"yaw" : 1.2568385196349523,
	"z" : -0.12100530327161646
}
