{
	"pitch" : 1.4729481553346191,
	"roll" : -1.437643394249458,
	"x" : 0.10532328946802338,
	"y" : -0.16398772182653865,
	"yaw" : 1.3515978437756908,
	"z" : -0.16868267442594978
}
