{
	"pitch" : 1.5018056074599593,
	"roll" : -1.4561833516225158,
	"x" : 0.10486608743525552,
	"y" : 0.03099024966188476,
	"yaw" : 1.3740174268179628,
	"z" : -0.17014315092428317
}
