{
	"pitch" : 1.461226334441071,
	"roll" : -1.3001711979817687,
	"x" : 0.11191407103285783,
	"y" : -0.24065517226420624,
	"yaw" : 1.510897188928336,
	"z" : -0.16792776907933193
}
