{
	"pitch" : 1.4898922273687814,
	"roll" : -1.5219835815206555,
	"x" : 0.078540441429409885,
	"y" : -0.0039047881225511231,
	"yaw" : 1.2912383374595078,
	"z" : -0.11883706940275468
}
