{
	"pitch" : 1.4956712866679704,
	"roll" : -1.5121363677042958,
	"x" : 0.075886963055194656,
	"y" : -0.014390908676218275,
	"yaw" : 1.307124105675779,
	"z" : -0.17067847904170802
}
