{
	"pitch" : 1.4525138587888509,
	"roll" : -1.4290219424628352,
	"x" : 0.01438340330642178,
	"y" : -0.20571379757348543,
	"yaw" : 1.3752190706687109,
	"z" : -0.17036897964995421
}
