{
	"pitch" : 1.4569170749302192,
	"roll" : -1.4260685135984028,
	"x" : 0.013723107235511928,
	"y" : -0.21002775029908188,
	"yaw" : 1.373439622416492,
	"z" : -0.1703082552056662
}
