{
	"pitch" : 1.454096787393659,
	"roll" : -1.4207540223149986,
	"x" : 0.00092499483123578696,
	"y" : -0.25102325926875591,
	"yaw" : 1.3807514371083025,
	"z" : -0.17175511046832059
}
