{
	"pitch" : 1.4721711518981779,
	"roll" : -1.4373535479838566,
	"x" : 0.074560483711906475,
	"y" : -0.011531371148941831,
	"yaw" : 1.3539171763452928,
	"z" : -0.16833494005124533
}
