{
	"pitch" : 1.4940380570351384,
	"roll" : -1.6124895183472681,
	"x" : 0.075230382057560732,
	"y" : 0.039646053537424543,
	"yaw" : 1.2163234792667721,
	"z" : -0.17091791247302526
}
