{
	"pitch" : 1.4861487438533121,
	"roll" : -1.4927432986706406,
	"x" : 0.075994068065532952,
	"y" : -0.013330520301836563,
	"yaw" : 1.3247321723445256,
	"z" : -0.16966504819035219
}
