{
	"pitch" : 1.4829860035877265,
	"roll" : -1.3745733155696602,
	"x" : 0.10719613324996485,
	"y" : -0.052766342434310047,
	"yaw" : 1.4490392347823418,
	"z" : -0.16811017183937549
}
