{
	"pitch" : 1.4748346834696378,
	"roll" : -1.5551250451191301,
	"x" : 0.065044557923149171,
	"y" : -0.050040260357427223,
	"yaw" : 1.2569954118960127,
	"z" : -0.13715744912602909
}
