{
	"pitch" : 1.4572221152479419,
	"roll" : -1.4645861799323068,
	"x" : -0.043107349103608888,
	"y" : -0.26919967060186395,
	"yaw" : 1.347088864034276,
	"z" : -0.17368159515825377
}
