{
	"pitch" : 1.4849045424750449,
	"roll" : -1.5726029037593794,
	"x" : 0.041089478440180974,
	"y" : -0.031208870520158048,
	"yaw" : 1.250678149992585,
	"z" : -0.16936504990336237
}
