{
	"pitch" : 1.4802672717708099,
	"roll" : -1.6536241807286194,
	"x" : 0.033426180844362927,
	"y" : 0.014280712251257401,
	"yaw" : 1.1628665590858165,
	"z" : -0.17049578901655593
}
