{
	"pitch" : 1.4847280552936952,
	"roll" : -1.5540311031940706,
	"x" : 0.072589026821744174,
	"y" : -0.025199145913946147,
	"yaw" : 1.2588940115953808,
	"z" : -0.12105211872780972
}
