{
	"pitch" : 1.4595593091752221,
	"roll" : -1.4430276165424449,
	"x" : 0.057403505547786934,
	"y" : -0.070244288333976793,
	"yaw" : 1.357810476786395,
	"z" : -0.16960947298635282
}
