{
	"pitch" : 1.4836602989890637,
	"roll" : -1.5496899141114207,
	"x" : 0.073827238330331904,
	"y" : -0.019574089090034615,
	"yaw" : 1.2639819844225366,
	"z" : -0.11954637878899189
}
