{
	"pitch" : 1.4694509257538979,
	"roll" : -1.4881911499470344,
	"x" : 0.063328427254514139,
	"y" : -0.058312342442753587,
	"yaw" : 1.3202848140239012,
	"z" : -0.18354580000320603
}
