{
	"pitch" : 1.453648532978572,
	"roll" : -1.3812136356505145,
	"x" : 0.026105541519819045,
	"y" : -0.16858514894285029,
	"yaw" : 1.4172292164603679,
	"z" : -0.16865459486997722
}
