{
	"pitch" : 1.4676625249679678,
	"roll" : -1.5789103477385908,
	"x" : 0.033337204101663451,
	"y" : -0.13801844238177136,
	"yaw" : 1.2318038867290206,
	"z" : -0.17048196605801652
}
