{
	"pitch" : 1.4838834871401287,
	"roll" : -1.3570461362297455,
	"x" : 0.11530843994509864,
	"y" : -0.044487934741552833,
	"yaw" : 1.4652876052998918,
	"z" : -0.16816505365069817
}
