{
	"pitch" : 1.4536429291259707,
	"roll" : -1.3997247262015753,
	"x" : 0.024029260363350499,
	"y" : -0.18013600024605278,
	"yaw" : 1.4048808241938782,
	"z" : -0.16979999804048457
}
