{
	"pitch" : 1.4734856558320308,
	"roll" : -1.4998607303820723,
	"x" : 0.062289061295329129,
	"y" : -0.059274178571404233,
	"yaw" : 1.3194340484145684,
	"z" : -0.16889223550012791
}
