{
	"pitch" : 1.4853758490753328,
	"roll" : -1.2983531629332914,
	"x" : 0.11885616670408161,
	"y" : -0.039710479254822025,
	"yaw" : 1.5230645004239876,
	"z" : -0.16827056986559943
}
