{
	"pitch" : 1.4929006441205281,
	"roll" : -1.544622234217965,
	"x" : 0.09139674939622433,
	"y" : 0.032409172917325951,
	"yaw" : 1.2728035042873065,
	"z" : -0.18892033255038027
}
