{
	"pitch" : 1.4691763383255978,
	"roll" : -1.5226399451477648,
	"x" : 0.061782696721423322,
	"y" : -0.057555163263352721,
	"yaw" : 1.2868033061549435,
	"z" : -0.16945203471334724
}
