{
	"pitch" : 1.4910243097516547,
	"roll" : -1.5019090829450557,
	"x" : 0.051078350152438542,
	"y" : -0.039545838823634723,
	"yaw" : 1.3192849085035441,
	"z" : -0.16954477466703366
}
