{
	"pitch" : 1.4696360494807004,
	"roll" : -1.4583920166167372,
	"x" : 0.059823800458800508,
	"y" : -0.060431661627722594,
	"yaw" : 1.3561467815542287,
	"z" : -0.16890922061082228
}
