{
	"pitch" : 1.4911154598919345,
	"roll" : -1.6020010786246359,
	"x" : 0.084814199700215809,
	"y" : 0.012139164106818442,
	"yaw" : 1.2139448749832498,
	"z" : -0.12667280168214767
}
