{
	"pitch" : 1.4937544923162362,
	"roll" : -1.5248557389817714,
	"x" : 0.076301006152464323,
	"y" : -0.01341188548301638,
	"yaw" : 1.2931284795478271,
	"z" : -0.17011785968972848
}
