{
	"pitch" : 1.4817289270978979,
	"roll" : -1.4569785900740746,
	"x" : 0.1019761742002768,
	"y" : -0.057238581553858948,
	"yaw" : 1.3611666189350602,
	"z" : -0.16877737973509577
}
