{
	"pitch" : 1.4852613357327453,
	"roll" : -1.5732157252766843,
	"x" : 0.073662959778267534,
	"y" : -0.022276673869867081,
	"yaw" : 1.2398573129453201,
	"z" : -0.12056661382775662
}
