{
	"pitch" : 1.4883090554391147,
	"roll" : -1.4015066232903719,
	"x" : 0.12460488106007844,
	"y" : -0.028919371756014851,
	"yaw" : 1.4192210380767079,
	"z" : -0.16897893818184748
}
