{
	"pitch" : 1.4628965653060431,
	"roll" : -1.3234690677657408,
	"x" : 0.11097738978608856,
	"y" : -0.24128382428934986,
	"yaw" : 1.4895672953539338,
	"z" : -0.16801168702415742
}
