{
	"pitch" : 1.482080929912629,
	"roll" : -1.4020730172026867,
	"x" : 0.099316833659964826,
	"y" : -0.057485638091129262,
	"yaw" : 1.4203581890274222,
	"z" : -0.16855176275814693
}
