{
	"pitch" : 1.4974265170627465,
	"roll" : -1.5851698912606493,
	"x" : 0.066436788402469013,
	"y" : 0.038367467913160112,
	"yaw" : 1.2446216195027362,
	"z" : -0.17119892007412629
}
