{
	"pitch" : 1.4822015937838451,
	"roll" : -1.574093085263623,
	"x" : 0.071525596469002195,
	"y" : -0.030410692818532307,
	"yaw" : 1.2385505557741736,
	"z" : -0.12332796672805167
}
