{
	"pitch" : 1.485413079459347,
	"roll" : -1.299106240812097,
	"x" : 0.11878214842537139,
	"y" : -0.039735534640163619,
	"yaw" : 1.5223251508671565,
	"z" : -0.1682531298786126
}
