{
	"pitch" : 1.495853480013658,
	"roll" : -1.5629662397465125,
	"x" : 0.092625358249991588,
	"y" : 0.035230582180516765,
	"yaw" : 1.2575186090937394,
	"z" : -0.18042665879576927
}
