{
	"pitch" : 1.4744078778766248,
	"roll" : -1.5710429205970633,
	"x" : 0.031706007343141274,
	"y" : -0.033735864228090884,
	"yaw" : 1.2439175650093774,
	"z" : -0.16987930317529745
}
