{
	"pitch" : 1.4557065588996843,
	"roll" : -1.3293370282212302,
	"x" : 0.013553104063861073,
	"y" : -0.28809046624506851,
	"yaw" : 1.4761237160045744,
	"z" : -0.17148696658489909
}
