{
	"pitch" : 1.4703132899280673,
	"roll" : -1.4871353527226445,
	"x" : 0.057690484408331577,
	"y" : -0.059773056423142741,
	"yaw" : 1.3266830166456622,
	"z" : -0.16921392303359101
}
