{
	"pitch" : 1.461343503269189,
	"roll" : -1.3431564441126773,
	"x" : 0.0746380313427564,
	"y" : -0.25400539453974658,
	"yaw" : 1.4606394500138296,
	"z" : -0.16908576892581445
}
