{
	"pitch" : 1.4875770639954433,
	"roll" : -1.561584145854096,
	"x" : 0.07843731896153143,
	"y" : -0.0067627002654695005,
	"yaw" : 1.2522187404882377,
	"z" : -0.11874489650563698
}
