{
	"pitch" : 1.4811950476089935,
	"roll" : -1.4211091044996798,
	"x" : 0.10366542534906986,
	"y" : -0.055461959070015658,
	"yaw" : 1.3987854013140919,
	"z" : -0.16798639459649861
}
