{
	"pitch" : 1.4850627197838362,
	"roll" : -1.5556444762570987,
	"x" : 0.091121893924100833,
	"y" : 0.029091985750998552,
	"yaw" : 1.2616738153623555,
	"z" : -0.19603422374967477
}
