{
	"pitch" : 1.4859655586381404,
	"roll" : -1.6021096667459362,
	"x" : 0.087264844793200166,
	"y" : 0.016904329553536705,
	"yaw" : 1.2128344599010974,
	"z" : -0.21037452686745983
}
