{
	"pitch" : 1.5485202291058686,
	"roll" : -0.85840981531999383,
	"x" : 0.099686740902034915,
	"y" : -0.17804617134379866,
	"yaw" : 1.9080777669819493,
	"z" : -0.16677898121196655
}
