{
	"pitch" : 1.4681954483619142,
	"roll" : -1.473320853237476,
	"x" : 0.06478389657687432,
	"y" : -0.051403447562942607,
	"yaw" : 1.3261356561111393,
	"z" : -0.16980119017104256
}
