{
	"pitch" : 1.4549176462451672,
	"roll" : -1.4618480238393812,
	"x" : 0.014073156283670091,
	"y" : -0.20893438047316831,
	"yaw" : 1.3402426504877556,
	"z" : -0.17057432742686207
}
