{
	"pitch" : 1.4702644911967333,
	"roll" : -1.4371955632719196,
	"x" : 0.084767326686136873,
	"y" : -0.15587248558759387,
	"yaw" : 1.3634643237512387,
	"z" : -0.16871505203859247
}
