{
	"pitch" : 1.4598642578324814,
	"roll" : -1.4168423104651997,
	"x" : 0.056792407486458668,
	"y" : -0.071626358229841605,
	"yaw" : 1.3832308096029673,
	"z" : -0.16956893406044454
}
