{
	"pitch" : 1.4615011554627375,
	"roll" : -1.5597178311422017,
	"x" : 0.076954110229043721,
	"y" : -0.014372574367677741,
	"yaw" : 1.2451060122513105,
	"z" : -0.17085448771027811
}
