{
	"pitch" : 1.4838481871735434,
	"roll" : -1.5635565966071872,
	"x" : 0.076997646093305644,
	"y" : -0.012579699463925396,
	"yaw" : 1.2543924968099107,
	"z" : -0.16961934346492649
}
