{
	"pitch" : 1.4663840314752452,
	"roll" : -1.4729214767650729,
	"x" : 0.062793335741041678,
	"y" : -0.057669972269652856,
	"yaw" : 1.3346244611471698,
	"z" : -0.18651361896205884
}
