{
	"pitch" : 1.4697271856249225,
	"roll" : -1.4975425638203987,
	"x" : 0.041377249267594743,
	"y" : -0.049193319005671518,
	"yaw" : 1.3119128712441235,
	"z" : -0.16959876981301608
}
