{
	"pitch" : 1.4691334798140001,
	"roll" : -1.5062590788105816,
	"x" : -0.065268898805762574,
	"y" : -0.16191215751394217,
	"yaw" : 1.3028475834800333,
	"z" : -0.17268094582328689
}
