{
	"pitch" : 1.4463049734712123,
	"roll" : -1.4232127461357069,
	"x" : -0.017295946787321589,
	"y" : -0.30919699354028868,
	"yaw" : 1.3799633131668176,
	"z" : -0.17344008928452534
}
