{
	"pitch" : 1.4709153227684759,
	"roll" : -1.3662349981025246,
	"x" : 0.017689209381324372,
	"y" : -0.20014337549601374,
	"yaw" : 1.4461749086481839,
	"z" : -0.26551507405823987
}
