{
	"pitch" : 1.4694584562733501,
	"roll" : -1.579546998908687,
	"x" : 0.035244863662638473,
	"y" : -0.038255326190965416,
	"yaw" : 1.2377713854125973,
	"z" : -0.17005096787692253
}
