{
	"pitch" : 1.4962657846330918,
	"roll" : -1.4679886175630648,
	"x" : 0.079209032260589132,
	"y" : 0.040066742914824441,
	"yaw" : 1.3682930506006619,
	"z" : -0.17114467514067397
}
