{
	"pitch" : 1.464196882755274,
	"roll" : -1.5351182959161633,
	"x" : 0.076940651977056712,
	"y" : -0.012674009048721371,
	"yaw" : 1.2701217511546739,
	"z" : -0.17044702545029569
}
