{
	"pitch" : 1.4794250706689973,
	"roll" : -1.6431910271150054,
	"x" : 0.026217273931739712,
	"y" : -0.0050212774434251952,
	"yaw" : 1.1752070773591057,
	"z" : -0.1705639647094174
}
