{
	"pitch" : 1.4887093513015783,
	"roll" : -1.3709226450416068,
	"x" : 0.12421422505778557,
	"y" : -0.027635647100576796,
	"yaw" : 1.450049008467629,
	"z" : -0.16858881870043085
}
