{
	"pitch" : 1.4787934969277214,
	"roll" : -1.4390757863221613,
	"x" : 0.067843775480449897,
	"y" : -0.037938777500769294,
	"yaw" : 1.3668834408589852,
	"z" : -0.16923943298916855
}
