{
	"pitch" : 1.4578398895314144,
	"roll" : -1.3201972638788573,
	"x" : 0.014414521637241426,
	"y" : -0.20902743403365773,
	"yaw" : 1.4920681151372819,
	"z" : -0.27086133351579667
}
