{
	"pitch" : 1.4677146814191333,
	"roll" : -1.5443559003040315,
	"x" : 0.076516552857304146,
	"y" : -0.012216947291787704,
	"yaw" : 1.2607548646067883,
	"z" : -0.17029018764932913
}
