{
	"pitch" : 1.4945901133072419,
	"roll" : -1.5692015049598291,
	"x" : 0.082915983239816263,
	"y" : 0.039081316122300522,
	"yaw" : 1.261202201796698,
	"z" : -0.17083899954433615
}
