{
	"pitch" : 1.4921960268923993,
	"roll" : -1.61999156359279,
	"x" : 0.087687227984495658,
	"y" : 0.018838625184250654,
	"yaw" : 1.1970899533671353,
	"z" : -0.1313080660512943
}
