{
	"pitch" : 1.48136489429109,
	"roll" : -1.3569677928490109,
	"x" : 0.031777994203641011,
	"y" : -0.15450505474495496,
	"yaw" : 1.4585997743925492,
	"z" : -0.24127210330836285
}
