{
	"pitch" : 1.4741615897556024,
	"roll" : -1.5321155247221363,
	"x" : 0.044188760764391308,
	"y" : -0.11100058025598145,
	"yaw" : 1.2818386247755025,
	"z" : -0.16943007792510062
}
