{
	"pitch" : 1.4752097940516176,
	"roll" : -1.3137279348607489,
	"x" : 0.019914192332553968,
	"y" : -0.19315837578664855,
	"yaw" : 1.4982581857300763,
	"z" : -0.26109405310930855
}
