{
	"pitch" : 1.4841391551219978,
	"roll" : -1.3845602980105842,
	"x" : 0.11086992173224637,
	"y" : -0.049898838602173132,
	"yaw" : 1.4341553494689425,
	"z" : -0.16837723579985289
}
