{
	"pitch" : 1.4753590848972764,
	"roll" : -1.5725891103324798,
	"x" : 0.065709827462410761,
	"y" : -0.050208948106493602,
	"yaw" : 1.2403253743914959,
	"z" : -0.13773506670570185
}
