{
	"pitch" : 1.4688487578788145,
	"roll" : -1.626155670920308,
	"x" : -0.026053803586720534,
	"y" : -0.12128044624375806,
	"yaw" : 1.1839424362010345,
	"z" : -0.17180027425132513
}
