{
	"pitch" : 1.4757384800908024,
	"roll" : -1.4828620893073696,
	"x" : 0.061934745929181925,
	"y" : -0.057061024429589317,
	"yaw" : 1.3316387862378301,
	"z" : -0.14851986870298148
}
