{
	"pitch" : 1.4918222816063225,
	"roll" : -1.514372559625075,
	"x" : 0.081922458295187475,
	"y" : 0.0044422848336917817,
	"yaw" : 1.299320533192923,
	"z" : -0.12244089938750702
}
