{
	"pitch" : 1.4581889309644416,
	"roll" : -1.3146212551786547,
	"x" : 0.014335916926466657,
	"y" : -0.20906763837775361,
	"yaw" : 1.4975720777916222,
	"z" : -0.27086197122541561
}
