{
	"pitch" : 1.4464558042178572,
	"roll" : -1.4280169401084319,
	"x" : -0.017344775674158083,
	"y" : -0.30931117861850543,
	"yaw" : 1.3728815785266941,
	"z" : -0.17321736315656633
}
