{
	"pitch" : 1.4730365879626317,
	"roll" : -1.4581769347746749,
	"x" : 0.059227384385159967,
	"y" : -0.058659815886888983,
	"yaw" : 1.3606539559169568,
	"z" : -0.16876270060264129
}
