{
	"pitch" : 1.4648660295566969,
	"roll" : -1.5264066212081338,
	"x" : 0.028736885280659132,
	"y" : -0.11740938823475366,
	"yaw" : 1.2796957035143066,
	"z" : -0.17092837888715925
}
