{
	"pitch" : 1.493083635322846,
	"roll" : -1.558988185817326,
	"x" : 0.091676720713629006,
	"y" : 0.032726805355213759,
	"yaw" : 1.2590732468975714,
	"z" : -0.18802955998645376
}
