{
	"pitch" : 1.4879737375827653,
	"roll" : -1.4117094167129496,
	"x" : 0.12392803039679286,
	"y" : -0.030473958571753678,
	"yaw" : 1.4081090290505416,
	"z" : -0.16908074371667914
}
