{
	"pitch" : 1.4947419342417498,
	"roll" : -1.3208355883366576,
	"x" : 0.12740764622673023,
	"y" : -0.0094836986834158522,
	"yaw" : 1.5009001001572566,
	"z" : -0.16819489516665659
}
