{
	"pitch" : 1.477036368841794,
	"roll" : -1.5425193771596379,
	"x" : 0.045621802351968756,
	"y" : -0.11028740912054712,
	"yaw" : 1.2756253043161525,
	"z" : -0.16962478129089284
}
