{
	"pitch" : 1.4672092260676828,
	"roll" : -1.5616804063905585,
	"x" : 0.035695479201704683,
	"y" : -0.13872196275241555,
	"yaw" : 1.248376586349988,
	"z" : -0.17044687601729047
}
