{
	"pitch" : 1.4912341425420803,
	"roll" : -1.6269192980433245,
	"x" : 0.084761945005582734,
	"y" : 0.011477707223887001,
	"yaw" : 1.1890774127409112,
	"z" : -0.12644670671010078
}
