{
	"pitch" : 1.4738407066010222,
	"roll" : -1.4384937011237433,
	"x" : 0.10552894152347647,
	"y" : -0.16408676987642881,
	"yaw" : 1.3484738858842427,
	"z" : -0.16870324528225158
}
