{
	"pitch" : 1.4925613021867208,
	"roll" : -1.5362714957501284,
	"x" : 0.072510949533173649,
	"y" : -0.016822261766263252,
	"yaw" : 1.2860456244294094,
	"z" : -0.16995592896001291
}
