{
	"pitch" : 1.4674966634036204,
	"roll" : -1.5030510124957397,
	"x" : 0.0062687029329954458,
	"y" : -0.23133496360538872,
	"yaw" : 1.3038160854848015,
	"z" : -0.091213662550041597
}
