{
	"pitch" : 1.4907199269577811,
	"roll" : -1.472540977322838,
	"x" : 0.042402621093359252,
	"y" : -0.11970002829479155,
	"yaw" : 1.3337920169915238,
	"z" : -0.22376757381473314
}
