{
	"pitch" : 1.4987702681563047,
	"roll" : -1.4405131471370947,
	"x" : 0.11633849706380142,
	"y" : 0.019983508594188674,
	"yaw" : 1.3854775773710153,
	"z" : -0.16997590704641927
}
