{
	"pitch" : 1.4783883649407983,
	"roll" : -1.7007337884721843,
	"x" : 0.029000842736492359,
	"y" : 0.0026194413866457746,
	"yaw" : 1.119421806139413,
	"z" : -0.17112151316183014
}
