{
	"pitch" : 1.4629864276557887,
	"roll" : -1.3427758992758134,
	"x" : 0.028461914553127549,
	"y" : -0.16010018261861875,
	"yaw" : 1.4709647639921783,
	"z" : -0.22036862256041662
}
