{
	"pitch" : 1.4935435128415684,
	"roll" : -1.4348225356224893,
	"x" : 0.1280559896810004,
	"y" : -0.011278173892328096,
	"yaw" : 1.3870856168584416,
	"z" : -0.16879817663791194
}
