{
	"pitch" : 1.4527449577779126,
	"roll" : -1.4453777587636532,
	"x" : 0.027549020300619474,
	"y" : -0.16533174196453371,
	"yaw" : 1.3565667674919004,
	"z" : -0.16949221521991581
}
