{
	"pitch" : 1.4848723699600492,
	"roll" : -1.5805930700088557,
	"x" : 0.090913569434301372,
	"y" : 0.027339972081884215,
	"yaw" : 1.2365112928154129,
	"z" : -0.19898455991751107
}
