{
	"pitch" : 1.4654359783712758,
	"roll" : -1.4759160549651065,
	"x" : 0.062632253630183654,
	"y" : -0.057249959109374554,
	"yaw" : 1.332336921229383,
	"z" : -0.18675534452343395
}
