{
	"pitch" : 1.4851514398383214,
	"roll" : -1.2993660604511184,
	"x" : 0.11909297617108469,
	"y" : -0.039628753332536321,
	"yaw" : 1.5221141086013943,
	"z" : -0.1683065563199326
}
