{
	"pitch" : 1.4707039301357334,
	"roll" : -1.6010453094184733,
	"x" : 0.045016030752884031,
	"y" : -0.029668585631303718,
	"yaw" : 1.2106486347792893,
	"z" : -0.1707497533855459
}
