{
	"pitch" : 1.4919666502622666,
	"roll" : -1.5532725211725293,
	"x" : 0.076682241506284804,
	"y" : -0.013119924697044238,
	"yaw" : 1.2644199936131892,
	"z" : -0.17022226990853201
}
