{
	"pitch" : 1.4983328930460482,
	"roll" : -1.4298412202551753,
	"x" : 0.10429683700105558,
	"y" : 0.031430859081542202,
	"yaw" : 1.3981217125674956,
	"z" : -0.17045052142104078
}
