{
	"pitch" : 1.4799258162623643,
	"roll" : -1.5118591689425609,
	"x" : 0.04469447346269452,
	"y" : -0.1125590125598832,
	"yaw" : 1.3061033909060156,
	"z" : -0.16883111501747339
}
