{
	"pitch" : 1.4670790091520509,
	"roll" : -1.6168264704586457,
	"x" : -0.02915637254374763,
	"y" : -0.12037610053602733,
	"yaw" : 1.1936285089677985,
	"z" : -0.17153870320360759
}
