{
	"pitch" : 1.4699913288665287,
	"roll" : -1.5534549966692299,
	"x" : 0.062418429847708734,
	"y" : -0.060165783871912321,
	"yaw" : 1.2600471167286171,
	"z" : -0.16964683865060895
}
