{
	"pitch" : 1.482835771071662,
	"roll" : -1.7122027599855458,
	"x" : 0.038029250040449339,
	"y" : 0.019300354401819219,
	"yaw" : 1.1079036389369323,
	"z" : -0.17163293820617131
}
