{
	"pitch" : 1.4646166509135752,
	"roll" : -1.5188037533494334,
	"x" : 0.014363571691667798,
	"y" : -0.20114848394200935,
	"yaw" : 1.2884246886029,
	"z" : -0.08053342352653009
}
