{
	"pitch" : 1.4824417063426021,
	"roll" : -1.4546185251897681,
	"x" : 0.10241142614311796,
	"y" : -0.057079937087065401,
	"yaw" : 1.3643627770898847,
	"z" : -0.16873605408965953
}
