{
	"pitch" : 1.4858678612031526,
	"roll" : -1.6019116589443538,
	"x" : 0.069127890033527081,
	"y" : -0.039273637934642842,
	"yaw" : 1.2087723893937861,
	"z" : -0.16907958435672818
}
