{
	"pitch" : 1.4786387491869359,
	"roll" : -1.5995694614574913,
	"x" : 0.027467443557270585,
	"y" : -0.018850997135624568,
	"yaw" : 1.2200338205949863,
	"z" : -0.17090044911604416
}
