{
	"pitch" : 1.4967816402428178,
	"roll" : -1.5667996463418521,
	"x" : 0.092576183263558015,
	"y" : 0.036147545578235421,
	"yaw" : 1.2555819470879324,
	"z" : -0.16638817712661283
}
