{
	"pitch" : 1.4966839715223346,
	"roll" : -1.5670748624201922,
	"x" : 0.092565853027246167,
	"y" : 0.036175102881357821,
	"yaw" : 1.2552901787459676,
	"z" : -0.16651017925530695
}
