{
	"pitch" : 1.5005018731767188,
	"roll" : -1.4492378365219492,
	"x" : 0.11224035723051808,
	"y" : 0.025175601238064026,
	"yaw" : 1.3794064053201995,
	"z" : -0.16973518750573524
}
