{
	"pitch" : 1.4510620066456617,
	"roll" : -1.3954398456351207,
	"x" : 0.023302192226489257,
	"y" : -0.1764679632535624,
	"yaw" : 1.4030844276502499,
	"z" : -0.16879266095304565
}
