{
	"pitch" : 1.47148545583903,
	"roll" : -1.4942059492763116,
	"x" : 0.043505092468648546,
	"y" : -0.11485679353669476,
	"yaw" : 1.3178477151932624,
	"z" : -0.17265705946022283
}
