{
	"pitch" : 1.4924003179460976,
	"roll" : -1.5149823737829653,
	"x" : 0.05424981236864964,
	"y" : -0.035440226579788695,
	"yaw" : 1.3034581897134585,
	"z" : -0.16964658550899062
}
