{
	"pitch" : 1.4816753127349969,
	"roll" : -1.3898885194788815,
	"x" : 0.100075222046612,
	"y" : -0.056997377770300527,
	"yaw" : 1.4321309924746906,
	"z" : -0.16865158057960505
}
