{
	"pitch" : 1.4838267129060094,
	"roll" : -1.4005889906161886,
	"x" : 0.1136200017399107,
	"y" : -0.046267393712720095,
	"yaw" : 1.4185091309560209,
	"z" : -0.1685921118136133
}
