{
	"pitch" : 1.4898196047920889,
	"roll" : -1.5970720432543362,
	"x" : 0.080813177780498513,
	"y" : 0.00078858099785222673,
	"yaw" : 1.2171756950590866,
	"z" : -0.12090493474013946
}
