{
	"pitch" : 1.493677574862259,
	"roll" : -1.6059486005876364,
	"x" : 0.087233524201848101,
	"y" : 0.019175559641103596,
	"yaw" : 1.2110613041912264,
	"z" : -0.13156706424669168
}
