{
	"pitch" : 1.4952845204991885,
	"roll" : -1.5359160785620547,
	"x" : 0.092234416402024483,
	"y" : 0.036401836072929968,
	"yaw" : 1.2862512371254362,
	"z" : -0.16930786968044556
}
