{
	"pitch" : 1.4575233839204014,
	"roll" : -1.3445029041804035,
	"x" : 0.073023214050643714,
	"y" : -0.26513161924350825,
	"yaw" : 1.4630428424118502,
	"z" : -0.16952582852968251
}
