{
	"pitch" : 1.4963703809064492,
	"roll" : -1.4850352782306442,
	"x" : 0.079061223499371822,
	"y" : 0.039969269326205856,
	"yaw" : 1.350169710808077,
	"z" : -0.17089899060779432
}
