{
	"pitch" : 1.4855219622918088,
	"roll" : -1.55584115315589,
	"x" : 0.091247318918887987,
	"y" : 0.0290952574537767,
	"yaw" : 1.2615905091184529,
	"z" : -0.19598407694770753
}
