{
	"pitch" : 1.4854653951312196,
	"roll" : -1.526488432372221,
	"x" : 0.074344905236039496,
	"y" : -0.016484456253032048,
	"yaw" : 1.2881403546419712,
	"z" : -0.11919012853868408
}
