{
	"pitch" : 1.4754256456187618,
	"roll" : -1.4808312281912719,
	"x" : 0.061674054802717211,
	"y" : -0.058737453975235783,
	"yaw" : 1.3344521774183584,
	"z" : -0.152187650356788
}
