{
	"pitch" : 1.4671590728446042,
	"roll" : -1.467840592719474,
	"x" : 0.048894512082376773,
	"y" : -0.055201568847283847,
	"yaw" : 1.3429382662056881,
	"z" : -0.16930003903266019
}
