{
	"pitch" : 1.494835111467177,
	"roll" : -1.597233295749567,
	"x" : 0.091508416160166806,
	"y" : 0.033361108109426205,
	"yaw" : 1.2231819887626105,
	"z" : -0.15265731115513392
}
