{
	"pitch" : 1.4794792346875012,
	"roll" : -1.50507061731904,
	"x" : 0.067901893311920036,
	"y" : -0.035477453162577763,
	"yaw" : 1.305644364335977,
	"z" : -0.12471115463557694
}
