{
	"pitch" : 1.4794206912323744,
	"roll" : -1.4188471357838215,
	"x" : 0.086728516329677457,
	"y" : -0.061838383766207129,
	"yaw" : 1.3978502533831914,
	"z" : -0.16872064760055638
}
