{
	"pitch" : 1.4727624397152677,
	"roll" : -1.4573051068802754,
	"x" : 0.099567396972123134,
	"y" : -0.18031497974345356,
	"yaw" : 1.3551918865804291,
	"z" : -0.1685424913422035
}
