{
	"pitch" : 1.4936392669906002,
	"roll" : -1.6073497111969737,
	"x" : 0.087610323216415056,
	"y" : 0.019624860816819127,
	"yaw" : 1.209757482892561,
	"z" : -0.13225681043233334
}
