{
	"pitch" : 1.4976663618796364,
	"roll" : -1.5217002253345353,
	"x" : 0.088339935276952192,
	"y" : 0.038406197211588444,
	"yaw" : 1.3131223707171384,
	"z" : -0.17117484710296427
}
