{
	"pitch" : 1.4702115457864942,
	"roll" : -1.5587964350364416,
	"x" : -0.029114307755037067,
	"y" : -0.11408877709579379,
	"yaw" : 1.2520930658201641,
	"z" : -0.17191432929024297
}
