{
	"pitch" : 1.488062463564982,
	"roll" : -1.561789041882174,
	"x" : 0.078364564180790464,
	"y" : -0.0076416604691706812,
	"yaw" : 1.252573123753187,
	"z" : -0.11877652999665188
}
