{
	"pitch" : 1.486766410267184,
	"roll" : -1.5838109670652269,
	"x" : 0.087351058062467915,
	"y" : 0.018547394391518961,
	"yaw" : 1.2337337407775608,
	"z" : -0.20913966525691624
}
