{
	"pitch" : 1.4645887348817082,
	"roll" : -1.3902939785712518,
	"x" : 0.026518353170561483,
	"y" : -0.17157501900248529,
	"yaw" : 1.4259966930855752,
	"z" : -0.23209197222974032
}
