{
	"pitch" : 1.4771214561826973,
	"roll" : -1.5293020157349921,
	"x" : 0.077161829302419715,
	"y" : -0.013252601027895496,
	"yaw" : 1.2687136187064174,
	"z" : -0.1704163233952958
}
