{
	"pitch" : 1.447451735056136,
	"roll" : -1.3724597479680547,
	"x" : -0.01155945220676749,
	"y" : -0.28800351570600802,
	"yaw" : 1.4297819368729541,
	"z" : -0.1722338080991396
}
