{
	"pitch" : 1.4740531976770099,
	"roll" : -1.4226640114295548,
	"x" : 0.074340709164069513,
	"y" : -0.063277563544078125,
	"yaw" : 1.396674451850795,
	"z" : -0.16871558938062736
}
