{
	"pitch" : 1.4838006735847964,
	"roll" : -1.3351705245603298,
	"x" : 0.11587181038404736,
	"y" : -0.041921687090820073,
	"yaw" : 1.4863313451768772,
	"z" : -0.16791684846087712
}
