{
	"pitch" : 1.4569861857314703,
	"roll" : -1.4060510109933029,
	"x" : 0.0094882863036270387,
	"y" : -0.22388738831884847,
	"yaw" : 1.3920137942056381,
	"z" : -0.17056509944740036
}
