{
	"pitch" : 1.5004446189381042,
	"roll" : -1.5447509605739729,
	"x" : 0.096654418514921125,
	"y" : 0.034996395329436325,
	"yaw" : 1.2861670597214414,
	"z" : -0.17046258931119901
}
