{
	"pitch" : 1.4899266086092504,
	"roll" : -1.5516803133282551,
	"x" : 0.029265483512184221,
	"y" : -0.064456138327570883,
	"yaw" : 1.2731794550279514,
	"z" : -0.16905428244907328
}
