{
	"pitch" : 1.4611053060529495,
	"roll" : -1.3241491669459364,
	"x" : 0.076983929535514098,
	"y" : -0.26007516790447327,
	"yaw" : 1.48234841992841,
	"z" : -0.16915936327274073
}
