{
	"pitch" : 1.4708825484337698,
	"roll" : -1.5832075318349452,
	"x" : 0.033318000913293268,
	"y" : -0.036186833469012511,
	"yaw" : 1.2321000173500822,
	"z" : -0.17029258664917021
}
