{
	"pitch" : 1.4762029232518585,
	"roll" : -1.5522288976060694,
	"x" : 0.065301696217243563,
	"y" : -0.051616074407718066,
	"yaw" : 1.2599487734723478,
	"z" : -0.13975895468974509
}
