{
	"pitch" : 1.4885605238382631,
	"roll" : -1.5087008666299846,
	"x" : 0.060077964371718195,
	"y" : 0.03755913337737362,
	"yaw" : 1.3198600875874373,
	"z" : -0.17134338482772046
}
