{
	"pitch" : 1.4686332608049195,
	"roll" : -1.528469592718587,
	"x" : -0.048911486220004532,
	"y" : -0.14396042317455143,
	"yaw" : 1.2935330727174728,
	"z" : -0.17275874078114806
}
