{
	"pitch" : 1.455603759206352,
	"roll" : -1.4166539989414118,
	"x" : 0.0075775989076816153,
	"y" : -0.23071355605252192,
	"yaw" : 1.3838058531472812,
	"z" : -0.17045452495637053
}
