{
	"pitch" : 1.4563164757934641,
	"roll" : -1.5945692313336326,
	"x" : -0.082634126616471446,
	"y" : -0.17876775281335736,
	"yaw" : 1.2174565809204763,
	"z" : -0.17365171616250108
}
