{
	"pitch" : 1.4616243581613482,
	"roll" : -1.5739728824582597,
	"x" : 0.009179168203004226,
	"y" : -0.12965659496823376,
	"yaw" : 1.2363338690589527,
	"z" : -0.17174949793209063
}
