{
	"pitch" : 1.4818116285017147,
	"roll" : -1.3955278532987856,
	"x" : 0.099349679371679309,
	"y" : -0.057371377279070282,
	"yaw" : 1.4271656406403426,
	"z" : -0.16856835370737119
}
