{
	"pitch" : 1.4570611168229075,
	"roll" : -1.3502946482376048,
	"x" : 0.0725758278309966,
	"y" : -0.26708443630973022,
	"yaw" : 1.4592090089448231,
	"z" : -0.16959270057510589
}
