{
	"pitch" : 1.4839633484580215,
	"roll" : -1.5496600013342783,
	"x" : 0.070672399455890961,
	"y" : -0.02788056987839594,
	"yaw" : 1.2633191726160162,
	"z" : -0.12173848587014896
}
