{
	"pitch" : 1.5009194640271388,
	"roll" : -1.4689225259831626,
	"x" : 0.11023019026592817,
	"y" : 0.027237568866325758,
	"yaw" : 1.362013046514239,
	"z" : -0.16989573233257255
}
