{
	"pitch" : 1.4695782176136474,
	"roll" : -1.5063335491455714,
	"x" : 0.035584088433720136,
	"y" : -0.043058354578466962,
	"yaw" : 1.3027777233435727,
	"z" : -0.17027341863956036
}
