{
	"pitch" : 1.4693619544314918,
	"roll" : -1.5262407157233231,
	"x" : 0.061841039368820773,
	"y" : -0.057554791159213546,
	"yaw" : 1.282821886498243,
	"z" : -0.16946835423009862
}
