{
	"pitch" : 1.452671293189983,
	"roll" : -1.4537587630922846,
	"x" : 0.030012288401374571,
	"y" : -0.15620891360152972,
	"yaw" : 1.3476760173987266,
	"z" : -0.16915773242384816
}
