{
	"pitch" : 1.4599525551997985,
	"roll" : -1.5917604380968926,
	"x" : -0.083452145409960571,
	"y" : -0.18005609770482162,
	"yaw" : 1.2168022923664188,
	"z" : -0.17401205881711665
}
