{
	"pitch" : 1.4861608821964667,
	"roll" : -1.5518177917291076,
	"x" : 0.078210807314415015,
	"y" : -0.0093076619431855974,
	"yaw" : 1.2632247181434673,
	"z" : -0.1189940353712967
}
