{
	"pitch" : 1.46346145319729,
	"roll" : -1.3402286710139337,
	"x" : 0.017431951873774609,
	"y" : -0.29068323129592322,
	"yaw" : 1.4707037182515728,
	"z" : -0.17133049846248091
}
