{
	"pitch" : 1.4862320046488333,
	"roll" : -1.6645236439960149,
	"x" : 0.039285252199888918,
	"y" : 0.022076540710602902,
	"yaw" : 1.1573753017628254,
	"z" : -0.17105268199284554
}
