{
	"pitch" : 1.4894650931130227,
	"roll" : -1.5133714438244155,
	"x" : 0.071483857958404548,
	"y" : -0.025000396452319277,
	"yaw" : 1.2982809309892696,
	"z" : -0.16910415576835494
}
