{
	"pitch" : 1.4805368816203082,
	"roll" : -1.3590821741117098,
	"x" : 0.091208386884461368,
	"y" : -0.060485367912535136,
	"yaw" : 1.46589263430032,
	"z" : -0.16809293051132235
}
