{
	"pitch" : 1.4569962768774884,
	"roll" : -1.3593814171909633,
	"x" : 0.071740016123221062,
	"y" : -0.26973255077044089,
	"yaw" : 1.4500910332007413,
	"z" : -0.16965485944479564
}
