{
	"pitch" : 1.4960820287966032,
	"roll" : -1.4099746904076613,
	"x" : 0.12393754007449811,
	"y" : 0.0076552357132118193,
	"yaw" : 1.4128417002828753,
	"z" : -0.16905367992953871
}
