{
	"pitch" : 1.4940177069378868,
	"roll" : -1.6143004517675779,
	"x" : 0.090967945473442169,
	"y" : 0.029842813553187159,
	"yaw" : 1.2070130017037626,
	"z" : -0.14613642441203886
}
