{
	"pitch" : 1.4898528796728219,
	"roll" : -1.5013684068799535,
	"x" : 0.059130847492124161,
	"y" : -0.028949788950421228,
	"yaw" : 1.3172859731472493,
	"z" : -0.17005364191981187
}
