{
	"pitch" : 1.4959760249956562,
	"roll" : -1.557291858741841,
	"x" : 0.088197651673036781,
	"y" : 0.038517244132923761,
	"yaw" : 1.2718052192998128,
	"z" : -0.17111407032079881
}
