{
	"pitch" : 1.4737796114181019,
	"roll" : -1.3986878253779564,
	"x" : 0.074145106901500266,
	"y" : -0.06327176624206679,
	"yaw" : 1.4213885456939546,
	"z" : -0.16873714886450711
}
