{
	"pitch" : 1.4594721911669857,
	"roll" : -1.4001355071968171,
	"x" : 0.053968776396437622,
	"y" : -0.081048538930082542,
	"yaw" : 1.4022457527957783,
	"z" : -0.17013557342577826
}
