{
	"pitch" : 1.4729170334672146,
	"roll" : -1.5079354486600602,
	"x" : 0.071159729651268461,
	"y" : -0.029071909828138402,
	"yaw" : 1.2945946061460638,
	"z" : -0.1698825208025532
}
