{
	"pitch" : 1.4841830337333319,
	"roll" : -1.365308436188202,
	"x" : 0.038016392899929113,
	"y" : -0.13171682223008374,
	"yaw" : 1.443271542776114,
	"z" : -0.22879563204460768
}
