{
	"pitch" : 1.4917180995608357,
	"roll" : -1.6352317235224905,
	"x" : 0.087889295381336274,
	"y" : 0.018494744019093345,
	"yaw" : 1.1817311018470587,
	"z" : -0.13138115190396352
}
