{
	"pitch" : 1.494389658110632,
	"roll" : -1.3569723516605943,
	"x" : 0.12666970031940111,
	"y" : -0.0030973952855420633,
	"yaw" : 1.4637315409485423,
	"z" : -0.16886670106706117
}
