{
	"pitch" : 1.4612092463868585,
	"roll" : -1.3016923132778384,
	"x" : 0.10837154515683697,
	"y" : -0.2308597006998907,
	"yaw" : 1.5063016756602916,
	"z" : -0.16891222774887635
}
