{
	"pitch" : 1.4807509292647507,
	"roll" : -1.4082294293685313,
	"x" : 0.086286731905633102,
	"y" : -0.062610055018355107,
	"yaw" : 1.4164382929582437,
	"z" : -0.1685599738030632
}
