{
	"pitch" : 1.4866172919458052,
	"roll" : -1.3072541710023016,
	"x" : 0.12351139277864856,
	"y" : -0.029966491802558233,
	"yaw" : 1.5160817157924802,
	"z" : -0.16816420836938631
}
