{
	"pitch" : 1.4691624908813026,
	"roll" : -1.4420324263317033,
	"x" : 0.061217629817391102,
	"y" : -0.061088889945135859,
	"yaw" : 1.3646198671288052,
	"z" : -0.16922507941798573
}
