{
	"pitch" : 1.4803754243089884,
	"roll" : -1.5965338655904113,
	"x" : 0.030509339916263194,
	"y" : 0.0078266703704381515,
	"yaw" : 1.2265798379049406,
	"z" : -0.17109861661065109
}
