{
	"pitch" : 1.4735483382162193,
	"roll" : -1.5077509070433284,
	"x" : 0.073913519702887731,
	"y" : -0.021119728906431295,
	"yaw" : 1.292800068834645,
	"z" : -0.16929967235485197
}
