{
	"pitch" : 1.4867517913501114,
	"roll" : -1.3066877193552344,
	"x" : 0.12360560333492017,
	"y" : -0.029578048696519855,
	"yaw" : 1.5166383359956199,
	"z" : -0.16816965792203661
}
