{
	"pitch" : 1.4844076040017145,
	"roll" : -1.638808446186018,
	"x" : 0.039954854853210667,
	"y" : 0.0226935764054002,
	"yaw" : 1.1852220943449259,
	"z" : -0.17136475492961145
}
