{
	"pitch" : 1.4837157118102813,
	"roll" : -1.462232986679497,
	"x" : 0.10280094571878871,
	"y" : -0.057019602102934941,
	"yaw" : 1.3570367720974092,
	"z" : -0.16864112834417683
}
