{
	"pitch" : 1.4574070218134358,
	"roll" : -1.5664958583197672,
	"x" : -0.053940831683507592,
	"y" : -0.1628664595566956,
	"yaw" : 1.2417112750905916,
	"z" : -0.172556773426327
}
