{
	"pitch" : 1.4755607664133596,
	"roll" : -1.5117815235500094,
	"x" : 0.062106922395514866,
	"y" : -0.058589271393759745,
	"yaw" : 1.3029833704350489,
	"z" : -0.15175117262708993
}
