{
	"pitch" : 1.4774841907277494,
	"roll" : -1.5262522290979628,
	"x" : 0.066483937938407928,
	"y" : -0.043867706339506124,
	"yaw" : 1.2861055374217922,
	"z" : -0.13098948120241125
}
