{
	"pitch" : 1.4905091772226935,
	"roll" : -1.4656911367645566,
	"x" : 0.075999433070884831,
	"y" : -0.012379023538028057,
	"yaw" : 1.3533094353318251,
	"z" : -0.16942379615793449
}
