{
	"pitch" : 1.4760285393636636,
	"roll" : -1.5420856319287395,
	"x" : 0.064329930217102121,
	"y" : -0.054222552082811466,
	"yaw" : 1.2707464799134836,
	"z" : -0.14277840693385016
}
