{
	"pitch" : 1.4710115603039202,
	"roll" : -1.3635019257895438,
	"x" : 0.018112822852664884,
	"y" : -0.19935248118470603,
	"yaw" : 1.4502509553202318,
	"z" : -0.26496001291383847
}
