{
	"pitch" : 1.4752313816457745,
	"roll" : -1.5398967236792618,
	"x" : 0.045014714757213484,
	"y" : -0.11059162256604343,
	"yaw" : 1.2771773696670408,
	"z" : -0.16933969947086264
}
