{
	"pitch" : 1.4760151621677795,
	"roll" : -1.512596386531893,
	"x" : 0.062317827067773612,
	"y" : -0.059068980274427071,
	"yaw" : 1.3071850899559132,
	"z" : -0.16867807198910839
}
