{
	"pitch" : 1.4680425377258459,
	"roll" : -1.4904126224408292,
	"x" : 0.063250746980528003,
	"y" : -0.057949791632588392,
	"yaw" : 1.3174051590854936,
	"z" : -0.18531569387160934
}
