{
	"pitch" : 1.4959080757231475,
	"roll" : -1.5563986195897241,
	"x" : 0.070037381125969259,
	"y" : 0.039097867979991645,
	"yaw" : 1.2768078906954763,
	"z" : -0.17109237163821439
}
