{
	"pitch" : 1.4837621197600743,
	"roll" : -1.7099620287653339,
	"x" : 0.037133792094005663,
	"y" : 0.019280254760325695,
	"yaw" : 1.1101390600570982,
	"z" : -0.17135093829250708
}
