{
	"pitch" : 1.4804550632969786,
	"roll" : -1.5439453057200276,
	"x" : 0.075276891639586507,
	"y" : -0.018624059203338133,
	"yaw" : 1.2642510432316048,
	"z" : -0.22026491122301409
}
