{
	"pitch" : 1.4814325722082438,
	"roll" : -1.4860517006271892,
	"x" : 0.07292087603229945,
	"y" : -0.014682882324567915,
	"yaw" : 1.3285670727465289,
	"z" : -0.16884086191156486
}
