{
	"pitch" : 1.4938397585494119,
	"roll" : -1.3905794583380429,
	"x" : 0.12571735136684917,
	"y" : 0.0020901644269792526,
	"yaw" : 1.4350554462214771,
	"z" : -0.16937122519834966
}
