{
	"pitch" : 1.4675635827540214,
	"roll" : -1.615743832471336,
	"x" : -0.023531607619227984,
	"y" : -0.12186643352409027,
	"yaw" : 1.1950716030555,
	"z" : -0.17169006994552174
}
