{
	"pitch" : 1.4827180948279144,
	"roll" : -1.372146387592962,
	"x" : 0.11381777764894498,
	"y" : -0.046700248243081249,
	"yaw" : 1.4505093436601397,
	"z" : -0.16825748196301316
}
