{
	"pitch" : 1.4611658539020098,
	"roll" : -1.46994949432637,
	"x" : 0.06188509723580473,
	"y" : -0.056160504313505485,
	"yaw" : 1.3355695208486105,
	"z" : -0.16994703736476338
}
