{
	"pitch" : 1.4924667343878761,
	"roll" : -1.3386789654810347,
	"x" : 0.12744563258104913,
	"y" : -0.01130922505374646,
	"yaw" : 1.4849066677456961,
	"z" : -0.1684006237620253
}
