{
	"pitch" : 1.4585371878379811,
	"roll" : -1.4934035296701333,
	"x" : -0.0033457351936620056,
	"y" : -0.2190562136640285,
	"yaw" : 1.3087105959490155,
	"z" : -0.17186202074931933
}
