{
	"pitch" : 1.4747747925055561,
	"roll" : -1.5135403646452461,
	"x" : 0.062394124114464947,
	"y" : -0.059301016515404398,
	"yaw" : 1.3060448690045017,
	"z" : -0.16875875394294351
}
