{
	"pitch" : 1.4754409157264685,
	"roll" : -1.5054896253625156,
	"x" : 0.070767440089733,
	"y" : -0.16074598859077122,
	"yaw" : 1.3053483744781771,
	"z" : -0.16945383087360177
}
