{
	"pitch" : 1.4893305523831746,
	"roll" : -1.540831548171625,
	"x" : 0.070469090419657404,
	"y" : -0.029069600179210838,
	"yaw" : 1.2710496921304892,
	"z" : -0.16907845812862574
}
