{
	"pitch" : 1.4700895869659565,
	"roll" : -1.3219450220202289,
	"x" : 0.07167915951882213,
	"y" : -0.012284680730434254,
	"yaw" : 1.4681320237181683,
	"z" : -0.1683426812771959
}
