{
	"pitch" : 1.4725241563446885,
	"roll" : -1.6964519736869672,
	"x" : 0.027409433324337845,
	"y" : -0.015587985937753561,
	"yaw" : 1.1197301455183177,
	"z" : -0.17173958965651231
}
