{
	"pitch" : 1.4876712534819405,
	"roll" : -1.4811745585013179,
	"x" : 0.055034818450794783,
	"y" : -0.033083053948328174,
	"yaw" : 1.3380385692280901,
	"z" : -0.17009617158788404
}
