{
	"pitch" : 1.4841878162503637,
	"roll" : -1.6334297043337873,
	"x" : 0.029370905858318044,
	"y" : 0.0051758183519696657,
	"yaw" : 1.1893092755433952,
	"z" : -0.17096741374025096
}
