{
	"pitch" : 1.4657322035410871,
	"roll" : -1.4544234760036707,
	"x" : 0.060837847469190132,
	"y" : -0.059709685739811946,
	"yaw" : 1.3524053666795963,
	"z" : -0.16868703186385403
}
