{
	"pitch" : 1.4542984768220049,
	"roll" : -1.3854896640428509,
	"x" : 0.024415502337284761,
	"y" : -0.17711982298507564,
	"yaw" : 1.4151969120820698,
	"z" : -0.16941826534596424
}
