{
	"pitch" : 1.4942774293555898,
	"roll" : -1.542727634573547,
	"x" : 0.092634800035696796,
	"y" : 0.034413396281327086,
	"yaw" : 1.2762536428144562,
	"z" : -0.18358535812247759
}
