{
	"pitch" : 1.4686549622295293,
	"roll" : -1.4324175396275844,
	"x" : 0.057330473674994241,
	"y" : -0.05948014046112933,
	"yaw" : 1.381964195060511,
	"z" : -0.16919947439119046
}
