{
	"pitch" : 1.4866532980978706,
	"roll" : -1.5777124083930913,
	"x" : 0.058308424907021046,
	"y" : 0.036143966962850688,
	"yaw" : 1.2513511366705163,
	"z" : -0.17199691970650682
}
