{
	"pitch" : 1.4704642916404516,
	"roll" : -1.659096227274695,
	"x" : 0.028625581652039732,
	"y" : -0.022676748496198919,
	"yaw" : 1.1555956782585162,
	"z" : -0.1702716370599659
}
