{
	"pitch" : 1.4889466690095134,
	"roll" : -1.4032179429603402,
	"x" : 0.039225908154854314,
	"y" : -0.12827461335811466,
	"yaw" : 1.4017868335247781,
	"z" : -0.22757423421994541
}
