{
	"pitch" : 1.4655168874676374,
	"roll" : -1.3574396009310621,
	"x" : 0.022188971420088612,
	"y" : -0.28771624885711483,
	"yaw" : 1.4507175129941527,
	"z" : -0.17151711910060718
}
