{
	"pitch" : 1.4932925933966861,
	"roll" : -1.3758417811282861,
	"x" : 0.12813912004431194,
	"y" : -0.0051899219306641362,
	"yaw" : 1.4476208704258839,
	"z" : -0.16862762858877237
}
