{
	"pitch" : 1.4795991021432862,
	"roll" : -1.6395202021702644,
	"x" : 0.032451356537742754,
	"y" : 0.013518758846627061,
	"yaw" : 1.1771985385564609,
	"z" : -0.17012323118128875
}
