{
	"pitch" : 1.446466147359891,
	"roll" : -1.4399532663704482,
	"x" : -0.017234033578310728,
	"y" : -0.30937245471059316,
	"yaw" : 1.3610228946346425,
	"z" : -0.17335305968953829
}
