{
	"pitch" : 1.4560673038354941,
	"roll" : -1.4083720950666345,
	"x" : 0.0080828219783009719,
	"y" : -0.22893707149728382,
	"yaw" : 1.3911341528537413,
	"z" : -0.17049214364998108
}
