{
	"pitch" : 1.4972874824770697,
	"roll" : -1.4905878662920693,
	"x" : 0.070642052785918341,
	"y" : -0.029756953021351416,
	"yaw" : 1.3296519891444603,
	"z" : -0.17928880864652502
}
