{
	"pitch" : 1.4794762757392192,
	"roll" : -1.4367778799793804,
	"x" : 0.09629697436230264,
	"y" : -0.059379460692976019,
	"yaw" : 1.3797829723209913,
	"z" : -0.16874874618193483
}
