{
	"pitch" : 1.4683117920172384,
	"roll" : -1.4826251254531664,
	"x" : 0.065003753516732779,
	"y" : -0.048663978920025337,
	"yaw" : 1.3231286114433822,
	"z" : -0.20236590039811111
}
