{
	"pitch" : 1.4865442585808339,
	"roll" : -1.5865157634553271,
	"x" : 0.034097778067097212,
	"y" : 0.015843385493316625,
	"yaw" : 1.2351315021536959,
	"z" : -0.17070810164289349
}
