{
	"pitch" : 1.4798885354023719,
	"roll" : -1.5856554248670141,
	"x" : 0.076580099573994906,
	"y" : -0.011416664127609123,
	"yaw" : 1.2252477219125359,
	"z" : -0.16970737719012216
}
