{
	"pitch" : 1.4854718612144138,
	"roll" : -1.5419273953440706,
	"x" : 0.053404856057838318,
	"y" : 0.034479782946813801,
	"yaw" : 1.2909057664189159,
	"z" : -0.17143032196361929
}
