{
	"pitch" : 1.4837340875633944,
	"roll" : -1.5331248269590865,
	"x" : 0.091100187869462154,
	"y" : 0.029542962733654841,
	"yaw" : 1.2837741529796163,
	"z" : -0.19573281113414309
}
