{
	"pitch" : 1.4548899024814288,
	"roll" : -1.4810536629837212,
	"x" : 0.038508902374749895,
	"y" : -0.13652366079432304,
	"yaw" : 1.3168442724023688,
	"z" : -0.16954349516218073
}
