{
	"pitch" : 1.4864794665914884,
	"roll" : -1.6438053404932282,
	"x" : 0.040707341404202152,
	"y" : 0.023661881344684426,
	"yaw" : 1.1786466183833948,
	"z" : -0.17102175619411356
}
