{
	"pitch" : 1.480272703666806,
	"roll" : -1.5255062227581704,
	"x" : 0.044182665724207093,
	"y" : -0.11289735026947934,
	"yaw" : 1.2931034061526696,
	"z" : -0.16839400787308981
}
