{
	"pitch" : 1.4515203217251165,
	"roll" : -1.5371057377232964,
	"x" : -0.04234203481735134,
	"y" : -0.24080356756442764,
	"yaw" : 1.2622067160906063,
	"z" : -0.17360747401165039
}
