{
	"pitch" : 1.4964872712983712,
	"roll" : -1.4572484290902854,
	"x" : 0.091757578695756792,
	"y" : 0.037465564935386955,
	"yaw" : 1.37436143681936,
	"z" : -0.17120165665882134
}
