{
	"pitch" : 1.4661772717890005,
	"roll" : -1.4959126572803849,
	"x" : 0.046473725288604439,
	"y" : -0.053069448654278747,
	"yaw" : 1.3141294529192038,
	"z" : -0.16961514843588635
}
