{
	"pitch" : 1.49824395769472,
	"roll" : -1.3680854308456605,
	"x" : 0.11014582662012105,
	"y" : 0.026180238469556485,
	"yaw" : 1.4594907957369345,
	"z" : -0.16957796367687633
}
