{
	"pitch" : 1.4973823553718706,
	"roll" : -1.6010448540884792,
	"x" : 0.065736560779401904,
	"y" : 0.038455088376611601,
	"yaw" : 1.2273093230712062,
	"z" : -0.17090385848057771
}
