{
	"pitch" : 1.49783435566475,
	"roll" : -1.5286920935670176,
	"x" : 0.088147952699613299,
	"y" : 0.0385029293886371,
	"yaw" : 1.305913762669582,
	"z" : -0.17109721724293908
}
