{
	"pitch" : 1.4962492449604599,
	"roll" : -1.570265493510568,
	"x" : 0.092568240949166464,
	"y" : 0.03603462875761565,
	"yaw" : 1.2522701240822869,
	"z" : -0.16554257869307074
}
