{
	"pitch" : 1.4702908089576381,
	"roll" : -1.4489493706336374,
	"x" : 0.065816840931804538,
	"y" : -0.062155529898478362,
	"yaw" : 1.3663257094624919,
	"z" : -0.1691111005031849
}
