{
	"pitch" : 1.4994525447270521,
	"roll" : -1.5440964750090846,
	"x" : 0.089596817538641682,
	"y" : 0.037592373654194947,
	"yaw" : 1.2836764583408231,
	"z" : -0.17098116576015304
}
