{
	"pitch" : 1.4890746161870521,
	"roll" : -1.5810955941661649,
	"x" : 0.05333202920064057,
	"y" : 0.033140920063344223,
	"yaw" : 1.2489530450866682,
	"z" : -0.1714683350132726
}
