{
	"pitch" : 1.4910803358300193,
	"roll" : -1.6686631105741421,
	"x" : 0.093872595854099516,
	"y" : 0.034704392611604205,
	"yaw" : 1.1546775355676191,
	"z" : -0.1612880835005655
}
