{
	"pitch" : 1.4846462346829183,
	"roll" : -1.6041445103984631,
	"x" : 0.089943338425503672,
	"y" : 0.024338833429269728,
	"yaw" : 1.2131538215404563,
	"z" : -0.20327938380158361
}
