{
	"pitch" : 1.5006548276343517,
	"roll" : -1.5374363670260605,
	"x" : 0.096250879214858143,
	"y" : 0.035219565019031625,
	"yaw" : 1.2934396319270118,
	"z" : -0.17050289829968415
}
