{
	"pitch" : 1.4817110425610098,
	"roll" : -1.392252487540387,
	"x" : 0.099403204423767821,
	"y" : -0.057305411736934292,
	"yaw" : 1.4303625981756662,
	"z" : -0.16855801510909119
}
