{
	"pitch" : 1.4833775962096341,
	"roll" : -1.5693857795215058,
	"x" : 0.070097993862907534,
	"y" : -0.029197137466570038,
	"yaw" : 1.24330796069436,
	"z" : -0.12208531516665287
}
