{
	"pitch" : 1.5033577959831064,
	"roll" : -1.4851898524245977,
	"x" : 0.10893753415128719,
	"y" : 0.02871312810041491,
	"yaw" : 1.3473066262613358,
	"z" : -0.16992956976538426
}
