{
	"pitch" : 1.4685525372166597,
	"roll" : -1.4190473123836367,
	"x" : 0.091182181155760447,
	"y" : -0.20122232190833636,
	"yaw" : 1.3906640030740829,
	"z" : -0.16857189875610579
}
