{
	"pitch" : 1.4480437888781363,
	"roll" : -1.4363737149923366,
	"x" : -0.01597449873405031,
	"y" : -0.30900958789587224,
	"yaw" : 1.3676961862905654,
	"z" : -0.17351230689739477
}
