{
	"pitch" : 1.4880557723574728,
	"roll" : -1.4260077200720569,
	"x" : 0.039783215515108911,
	"y" : -0.1262563296083814,
	"yaw" : 1.3807050385639346,
	"z" : -0.22684335123255464
}
