{
	"pitch" : 1.4877656630807736,
	"roll" : -1.6310259850986013,
	"x" : 0.04669378552362858,
	"y" : 0.028639015781898473,
	"yaw" : 1.1984964930426625,
	"z" : -0.17159816950037493
}
