{
	"pitch" : 1.482957587940942,
	"roll" : -1.5516891112224747,
	"x" : 0.073695716736783864,
	"y" : -0.020335038935108823,
	"yaw" : 1.2619991688689898,
	"z" : -0.119587537248314
}
