{
	"pitch" : 1.4677174484985249,
	"roll" : -1.6081161881355071,
	"x" : -0.02297684330505817,
	"y" : -0.12200754325047224,
	"yaw" : 1.2032362579649216,
	"z" : -0.17166550723531468
}
