{
	"pitch" : 1.4754032019956387,
	"roll" : -1.5835145094605017,
	"x" : 0.029618829339087813,
	"y" : -0.028586624552582741,
	"yaw" : 1.235339892008092,
	"z" : -0.17027678328174192
}
