{
	"pitch" : 1.4815799274573753,
	"roll" : -1.4003699515614438,
	"x" : 0.099052664008951047,
	"y" : -0.057456853220705033,
	"yaw" : 1.4219681361673229,
	"z" : -0.16861917427539749
}
