{
	"pitch" : 1.4940897320027817,
	"roll" : -1.5792192389314152,
	"x" : 0.088601427068704205,
	"y" : 0.024700565122896694,
	"yaw" : 1.2385861376110405,
	"z" : -0.13761170234749925
}
