{
	"pitch" : 1.4530402633727628,
	"roll" : -1.3459026675980434,
	"x" : 0.062356017641692768,
	"y" : -0.29875909134432482,
	"yaw" : 1.4573900309200285,
	"z" : -0.16999915061552656
}
