{
	"pitch" : 1.4921049112559135,
	"roll" : -1.5001872903742268,
	"x" : 0.093282520282407078,
	"y" : 0.037664196069567835,
	"yaw" : 1.329685842738479,
	"z" : -0.171409298299671
}
