{
	"pitch" : 1.4824184634701361,
	"roll" : -1.4040210231662604,
	"x" : 0.099643654125745718,
	"y" : -0.056857482362966852,
	"yaw" : 1.4180372038290021,
	"z" : -0.16864625723173207
}
