{
	"pitch" : 1.4606178989380121,
	"roll" : -1.5775496274132483,
	"x" : -0.026840692408979405,
	"y" : -0.14850906383657114,
	"yaw" : 1.2250358738543947,
	"z" : -0.17242657619398374
}
