{
	"pitch" : 1.4961665088665126,
	"roll" : -1.3258091798616181,
	"x" : 0.12128141450003427,
	"y" : 0.012993617610832835,
	"yaw" : 1.5002337437065889,
	"z" : -0.16908911241368338
}
