{
	"pitch" : 1.4684831933623683,
	"roll" : -1.538678692579196,
	"x" : -0.049236364240472591,
	"y" : -0.14464399460469751,
	"yaw" : 1.2832919740408204,
	"z" : -0.17280686513856863
}
