{
	"pitch" : 1.4838622882111658,
	"roll" : -1.4049089120787295,
	"x" : 0.1131520079928013,
	"y" : -0.046892408496214996,
	"yaw" : 1.4139183385901479,
	"z" : -0.16858775602293744
}
