{
	"pitch" : 1.4884941681299986,
	"roll" : -1.4729389012124681,
	"x" : 0.049685715574267944,
	"y" : -0.025280422207820737,
	"yaw" : 1.3516694659649344,
	"z" : -0.16836204545036754
}
