{
	"pitch" : 1.4561033296795971,
	"roll" : -1.4348529543476116,
	"x" : 0.013533073541698477,
	"y" : -0.20853029430736245,
	"yaw" : 1.3646805384525518,
	"z" : -0.17050366045533286
}
