{
	"pitch" : 1.5006896108244885,
	"roll" : -1.466593336244854,
	"x" : 0.1131462667581907,
	"y" : 0.024212707989145564,
	"yaw" : 1.362275718537062,
	"z" : -0.16984494825254637
}
