{
	"pitch" : 1.4554909895650903,
	"roll" : -1.4268937641950241,
	"x" : 0.013269169182541368,
	"y" : -0.20842737839704348,
	"yaw" : 1.3729524900425631,
	"z" : -0.17031251659701241
}
