{
	"pitch" : 1.4491225163518311,
	"roll" : -1.4042183522701546,
	"x" : -0.016811675023190309,
	"y" : -0.30898085958048344,
	"yaw" : 1.3973907830978973,
	"z" : -0.17275623831251913
}
