{
	"pitch" : 1.4581739446573951,
	"roll" : -1.3143737074729438,
	"x" : 0.01436148765361963,
	"y" : -0.2090662133982274,
	"yaw" : 1.4977776606916853,
	"z" : -0.27085268465461854
}
