{
	"pitch" : 1.4748273521619746,
	"roll" : -1.4717577999547991,
	"x" : 0.060946466664378571,
	"y" : -0.061422568021046647,
	"yaw" : 1.3412487008263687,
	"z" : -0.16618120309143142
}
