{
	"pitch" : 1.4790256516452742,
	"roll" : -1.6124559812359835,
	"x" : 0.02699980506093147,
	"y" : -0.0095920119189999015,
	"yaw" : 1.2077560991785332,
	"z" : -0.17079745572677338
}
