{
	"pitch" : 1.4612323983181041,
	"roll" : -1.5125058455026377,
	"x" : 0.01087263057893581,
	"y" : -0.21007819061154689,
	"yaw" : 1.2941515093792735,
	"z" : -0.070847837377764261
}
