{
	"pitch" : 1.4699920726376199,
	"roll" : -1.449301873260155,
	"x" : 0.076763001263211936,
	"y" : -0.1528762286219843,
	"yaw" : 1.3527110779336884,
	"z" : -0.16896884608927804
}
