{
	"pitch" : 1.4989946446738716,
	"roll" : -1.5364746148649109,
	"x" : 0.085995699309991694,
	"y" : 0.038541063175403706,
	"yaw" : 1.2974759299407925,
	"z" : -0.1707510242713135
}
