{
	"pitch" : 1.4880901389261818,
	"roll" : -1.4543295650079353,
	"x" : 0.07718038384864051,
	"y" : -0.010739209573063548,
	"yaw" : 1.3608561568967272,
	"z" : -0.16889740417622112
}
