{
	"pitch" : 1.472107781428206,
	"roll" : -1.4644658979979222,
	"x" : 0.069380390403685349,
	"y" : -0.062222344642821226,
	"yaw" : 1.3446358643382446,
	"z" : -0.16872070638065417
}
