{
	"pitch" : 1.4751874074562263,
	"roll" : -1.5704377827724423,
	"x" : 0.065663857946712034,
	"y" : -0.050163143752705995,
	"yaw" : 1.242502351913505,
	"z" : -0.13774575779985576
}
