{
	"pitch" : 1.4700018204816971,
	"roll" : -1.5169158405439203,
	"x" : 0.068148114060802012,
	"y" : -0.044181656471575487,
	"yaw" : 1.2893464480923742,
	"z" : -0.20886342495344709
}
