{
	"pitch" : 1.4967005714113226,
	"roll" : -1.4559531228795062,
	"x" : 0.055213149912516267,
	"y" : -0.074472166999335204,
	"yaw" : 1.3535313791528645,
	"z" : -0.20018519043393973
}
