{
	"pitch" : 1.465763387015786,
	"roll" : -1.4716328234576372,
	"x" : 0.048905950004796278,
	"y" : -0.055056697321445865,
	"yaw" : 1.3397823487488649,
	"z" : -0.16936075946326884
}
