{
	"pitch" : 1.4539482068266052,
	"roll" : -1.432625236322115,
	"x" : 0.012110401483117039,
	"y" : -0.21544498280109947,
	"yaw" : 1.3686033956104853,
	"z" : -0.17062149137968619
}
