{
	"pitch" : 1.4855535405773344,
	"roll" : -1.6505028847252268,
	"x" : 0.038310592780166949,
	"y" : 0.021309499926655762,
	"yaw" : 1.1696175957998678,
	"z" : -0.17107552682538099
}
