{
	"pitch" : 1.4863467976555578,
	"roll" : -1.3196542012449626,
	"x" : 0.1203169894435227,
	"y" : -0.036500717581563549,
	"yaw" : 1.4984765384034762,
	"z" : -0.16809240372206283
}
