{
	"pitch" : 1.4722023667651645,
	"roll" : -1.524539287821141,
	"x" : 0.038188670992727783,
	"y" : -0.044590793783085392,
	"yaw" : 1.2941424498608693,
	"z" : -0.16983024968646859
}
