{
	"pitch" : 1.4952362660420129,
	"roll" : -1.3605969555085733,
	"x" : 0.12575450614166706,
	"y" : -0.0013255359955747,
	"yaw" : 1.4609246501120108,
	"z" : -0.16880873388237611
}
