{
	"pitch" : 1.4720671080550995,
	"roll" : -1.4013232719584892,
	"x" : 0.082121507904749647,
	"y" : -0.18356355958481915,
	"yaw" : 1.4104147995971756,
	"z" : -0.16836029845907846
}
