{
	"pitch" : 1.4825761520126111,
	"roll" : -1.5354218943166384,
	"x" : 0.09122067522138988,
	"y" : 0.029676622555676792,
	"yaw" : 1.2809782127848219,
	"z" : -0.19553428627817643
}
