{
	"pitch" : 1.4911184986965693,
	"roll" : -1.5489100865395971,
	"x" : 0.09202012064691277,
	"y" : 0.033346318735539178,
	"yaw" : 1.2702800530751026,
	"z" : -0.18785327638963611
}
