{
	"pitch" : 1.4755978578832523,
	"roll" : -1.5680648356029496,
	"x" : 0.065164288904817722,
	"y" : -0.052517164839695624,
	"yaw" : 1.2436679900542789,
	"z" : -0.14079306928128435
}
