{
	"pitch" : 1.4686793880313707,
	"roll" : -1.4068462982380676,
	"x" : 0.035290758655236024,
	"y" : -0.14037480964048743,
	"yaw" : 1.4098142960957531,
	"z" : -0.20096785706829798
}
