{
	"pitch" : 1.4933395076514668,
	"roll" : -1.4619321904828313,
	"x" : 0.07656701116309203,
	"y" : -0.0117208153017776,
	"yaw" : 1.3479391634663724,
	"z" : -0.1688485583928824
}
