{
	"pitch" : 1.4642694294609666,
	"roll" : -1.2762329559564838,
	"x" : 0.10219074406410092,
	"y" : -0.24636600477628343,
	"yaw" : 1.5335319061864998,
	"z" : -0.16823311619595288
}
