{
	"pitch" : 1.4598109414316442,
	"roll" : -1.3099935649853787,
	"x" : 0.07395965167679272,
	"y" : -0.2567328122953747,
	"yaw" : 1.4945011083716404,
	"z" : -0.16859350515786067
}
