{
	"pitch" : 1.4884109822426523,
	"roll" : -1.5994848064528349,
	"x" : 0.083154272312136221,
	"y" : 0.0069584686542803614,
	"yaw" : 1.2159859765746226,
	"z" : -0.12439300822368457
}
