{
	"pitch" : 1.4645183116353881,
	"roll" : -1.5000222874248159,
	"x" : 0.011807157198961624,
	"y" : -0.21154665265549891,
	"yaw" : 1.3103714029583164,
	"z" : -0.070449487574326147
}
