{
	"pitch" : 1.4862193183636365,
	"roll" : -1.6013261408362653,
	"x" : 0.087783129627147405,
	"y" : 0.017854115178067807,
	"yaw" : 1.2149926278909902,
	"z" : -0.20977088325183452
}
