{
	"pitch" : 1.4872863153808606,
	"roll" : -1.4986961243082952,
	"x" : 0.075684281487014282,
	"y" : -0.012683893276978065,
	"yaw" : 1.3161474186224442,
	"z" : -0.11862741546809011
}
