{
	"pitch" : 1.4808446837076008,
	"roll" : -1.6688069380637578,
	"x" : 0.034583586235955276,
	"y" : 0.015304199205088739,
	"yaw" : 1.1471312206737077,
	"z" : -0.17094573653042042
}
