{
	"pitch" : 1.4591646135409497,
	"roll" : -1.4493908183112512,
	"x" : -0.055247404887710405,
	"y" : -0.26501674741281023,
	"yaw" : 1.3616043486085161,
	"z" : -0.17377759272741319
}
