{
	"pitch" : 1.4793125690594175,
	"roll" : -1.6188550465731895,
	"x" : 0.031935710796719405,
	"y" : 0.012184989980153563,
	"yaw" : 1.1988776266322823,
	"z" : -0.17031799336844053
}
