{
	"pitch" : 1.4709210190045454,
	"roll" : -1.6624771986884321,
	"x" : 0.026703942142202411,
	"y" : -0.013973240081171196,
	"yaw" : 1.1534405085632418,
	"z" : -0.1714926066583628
}
