{
	"pitch" : 1.4831358544160167,
	"roll" : -1.5903958922909782,
	"x" : 0.070280372162910498,
	"y" : -0.029173010218787536,
	"yaw" : 1.2223751188367942,
	"z" : -0.12233206804433325
}
