{
	"pitch" : 1.4683819306642421,
	"roll" : -1.5003028502183287,
	"x" : 0.038487166283436194,
	"y" : -0.046082011327169305,
	"yaw" : 1.3078162668605995,
	"z" : -0.17016159984322932
}
