{
	"pitch" : 1.4984578638202448,
	"roll" : -1.4323251011115639,
	"x" : 0.11660655773999822,
	"y" : 0.019530388453027223,
	"yaw" : 1.3934533370086375,
	"z" : -0.16992846697095981
}
