{
	"pitch" : 1.4690386630779262,
	"roll" : -1.5552519676796521,
	"x" : 0.066227416248967788,
	"y" : -0.052592099508541247,
	"yaw" : 1.2519558612530599,
	"z" : -0.19870298181495852
}
