{
	"pitch" : 1.4519696172419538,
	"roll" : -1.4397673441814269,
	"x" : 0.014928309154702044,
	"y" : -0.20344617413407962,
	"yaw" : 1.3634415912408686,
	"z" : -0.17024230610050817
}
