{
	"pitch" : 1.4778514974649097,
	"roll" : -1.5524799689981772,
	"x" : 0.074041457701522997,
	"y" : -0.020069049088204675,
	"yaw" : 1.2579223488345948,
	"z" : -0.17016316151637934
}
