{
	"pitch" : 1.4713529749230299,
	"roll" : -1.498842819784691,
	"x" : 0.06255829822352138,
	"y" : -0.060279200087684767,
	"yaw" : 1.318551211174595,
	"z" : -0.17019490217267408
}
