{
	"pitch" : 1.4766756033037436,
	"roll" : -1.541018041823117,
	"x" : 0.063086164526460431,
	"y" : -0.058430095839275664,
	"yaw" : 1.2732964663132824,
	"z" : -0.16911770694097758
}
