{
	"pitch" : 1.4950254986546587,
	"roll" : -1.5481997463504906,
	"x" : 0.092289951983027141,
	"y" : 0.03638912924630331,
	"yaw" : 1.2751840610192173,
	"z" : -0.16759436009157788
}
