{
	"pitch" : 1.4835113387978076,
	"roll" : -1.6049523939837083,
	"x" : 0.090796800710653519,
	"y" : 0.024679467817467889,
	"yaw" : 1.2131469592330275,
	"z" : -0.20291820040393121
}
