{
	"pitch" : 1.4793056489103584,
	"roll" : -1.5352416763465837,
	"x" : 0.075526962613077481,
	"y" : -0.016126355016397267,
	"yaw" : 1.2803729708379528,
	"z" : -0.16974149969061986
}
