{
	"pitch" : 1.4891551652468429,
	"roll" : -1.6641129525910561,
	"x" : 0.047920312663952996,
	"y" : 0.029385283407129419,
	"yaw" : 1.157857483989722,
	"z" : -0.17141320713166946
}
