{
	"pitch" : 1.4748917050146206,
	"roll" : -1.5575950654961892,
	"x" : 0.06493839230050695,
	"y" : -0.049981581734271752,
	"yaw" : 1.2546805445852518,
	"z" : -0.13707945839685387
}
