{
	"pitch" : 1.4771973713995192,
	"roll" : -1.6231784709817507,
	"x" : 0.042173378667991299,
	"y" : -0.12380347570289019,
	"yaw" : 1.1944257464565899,
	"z" : -0.15805891168061834
}
