{
	"pitch" : 1.4868210567551456,
	"roll" : -1.3576135125709579,
	"x" : 0.12251357248196751,
	"y" : -0.033798254438662231,
	"yaw" : 1.4619310406133499,
	"z" : -0.16854986613674522
}
