{
	"pitch" : 1.4475040615575427,
	"roll" : -1.4162244949289251,
	"x" : -0.015382965005961063,
	"y" : -0.30879722817064692,
	"yaw" : 1.3856412331373607,
	"z" : -0.17339416150496492
}
