{
	"pitch" : 1.4665336186327693,
	"roll" : -1.4974228446248006,
	"x" : 0.046330426936470021,
	"y" : -0.053012413285648367,
	"yaw" : 1.3125323837313156,
	"z" : -0.16955259628940653
}
