{
	"pitch" : 1.4742759806668178,
	"roll" : -1.6281520052014125,
	"x" : 0.026783767126471944,
	"y" : -0.016619652490744173,
	"yaw" : 1.1910908453921827,
	"z" : -0.1710997992985786
}
