{
	"pitch" : 1.4716220902949908,
	"roll" : -1.6753963029180727,
	"x" : 0.026948010420869882,
	"y" : -0.014260861661254532,
	"yaw" : 1.1406757630995277,
	"z" : -0.17168292782334127
}
