{
	"pitch" : 1.4878855094703145,
	"roll" : -1.5588007416591685,
	"x" : 0.081636234767281879,
	"y" : -0.0011530711142214538,
	"yaw" : 1.2547475087173994,
	"z" : -0.12062758356546108
}
