{
	"pitch" : 1.4992011133408292,
	"roll" : -1.4208280229454506,
	"x" : 0.11932875526537662,
	"y" : 0.015617103418780785,
	"yaw" : 1.4033723207760853,
	"z" : -0.16963374041574886
}
