{
	"pitch" : 1.4678018277248073,
	"roll" : -1.5276201472214797,
	"x" : 0.062823831705586142,
	"y" : -0.059578675971223169,
	"yaw" : 1.2845454214249588,
	"z" : -0.17826468479654095
}
