{
	"pitch" : 1.4642334122117262,
	"roll" : -1.5514617682486189,
	"x" : 0.072315397354776309,
	"y" : -0.027474998118744719,
	"yaw" : 1.2552792192991558,
	"z" : -0.17055367006091329
}
