{
	"pitch" : 1.4776942688079409,
	"roll" : -1.4933709552040992,
	"x" : 0.044767956460512341,
	"y" : -0.11218830299393093,
	"yaw" : 1.3225173046883225,
	"z" : -0.16942209562525112
}
