{
	"pitch" : 1.4690792856557231,
	"roll" : -1.5106459981766547,
	"x" : 0.061566212717846375,
	"y" : -0.058380270282464952,
	"yaw" : 1.298477642271753,
	"z" : -0.1692687713463904
}
