{
	"pitch" : 1.4729837817563167,
	"roll" : -1.506282931459022,
	"x" : 0.068799753309536429,
	"y" : -0.03861508592406878,
	"yaw" : 1.304962796329433,
	"z" : -0.16933697660238489
}
