{
	"pitch" : 1.4805241490042564,
	"roll" : -1.4889643829047343,
	"x" : 0.077956621990602451,
	"y" : -0.01028688131540159,
	"yaw" : 1.3213358529241839,
	"z" : -0.16938573399034954
}
