{
	"pitch" : 1.4711636856069428,
	"roll" : -1.4816130677113943,
	"x" : 0.060392276587257807,
	"y" : -0.061951713427872895,
	"yaw" : 1.3279851832838931,
	"z" : -0.16952139746241029
}
