{
	"pitch" : 1.4684006823719182,
	"roll" : -1.5039190382528609,
	"x" : 0.010097510921537767,
	"y" : -0.22050128468696553,
	"yaw" : 1.3090089847369626,
	"z" : -0.079427313899032875
}
