{
	"pitch" : 1.4820065751336216,
	"roll" : -1.4484466048973326,
	"x" : 0.10397446971327431,
	"y" : -0.055838019300257523,
	"yaw" : 1.3712722698257724,
	"z" : -0.16812379718393938
}
