{
	"pitch" : 1.4693134862973058,
	"roll" : -1.4716224528920572,
	"x" : 0.058443151468790262,
	"y" : -0.1465757849423695,
	"yaw" : 1.3338365384033248,
	"z" : -0.16955183965318107
}
