{
	"pitch" : 1.4922751819550721,
	"roll" : -1.6099734773036911,
	"x" : 0.088006011940534007,
	"y" : 0.020775699122870382,
	"yaw" : 1.2071866766422497,
	"z" : -0.13367095064355466
}
