{
	"pitch" : 1.4952893373324589,
	"roll" : -1.5354467784364143,
	"x" : 0.07064480788674421,
	"y" : 0.039171082503970979,
	"yaw" : 1.3002648093526303,
	"z" : -0.17189266734710579
}
