{
	"pitch" : 1.4909154943088085,
	"roll" : -1.6180206281871385,
	"x" : 0.084614792511937556,
	"y" : 0.010785352950094092,
	"yaw" : 1.1981954072256906,
	"z" : -0.12634303435309652
}
