{
	"pitch" : 1.4861406538149349,
	"roll" : -1.3807631646890572,
	"x" : 0.11687446208899875,
	"y" : -0.043405078165361745,
	"yaw" : 1.4367316306348525,
	"z" : -0.16840365568439422
}
