{
	"pitch" : 1.4647009386021774,
	"roll" : -1.352304751803812,
	"x" : 0.0198125980605676,
	"y" : -0.28920421067301427,
	"yaw" : 1.4562187506456727,
	"z" : -0.17138562195411813
}
