{
	"pitch" : 1.4942115606488193,
	"roll" : -1.3941915825735507,
	"x" : 0.12582883065582032,
	"y" : 0.0022804703856348744,
	"yaw" : 1.4314504831227124,
	"z" : -0.16945968228923319
}
