{
	"pitch" : 1.4967007625775319,
	"roll" : -1.4585274764359375,
	"x" : 0.11747486103102769,
	"y" : 0.019331635877684904,
	"yaw" : 1.3700860676406992,
	"z" : -0.17011638880926269
}
