{
	"pitch" : 1.45485872517726,
	"roll" : -1.4374187888269476,
	"x" : -0.016450519702501346,
	"y" : -0.30627104683248063,
	"yaw" : 1.3670226984805447,
	"z" : -0.16970886880887692
}
