{
	"pitch" : 1.456450184732027,
	"roll" : -1.4440832055229456,
	"x" : 0.034683463085456764,
	"y" : -0.14504594765753068,
	"yaw" : 1.3601079217155645,
	"z" : -0.16971712379870449
}
