{
	"pitch" : 1.4535171012071215,
	"roll" : -1.4004445743703999,
	"x" : 0.015229752984657723,
	"y" : -0.20385819453781778,
	"yaw" : 1.4006120423184643,
	"z" : -0.17037274379415451
}
