{
	"pitch" : 1.4824027238433901,
	"roll" : -1.7102111667367645,
	"x" : 0.038021309377190525,
	"y" : 0.019275166774415202,
	"yaw" : 1.1100356724992668,
	"z" : -0.17161912095141366
}
