{
	"pitch" : 1.4636676849937664,
	"roll" : -1.4977436769622794,
	"x" : 0.01085919781598281,
	"y" : -0.20765225238775914,
	"yaw" : 1.3069542822539044,
	"z" : -0.073413487042176664
}
