{
	"pitch" : 1.488935929879474,
	"roll" : -1.6171748082901993,
	"x" : 0.063339958854641373,
	"y" : 0.037089798855522924,
	"yaw" : 1.2189939515353836,
	"z" : -0.17195970588897333
}
