{
	"pitch" : 1.4711116691098425,
	"roll" : -1.4470292541167629,
	"x" : 0.051654290592802098,
	"y" : -0.095729677064363639,
	"yaw" : 1.3560788990704293,
	"z" : -0.16885524324437101
}
