{
	"pitch" : 1.4572374961852705,
	"roll" : -1.3577831318005138,
	"x" : 0.015994205085204639,
	"y" : -0.20705382924700985,
	"yaw" : 1.4547741789392072,
	"z" : -0.26967116583665812
}
