{
	"pitch" : 1.4693329766109946,
	"roll" : -1.5805977945319436,
	"x" : 0.031756444363593393,
	"y" : -0.035874989812164054,
	"yaw" : 1.2276066633314087,
	"z" : -0.17029784793176903
}
