{
	"pitch" : 1.4537440732485669,
	"roll" : -1.3131270812620079,
	"x" : 0.038122319611213297,
	"y" : -0.29571385966158725,
	"yaw" : 1.4926609837608569,
	"z" : -0.1706450450795568
}
