{
	"pitch" : 1.4668434876753897,
	"roll" : -1.4524730209193177,
	"x" : -0.0058530599415876211,
	"y" : -0.090405460456989981,
	"yaw" : 1.3677448778154673,
	"z" : -0.17230630216176299
}
