{
	"pitch" : 1.4581289169372298,
	"roll" : -1.5924433330612784,
	"x" : -0.033898782961009372,
	"y" : -0.1519190257121264,
	"yaw" : 1.2141280602453199,
	"z" : -0.17269308116937765
}
