{
	"pitch" : 1.4949664743215507,
	"roll" : -1.463764370692676,
	"x" : 0.075174760795068921,
	"y" : 0.039692242377977451,
	"yaw" : 1.3695951487295144,
	"z" : -0.17144598493783794
}
