{
	"pitch" : 1.4850020674923929,
	"roll" : -1.5739793234399706,
	"x" : 0.073139724326443847,
	"y" : -0.023170504066662229,
	"yaw" : 1.2397356153264163,
	"z" : -0.12091957668503318
}
