{
	"pitch" : 1.4699868804960687,
	"roll" : -1.6132860434343086,
	"x" : 0.034952113725755699,
	"y" : -0.039112125021008998,
	"yaw" : 1.2048318054282912,
	"z" : -0.16987550631214532
}
