{
	"pitch" : 1.4951337703971554,
	"roll" : -1.5412846800072122,
	"x" : 0.093245870064611075,
	"y" : 0.035871349487685202,
	"yaw" : 1.2799186789575445,
	"z" : -0.17434644584608475
}
