{
	"pitch" : 1.4616800710277611,
	"roll" : -1.4907910421248747,
	"x" : 0.060626389594940919,
	"y" : -0.060467837676098674,
	"yaw" : 1.3139540353129049,
	"z" : -0.17008746081529849
}
