{
	"pitch" : 1.497151194420828,
	"roll" : -1.5730395842872718,
	"x" : 0.06509830838274154,
	"y" : 0.038362719698288854,
	"yaw" : 1.2547292807769577,
	"z" : -0.17081964087459528
}
