{
	"pitch" : 1.4813037720583864,
	"roll" : -1.5609359617687164,
	"x" : 0.079662456242863916,
	"y" : -0.0090706215859961883,
	"yaw" : 1.2521622280389315,
	"z" : -0.22026571880057391
}
