{
	"pitch" : 1.4830957380115359,
	"roll" : -1.5520454254885541,
	"x" : 0.073744165894238836,
	"y" : -0.019931861060172813,
	"yaw" : 1.2616796258105887,
	"z" : -0.11957138087152183
}
