{
	"pitch" : 1.4789273661615328,
	"roll" : -1.5128052608331068,
	"x" : 0.067139731366540029,
	"y" : -0.040917167164029586,
	"yaw" : 1.2993644690702473,
	"z" : -0.12856810082272174
}
