{
	"pitch" : 1.4902890291127058,
	"roll" : -1.4276067821048426,
	"x" : 0.075592121743604426,
	"y" : -0.011822582329350649,
	"yaw" : 1.3898267488572991,
	"z" : -0.16902486791026702
}
