{
	"pitch" : 1.4676107018509292,
	"roll" : -1.5891230383491306,
	"x" : -0.032454117498587731,
	"y" : -0.11896040737053272,
	"yaw" : 1.2211043080897943,
	"z" : -0.17158571170954059
}
