{
	"pitch" : 1.469151527112927,
	"roll" : -1.5746270035525789,
	"x" : -0.03151897951983039,
	"y" : -0.11658829586499372,
	"yaw" : 1.2351312941675201,
	"z" : -0.17163617678537527
}
