{
	"pitch" : 1.4915539726649467,
	"roll" : -1.6142085129870414,
	"x" : 0.084610995662671273,
	"y" : 0.011847871495257199,
	"yaw" : 1.2015677204940081,
	"z" : -0.1264718213306279
}
