{
	"pitch" : 1.4671489377205587,
	"roll" : -1.4557656030011985,
	"x" : 0.052694566256427662,
	"y" : -0.057187381838567322,
	"yaw" : 1.3561787314076648,
	"z" : -0.16892400632855958
}
