{
	"pitch" : 1.4779744564911552,
	"roll" : -1.5096006475539043,
	"x" : 0.066129005055208953,
	"y" : -0.0441666696343622,
	"yaw" : 1.3026002281981859,
	"z" : -0.13119739383191745
}
