{
	"pitch" : 1.4666607915865919,
	"roll" : -1.4842016633838548,
	"x" : 0.060077716417868472,
	"y" : -0.062776047271185048,
	"yaw" : 1.316334860928573,
	"z" : -0.16976709611838711
}
