{
	"pitch" : 1.4689760895052344,
	"roll" : -1.5166317686884367,
	"x" : 0.03617165899356943,
	"y" : -0.042379114605795659,
	"yaw" : 1.2924823494008146,
	"z" : -0.17041652278531705
}
