{
	"pitch" : 1.4724407684867586,
	"roll" : -1.4923308550635657,
	"x" : 0.073254829350438436,
	"y" : -0.022748882028035221,
	"yaw" : 1.3075822086766027,
	"z" : -0.16929233547751574
}
