{
	"pitch" : 1.4961169630255247,
	"roll" : -1.443197186533588,
	"x" : 0.11889255805689235,
	"y" : 0.017342627567645114,
	"yaw" : 1.3841789633929575,
	"z" : -0.17004437249943044
}
