{
	"pitch" : 1.4720418943558438,
	"roll" : -1.4121391818282834,
	"x" : 0.099181137193632529,
	"y" : -0.16115039813006424,
	"yaw" : 1.3861340935586774,
	"z" : -0.16836292388763208
}
