{
	"pitch" : 1.4536069935815417,
	"roll" : -1.5326988107976431,
	"x" : -0.021679016903433046,
	"y" : -0.22825042128543607,
	"yaw" : 1.2693098514253456,
	"z" : -0.17203818577795169
}
