{
	"pitch" : 1.4922809187444173,
	"roll" : -1.3941629527115467,
	"x" : 0.12763585456982798,
	"y" : -0.014322606085534359,
	"yaw" : 1.43072707443194,
	"z" : -0.16901250372811233
}
