{
	"pitch" : 1.4860992683483016,
	"roll" : -1.6572120613164425,
	"x" : 0.038191215278975232,
	"y" : 0.020999908238968724,
	"yaw" : 1.1631006656531566,
	"z" : -0.17110875774212833
}
