{
	"pitch" : 1.4694552560326835,
	"roll" : -1.521063335254998,
	"x" : 0.063845869549465084,
	"y" : -0.061562537987527755,
	"yaw" : 1.2851077420565089,
	"z" : -0.16931393817881288
}
