{
	"pitch" : 1.452545202589913,
	"roll" : -1.339558896012542,
	"x" : 0.062311811148568375,
	"y" : -0.29952073169301452,
	"yaw" : 1.4653852181971669,
	"z" : -0.16995938682766321
}
