{
	"pitch" : 1.4790999432549399,
	"roll" : -1.3626666604204858,
	"x" : 0.091600173539409718,
	"y" : -0.060400493599138752,
	"yaw" : 1.4611811739878622,
	"z" : -0.16817992329959333
}
