{
	"pitch" : 1.4937451807785134,
	"roll" : -1.5596720471373506,
	"x" : 0.089105729782358242,
	"y" : 0.025714664899077772,
	"yaw" : 1.2583439311477667,
	"z" : -0.13873947675514592
}
