{
	"pitch" : 1.4655091989040989,
	"roll" : -1.5184021862639641,
	"x" : 0.046667079023703532,
	"y" : -0.14291032049893851,
	"yaw" : 1.2903726266436002,
	"z" : -0.17042115013517306
}
