{
	"pitch" : 1.4907559770677794,
	"roll" : -1.501395996899368,
	"x" : 0.075647460944209016,
	"y" : -0.013932291903532339,
	"yaw" : 1.3164648053089349,
	"z" : -0.1701784713120576
}
