{
	"pitch" : 1.4599591266411702,
	"roll" : -1.5964015982645245,
	"x" : -0.083197691949948388,
	"y" : -0.18001761477438624,
	"yaw" : 1.2118678167283563,
	"z" : -0.17397566282126478
}
