{
	"pitch" : 1.4938236622844561,
	"roll" : -1.5598247084714179,
	"x" : 0.084123493188886164,
	"y" : 0.039021646348532106,
	"yaw" : 1.2711081170241745,
	"z" : -0.17086326265302365
}
