{
	"pitch" : 1.450644936669274,
	"roll" : -1.4296809443171812,
	"x" : -0.017123120375411929,
	"y" : -0.30804867906273387,
	"yaw" : 1.3724354607555869,
	"z" : -0.17231605088386973
}
