{
	"pitch" : 1.4962329039698028,
	"roll" : -1.4385841995725397,
	"x" : 0.068544761275312116,
	"y" : -0.037714306961345159,
	"yaw" : 1.378172790873178,
	"z" : -0.18146902658003969
}
