{
	"pitch" : 1.4808681293978143,
	"roll" : -1.3643241141300875,
	"x" : 0.082038450521167469,
	"y" : -0.063006821868663271,
	"yaw" : 1.4636483858442473,
	"z" : -0.16867076053442814
}
