{
	"pitch" : 1.4943856382842962,
	"roll" : -1.5181786438210982,
	"x" : 0.076298176140677243,
	"y" : -0.013556669464818248,
	"yaw" : 1.3001052783896017,
	"z" : -0.17015247237549
}
