{
	"pitch" : 1.4697037072982491,
	"roll" : -1.5817966624903037,
	"x" : 0.03524532636670849,
	"y" : -0.038610343786074391,
	"yaw" : 1.2358216094384247,
	"z" : -0.17001844150735757
}
