{
	"pitch" : 1.4704100566097364,
	"roll" : -1.5360590947785282,
	"x" : 0.076885694058899695,
	"y" : -0.012015049631815367,
	"yaw" : 1.2678725180849284,
	"z" : -0.17030687067415651
}
