{
	"pitch" : 1.4979947964364884,
	"roll" : -1.4356051600459954,
	"x" : 0.11971282116595619,
	"y" : 0.015139047535651198,
	"yaw" : 1.3884978810270023,
	"z" : -0.1696740411933548
}
