{
	"pitch" : 1.4751013861637143,
	"roll" : -1.5084946927160858,
	"x" : 0.063268910235729905,
	"y" : -0.054745010682544712,
	"yaw" : 1.3042394753229827,
	"z" : -0.14437296081755308
}
