{
	"pitch" : 1.4783294577992083,
	"roll" : -1.489722969226615,
	"x" : -0.01852265360316252,
	"y" : -0.11072191517605132,
	"yaw" : 1.3278459094557233,
	"z" : -0.1707007906936889
}
