{
	"pitch" : 1.4480714620333444,
	"roll" : -1.4328515635416295,
	"x" : -0.0052881425452562525,
	"y" : -0.27209107040532826,
	"yaw" : 1.3725729935674831,
	"z" : -0.17221772138151314
}
