{
	"pitch" : 1.4740907476529481,
	"roll" : -1.508160025621051,
	"x" : 0.062511837117276037,
	"y" : -0.05945572545499353,
	"yaw" : 1.3113862615101182,
	"z" : -0.16886228033909259
}
