{
	"pitch" : 1.4842795684895882,
	"roll" : -1.6358385432784035,
	"x" : 0.039950693799498338,
	"y" : 0.02267419954589394,
	"yaw" : 1.18793776060012,
	"z" : -0.17137213718885516
}
