{
	"pitch" : 1.494415635434551,
	"roll" : -1.5613245085045002,
	"x" : 0.062429948863865034,
	"y" : 0.03772651513552859,
	"yaw" : 1.2654606894068783,
	"z" : -0.17074145738273241
}
