{
	"pitch" : 1.4954369732715183,
	"roll" : -1.3586939415841555,
	"x" : 0.12556206931775624,
	"y" : -0.001202012402593761,
	"yaw" : 1.4628866050829985,
	"z" : -0.16874734244884473
}
