{
	"pitch" : 1.4881828205972891,
	"roll" : -1.5188655406717122,
	"x" : 0.076019407835641262,
	"y" : -0.013188520424278363,
	"yaw" : 1.2986171447045791,
	"z" : -0.17011237863889822
}
