{
	"pitch" : 1.477586292606041,
	"roll" : -1.5315822403386401,
	"x" : 0.066439121785990735,
	"y" : -0.043794613273463248,
	"yaw" : 1.280967458383983,
	"z" : -0.13098877875528644
}
