{
	"pitch" : 1.4859354629062089,
	"roll" : -1.3140312647820105,
	"x" : 0.12330890856480235,
	"y" : -0.030580510904560331,
	"yaw" : 1.5096138467346001,
	"z" : -0.16810475347438614
}
