{
	"pitch" : 1.4951125241975023,
	"roll" : -1.3592294640908398,
	"x" : 0.12592303803790977,
	"y" : -0.0014521659802291548,
	"yaw" : 1.4619230908096277,
	"z" : -0.1688554793838408
}
