{
	"pitch" : 1.4793208702600946,
	"roll" : -1.4535172919564063,
	"x" : 0.092519150049578364,
	"y" : -0.060532476344423616,
	"yaw" : 1.3641356030886409,
	"z" : -0.16856230617235879
}
