{
	"pitch" : 1.4949104221235925,
	"roll" : -1.6095632006577159,
	"x" : 0.092639890604603814,
	"y" : 0.033486466425779834,
	"yaw" : 1.2107735964762947,
	"z" : -0.15419327526946608
}
