{
	"pitch" : 1.4819393298237253,
	"roll" : -1.4951269542082763,
	"x" : 0.063594228805215883,
	"y" : -0.056978682179412384,
	"yaw" : 1.3276864587156285,
	"z" : -0.16820606894823875
}
