{
	"pitch" : 1.4696174952160128,
	"roll" : -1.4970396825825769,
	"x" : 0.041042597978087132,
	"y" : -0.048892263700141977,
	"yaw" : 1.3123342674793741,
	"z" : -0.16965572110174976
}
