{
	"pitch" : 1.4907633794881161,
	"roll" : -1.3812393450165235,
	"x" : 0.12706220137562865,
	"y" : -0.01954070124655434,
	"yaw" : 1.4391235930161066,
	"z" : -0.16869093265138266
}
