{
	"pitch" : 1.4714432765061201,
	"roll" : -1.4811856371415637,
	"x" : 0.060436304136623022,
	"y" : -0.061807815460095138,
	"yaw" : 1.3282192850550061,
	"z" : -0.1695072346302039
}
