{
	"pitch" : 1.4934028920640467,
	"roll" : -1.5476111029375301,
	"x" : 0.091546055556111575,
	"y" : 0.032579309940238887,
	"yaw" : 1.2699077636021854,
	"z" : -0.18845428736474776
}
