{
	"pitch" : 1.4923957996481536,
	"roll" : -1.4502913445410361,
	"x" : 0.064016467053960829,
	"y" : -0.025263977026475554,
	"yaw" : 1.3644615848765673,
	"z" : -0.16964447540746755
}
