{
	"pitch" : 1.4682623120583262,
	"roll" : -1.5170138179871155,
	"x" : 0.034876713908581193,
	"y" : -0.041150217387677893,
	"yaw" : 1.2909222847078077,
	"z" : -0.17095373171860673
}
