{
	"pitch" : 1.4784299796655405,
	"roll" : -1.4933218842337734,
	"x" : 0.044727058237895384,
	"y" : -0.11227957876762708,
	"yaw" : 1.3236116634219264,
	"z" : -0.1693248765957196
}
