{
	"pitch" : 1.4595818840229047,
	"roll" : -1.5198249268784834,
	"x" : 0.011961239454125402,
	"y" : -0.21132904726872226,
	"yaw" : 1.2886626770755309,
	"z" : -0.070281380425777529
}
