{
	"pitch" : 1.4599622431995842,
	"roll" : -1.5195890896256319,
	"x" : 0.012435730631699463,
	"y" : -0.21152288009066886,
	"yaw" : 1.2897861286458647,
	"z" : -0.070613749759724398
}
