{
	"pitch" : 1.4726445564308654,
	"roll" : -1.6505068377857819,
	"x" : 0.027452632285075884,
	"y" : -0.018666834528733856,
	"yaw" : 1.162802039167621,
	"z" : -0.17077667746608843
}
