{
	"pitch" : 1.493423352128314,
	"roll" : -1.6258262667574537,
	"x" : 0.091084355427894878,
	"y" : 0.029397014098220639,
	"yaw" : 1.1947903316649082,
	"z" : -0.14534303632105172
}
