{
	"pitch" : 1.4925274818244927,
	"roll" : -1.5408647075250128,
	"x" : 0.091266664144008788,
	"y" : 0.032379959454113483,
	"yaw" : 1.2768505926143403,
	"z" : -0.18915070317833918
}
