{
	"pitch" : 1.4679865979704851,
	"roll" : -1.5077258318255911,
	"x" : 0.0063402085060376978,
	"y" : -0.23078863914305586,
	"yaw" : 1.299585703019706,
	"z" : -0.0904941082570936
}
