{
	"pitch" : 1.4529769145537164,
	"roll" : -1.4792438775573593,
	"x" : -0.064713048578050478,
	"y" : -0.25040010436296439,
	"yaw" : 1.3204834559902374,
	"z" : -0.17336992526592129
}
