{
	"pitch" : 1.4894599556881785,
	"roll" : -1.5842040683839054,
	"x" : 0.076745389683758616,
	"y" : -0.012453585640082566,
	"yaw" : 1.2302308422408348,
	"z" : -0.16993257075769583
}
