{
	"pitch" : 1.4642724149545256,
	"roll" : -1.4394969267321345,
	"x" : -0.0077667565096391361,
	"y" : -0.27709696745154333,
	"yaw" : 1.3780906402640272,
	"z" : -0.13948008256427669
}
