{
	"pitch" : 1.462182323932552,
	"roll" : -1.3163705568881432,
	"x" : 0.078312889049350479,
	"y" : -0.25948153172794547,
	"yaw" : 1.4909106984100648,
	"z" : -0.16900825256285215
}
