{
	"pitch" : 1.4625142363727373,
	"roll" : -1.5093659444281222,
	"x" : 0.013960438961842875,
	"y" : -0.202321701211155,
	"yaw" : 1.2980920799890261,
	"z" : -0.079410450311680175
}
