{
	"pitch" : 1.4718496024163712,
	"roll" : -1.5898823004701272,
	"x" : 0.046630247843778297,
	"y" : -0.051882292802368814,
	"yaw" : 1.228401809607043,
	"z" : -0.16932586777418518
}
