{
	"pitch" : 1.4803994459744885,
	"roll" : -1.3605934052610047,
	"x" : 0.091354382806288992,
	"y" : -0.060482299970331659,
	"yaw" : 1.4643915616854295,
	"z" : -0.16810745536600638
}
