{
	"pitch" : 1.470477534073134,
	"roll" : -1.4848844123200657,
	"x" : 0.05312708263797028,
	"y" : -0.056053997841807715,
	"yaw" : 1.3318575921272513,
	"z" : -0.16892280110146693
}
