{
	"pitch" : 1.4765083800315262,
	"roll" : -1.5034863778669314,
	"x" : 0.044752586842560602,
	"y" : -0.1124215951501599,
	"yaw" : 1.311538666082585,
	"z" : -0.17002486625721236
}
