{
	"pitch" : 1.4953501244936935,
	"roll" : -1.4981191772462821,
	"x" : 0.073034609727533534,
	"y" : -0.023018633976192422,
	"yaw" : 1.3219677369563296,
	"z" : -0.17524781278805779
}
