{
	"pitch" : 1.4877658627643917,
	"roll" : -1.6299295326935257,
	"x" : 0.04666360935549034,
	"y" : 0.028667416547428597,
	"yaw" : 1.1995883864883632,
	"z" : -0.17158402582075105
}
