{
	"pitch" : 1.4792040947032803,
	"roll" : -1.5067646221431354,
	"x" : 0.067304579618863505,
	"y" : -0.040396267597705898,
	"yaw" : 1.3054052135863228,
	"z" : -0.12825978879869288
}
