{
	"pitch" : 1.4945607196024151,
	"roll" : -1.6028923386303997,
	"x" : 0.090253290178720261,
	"y" : 0.027037261756001203,
	"yaw" : 1.216919845171782,
	"z" : -0.14124734325776217
}
