{
	"pitch" : 1.4896796839815705,
	"roll" : -1.5833422240137784,
	"x" : 0.077260201265937301,
	"y" : -0.012508824265639906,
	"yaw" : 1.2305845996363902,
	"z" : -0.17004524603025681
}
