{
	"pitch" : 1.4852821656506154,
	"roll" : -1.6000947986704017,
	"x" : 0.087090150182817877,
	"y" : 0.016712484340339215,
	"yaw" : 1.2146539985231386,
	"z" : -0.21050064736938623
}
