{
	"pitch" : 1.4861498408991214,
	"roll" : -1.3248684170408211,
	"x" : 0.12150367605743899,
	"y" : -0.035158535278107646,
	"yaw" : 1.4939117365648553,
	"z" : -0.1679857462102444
}
