{
	"pitch" : 1.478476114407538,
	"roll" : -1.3875807290650453,
	"x" : 0.088721470728053017,
	"y" : -0.06131628561991264,
	"yaw" : 1.4386454484810021,
	"z" : -0.16837119831936953
}
