{
	"pitch" : 1.4519499712100292,
	"roll" : -1.3214824610561446,
	"x" : 0.061928929011281476,
	"y" : -0.30182987126422239,
	"yaw" : 1.4817033407369959,
	"z" : -0.17070102907648602
}
