{
	"pitch" : 1.4534695154475954,
	"roll" : -1.4233205150823729,
	"x" : 0.00065721167758632515,
	"y" : -0.25193107174417889,
	"yaw" : 1.378577910084668,
	"z" : -0.17172601183071984
}
