{
	"pitch" : 1.5014543157603983,
	"roll" : -1.5126169600793222,
	"x" : 0.11595605475543802,
	"y" : 0.021983236276083631,
	"yaw" : 1.318442702168648,
	"z" : -0.17005089875522028
}
