{
	"pitch" : 1.4870638466511743,
	"roll" : -1.643716651256208,
	"x" : 0.050271597622638393,
	"y" : 0.031309643394148677,
	"yaw" : 1.1808272348641182,
	"z" : -0.17118865184911658
}
