{
	"pitch" : 1.4809403320325996,
	"roll" : -1.5203089236154093,
	"x" : 0.072002432474670947,
	"y" : -0.024461550365922319,
	"yaw" : 1.2909311702222468,
	"z" : -0.16998701628981433
}
