{
	"pitch" : 1.4547802100115692,
	"roll" : -1.445988748955805,
	"x" : 0.03323553235705929,
	"y" : -0.15172494743002754,
	"yaw" : 1.3599563392247016,
	"z" : -0.17014452738062999
}
