{
	"pitch" : 1.4543181277865065,
	"roll" : -1.3427554972730085,
	"x" : 0.017707398530947147,
	"y" : -0.20098911747796858,
	"yaw" : 1.4722745112260152,
	"z" : -0.26304838525242391
}
