{
	"pitch" : 1.4628047352444993,
	"roll" : -1.4796435229832723,
	"x" : 0.042818021114535101,
	"y" : -0.12135777681675948,
	"yaw" : 1.3217998527967854,
	"z" : -0.16899651032046165
}
