{
	"pitch" : 1.477087993108501,
	"roll" : -1.5538330020425595,
	"x" : 0.028080660888044312,
	"y" : -0.025209393020634869,
	"yaw" : 1.2670286308253282,
	"z" : -0.17004617171640052
}
