{
	"pitch" : 1.4791292413619657,
	"roll" : -1.5412691834436645,
	"x" : 0.071168715643485023,
	"y" : -0.0269659344132058,
	"yaw" : 1.2681542568476656,
	"z" : -0.16968800722745367
}
