{
	"pitch" : 1.4635169944786155,
	"roll" : -1.4984220129019243,
	"x" : 0.011037233973365965,
	"y" : -0.20747694700877067,
	"yaw" : 1.3065107066935129,
	"z" : -0.073603550550994559
}
