{
	"pitch" : 1.4764730555629761,
	"roll" : -1.5542453899762096,
	"x" : 0.031817664279905455,
	"y" : -0.034894209090280633,
	"yaw" : 1.2659768127959108,
	"z" : -0.17003552561901902
}
