{
	"pitch" : 1.4973267570635744,
	"roll" : -1.6364655737510725,
	"x" : 0.052570720048099914,
	"y" : -0.085647050990315776,
	"yaw" : 1.1718630375433485,
	"z" : -0.20705650394246342
}
