{
	"pitch" : 1.4877784911555334,
	"roll" : -1.4115518486228988,
	"x" : 0.016686133794729163,
	"y" : -0.0764758694368049,
	"yaw" : 1.4150925157502823,
	"z" : -0.16833369356023289
}
