{
	"pitch" : 1.4947267206808366,
	"roll" : -1.5205668822314786,
	"x" : 0.092484273070551237,
	"y" : 0.036945857882447558,
	"yaw" : 1.3068114716335013,
	"z" : -0.17111494846313155
}
