{
	"pitch" : 1.4593482971185954,
	"roll" : -1.3200747798409338,
	"x" : 0.047027095701905025,
	"y" : -0.27478108728683098,
	"yaw" : 1.4879979853586829,
	"z" : -0.16997396272569701
}
