{
	"pitch" : 1.4675835305055711,
	"roll" : -1.4854211174154599,
	"x" : 0.051292122972820833,
	"y" : -0.056485203794730716,
	"yaw" : 1.3252707032846576,
	"z" : -0.1689970282036998
}
