{
	"pitch" : 1.4752926831854114,
	"roll" : -1.5733305619643065,
	"x" : 0.030214171929518051,
	"y" : -0.031789654475021634,
	"yaw" : 1.2467389318979514,
	"z" : -0.16976138107591909
}
