{
	"pitch" : 1.4636149078738894,
	"roll" : -1.4878003271024514,
	"x" : 0.044831498522511615,
	"y" : -0.11463731115591541,
	"yaw" : 1.3174999986938725,
	"z" : -0.1694080172373808
}
