{
	"pitch" : 1.5014916321108145,
	"roll" : -1.5125693183475937,
	"x" : 0.11445491650073294,
	"y" : 0.023114521907536569,
	"yaw" : 1.3184644135843306,
	"z" : -0.16962213989886907
}
