{
	"pitch" : 1.4464380994340127,
	"roll" : -1.4391501597994674,
	"x" : -0.017286228701308096,
	"y" : -0.3093529746825564,
	"yaw" : 1.3618681664763013,
	"z" : -0.17339328200938481
}
