{
	"pitch" : 1.4725134932553654,
	"roll" : -1.4274980325616899,
	"x" : 0.10509252252292751,
	"y" : -0.16385067675853138,
	"yaw" : 1.3625266907035032,
	"z" : -0.16876708997066708
}
