{
	"pitch" : 1.4779384302278469,
	"roll" : -1.6702781837787946,
	"x" : 0.028520765146581598,
	"y" : 0.0002249459363919161,
	"yaw" : 1.1480600369875482,
	"z" : -0.17104964924262836
}
