{
	"pitch" : 1.4488335630822851,
	"roll" : -1.3966446420610852,
	"x" : 0.0013175923291585678,
	"y" : -0.25169088200645262,
	"yaw" : 1.4022382248341387,
	"z" : -0.17080648922224764
}
