{
	"pitch" : 1.4783223236188634,
	"roll" : -1.6078074233533479,
	"x" : 0.027647897403383415,
	"y" : -0.019091581404472736,
	"yaw" : 1.2119863423786839,
	"z" : -0.17097769908117885
}
