{
	"pitch" : 1.4716150203811531,
	"roll" : -1.5109275852040205,
	"x" : 0.068284619113455,
	"y" : -0.039787704284016706,
	"yaw" : 1.3003131564387884,
	"z" : -0.16939418015067542
}
