{
	"pitch" : 1.4750151514859413,
	"roll" : -1.5696863482093775,
	"x" : 0.065305276723246666,
	"y" : -0.050181914367725275,
	"yaw" : 1.2437319571831627,
	"z" : -0.13722156428447704
}
