{
	"pitch" : 1.4703201380740216,
	"roll" : -1.5130843219985373,
	"x" : 0.066007163945751429,
	"y" : -0.061576710658496958,
	"yaw" : 1.2964578043783146,
	"z" : -0.16876394772597475
}
