{
	"pitch" : 1.4743394307533502,
	"roll" : -1.5159054034062753,
	"x" : 0.056651898850165014,
	"y" : -0.078388239855334815,
	"yaw" : 1.2955654207667355,
	"z" : -0.16936472537863864
}
