{
	"pitch" : 1.4591886775163576,
	"roll" : -1.4341220715166203,
	"x" : -0.011256678121963293,
	"y" : -0.28660008746146665,
	"yaw" : 1.383749015476607,
	"z" : -0.15058740383199071
}
