{
	"pitch" : 1.4847668925484592,
	"roll" : -1.3416223522213035,
	"x" : 0.12343963431277954,
	"y" : -0.032198726705221628,
	"yaw" : 1.4822106427965998,
	"z" : -0.16848403309738996
}
