{
	"pitch" : 1.458849277914642,
	"roll" : -1.4941417133711212,
	"x" : 0.011744066061278369,
	"y" : -0.21157947439956593,
	"yaw" : 1.3135927694171032,
	"z" : -0.070175862547969314
}
