{
	"pitch" : 1.4804590527836705,
	"roll" : -1.5242786628447191,
	"x" : 0.068325464543202818,
	"y" : -0.037017331260750977,
	"yaw" : 1.2868409021157539,
	"z" : -0.12569367312697916
}
