{
	"pitch" : 1.4698897066085497,
	"roll" : -1.4412485092475482,
	"x" : 0.078887128874020551,
	"y" : -0.15367488518902903,
	"yaw" : 1.3595353884417558,
	"z" : -0.16879131185828505
}
