{
	"pitch" : 1.4973910618758075,
	"roll" : -1.5593379260530609,
	"x" : 0.066636252555074618,
	"y" : 0.038598574549324,
	"yaw" : 1.2705647766386445,
	"z" : -0.17125190360691869
}
