{
	"pitch" : 1.4914270034501487,
	"roll" : -1.4934094156054596,
	"x" : 0.0519723915950418,
	"y" : -0.038071146181664822,
	"yaw" : 1.3272841756562515,
	"z" : -0.16948594730463179
}
