{
	"pitch" : 1.4800679885359285,
	"roll" : -1.4493289180344409,
	"x" : 0.068065346309967939,
	"y" : -0.037375799964819795,
	"yaw" : 1.3570888266558268,
	"z" : -0.16930340209822572
}
