{
	"pitch" : 1.477159514510334,
	"roll" : -1.4011449253137727,
	"x" : 0.076984840670812849,
	"y" : -0.063571886175411332,
	"yaw" : 1.4181730094940979,
	"z" : -0.16830794073841218
}
