{
	"pitch" : 1.4819310506542747,
	"roll" : -1.3981809830067518,
	"x" : 0.028256860386811085,
	"y" : -0.16431567549915482,
	"yaw" : 1.4117900527448362,
	"z" : -0.24750234175480729
}
