{
	"pitch" : 1.4806224202991367,
	"roll" : -1.4197090840719713,
	"x" : 0.095665257211783705,
	"y" : -0.059578055518674081,
	"yaw" : 1.3981082399869225,
	"z" : -0.16848453547481554
}
