{
	"pitch" : 1.4740509113132563,
	"roll" : -1.4877575112188908,
	"x" : 0.054224450442534579,
	"y" : -0.085716801239640802,
	"yaw" : 1.3217456559406187,
	"z" : -0.16947365741299497
}
