{
	"pitch" : 1.4677388227919732,
	"roll" : -1.5092722512200629,
	"x" : 0.010033743225780684,
	"y" : -0.21937805376879424,
	"yaw" : 1.3049932928060004,
	"z" : -0.07854885659514102
}
