{
	"pitch" : 1.4530738137684738,
	"roll" : -1.3999324116635277,
	"x" : 0.015028597429188301,
	"y" : -0.20436130627943624,
	"yaw" : 1.4010948196931849,
	"z" : -0.17047625800774618
}
