{
	"pitch" : 1.4797337182322514,
	"roll" : -1.5651096105250974,
	"x" : 0.08211898273702356,
	"y" : -0.00092550693450553674,
	"yaw" : 1.2478683763759668,
	"z" : -0.21886570927776208
}
