{
	"pitch" : 1.4950555559360121,
	"roll" : -1.4213068253154695,
	"x" : 0.12539210401364348,
	"y" : 0.0033244897633811794,
	"yaw" : 1.4055954819499332,
	"z" : -0.16966118178329842
}
