{
	"pitch" : 1.4784919522674764,
	"roll" : -1.5968999058374136,
	"x" : 0.027430672908321505,
	"y" : -0.018752869171520824,
	"yaw" : 1.2227026580016267,
	"z" : -0.17088495970559098
}
