{
	"pitch" : 1.4770331800110454,
	"roll" : -1.5779483337490532,
	"x" : 0.031627610437350871,
	"y" : -0.035361176751672434,
	"yaw" : 1.2433819417900664,
	"z" : -0.16978011087676043
}
