{
	"pitch" : 1.456135179064892,
	"roll" : -1.4346290840300011,
	"x" : 0.013538699819221053,
	"y" : -0.20853446295568021,
	"yaw" : 1.3649034568794449,
	"z" : -0.17047864998757856
}
