{
	"pitch" : 1.4856781749045842,
	"roll" : -1.5050911380918583,
	"x" : 0.076099462395060907,
	"y" : -0.013131454419044102,
	"yaw" : 1.3113552260237069,
	"z" : -0.16959881508154459
}
