{
	"pitch" : 1.479266329033478,
	"roll" : -1.6199752672898546,
	"x" : 0.031899750449123049,
	"y" : 0.012266556361238509,
	"yaw" : 1.1977065230355159,
	"z" : -0.17025487497327541
}
