{
	"pitch" : 1.4918426028956402,
	"roll" : -1.4352510649440977,
	"x" : 0.076503944324630813,
	"y" : -0.011236829064160575,
	"yaw" : 1.3813669238279029,
	"z" : -0.16880948405172161
}
