{
	"pitch" : 1.4757748271967903,
	"roll" : -1.5474078147093353,
	"x" : 0.045016021549246013,
	"y" : -0.11037642512830734,
	"yaw" : 1.2699859522064925,
	"z" : -0.16941843075231572
}
