{
	"pitch" : 1.499263798071202,
	"roll" : -1.4024742193548685,
	"x" : 0.11904812286659525,
	"y" : 0.015807243372859846,
	"yaw" : 1.4216673330780893,
	"z" : -0.16962261480265309
}
