{
	"pitch" : 1.4716034744610262,
	"roll" : -1.3719721980619208,
	"x" : 0.095120495149185469,
	"y" : -0.19751901196181998,
	"yaw" : 1.4429973564303358,
	"z" : -0.16797293685875891
}
