{
	"pitch" : 1.4841920588626583,
	"roll" : -1.4091348351219748,
	"x" : 0.11202808307228423,
	"y" : -0.048426203925264345,
	"yaw" : 1.4095915590871577,
	"z" : -0.1686025407219299
}
