{
	"pitch" : 1.4949717565222234,
	"roll" : -1.5482582686000785,
	"x" : 0.093067244961660259,
	"y" : 0.035933994064594119,
	"yaw" : 1.2723317278392303,
	"z" : -0.17351938306733364
}
