{
	"pitch" : 1.4783962395481394,
	"roll" : -1.5426379380547608,
	"x" : 0.07108985891147683,
	"y" : -0.027576680876906623,
	"yaw" : 1.2670937246486211,
	"z" : -0.16975355958840918
}
