{
	"pitch" : 1.4897602585438527,
	"roll" : -1.5103913526373056,
	"x" : 0.07902529700942558,
	"y" : -0.0036927194781250887,
	"yaw" : 1.3027704556529121,
	"z" : -0.11896391053355951
}
