{
	"pitch" : 1.4969086522590267,
	"roll" : -1.5058473067811566,
	"x" : 0.077398629712312483,
	"y" : 0.039611439595211836,
	"yaw" : 1.3269141220557443,
	"z" : -0.17087869419222754
}
