{
	"pitch" : 1.4949096742373587,
	"roll" : -1.3328196026447567,
	"x" : 0.12723533333867898,
	"y" : -0.0098356677237806858,
	"yaw" : 1.4887012696662261,
	"z" : -0.16825438366222548
}
