{
	"pitch" : 1.4865763218417385,
	"roll" : -1.5039094097975385,
	"x" : 0.076058474280132529,
	"y" : -0.012700645462047192,
	"yaw" : 1.3110684247697173,
	"z" : -0.11880533362730053
}
