{
	"pitch" : 1.4703605892628882,
	"roll" : -1.4004722341030309,
	"x" : 0.086965957338216729,
	"y" : -0.19312940319083821,
	"yaw" : 1.4098707583817369,
	"z" : -0.16824449517881354
}
