{
	"pitch" : 1.4553122505566067,
	"roll" : -1.4250201368452333,
	"x" : 0.014567135468975062,
	"y" : -0.20469614844423922,
	"yaw" : 1.3757552807275808,
	"z" : -0.1705340501190061
}
