{
	"pitch" : 1.4812211567495044,
	"roll" : -1.4935374324117752,
	"x" : 0.063500404600049201,
	"y" : -0.057080131615957791,
	"yaw" : 1.3291034482617174,
	"z" : -0.16819513876869496
}
