{
	"pitch" : 1.4589166393602466,
	"roll" : -1.5826339483234051,
	"x" : -0.031201695701376903,
	"y" : -0.15058991781698405,
	"yaw" : 1.2233063688755921,
	"z" : -0.17246753307362572
}
