{
	"pitch" : 1.4675391247064886,
	"roll" : -1.4041702717085134,
	"x" : 0.089850937177067505,
	"y" : -0.1986711909190815,
	"yaw" : 1.4070321331020876,
	"z" : -0.16825245523525703
}
