{
	"pitch" : 1.4516505105667226,
	"roll" : -1.4052484734552784,
	"x" : -0.018209522450103766,
	"y" : -0.27687032997166905,
	"yaw" : 1.4073452810331379,
	"z" : -0.17258992331701425
}
