{
	"pitch" : 1.4513662514199284,
	"roll" : -1.5316882144319981,
	"x" : -0.038352011799896391,
	"y" : -0.23843644590153931,
	"yaw" : 1.2669210859559583,
	"z" : -0.17337639911442426
}
