{
	"pitch" : 1.499019922166678,
	"roll" : -1.4344815576329046,
	"x" : 0.10310295391570518,
	"y" : 0.032155723218744416,
	"yaw" : 1.3945248788615856,
	"z" : -0.17001560759162629
}
