{
	"pitch" : 1.4928555388576368,
	"roll" : -1.3894927307321814,
	"x" : 0.12755634991047496,
	"y" : -0.01388485567615544,
	"yaw" : 1.4355581117263274,
	"z" : -0.16889133342308577
}
