{
	"pitch" : 1.4777450673187105,
	"roll" : -1.5887901241636766,
	"x" : 0.076373383989616489,
	"y" : -0.011399063128979868,
	"yaw" : 1.2170849867932407,
	"z" : -0.16853458223283663
}
