{
	"pitch" : 1.4492178698641747,
	"roll" : -1.4044451380262037,
	"x" : -0.01682831192727352,
	"y" : -0.30901646031747343,
	"yaw" : 1.3971558020787209,
	"z" : -0.17279315076984911
}
