{
	"pitch" : 1.4705007973002515,
	"roll" : -1.498710314568434,
	"x" : 0.053767986247398064,
	"y" : -0.056307313854392534,
	"yaw" : 1.3178096975324485,
	"z" : -0.16909140978651863
}
