{
	"pitch" : 1.4619347620723373,
	"roll" : -1.3023634147052303,
	"x" : 0.10856599851803136,
	"y" : -0.23364447548747497,
	"yaw" : 1.5058193438949929,
	"z" : -0.16829485645777861
}
