{
	"pitch" : 1.4972834341051549,
	"roll" : -1.4180884882674745,
	"x" : 0.11739869132349176,
	"y" : 0.018424318707490492,
	"yaw" : 1.4069423880394396,
	"z" : -0.16984023471664209
}
