{
	"pitch" : 1.4892968620982772,
	"roll" : -1.4905584761775483,
	"x" : 0.076432001848837111,
	"y" : -0.012674200379424181,
	"yaw" : 1.3277598310613379,
	"z" : -0.16964621655682754
}
