{
	"pitch" : 1.4694990558386254,
	"roll" : -1.5293313603118568,
	"x" : 0.066777853913373361,
	"y" : -0.04598091086030659,
	"yaw" : 1.2768521955582766,
	"z" : -0.20578224881393459
}
