{
	"pitch" : 1.4713683203569217,
	"roll" : -1.4681963695302396,
	"x" : -0.057508232431260839,
	"y" : -0.15119532520445556,
	"yaw" : 1.3528522443488034,
	"z" : -0.17316557305620364
}
