{
	"pitch" : 1.4823030951406804,
	"roll" : -1.520429672617825,
	"x" : 0.086186835151468646,
	"y" : 0.011598908878422364,
	"yaw" : 1.2919645272103206,
	"z" : -0.21417809423556139
}
