{
	"pitch" : 1.4573913360653674,
	"roll" : -1.4641988893048343,
	"x" : -0.042484670512303938,
	"y" : -0.26940301786006637,
	"yaw" : 1.3469565059431297,
	"z" : -0.17361897735409271
}
