{
	"pitch" : 1.4832112893634823,
	"roll" : -1.5568263633391637,
	"x" : 0.070093953782348145,
	"y" : -0.029131444773546296,
	"yaw" : 1.2560905865736927,
	"z" : -0.12204571175767411
}
