{
	"pitch" : 1.4894668063085523,
	"roll" : -1.6689823494119382,
	"x" : 0.044365889508096418,
	"y" : 0.026540307049634192,
	"yaw" : 1.1592469481942713,
	"z" : -0.1712750719528173
}
