{
	"pitch" : 1.4766437780128292,
	"roll" : -1.541193214822645,
	"x" : 0.068791502912441585,
	"y" : -0.037275180825656049,
	"yaw" : 1.2706796398415947,
	"z" : -0.17029251095682985
}
