{
	"pitch" : 1.4531831484978557,
	"roll" : -1.4224684293214824,
	"x" : -0.010982725543357552,
	"y" : -0.30573514320125533,
	"yaw" : 1.3824103930315017,
	"z" : -0.17318876081687895
}
