{
	"pitch" : 1.4707137122811638,
	"roll" : -1.5097940640634808,
	"x" : 0.065692928108121523,
	"y" : -0.050340320610130308,
	"yaw" : 1.2962217436638368,
	"z" : -0.20148465516690695
}
