{
	"pitch" : 1.4858011312204298,
	"roll" : -1.5604933255459235,
	"x" : 0.072778326406252022,
	"y" : -0.024311887138265639,
	"yaw" : 1.253522441442523,
	"z" : -0.12085702397124053
}
