{
	"pitch" : 1.4695221163821841,
	"roll" : -1.4904948824929334,
	"x" : 0.041588894847520923,
	"y" : -0.049395649069984851,
	"yaw" : 1.3190960967503815,
	"z" : -0.16958968363330834
}
