{
	"pitch" : 1.4799431131823084,
	"roll" : -1.6397464901684851,
	"x" : 0.026266564121959109,
	"y" : -0.0062536308652203065,
	"yaw" : 1.1793898166397205,
	"z" : -0.17090247305654463
}
