{
	"pitch" : 1.4981767255606047,
	"roll" : -1.379579992721722,
	"x" : 0.11007112422692789,
	"y" : 0.026148433664340061,
	"yaw" : 1.4481251142184897,
	"z" : -0.16936149488017782
}
