{
	"pitch" : 1.475605748079027,
	"roll" : -1.5262533379210994,
	"x" : 0.072252514767221429,
	"y" : -0.029568995956506163,
	"yaw" : 1.2808236110321669,
	"z" : -0.21669521865281011
}
