{
	"pitch" : 1.4523781788111498,
	"roll" : -1.6573208113335367,
	"x" : -0.071325064740499725,
	"y" : -0.17416023410221443,
	"yaw" : 1.1521492313705133,
	"z" : -0.17379286719152223
}
