{
	"pitch" : 1.4835578569300163,
	"roll" : -1.6216424286610085,
	"x" : 0.050545831846599776,
	"y" : 0.031454152270804149,
	"yaw" : 1.2031860488126567,
	"z" : -0.17131988786421445
}
