{
	"pitch" : 1.4957101071130368,
	"roll" : -1.5247097130453908,
	"x" : 0.097349454654148251,
	"y" : 0.035343081090032785,
	"yaw" : 1.3057781596183755,
	"z" : -0.17132289582217489
}
