{
	"pitch" : 1.4817098962922384,
	"roll" : -1.4502675221420354,
	"x" : 0.10387888079147344,
	"y" : -0.055796387342990181,
	"yaw" : 1.3695651764019066,
	"z" : -0.16815443680478889
}
