{
	"pitch" : 1.4707206162745841,
	"roll" : -1.5424400846547304,
	"x" : 0.063055635083909253,
	"y" : -0.060293292219281883,
	"yaw" : 1.2733329184237523,
	"z" : -0.1698885093369934
}
