{
	"pitch" : 1.450372444886938,
	"roll" : -1.429088509946048,
	"x" : -0.015263794044210646,
	"y" : -0.30854824066703301,
	"yaw" : 1.376304980622636,
	"z" : -0.17325681893652889
}
