{
	"pitch" : 1.4617034994948221,
	"roll" : -1.3105425158465098,
	"x" : 0.01470511236439672,
	"y" : -0.20919376804076995,
	"yaw" : 1.5006928758615801,
	"z" : -0.27102323483047974
}
