{
	"pitch" : 1.4843874225556557,
	"roll" : -1.4865429102686969,
	"x" : 0.067610026285290892,
	"y" : -0.042607145196102501,
	"yaw" : 1.3357939008275519,
	"z" : -0.16811989706159325
}
