{
	"pitch" : 1.4951810922455002,
	"roll" : -1.5283655102226341,
	"x" : 0.093173497564525878,
	"y" : 0.035866575565999072,
	"yaw" : 1.29254365503497,
	"z" : -0.17485004442596153
}
