{
	"pitch" : 1.4934331470756359,
	"roll" : -1.6112321532627816,
	"x" : 0.090935260416293934,
	"y" : 0.029440796539738596,
	"yaw" : 1.209369627958623,
	"z" : -0.14539171180654745
}
