{
	"pitch" : 1.4515935916690623,
	"roll" : -1.3422846185419659,
	"x" : 0.06164328829134598,
	"y" : -0.30173768289821884,
	"yaw" : 1.4614977938251115,
	"z" : -0.17045591455652342
}
