{
	"pitch" : 1.4518153059554315,
	"roll" : -1.3323587477519006,
	"x" : 0.062196705180248141,
	"y" : -0.30023057327687364,
	"yaw" : 1.4727737856398888,
	"z" : -0.17009199743870831
}
