{
	"pitch" : 1.4950547519754707,
	"roll" : -1.3995425261076648,
	"x" : 0.11978980583311742,
	"y" : 0.016094009390189026,
	"yaw" : 1.4261482056526926,
	"z" : -0.17005169968948053
}
