{
	"pitch" : 1.4912802466153812,
	"roll" : -1.6310496497601397,
	"x" : 0.084534456027159907,
	"y" : 0.010412463942865767,
	"yaw" : 1.1849926166830387,
	"z" : -0.1261045655421692
}
