{
	"pitch" : 1.4721860454628566,
	"roll" : -1.5243603470144305,
	"x" : 0.037587026584683991,
	"y" : -0.043631588903245852,
	"yaw" : 1.2937530322615372,
	"z" : -0.16979935022036005
}
