{
	"pitch" : 1.4705112684829227,
	"roll" : -1.476213725180294,
	"x" : 0.052538603294617819,
	"y" : -0.055805551296363637,
	"yaw" : 1.3409787180823705,
	"z" : -0.16886659958100064
}
