{
	"pitch" : 1.4994684411415653,
	"roll" : -1.3855966567757245,
	"x" : 0.1189714670062665,
	"y" : 0.016242011713869839,
	"yaw" : 1.4391237955185561,
	"z" : -0.16964645395172137
}
