{
	"pitch" : 1.4518984728434841,
	"roll" : -1.4579578470475805,
	"x" : 0.029540485660958862,
	"y" : -0.15924035352194676,
	"yaw" : 1.3430736946370498,
	"z" : -0.16980289067800472
}
