{
	"pitch" : 1.4795618123997238,
	"roll" : -1.5464311685055414,
	"x" : 0.081681191929805372,
	"y" : -0.0028746695318801387,
	"yaw" : 1.266363808534998,
	"z" : -0.21941093631415817
}
