{
	"pitch" : 1.4554424669794486,
	"roll" : -1.458663536354736,
	"x" : 0.033150868331259013,
	"y" : -0.15285425266134184,
	"yaw" : 1.3469689773562823,
	"z" : -0.16998461320491604
}
