{
	"pitch" : 1.494583275038011,
	"roll" : -1.5580660176690055,
	"x" : 0.088517726798481855,
	"y" : 0.025196223313801978,
	"yaw" : 1.2599025328855913,
	"z" : -0.13783460744806245
}
