{
	"pitch" : 1.4707290348693449,
	"roll" : -1.5240442874748326,
	"x" : -0.023284987876933172,
	"y" : -0.10819715375965105,
	"yaw" : 1.2890510746141117,
	"z" : -0.17226522829332347
}
