{
	"pitch" : 1.4703509171459856,
	"roll" : -1.50662845561447,
	"x" : 0.053926384446974611,
	"y" : -0.056378456843580019,
	"yaw" : 1.3097864676845339,
	"z" : -0.16916117094984942
}
