{
	"pitch" : 1.4931988592287442,
	"roll" : -1.6174590399464055,
	"x" : 0.087270162036184498,
	"y" : 0.018983183508098245,
	"yaw" : 1.1994819724799919,
	"z" : -0.13137977759842975
}
