{
	"pitch" : 1.4980790030158477,
	"roll" : -1.5199548523309305,
	"x" : 0.10073711638653228,
	"y" : 0.033631075340595479,
	"yaw" : 1.3105260953153381,
	"z" : -0.17049684094205864
}
