{
	"pitch" : 1.4873120259985899,
	"roll" : -1.3276526096565695,
	"x" : 0.11983021432031921,
	"y" : -0.037283231955051115,
	"yaw" : 1.4910967758041005,
	"z" : -0.16811930131432237
}
