{
	"pitch" : 1.470699043927012,
	"roll" : -1.3943308212098122,
	"x" : 0.072714273254412751,
	"y" : -0.011466449772711875,
	"yaw" : 1.4003378576697858,
	"z" : -0.16801814934498574
}
