{
	"pitch" : 1.4628894985213408,
	"roll" : -1.3224947146381916,
	"x" : 0.084726135412473189,
	"y" : -0.25690947726436159,
	"yaw" : 1.4888099656098852,
	"z" : -0.16875411540411817
}
