{
	"pitch" : 1.4528212862974148,
	"roll" : -1.4502467049863224,
	"x" : 0.021352469010750316,
	"y" : -0.18413957798035041,
	"yaw" : 1.3540702058999001,
	"z" : -0.1703161224949695
}
