{
	"pitch" : 1.4777285925355339,
	"roll" : -1.4786428617183942,
	"x" : 0.061935846235315513,
	"y" : -0.056523563444892164,
	"yaw" : 1.3369459784896489,
	"z" : -0.14744049532500306
}
