{
	"pitch" : 1.4791695835054688,
	"roll" : -1.5889817608759369,
	"x" : 0.05064275775361126,
	"y" : -0.12191695858214152,
	"yaw" : 1.2218381141263877,
	"z" : -0.16973455541126084
}
