{
	"pitch" : 1.4872158751432514,
	"roll" : -1.3121605223433994,
	"x" : 0.12082039945833783,
	"y" : -0.035985634434266583,
	"yaw" : 1.5059128783702125,
	"z" : -0.16801354592444548
}
