{
	"pitch" : 1.4794491782132231,
	"roll" : -1.6390308199721848,
	"x" : 0.026124850907536419,
	"y" : -0.0050627235556426273,
	"yaw" : 1.1794531518176279,
	"z" : -0.17053703005773593
}
