{
	"pitch" : 1.4931671396330111,
	"roll" : -1.6080009176532588,
	"x" : 0.086980453166903685,
	"y" : 0.019117443497972494,
	"yaw" : 1.2091590504126133,
	"z" : -0.13143950032298946
}
