{
	"pitch" : 1.4905991099344413,
	"roll" : -1.5789890853908006,
	"x" : 0.077304501541210741,
	"y" : -0.012189190321841891,
	"yaw" : 1.2344585501347936,
	"z" : -0.17022828678687674
}
