{
	"pitch" : 1.4755609773444787,
	"roll" : -1.4225648191111468,
	"x" : 0.10595126524645687,
	"y" : -0.16427077119621569,
	"yaw" : 1.3603772689281382,
	"z" : -0.16874412828973356
}
