{
	"pitch" : 1.4846177874921729,
	"roll" : -1.5326761981002044,
	"x" : 0.074110659515554539,
	"y" : -0.017957415019518259,
	"yaw" : 1.2806580295631544,
	"z" : -0.11933654314594661
}
