{
	"pitch" : 1.4519138591649412,
	"roll" : -1.3290155283013105,
	"x" : 0.061855378094643386,
	"y" : -0.30184107025513618,
	"yaw" : 1.4742906304917942,
	"z" : -0.17062651511967952
}
