{
	"pitch" : 1.4823215716606624,
	"roll" : -1.3621244960540493,
	"x" : 0.11388513793978548,
	"y" : -0.046640714270122716,
	"yaw" : 1.4602456080710193,
	"z" : -0.16809099310093062
}
