{
	"pitch" : 1.4755708577650599,
	"roll" : -1.4816913039161816,
	"x" : 0.061177967757207574,
	"y" : -0.060950858274926398,
	"yaw" : 1.3326175298218013,
	"z" : -0.16222577992720233
}
