{
	"pitch" : 1.4902394960225516,
	"roll" : -1.3909017468192864,
	"x" : 0.12756922225264264,
	"y" : -0.017706721594737483,
	"yaw" : 1.4304685244518165,
	"z" : -0.16879313671848961
}
