{
	"pitch" : 1.4621233721446871,
	"roll" : -1.3163553025567962,
	"x" : 0.11162255033449603,
	"y" : -0.2412195006809697,
	"yaw" : 1.4966966810595481,
	"z" : -0.1679256631576854
}
