{
	"pitch" : 1.4779561358251236,
	"roll" : -1.4630921134417481,
	"x" : 0.085188892040585648,
	"y" : -0.062034776702777468,
	"yaw" : 1.355474992152685,
	"z" : -0.16854709432415035
}
