{
	"pitch" : 1.5023944650444181,
	"roll" : -1.4582227528615763,
	"x" : 0.10619677135928299,
	"y" : 0.030302538230826084,
	"yaw" : 1.3717957672911789,
	"z" : -0.1699256252939659
}
