{
	"pitch" : 1.4836951331979253,
	"roll" : -1.5986593717472228,
	"x" : 0.068977004033927036,
	"y" : -0.040596535076260591,
	"yaw" : 1.2134245318608303,
	"z" : -0.1689695252998441
}
