{
	"pitch" : 1.4560643418444177,
	"roll" : -1.3719736954123847,
	"x" : 0.067111658965817056,
	"y" : -0.28473886021408146,
	"yaw" : 1.4329408311771641,
	"z" : -0.17021912584497431
}
