{
	"pitch" : 1.4676973853191055,
	"roll" : -1.4035116120765587,
	"x" : 0.064671506987142371,
	"y" : -0.061482749560340118,
	"yaw" : 1.4128425912015996,
	"z" : -0.16922953892688727
}
