{
	"pitch" : 1.4697988018025063,
	"roll" : -1.5868353914473889,
	"x" : 0.031922944184670718,
	"y" : -0.035754127068368571,
	"yaw" : 1.2215233647813695,
	"z" : -0.17021510746397472
}
