{
	"pitch" : 1.4682671044075186,
	"roll" : -1.5301351883667185,
	"x" : 0.064724363140577335,
	"y" : -0.054273075730771086,
	"yaw" : 1.2762953187345374,
	"z" : -0.19481307138921239
}
