{
	"pitch" : 1.4693608733575199,
	"roll" : -1.4968376240355212,
	"x" : 0.061441082460674382,
	"y" : -0.059852153306942074,
	"yaw" : 1.3121839257961589,
	"z" : -0.16931562675178929
}
