{
	"pitch" : 1.4868061560388779,
	"roll" : -1.5012028591470257,
	"x" : 0.075892797014758553,
	"y" : -0.012697983417882076,
	"yaw" : 1.3137338946592456,
	"z" : -0.11876260228112936
}
