{
	"pitch" : 1.488462656233118,
	"roll" : -1.5039706691734953,
	"x" : 0.076220677239694681,
	"y" : -0.012853006157803302,
	"yaw" : 1.3134898434152387,
	"z" : -0.16971341225785352
}
