{
	"pitch" : 1.4797572774707832,
	"roll" : -1.516343059475022,
	"x" : 0.044460848683263068,
	"y" : -0.11208940868850387,
	"yaw" : 1.3011694998024437,
	"z" : -0.16922493435235894
}
