{
	"pitch" : 1.4780412035492942,
	"roll" : -1.5228009197094443,
	"x" : 0.06806895070151954,
	"y" : -0.03662554046558094,
	"yaw" : 1.2882749259297532,
	"z" : -0.12528310408574445
}
