{
	"pitch" : 1.4920208682126519,
	"roll" : -1.6263768869213775,
	"x" : 0.087693823224063161,
	"y" : 0.017356592661052394,
	"yaw" : 1.190691298025095,
	"z" : -0.13092587401265168
}
