{
	"pitch" : 1.4805775384414619,
	"roll" : -1.6757184886946319,
	"x" : 0.034895484518718795,
	"y" : 0.015585942458262744,
	"yaw" : 1.1404061183004581,
	"z" : -0.17098709947213864
}
