{
	"pitch" : 1.4690487937319279,
	"roll" : -1.5256691029230169,
	"x" : 0.062605869161897268,
	"y" : -0.056021879706901506,
	"yaw" : 1.2825061197109906,
	"z" : -0.16957581551155415
}
