{
	"pitch" : 1.4967746888186897,
	"roll" : -1.3608319010879049,
	"x" : 0.12250861730233487,
	"y" : 0.011220649602718182,
	"yaw" : 1.4632789534326036,
	"z" : -0.16947596584144625
}
