{
	"pitch" : 1.4885500902973561,
	"roll" : -1.6223412205634664,
	"x" : 0.057368918292830529,
	"y" : 0.035430736235503163,
	"yaw" : 1.2043695114821287,
	"z" : -0.17131089409355449
}
