{
	"pitch" : 1.4528679094081993,
	"roll" : -1.3668823737310236,
	"x" : -0.0099584899235029278,
	"y" : -0.28033252119538032,
	"yaw" : 1.4441038411673255,
	"z" : -0.17223514659869515
}
