{
	"pitch" : 1.4788178910130907,
	"roll" : -1.539550508080207,
	"x" : 0.078620038562822278,
	"y" : -0.013523119125480369,
	"yaw" : 1.2702264881780851,
	"z" : -0.22083632736230291
}
