{
	"pitch" : 1.4652784968245485,
	"roll" : -1.6114543105750354,
	"x" : -0.015441466341219665,
	"y" : -0.1243827674451459,
	"yaw" : 1.2013674724619563,
	"z" : -0.17204270157782944
}
