{
	"pitch" : 1.4720431686084983,
	"roll" : -1.4807065462917166,
	"x" : 0.075875453184284014,
	"y" : -0.17027328559460864,
	"yaw" : 1.3290577224119104,
	"z" : -0.16973036982400286
}
