{
	"pitch" : 1.470355265947932,
	"roll" : -1.4843905185916364,
	"x" : 0.052966243182335421,
	"y" : -0.055966983397527717,
	"yaw" : 1.3325687558598298,
	"z" : -0.16893961938393159
}
