{
	"pitch" : 1.4973830460345221,
	"roll" : -1.3516228249867257,
	"x" : 0.12250454788034902,
	"y" : 0.010867525681696567,
	"yaw" : 1.4722220801006201,
	"z" : -0.16941382681734252
}
