{
	"pitch" : 1.4536101111020669,
	"roll" : -1.4404323870351132,
	"x" : 0.027210687628056313,
	"y" : -0.16736932717825345,
	"yaw" : 1.3603239869098485,
	"z" : -0.16933301568611905
}
