{
	"pitch" : 1.4693545730609026,
	"roll" : -1.4960718981618937,
	"x" : 0.061416469591713957,
	"y" : -0.059958187057227025,
	"yaw" : 1.3129727403966309,
	"z" : -0.16932372440826807
}
