{
	"pitch" : 1.4876039328501518,
	"roll" : -1.626677887634578,
	"x" : 0.046617101593963456,
	"y" : 0.028718851097439321,
	"yaw" : 1.2028254440318709,
	"z" : -0.17158416702586715
}
