{
	"pitch" : 1.4698154005341926,
	"roll" : -1.5529780773644517,
	"x" : 0.067901154930404384,
	"y" : -0.044251058807600094,
	"yaw" : 1.2536564190829775,
	"z" : -0.20812779564785949
}
