{
	"pitch" : 1.4985282119010603,
	"roll" : -1.5149175956669196,
	"x" : 0.084620622902421658,
	"y" : 0.038736156102479026,
	"yaw" : 1.3189675649407064,
	"z" : -0.17080613347797469
}
