{
	"pitch" : 1.4535894857779055,
	"roll" : -1.4176701329162684,
	"x" : 0.0043916057570463074,
	"y" : -0.24047703890412692,
	"yaw" : 1.3851546904914296,
	"z" : -0.1711153965926758
}
