{
	"pitch" : 1.4632170403040208,
	"roll" : -1.5144851407104052,
	"x" : 0.022410551966387762,
	"y" : -0.12058893667556415,
	"yaw" : 1.2913852047631835,
	"z" : -0.17089930285735852
}
