{
	"pitch" : 1.492869416569953,
	"roll" : -1.6237960738278012,
	"x" : 0.059594195408863751,
	"y" : 0.035838974954781236,
	"yaw" : 1.2090934365521944,
	"z" : -0.17167101773834262
}
