{
	"pitch" : 1.4885145113227607,
	"roll" : -1.6243813932636271,
	"x" : 0.057245363727165821,
	"y" : 0.035322475530353552,
	"yaw" : 1.2019057990685726,
	"z" : -0.1712517194190073
}
