{
	"pitch" : 1.4928433129145677,
	"roll" : -1.3192017336248654,
	"x" : 0.12818256142629475,
	"y" : -0.0090505060763251682,
	"yaw" : 1.5036528023947391,
	"z" : -0.16857137282309353
}
