{
	"pitch" : 1.4866175661563994,
	"roll" : -1.3787975796685037,
	"x" : 0.12310746581396524,
	"y" : -0.032809715833410594,
	"yaw" : 1.4406387212455258,
	"z" : -0.16880818908673215
}
