{
	"pitch" : 1.4584969942110837,
	"roll" : -1.4588796847104057,
	"x" : 0.036727858499577694,
	"y" : -0.13936684857229453,
	"yaw" : 1.3461481744151049,
	"z" : -0.16966836232032168
}
