{
	"pitch" : 1.486611483383252,
	"roll" : -1.5872513734095726,
	"x" : 0.034037428904453389,
	"y" : 0.015779192718952242,
	"yaw" : 1.2343802905605006,
	"z" : -0.1706742646523996
}
