{
	"pitch" : 1.4789882357531132,
	"roll" : -1.5841136490412537,
	"x" : 0.050383642620683677,
	"y" : -0.12167976528271669,
	"yaw" : 1.226087969905999,
	"z" : -0.16970498943431769
}
