{
	"pitch" : 1.4803850185319813,
	"roll" : -1.5442772439320758,
	"x" : 0.046144404284478455,
	"y" : -0.11193283516538827,
	"yaw" : 1.275407857861782,
	"z" : -0.16970971414887898
}
