{
	"pitch" : 1.480361565908519,
	"roll" : -1.5316384279251043,
	"x" : 0.078004385384228866,
	"y" : -0.012394023188438841,
	"yaw" : 1.2781745797432751,
	"z" : -0.22042014511171756
}
