{
	"pitch" : 1.4875488403689039,
	"roll" : -1.6525255444838467,
	"x" : 0.048620238192086537,
	"y" : 0.030093713283042771,
	"yaw" : 1.1699333498125681,
	"z" : -0.1713532617579672
}
