{
	"pitch" : 1.4863537746985154,
	"roll" : -1.5873584544023733,
	"x" : 0.034166474858158283,
	"y" : 0.016056649687307939,
	"yaw" : 1.2340988210502888,
	"z" : -0.17073503743998372
}
