{
	"pitch" : 1.4737162513072017,
	"roll" : -1.3965476200315765,
	"x" : 0.073683667906643283,
	"y" : -0.063261227349989207,
	"yaw" : 1.4231904683544008,
	"z" : -0.16877768128097484
}
