{
	"pitch" : 1.4711394496823031,
	"roll" : -1.5202418178006192,
	"x" : -0.07728453933089055,
	"y" : -0.1739090367119133,
	"yaw" : 1.2896736095900805,
	"z" : -0.1730601692200153
}
