{
	"pitch" : 1.4933948464111291,
	"roll" : -1.6073588462153459,
	"x" : 0.087615803696946742,
	"y" : 0.019712423065751598,
	"yaw" : 1.2097859713410313,
	"z" : -0.13238270079695719
}
