{
	"pitch" : 1.4773017466427449,
	"roll" : -1.5335814116874271,
	"x" : 0.045687076837144,
	"y" : -0.11038862192756783,
	"yaw" : 1.2850015445742178,
	"z" : -0.16966953969615012
}
