{
	"pitch" : 1.4873562078331377,
	"roll" : -1.612749232856427,
	"x" : 0.049917271291434841,
	"y" : 0.030767397704399652,
	"yaw" : 1.217704018361625,
	"z" : -0.17146371920173711
}
