{
	"pitch" : 1.4959678434535877,
	"roll" : -1.4756026045619923,
	"x" : 0.090168118232988051,
	"y" : 0.037878222030571743,
	"yaw" : 1.3579876157063666,
	"z" : -0.17088971754035154
}
