{
	"pitch" : 1.4983166403979267,
	"roll" : -1.4437514878971833,
	"x" : 0.11287821122345522,
	"y" : 0.023752193097996657,
	"yaw" : 1.3831539044289993,
	"z" : -0.16988868719744368
}
