{
	"pitch" : 1.4724040661600915,
	"roll" : -1.5391323132391357,
	"x" : 0.039536812966312507,
	"y" : -0.046193744455362069,
	"yaw" : 1.2805779929816539,
	"z" : -0.16978250224702568
}
