{
	"pitch" : 1.4833256476772168,
	"roll" : -1.5550731585932778,
	"x" : 0.07584839273638444,
	"y" : -0.01482097399639842,
	"yaw" : 1.2599807926790549,
	"z" : -0.17010639882277956
}
