{
	"pitch" : 1.4947324258383807,
	"roll" : -1.5874886136787567,
	"x" : 0.073066910592482298,
	"y" : 0.03958988412452439,
	"yaw" : 1.2406523569989008,
	"z" : -0.17091507574216352
}
