{
	"pitch" : 1.4545244542839808,
	"roll" : -1.4771588684484871,
	"x" : 0.042594817326730441,
	"y" : -0.12433359417294043,
	"yaw" : 1.3237425969911567,
	"z" : -0.17048353169001457
}
