{
	"pitch" : 1.4673233689833607,
	"roll" : -1.483869535163546,
	"x" : 0.0014417328262874007,
	"y" : -0.24241036105592506,
	"yaw" : 1.3259984056539162,
	"z" : -0.10361858887350868
}
