{
	"pitch" : 1.491054356973565,
	"roll" : -1.6394347056641292,
	"x" : 0.0848822805155377,
	"y" : 0.011301613128675345,
	"yaw" : 1.1767126547987228,
	"z" : -0.12656467352390474
}
