{
	"pitch" : 1.467892247933295,
	"roll" : -1.4926962566503819,
	"x" : 0.062993683177594378,
	"y" : -0.058566160175786239,
	"yaw" : 1.3205954160079603,
	"z" : -0.18037685385764704
}
