{
	"pitch" : 1.4890342144611517,
	"roll" : -1.6578930425076186,
	"x" : 0.046618857385972698,
	"y" : 0.028166537112879982,
	"yaw" : 1.1705322493007055,
	"z" : -0.17152866885425122
}
