{
	"pitch" : 1.4612709430877302,
	"roll" : -1.3521954631367288,
	"x" : 0.024291521920256826,
	"y" : -0.18068574401688581,
	"yaw" : 1.4637030380852958,
	"z" : -0.24143591256199465
}
