{
	"pitch" : 1.4769891858649629,
	"roll" : -1.6106232233465057,
	"x" : 0.042381580063153582,
	"y" : -0.12317504100903576,
	"yaw" : 1.2074174772737098,
	"z" : -0.15859419419750773
}
