{
	"pitch" : 1.4696015675591976,
	"roll" : -1.5231154897938965,
	"x" : 0.06275535872706807,
	"y" : -0.055875895979092552,
	"yaw" : 1.28514223689234,
	"z" : -0.16950470860638858
}
