{
	"pitch" : 1.4638019928149937,
	"roll" : -1.505749664817434,
	"x" : 0.011539019849281004,
	"y" : -0.20733965480574704,
	"yaw" : 1.298911429156397,
	"z" : -0.073969893633110476
}
