{
	"pitch" : 1.4875839805109989,
	"roll" : -1.6281602015521042,
	"x" : 0.055770803637758777,
	"y" : 0.034154205373885207,
	"yaw" : 1.1969065302498201,
	"z" : -0.17120943375560718
}
