{
	"pitch" : 1.4704358756045248,
	"roll" : -1.6525297985637766,
	"x" : 0.028558890937718261,
	"y" : -0.023456883943857261,
	"yaw" : 1.1618221745645787,
	"z" : -0.1701599885086367
}
