{
	"pitch" : 1.4530090125781312,
	"roll" : -1.4681976754945034,
	"x" : 0.014803148175079987,
	"y" : -0.20889398360632566,
	"yaw" : 1.3336867108354691,
	"z" : -0.17103029260806973
}
