{
	"pitch" : 1.4680518671066665,
	"roll" : -1.3868135941926036,
	"x" : 0.035348896476280485,
	"y" : -0.13893083835149067,
	"yaw" : 1.4330407565336616,
	"z" : -0.19946980347988108
}
