{
	"pitch" : 1.4908736122633859,
	"roll" : -1.6065335331853685,
	"x" : 0.084912526504728691,
	"y" : 0.012354583351409102,
	"yaw" : 1.2094214661082066,
	"z" : -0.12699378031656322
}
