{
	"pitch" : 1.4515840835446774,
	"roll" : -1.3829880711697562,
	"x" : 0.020986227405899761,
	"y" : -0.18769253129005287,
	"yaw" : 1.4176212711326195,
	"z" : -0.16906353170536509
}
