{
	"pitch" : 1.4930661580003353,
	"roll" : -1.6095382906578839,
	"x" : 0.087646640113468899,
	"y" : 0.019853202703406861,
	"yaw" : 1.20754006484397,
	"z" : -0.1325162193131261
}
