{
	"pitch" : 1.4926805797299416,
	"roll" : -1.4716605624573256,
	"x" : 0.075094587104920896,
	"y" : -0.015338152664484704,
	"yaw" : 1.3413678160269307,
	"z" : -0.16950094089389786
}
