{
	"pitch" : 1.4671647505114789,
	"roll" : -1.4344487753422785,
	"x" : 0.0015833861700551427,
	"y" : -0.08366281556204197,
	"yaw" : 1.3950218761068063,
	"z" : -0.17156486075596095
}
