{
	"pitch" : 1.4872259538142565,
	"roll" : -1.6481779724030488,
	"x" : 0.048989107890795372,
	"y" : 0.030379321275047159,
	"yaw" : 1.1747428795301165,
	"z" : -0.17139524896183203
}
