{
	"pitch" : 1.471336979724936,
	"roll" : -1.5217770889984834,
	"x" : 0.067178264279220579,
	"y" : -0.042342228460600123,
	"yaw" : 1.2786357820980041,
	"z" : -0.17020553852601616
}
