{
	"pitch" : 1.4833959915141588,
	"roll" : -1.5677613398350243,
	"x" : 0.077303285496885879,
	"y" : -0.012223056453736961,
	"yaw" : 1.2505431745433415,
	"z" : -0.16961304523464799
}
