{
	"pitch" : 1.4844141167112384,
	"roll" : -1.5857751432753124,
	"x" : 0.083481544588108914,
	"y" : 0.0027114140974646862,
	"yaw" : 1.2302068467681071,
	"z" : -0.21809067098201096
}
