{
	"pitch" : 1.4913266320915597,
	"roll" : -1.6030391990394135,
	"x" : 0.084710916384550153,
	"y" : 0.012075659494023457,
	"yaw" : 1.2127596648410841,
	"z" : -0.12655403722119132
}
