{
	"pitch" : 1.5002231435508591,
	"roll" : -1.4687338852694329,
	"x" : 0.11413900168085825,
	"y" : 0.023259874932717285,
	"yaw" : 1.3613117240820807,
	"z" : -0.16966447225776971
}
