{
	"pitch" : 1.4963238534320811,
	"roll" : -1.5022758643703069,
	"x" : 0.079140575983857972,
	"y" : 0.039914702308036454,
	"yaw" : 1.3321715634737656,
	"z" : -0.1708676824704668
}
