{
	"pitch" : 1.4686000477036183,
	"roll" : -1.5298587939180925,
	"x" : 0.062442077066770699,
	"y" : -0.056356286860036811,
	"yaw" : 1.2783159651382479,
	"z" : -0.16960517685995724
}
