{
	"pitch" : 1.4879202619894063,
	"roll" : -1.4143396815711531,
	"x" : 0.12438990714257306,
	"y" : -0.029592340924174586,
	"yaw" : 1.4062558543020003,
	"z" : -0.16909426892564294
}
