{
	"pitch" : 1.4927012962808222,
	"roll" : -1.5893529589712161,
	"x" : 0.0888243467916775,
	"y" : 0.024104281834548165,
	"yaw" : 1.2282924224185985,
	"z" : -0.13751462324276478
}
