{
	"pitch" : 1.4796007087447749,
	"roll" : -1.5064769756319047,
	"x" : 0.067319602549205937,
	"y" : -0.040318657110611764,
	"yaw" : 1.3054347427470874,
	"z" : -0.12817827474864857
}
