{
	"pitch" : 1.4873830328630666,
	"roll" : -1.6195133342705257,
	"x" : 0.057771218258125152,
	"y" : 0.035535348711948474,
	"yaw" : 1.2081584175718769,
	"z" : -0.17163778591540846
}
