{
	"pitch" : 1.4754797636442987,
	"roll" : -1.5421729494547696,
	"x" : 0.044984258478011269,
	"y" : -0.11055338359031645,
	"yaw" : 1.2748675934728617,
	"z" : -0.16935798339405966
}
