{
	"pitch" : 1.4645186334098483,
	"roll" : -1.5527725396764964,
	"x" : 0.019652053808601362,
	"y" : -0.1894458592746158,
	"yaw" : 1.2579956603373701,
	"z" : -0.092691348524743394
}
