{
	"pitch" : 1.4829425969288459,
	"roll" : -1.3870497110839937,
	"x" : 0.1071811500627172,
	"y" : -0.053033362033278325,
	"yaw" : 1.4360698984402591,
	"z" : -0.16823632884860309
}
