{
	"pitch" : 1.4530024137994098,
	"roll" : -1.4561240919785607,
	"x" : 0.014928710536846128,
	"y" : -0.20885817554492153,
	"yaw" : 1.3456308895112687,
	"z" : -0.17114409032045655
}
