{
	"pitch" : 1.4798905145178671,
	"roll" : -1.6138160773426633,
	"x" : 0.051709095575859967,
	"y" : -0.12460149621850283,
	"yaw" : 1.1934964807499324,
	"z" : -0.16984279891359771
}
