{
	"pitch" : 1.499153905399395,
	"roll" : -1.4314510592867726,
	"x" : 0.11937843088686317,
	"y" : 0.015494492169390427,
	"yaw" : 1.3925937776399118,
	"z" : -0.16964236352758816
}
