{
	"pitch" : 1.4667293247761743,
	"roll" : -1.4869279682376919,
	"x" : 0.04209127648955889,
	"y" : -0.12274920889719919,
	"yaw" : 1.3235973979854587,
	"z" : -0.18130137640131835
}
