{
	"pitch" : 1.4529532508067766,
	"roll" : -1.3356506175260285,
	"x" : 0.064351887404612229,
	"y" : -0.29247144695112215,
	"yaw" : 1.4669110522754611,
	"z" : -0.17028046703678917
}
