{
	"pitch" : 1.4595682071102172,
	"roll" : -1.4951339963651462,
	"x" : 0.011577761693482791,
	"y" : -0.2110001370503401,
	"yaw" : 1.3124290391719788,
	"z" : -0.070375918008830043
}
