{
	"pitch" : 1.4771879741261977,
	"roll" : -1.4710309479209922,
	"x" : 0.079113329318340489,
	"y" : -0.062924207811223806,
	"yaw" : 1.3424195281704485,
	"z" : -0.16868616566249797
}
