{
	"pitch" : 1.4691940032855337,
	"roll" : -1.4367095101717184,
	"x" : 0.060251472390880252,
	"y" : -0.060702436617671607,
	"yaw" : 1.3696855501005361,
	"z" : -0.16866833668708875
}
