{
	"pitch" : 1.4798486129981536,
	"roll" : -1.422756352885066,
	"x" : 0.086624047614418151,
	"y" : -0.061782143784604088,
	"yaw" : 1.3941407817249669,
	"z" : -0.16854150336443263
}
