{
	"pitch" : 1.4722655836917848,
	"roll" : -1.4135633372249263,
	"x" : 0.081420683348930836,
	"y" : -0.18214543047206871,
	"yaw" : 1.3980863763522557,
	"z" : -0.168600931579868
}
