{
	"pitch" : 1.4537924699786051,
	"roll" : -1.4531806137702168,
	"x" : 0.021891457690854689,
	"y" : -0.18275809851703886,
	"yaw" : 1.3516646375745254,
	"z" : -0.17031594897780877
}
