{
	"pitch" : 1.4952397614448918,
	"roll" : -1.5468793081638561,
	"x" : 0.097189199307862725,
	"y" : 0.035503867333164532,
	"yaw" : 1.2844702879232124,
	"z" : -0.17135747204586713
}
