{
	"pitch" : 1.4826247019105554,
	"roll" : -1.3578544471424241,
	"x" : 0.11433787935707571,
	"y" : -0.046749817522865514,
	"yaw" : 1.4653986610228871,
	"z" : -0.16844221465815667
}
