{
	"pitch" : 1.4728215716458732,
	"roll" : -1.4149921422706759,
	"x" : 0.099319347723984666,
	"y" : -0.16134382544830186,
	"yaw" : 1.3824939675199435,
	"z" : -0.1684230823559637
}
