{
	"pitch" : 1.4658694180899254,
	"roll" : -1.4695443343739738,
	"x" : 0.061527040141806051,
	"y" : -0.058356182368918791,
	"yaw" : 1.3363776479986926,
	"z" : -0.16863581070682807
}
