{
	"pitch" : 1.4885286968949047,
	"roll" : -1.5264623105113868,
	"x" : 0.075965087336870546,
	"y" : -0.012855483502545579,
	"yaw" : 1.290711716869881,
	"z" : -0.16985265760091869
}
