{
	"pitch" : 1.4891238123974224,
	"roll" : -1.6012640524081923,
	"x" : 0.08509157975998613,
	"y" : 0.013012089270506372,
	"yaw" : 1.2145298389718993,
	"z" : -0.12737144322476368
}
