{
	"pitch" : 1.4781071370816146,
	"roll" : -1.5234236897860141,
	"x" : 0.068007101486777244,
	"y" : -0.036547158228627807,
	"yaw" : 1.2876043705787414,
	"z" : -0.12524780963336501
}
