{
	"pitch" : 1.4885975787641361,
	"roll" : -1.5427969997331656,
	"x" : 0.078800830131747393,
	"y" : -0.0045065332870231189,
	"yaw" : 1.2705416434012133,
	"z" : -0.11891988691336526
}
