{
	"pitch" : 1.4959317053985521,
	"roll" : -1.5005017373671707,
	"x" : 0.094565035177235329,
	"y" : 0.036326265627204105,
	"yaw" : 1.330516293547318,
	"z" : -0.17091162382733066
}
