{
	"pitch" : 1.449380069174905,
	"roll" : -1.4108890950361295,
	"x" : -0.016913269530817787,
	"y" : -0.30888338349872052,
	"yaw" : 1.3910177538088633,
	"z" : -0.17292474186242446
}
