{
	"pitch" : 1.4957694512293949,
	"roll" : -1.4704071629115785,
	"x" : 0.091734738637646529,
	"y" : 0.037570441583901312,
	"yaw" : 1.3615276534898493,
	"z" : -0.17115798391982737
}
