{
	"pitch" : 1.4817085707614559,
	"roll" : -1.6152827672936207,
	"x" : 0.027365351522597656,
	"y" : -0.0018961740945180102,
	"yaw" : 1.2053953301022107,
	"z" : -0.17068448654439511
}
