{
	"pitch" : 1.4909235526028866,
	"roll" : -1.356074065907503,
	"x" : 0.12676422501123752,
	"y" : -0.020832367134751225,
	"yaw" : 1.4641860987831763,
	"z" : -0.16863669164398848
}
