{
	"pitch" : 1.4714615111598459,
	"roll" : -1.5939265671100709,
	"x" : 0.034295041613650365,
	"y" : -0.039177633298313433,
	"yaw" : 1.2239678446121602,
	"z" : -0.16936924070786424
}
