{
	"pitch" : 1.4764148329897879,
	"roll" : -1.5403771693918415,
	"x" : 0.039145266934531228,
	"y" : -0.13229707656316655,
	"yaw" : 1.2739830889312265,
	"z" : -0.14924181900361214
}
