{
	"pitch" : 1.4846611876450539,
	"roll" : -1.411109065469744,
	"x" : 0.11256125707136197,
	"y" : -0.047786854207017962,
	"yaw" : 1.4079131692798221,
	"z" : -0.16854202561586787
}
