{
	"pitch" : 1.4913624153557363,
	"roll" : -1.5072346103879792,
	"x" : 0.059595119319282006,
	"y" : -0.031285947511702113,
	"yaw" : 1.3096911038995649,
	"z" : -0.17025316611723315
}
