{
	"pitch" : 1.4722779224683389,
	"roll" : -1.561463653973916,
	"x" : 0.07656973641397323,
	"y" : -0.014092826175114908,
	"yaw" : 1.2390394660263753,
	"z" : -0.17007652029963524
}
