{
	"pitch" : 1.5001125042720629,
	"roll" : -1.4535739206997833,
	"x" : 0.11256194828998488,
	"y" : 0.024870627695949426,
	"yaw" : 1.3753343481061431,
	"z" : -0.16981171032776446
}
