{
	"pitch" : 1.4919987562771966,
	"roll" : -1.6295151786167692,
	"x" : 0.087738624439047619,
	"y" : 0.017414260874041028,
	"yaw" : 1.187540010090953,
	"z" : -0.13097975694535496
}
