{
	"pitch" : 1.479201120518747,
	"roll" : -1.3987167836886789,
	"x" : 0.097021844562110798,
	"y" : -0.058508541901973646,
	"yaw" : 1.4228119965504236,
	"z" : -0.16858545957085486
}
