{
	"pitch" : 1.4710550042234416,
	"roll" : -1.3608894167410976,
	"x" : 0.018167463005181544,
	"y" : -0.19918545645059538,
	"yaw" : 1.453204273332978,
	"z" : -0.26484796125070109
}
