{
	"pitch" : 1.4801194789357228,
	"roll" : -1.5054478131762716,
	"x" : -0.024373929791766211,
	"y" : -0.11855918316378353,
	"yaw" : 1.3182181701502889,
	"z" : -0.17093158321620966
}
