{
	"pitch" : 1.4594334376077818,
	"roll" : -1.4932629977811487,
	"x" : -0.004141209742293081,
	"y" : -0.2195947639697956,
	"yaw" : 1.3088723898670875,
	"z" : -0.17189844494408724
}
