{
	"pitch" : 1.4518593393280101,
	"roll" : -1.3881987172430164,
	"x" : -0.0048672056838822975,
	"y" : -0.26882907816893231,
	"yaw" : 1.4126788064129017,
	"z" : -0.17294819980456055
}
