{
	"pitch" : 1.4480840357577129,
	"roll" : -1.2723897047894228,
	"x" : 0.053755971535908782,
	"y" : -0.30047744084815087,
	"yaw" : 1.5366530705996118,
	"z" : -0.17014870467072191
}
