{
	"pitch" : 1.4845584813438359,
	"roll" : -1.3860866418375528,
	"x" : 0.11529919515236338,
	"y" : -0.044989985614828622,
	"yaw" : 1.4327456269279157,
	"z" : -0.16869291182847609
}
