{
	"pitch" : 1.4957079473136932,
	"roll" : -1.5073167252049287,
	"x" : 0.075669629285879558,
	"y" : -0.01453471615635374,
	"yaw" : 1.311835238658819,
	"z" : -0.1707518132850839
}
