{
	"pitch" : 1.4585547750453123,
	"roll" : -1.4345902830511574,
	"x" : 0.056313097970851718,
	"y" : -0.07556460928938738,
	"yaw" : 1.3660605770246304,
	"z" : -0.16951358085096249
}
