{
	"pitch" : 1.4536339102614506,
	"roll" : -1.4427773184075363,
	"x" : 0.021155821085707932,
	"y" : -0.1849542918278187,
	"yaw" : 1.3611559907618966,
	"z" : -0.17021973924507372
}
