{
	"pitch" : 1.4930935820140014,
	"roll" : -1.3644915224247918,
	"x" : 0.12790672461946717,
	"y" : -0.0050907041278394505,
	"yaw" : 1.4588844103765797,
	"z" : -0.16863115544616891
}
