{
	"pitch" : 1.4704211484926852,
	"roll" : -1.4857569737832044,
	"x" : 0.058659494454667047,
	"y" : -0.060123634651790936,
	"yaw" : 1.3283044700783018,
	"z" : -0.1690682541855538
}
