{
	"pitch" : 1.4674509255691695,
	"roll" : -1.4603454186969513,
	"x" : 0.00029143730970779269,
	"y" : -0.25043315120684462,
	"yaw" : 1.3546786442908225,
	"z" : -0.11168885585126399
}
