{
	"pitch" : 1.4926575159902769,
	"roll" : -1.4542729047116516,
	"x" : 0.07228867212749053,
	"y" : -0.024180411971828412,
	"yaw" : 1.3600735471282894,
	"z" : -0.16894344894740349
}
