{
	"pitch" : 1.4512414827753668,
	"roll" : -1.4061948646418694,
	"x" : 0.024137508114944195,
	"y" : -0.1747549055643495,
	"yaw" : 1.3931745066349934,
	"z" : -0.16883818276137266
}
