{
	"pitch" : 1.495263180018267,
	"roll" : -1.5341023246648899,
	"x" : 0.074043040917540839,
	"y" : -0.019711287821947532,
	"yaw" : 1.2871396189463831,
	"z" : -0.17361121729347789
}
