{
	"pitch" : 1.4877582075436531,
	"roll" : -1.6359875422401617,
	"x" : 0.056366578105042545,
	"y" : 0.034586010553820171,
	"yaw" : 1.1894463333481231,
	"z" : -0.17130656982925474
}
