{
	"pitch" : 1.4827981802435621,
	"roll" : -1.4508825609344278,
	"x" : 0.099247945221859063,
	"y" : -0.058119961074600046,
	"yaw" : 1.3653902835104539,
	"z" : -0.16891772917631873
}
