{
	"pitch" : 1.4955036764657732,
	"roll" : -1.5595825776304848,
	"x" : 0.092590633695144503,
	"y" : 0.035743146417323193,
	"yaw" : 1.2617662131545468,
	"z" : -0.16367255064931616
}
