{
	"pitch" : 1.4790895418711261,
	"roll" : -1.5083821295951696,
	"x" : 0.06776714790210403,
	"y" : -0.035679552333574893,
	"yaw" : 1.3024461607915765,
	"z" : -0.12482336902859834
}
