{
	"pitch" : 1.4951390157959719,
	"roll" : -1.533148442044858,
	"x" : 0.067988573177914458,
	"y" : 0.03863933854960843,
	"yaw" : 1.2967561800848377,
	"z" : -0.17133831571004246
}
