{
	"pitch" : 1.4843927297775357,
	"roll" : -1.5594466607303874,
	"x" : 0.071055851052251831,
	"y" : -0.027583087642122278,
	"yaw" : 1.2537967652178488,
	"z" : -0.12172060586351519
}
