{
	"pitch" : 1.4907062994437521,
	"roll" : -1.622192271123051,
	"x" : 0.084213394618197365,
	"y" : 0.0097555191844330858,
	"yaw" : 1.1934838625976467,
	"z" : -0.12577609947914453
}
