{
	"pitch" : 1.4712460371728773,
	"roll" : -1.4799062864456174,
	"x" : 0.060424812870698758,
	"y" : -0.062132749243236446,
	"yaw" : 1.3311385165421517,
	"z" : -0.1682981424729483
}
