{
	"pitch" : 1.4845104245547753,
	"roll" : -1.64639628226134,
	"x" : 0.039904611275799737,
	"y" : 0.022710341128105369,
	"yaw" : 1.1778761910459863,
	"z" : -0.17132434927994469
}
