{
	"pitch" : 1.4780067479228696,
	"roll" : -1.5013441810807409,
	"x" : 0.066065421165855343,
	"y" : -0.044416304821235146,
	"yaw" : 1.3109060148171585,
	"z" : -0.13147333003959533
}
