{
	"pitch" : 1.4868222737656096,
	"roll" : -1.5808396181616733,
	"x" : 0.087323206746835774,
	"y" : 0.01881877455713328,
	"yaw" : 1.2372348408489353,
	"z" : -0.20873931482759056
}
