{
	"pitch" : 1.4791448077909064,
	"roll" : -1.5338302698461148,
	"x" : 0.075499488677286314,
	"y" : -0.01619072641640994,
	"yaw" : 1.281743588489453,
	"z" : -0.16970592798304354
}
