{
	"pitch" : 1.499337416497097,
	"roll" : -1.5492680705378603,
	"x" : 0.10155739026959276,
	"y" : 0.03335157648794148,
	"yaw" : 1.2807787506934085,
	"z" : -0.17116872780917836
}
