{
	"pitch" : 1.4864004399473392,
	"roll" : -1.5621819464763298,
	"x" : 0.073845116701888439,
	"y" : -0.021649546254821808,
	"yaw" : 1.2507533393340231,
	"z" : -0.12014101736085053
}
