{
	"pitch" : 1.4832015982813975,
	"roll" : -1.553089870222113,
	"x" : 0.073844334219345345,
	"y" : -0.02096100982789946,
	"yaw" : 1.2607039084353058,
	"z" : -0.11970897688915477
}
