{
	"pitch" : 1.4583604740553759,
	"roll" : -1.3678361428443455,
	"x" : 0.0087198430414515693,
	"y" : -0.2960090567949562,
	"yaw" : 1.4428752122093784,
	"z" : -0.1721771212631493
}
