{
	"pitch" : 1.4564611914844152,
	"roll" : -1.4582502243549129,
	"x" : 0.0019094100935883734,
	"y" : -0.21534138512720516,
	"yaw" : 1.3413457532511803,
	"z" : -0.1711226901498705
}
