{
	"pitch" : 1.4651044621007101,
	"roll" : -1.4370292413918986,
	"x" : -0.0036773647087661315,
	"y" : -0.08816237247325423,
	"yaw" : 1.3880354116254434,
	"z" : -0.17206729933288512
}
