{
	"pitch" : 1.4826854810394825,
	"roll" : -1.5372050476574852,
	"x" : 0.085093853080802972,
	"y" : 0.0093881227794182058,
	"yaw" : 1.2780301053966374,
	"z" : -0.21472211230835414
}
