{
	"pitch" : 1.4886104216415941,
	"roll" : -1.5106736740309796,
	"x" : 0.076103081645609194,
	"y" : -0.012848249161887723,
	"yaw" : 1.3065973808460281,
	"z" : -0.16974405274910875
}
