{
	"pitch" : 1.4572950067017085,
	"roll" : -1.3573315764078207,
	"x" : 0.07215426444165432,
	"y" : -0.26852674552752342,
	"yaw" : 1.452096196373708,
	"z" : -0.16963754685748153
}
