{
	"pitch" : 1.4548506782204154,
	"roll" : -1.6033007792373855,
	"x" : -0.081551752442014847,
	"y" : -0.17812797530331875,
	"yaw" : 1.2087095690939127,
	"z" : -0.17384372754685409
}
