{
	"pitch" : 1.4708679733659493,
	"roll" : -1.489000879703354,
	"x" : 0.060586684072658721,
	"y" : -0.061770594797192713,
	"yaw" : 1.3200092264260921,
	"z" : -0.16936571696431657
}
