{
	"pitch" : 1.4878875300603471,
	"roll" : -1.4531707193466379,
	"x" : 0.077287530486144576,
	"y" : -0.010735973936658778,
	"yaw" : 1.3619556698906086,
	"z" : -0.16895085289131082
}
