{
	"pitch" : 1.4639129978127385,
	"roll" : -1.3973394439830975,
	"x" : 0.10334476743897013,
	"y" : -0.22183100450457008,
	"yaw" : 1.4111140631310022,
	"z" : -0.16907878074141827
}
