{
	"pitch" : 1.469592470501399,
	"roll" : -1.5522997477652838,
	"x" : 0.042501421351433075,
	"y" : -0.11227966405263298,
	"yaw" : 1.2595137347717249,
	"z" : -0.16966479382318558
}
