{
	"pitch" : 1.4922362668886346,
	"roll" : -1.6237503918316667,
	"x" : 0.087707600240206268,
	"y" : 0.01871815379354886,
	"yaw" : 1.193211947248521,
	"z" : -0.13140112623473188
}
