{
	"pitch" : 1.4939205297635063,
	"roll" : -1.6039201429326766,
	"x" : 0.090276640220313786,
	"y" : 0.02834375828553963,
	"yaw" : 1.2160985420503252,
	"z" : -0.14311141854776258
}
