{
	"pitch" : 1.4614782184211326,
	"roll" : -1.4021375068516118,
	"x" : 0.025390170166632475,
	"y" : -0.17780183507573541,
	"yaw" : 1.4114360136534603,
	"z" : -0.23895667315055835
}
