{
	"pitch" : 1.4805486933849141,
	"roll" : -1.4495239358251948,
	"x" : 0.06816885710414225,
	"y" : -0.036760963760452389,
	"yaw" : 1.3579380899240143,
	"z" : -0.16934715115953558
}
