{
	"pitch" : 1.4943563523109951,
	"roll" : -1.3481305984353722,
	"x" : 0.12583199111625054,
	"y" : -0.00018830985259849116,
	"yaw" : 1.4740302403386327,
	"z" : -0.16901003301402412
}
