{
	"pitch" : 1.4745043075665161,
	"roll" : -1.5382386303268725,
	"x" : 0.026936700899398598,
	"y" : -0.1658380914189036,
	"yaw" : 1.27396171077256,
	"z" : -0.11666314339717987
}
