{
	"pitch" : 1.4734671972568623,
	"roll" : -1.5104964998544297,
	"x" : 0.070857273421053218,
	"y" : -0.030052303339422284,
	"yaw" : 1.2919766103556898,
	"z" : -0.16994836694508406
}
