{
	"pitch" : 1.4691410609947551,
	"roll" : -1.4446404063901803,
	"x" : 0.061229037247526,
	"y" : -0.061069003035234833,
	"yaw" : 1.3620599240736131,
	"z" : -0.16921533816013604
}
