{
	"pitch" : 1.4819509859208608,
	"roll" : -1.592839899955127,
	"x" : 0.071606759888691293,
	"y" : -0.029881556658213786,
	"yaw" : 1.2204565355847732,
	"z" : -0.12288029581666567
}
