{
	"pitch" : 1.4689873808813259,
	"roll" : -1.6155803897249614,
	"x" : 0.042284189219768634,
	"y" : -0.031047193931184113,
	"yaw" : 1.1952597596712551,
	"z" : -0.17064434997560185
}
