{
	"pitch" : 1.499558122536311,
	"roll" : -1.5640383222448544,
	"x" : 0.10131612721826222,
	"y" : 0.033518117563959803,
	"yaw" : 1.26594842123514,
	"z" : -0.17090298876767671
}
