{
	"pitch" : 1.4937998065692215,
	"roll" : -1.5554251485151864,
	"x" : 0.096501750108969289,
	"y" : 0.035568929291019014,
	"yaw" : 1.2760484468844482,
	"z" : -0.17070395012753034
}
