{
	"pitch" : 1.4884245219855359,
	"roll" : -1.660924273543128,
	"x" : 0.047543979216377978,
	"y" : 0.029272166023230475,
	"yaw" : 1.1611415814548836,
	"z" : -0.17141620306920746
}
