{
	"pitch" : 1.4677679000096067,
	"roll" : -1.4888119339607218,
	"x" : 0.063345636565439012,
	"y" : -0.057886400252495397,
	"yaw" : 1.3188434569873446,
	"z" : -0.18571508085691227
}
