{
	"pitch" : 1.4864785016421482,
	"roll" : -1.5787086092042673,
	"x" : 0.087418475948540617,
	"y" : 0.018474252870376115,
	"yaw" : 1.2389490847020523,
	"z" : -0.20921867127202148
}
