{
	"pitch" : 1.4507097957876802,
	"roll" : -1.429633269621426,
	"x" : -0.01712478548434028,
	"y" : -0.308019241989887,
	"yaw" : 1.3724843716072965,
	"z" : -0.17229180834264612
}
