{
	"pitch" : 1.49247242419665,
	"roll" : -1.5488827136286376,
	"x" : 0.091296190054888482,
	"y" : 0.032284380837700327,
	"yaw" : 1.2688915820786586,
	"z" : -0.18938018875545562
}
