{
	"pitch" : 1.489855554322558,
	"roll" : -1.306046562717003,
	"x" : 0.12522950498825056,
	"y" : -0.022900239925488904,
	"yaw" : 1.5173302905506709,
	"z" : -0.16867031905232147
}
