{
	"pitch" : 1.4737478430661353,
	"roll" : -1.411318244774372,
	"x" : 0.078328061641365354,
	"y" : -0.063124818500236435,
	"yaw" : 1.4035861534948717,
	"z" : -0.1688625140810307
}
