{
	"pitch" : 1.4904852179099022,
	"roll" : -1.3573367698412913,
	"x" : 0.12644624718891928,
	"y" : -0.018652054101918124,
	"yaw" : 1.4664647878074675,
	"z" : -0.16866855418118995
}
