{
	"pitch" : 1.4863968521250541,
	"roll" : -1.5491290299656786,
	"x" : 0.073743290701376418,
	"y" : -0.02147351463941264,
	"yaw" : 1.2642294562662002,
	"z" : -0.11996980782928969
}
