{
	"pitch" : 1.4801882835319458,
	"roll" : -1.4336578490326133,
	"x" : 0.086478430416297075,
	"y" : -0.061642910742103207,
	"yaw" : 1.3832584198549607,
	"z" : -0.16848403492202771
}
