{
	"pitch" : 1.4645570322748094,
	"roll" : -1.4981141663652191,
	"x" : 0.011042417936675958,
	"y" : -0.21242529150690537,
	"yaw" : 1.3134355222629102,
	"z" : -0.071280791450846939
}
