{
	"pitch" : 1.4575920852561295,
	"roll" : -1.3198495580830292,
	"x" : 0.078015788319454868,
	"y" : -0.24367197435151577,
	"yaw" : 1.4839709169553983,
	"z" : -0.1691501051825374
}
