{
	"pitch" : 1.4873594343516678,
	"roll" : -1.3307797285186025,
	"x" : 0.11966115727343896,
	"y" : -0.037546715414437076,
	"yaw" : 1.4877724206407543,
	"z" : -0.16809795100714792
}
