{
	"pitch" : 1.4948305022892867,
	"roll" : -1.5464306789210405,
	"x" : 0.070610487594225238,
	"y" : 0.039112468650145504,
	"yaw" : 1.2888763126417591,
	"z" : -0.17178935699663511
}
