{
	"pitch" : 1.4927650229341487,
	"roll" : -1.5343669707980578,
	"x" : 0.080492558150674465,
	"y" : 0.0036085564454539556,
	"yaw" : 1.2797741807634142,
	"z" : -0.12155724692601846
}
