{
	"pitch" : 1.4943646694408999,
	"roll" : -1.4957323342809901,
	"x" : 0.065973528126369127,
	"y" : -0.04265145829067761,
	"yaw" : 1.3165683803046779,
	"z" : -0.18487131555564343
}
