{
	"pitch" : 1.4897156865014194,
	"roll" : -1.4109807660222005,
	"x" : 0.068663321361837115,
	"y" : -0.016551416515289161,
	"yaw" : 1.4084811059090183,
	"z" : -0.16881796024835177
}
