{
	"pitch" : 1.453246043958597,
	"roll" : -1.4637046840941341,
	"x" : 0.025416413588752587,
	"y" : -0.17716368052863407,
	"yaw" : 1.3430305344650066,
	"z" : -0.17017427110238337
}
