{
	"pitch" : 1.4968227837001402,
	"roll" : -1.4091243585364268,
	"x" : 0.12268836884154448,
	"y" : 0.010491441529180466,
	"yaw" : 1.4136116142326831,
	"z" : -0.16967005952954334
}
