{
	"pitch" : 1.4813882615486964,
	"roll" : -1.6153343249759489,
	"x" : 0.027421143464766297,
	"y" : -0.0014833456773839827,
	"yaw" : 1.2055894438207939,
	"z" : -0.17065151825742436
}
