{
	"pitch" : 1.4911052726686649,
	"roll" : -1.6114908388991853,
	"x" : 0.088113034877116123,
	"y" : 0.021907380742422062,
	"yaw" : 1.2059912868608813,
	"z" : -0.13502267044612978
}
