{
	"pitch" : 1.4650579318195007,
	"roll" : -1.4779628977288561,
	"x" : 0.063283466984287357,
	"y" : -0.055974454778443927,
	"yaw" : 1.3311338519800153,
	"z" : -0.18867459114502819
}
