{
	"pitch" : 1.4595679771683259,
	"roll" : -1.4474736370448351,
	"x" : -0.057184440932559061,
	"y" : -0.26455406673708559,
	"yaw" : 1.3640282763946603,
	"z" : -0.17374666586491924
}
