{
	"pitch" : 1.4701832371888663,
	"roll" : -1.5408354026802038,
	"x" : 0.068129706892265149,
	"y" : -0.044151761063293105,
	"yaw" : 1.265589358693562,
	"z" : -0.20883111237206997
}
