{
	"pitch" : 1.4799342343431414,
	"roll" : -1.6349230238268955,
	"x" : 0.026288864399193299,
	"y" : -0.00587430644352787,
	"yaw" : 1.1841217783280018,
	"z" : -0.17085418875199793
}
