{
	"pitch" : 1.4554313910564753,
	"roll" : -1.4271789266187731,
	"x" : 0.013294128416313701,
	"y" : -0.20842543449853301,
	"yaw" : 1.3727119607543947,
	"z" : -0.17031914480665744
}
