{
	"pitch" : 1.4937646954314199,
	"roll" : -1.6285918051707562,
	"x" : 0.094011913351104801,
	"y" : 0.034192800895061541,
	"yaw" : 1.1929920435426207,
	"z" : -0.15897371960004694
}
