{
	"pitch" : 1.4678332280872135,
	"roll" : -1.5378909994930581,
	"x" : -0.05007505966179876,
	"y" : -0.14559593453329178,
	"yaw" : 1.2860226389449612,
	"z" : -0.17304389366345554
}
