{
	"pitch" : 1.4652627653262245,
	"roll" : -1.3268235558182155,
	"x" : 0.090453558423878505,
	"y" : -0.25311285909511422,
	"yaw" : 1.4798791792683332,
	"z" : -0.16838671415513073
}
