{
	"pitch" : 1.4720774274352972,
	"roll" : -1.5078159985480244,
	"x" : 0.025354262237821792,
	"y" : -0.16978089839001212,
	"yaw" : 1.3025998880520377,
	"z" : -0.11222388384694497
}
