{
	"pitch" : 1.4687850076044815,
	"roll" : -1.5709569934966592,
	"x" : -0.032827181206900549,
	"y" : -0.11884991381860817,
	"yaw" : 1.2402887019261515,
	"z" : -0.17143854824826341
}
