{
	"pitch" : 1.4816589512184319,
	"roll" : -1.389265975491238,
	"x" : 0.1001273031945159,
	"y" : -0.057007511176735033,
	"yaw" : 1.4327764886340797,
	"z" : -0.16871134458834275
}
