{
	"pitch" : 1.4880649221788322,
	"roll" : -1.5459488530447252,
	"x" : 0.058663395001895061,
	"y" : 0.036858545214161889,
	"yaw" : 1.2847107286152497,
	"z" : -0.17184642140941672
}
