{
	"pitch" : 1.4696288964036113,
	"roll" : -1.5410244999854026,
	"x" : 0.067770878464082543,
	"y" : -0.044430571695630763,
	"yaw" : 1.2656052467610215,
	"z" : -0.20793138848794088
}
