{
	"pitch" : 1.4870266129708327,
	"roll" : -1.3178828876332398,
	"x" : 0.12066920908946419,
	"y" : -0.036123827033373135,
	"yaw" : 1.5004205983663543,
	"z" : -0.1680123664757863
}
