{
	"pitch" : 1.4525243925975981,
	"roll" : -1.4268754041651095,
	"x" : 0.013577570821760941,
	"y" : -0.20774137481392105,
	"yaw" : 1.3752802954239318,
	"z" : -0.1707350338931119
}
