{
	"pitch" : 1.4685642468207485,
	"roll" : -1.4890916101492713,
	"x" : 0.061248014799833821,
	"y" : -0.060379794976980587,
	"yaw" : 1.3201637903901535,
	"z" : -0.16933632435501556
}
