{
	"pitch" : 1.494289917442605,
	"roll" : -1.5653590814675504,
	"x" : 0.097206799970692426,
	"y" : 0.035494650648555087,
	"yaw" : 1.2664171567872009,
	"z" : -0.17131139705014647
}
