{
	"pitch" : 1.4539298080215501,
	"roll" : -1.486208482722805,
	"x" : 0.037511162718085009,
	"y" : -0.1391117039704047,
	"yaw" : 1.3101309233915275,
	"z" : -0.16935025019945404
}
