{
	"pitch" : 1.4869617903839711,
	"roll" : -1.3045589587396234,
	"x" : 0.12110431934787902,
	"y" : -0.035881259834411025,
	"yaw" : 1.5133273144368355,
	"z" : -0.16801306007961772
}
