{
	"pitch" : 1.4723522866579035,
	"roll" : -1.526162541508276,
	"x" : 0.03809748347630669,
	"y" : -0.044287267149291598,
	"yaw" : 1.2930577356208395,
	"z" : -0.16983774603453278
}
