{
	"pitch" : 1.452199728019913,
	"roll" : -1.4173046218163794,
	"x" : -0.007331171720235799,
	"y" : -0.30429372084140444,
	"yaw" : 1.388432894563205,
	"z" : -0.17315226392857022
}
