{
	"pitch" : 1.4707913143377365,
	"roll" : -1.5383349617681661,
	"x" : 0.076370957442910239,
	"y" : -0.014740813900866921,
	"yaw" : 1.2623503931325462,
	"z" : -0.16987359365995294
}
