{
	"pitch" : 1.482460126423208,
	"roll" : -1.4089866608049617,
	"x" : 0.028532676409240253,
	"y" : -0.16264967377376505,
	"yaw" : 1.4005375586388915,
	"z" : -0.24635171347574308
}
