{
	"pitch" : 1.497540020347544,
	"roll" : -1.5767732752794941,
	"x" : 0.066511390345461843,
	"y" : 0.038391204372200824,
	"yaw" : 1.2531603807705738,
	"z" : -0.1712905431616818
}
