{
	"pitch" : 1.4677042062818149,
	"roll" : -1.5055012634905904,
	"x" : 0.010060857754848634,
	"y" : -0.21990309839938135,
	"yaw" : 1.3080988958067941,
	"z" : -0.078982033073044591
}
