{
	"pitch" : 1.492828697132937,
	"roll" : -1.5482012946076218,
	"x" : 0.09141205855845877,
	"y" : 0.032423287727349794,
	"yaw" : 1.2692956223170513,
	"z" : -0.18883977855189987
}
