{
	"pitch" : 1.4716760880228175,
	"roll" : -1.5941865829132484,
	"x" : 0.034253156082212161,
	"y" : -0.039179485008204513,
	"yaw" : 1.2236827598745053,
	"z" : -0.16933873210297784
}
