{
	"pitch" : 1.4821766032885415,
	"roll" : -1.5910929222246855,
	"x" : 0.071485775311281419,
	"y" : -0.029688159800959721,
	"yaw" : 1.2220030089279703,
	"z" : -0.12274616764932597
}
