{
	"pitch" : 1.4794300952311592,
	"roll" : -1.4974867511217274,
	"x" : 0.00021722001209210917,
	"y" : -0.091483432073889009,
	"yaw" : 1.3219088509574297,
	"z" : -0.169878716315159
}
