{
	"pitch" : 1.4744028679969894,
	"roll" : -1.4893601990313117,
	"x" : 0.063212239170658269,
	"y" : -0.055001898470284472,
	"yaw" : 1.3234573924900803,
	"z" : -0.14437326568160969
}
