{
	"pitch" : 1.4751301743819667,
	"roll" : -1.5933100581858179,
	"x" : 0.026542720867786078,
	"y" : -0.018199258936210144,
	"yaw" : 1.2262021423250968,
	"z" : -0.17062564492430793
}
