{
	"pitch" : 1.4959184966635244,
	"roll" : -1.5532909147381437,
	"x" : 0.069420066560816424,
	"y" : 0.038986475699880861,
	"yaw" : 1.2793940157877512,
	"z" : -0.17114115985756195
}
