{
	"pitch" : 1.4750337056106935,
	"roll" : -1.5649539262593626,
	"x" : 0.028548026534155932,
	"y" : -0.026941535285998068,
	"yaw" : 1.2546834882442661,
	"z" : -0.17025716562353174
}
