{
	"pitch" : 1.4491052713059345,
	"roll" : -1.4084733897934392,
	"x" : -0.016913839137887729,
	"y" : -0.30884275661758742,
	"yaw" : 1.3930673459570695,
	"z" : -0.17280517358139985
}
