{
	"pitch" : 1.5013925627314484,
	"roll" : -1.5204931105467954,
	"x" : 0.11476376113321507,
	"y" : 0.022968384717170769,
	"yaw" : 1.3111175346313446,
	"z" : -0.16970517104248287
}
