{
	"pitch" : 1.4957622737434053,
	"roll" : -1.5692615284361848,
	"x" : 0.092768349561345304,
	"y" : 0.035235183959626104,
	"yaw" : 1.2515884666392041,
	"z" : -0.17964414718406949
}
