{
	"pitch" : 1.4831027668786738,
	"roll" : -1.554437412438193,
	"x" : 0.073760597763580432,
	"y" : -0.020755820524374004,
	"yaw" : 1.2594384507940735,
	"z" : -0.11965223577732449
}
