{
	"pitch" : 1.4537263068339101,
	"roll" : -1.4331280431933322,
	"x" : 0.011079006733769131,
	"y" : -0.21870499939227056,
	"yaw" : 1.3675766436946901,
	"z" : -0.17076335424755504
}
