{
	"pitch" : 1.4511791204963163,
	"roll" : -1.3132092084250724,
	"x" : 0.047914229297577049,
	"y" : -0.29786714168914258,
	"yaw" : 1.4963513701524074,
	"z" : -0.16997272369012509
}
