{
	"pitch" : 1.4802032384720647,
	"roll" : -1.4936808688559984,
	"x" : 0.068095148608893707,
	"y" : -0.035001263358554531,
	"yaw" : 1.3169785857035223,
	"z" : -0.12446901732742843
}
