{
	"pitch" : 1.4974192158485935,
	"roll" : -1.4080645019006528,
	"x" : 0.11798142252544726,
	"y" : 0.017731929206448165,
	"yaw" : 1.4166098898069444,
	"z" : -0.16978599713399389
}
