{
	"pitch" : 1.4890846345777264,
	"roll" : -1.6138130441195477,
	"x" : 0.083207760975895495,
	"y" : 0.0062091964787978227,
	"yaw" : 1.2011843176564641,
	"z" : -0.1242001851809585
}
