{
	"pitch" : 1.483703945923265,
	"roll" : -1.5682748359509011,
	"x" : 0.077310509900997151,
	"y" : -0.012324557804064265,
	"yaw" : 1.2499684231462531,
	"z" : -0.16960470456089999
}
