{
	"pitch" : 1.4677291998222497,
	"roll" : -1.528667605868878,
	"x" : 0.064747084862105939,
	"y" : -0.054054667532561856,
	"yaw" : 1.2781038039620305,
	"z" : -0.19497537736950737
}
