{
	"pitch" : 1.4840837716505459,
	"roll" : -1.5544683480809809,
	"x" : 0.084793531356841909,
	"y" : 0.0079506898632543746,
	"yaw" : 1.2612390923917924,
	"z" : -0.21554811240155139
}
