{
	"pitch" : 1.4726458169054693,
	"roll" : -1.6073238296086807,
	"x" : 0.043669965381466627,
	"y" : -0.049156609473635669,
	"yaw" : 1.2120479821577506,
	"z" : -0.16989562426615432
}
