{
	"pitch" : 1.4926326041790872,
	"roll" : -1.5677504377458384,
	"x" : 0.067064153615071564,
	"y" : -0.023935243425118012,
	"yaw" : 1.2496672069564865,
	"z" : -0.17023153802621482
}
