{
	"pitch" : 1.4908667239668996,
	"roll" : -1.4010003511211067,
	"x" : 0.056211861162578064,
	"y" : -0.022570686404306803,
	"yaw" : 1.4209686325071138,
	"z" : -0.16899686049798243
}
