{
	"pitch" : 1.4547905403592705,
	"roll" : -1.4812729673518179,
	"x" : -0.070747244815651117,
	"y" : -0.26082809803734769,
	"yaw" : 1.3230766339235847,
	"z" : -0.1744958642851111
}
