{
	"pitch" : 1.4902215221516792,
	"roll" : -1.3652122125040693,
	"x" : 0.12700322849940135,
	"y" : -0.015534279410817666,
	"yaw" : 1.4591405816137089,
	"z" : -0.16873699617263427
}
