{
	"pitch" : 1.4834621175324156,
	"roll" : -1.3623475958043985,
	"x" : 0.1043831611554854,
	"y" : -0.16276747612902748,
	"yaw" : 1.4121732021855626,
	"z" : -0.16730135742854652
}
