{
	"pitch" : 1.4712845813069455,
	"roll" : -1.5119967136913868,
	"x" : -0.075782421924933827,
	"y" : -0.17190087528483236,
	"yaw" : 1.295194517878492,
	"z" : -0.17305485420837949
}
