{
	"pitch" : 1.4857094128055814,
	"roll" : -1.5686707554781376,
	"x" : 0.039917499981503068,
	"y" : -0.031923253590602649,
	"yaw" : 1.2549207546693659,
	"z" : -0.16961199567296412
}
