{
	"pitch" : 1.4804362387893379,
	"roll" : -1.6289598084835903,
	"x" : 0.026437552439086118,
	"y" : -0.0051209750243280325,
	"yaw" : 1.1895745986762183,
	"z" : -0.17074758068263665
}
