{
	"pitch" : 1.4590873156250019,
	"roll" : -1.3716136175305431,
	"x" : 0.046398241668826591,
	"y" : -0.1049912419691675,
	"yaw" : 1.4271940890314454,
	"z" : -0.16838933041175072
}
