{
	"pitch" : 1.470429048189928,
	"roll" : -1.5498435105752402,
	"x" : 0.042885833583478541,
	"y" : -0.11214384353921177,
	"yaw" : 1.2621223775280734,
	"z" : -0.16963416242671972
}
