{
	"pitch" : 1.4934242345473794,
	"roll" : -1.4480046450657273,
	"x" : 0.12878518084501628,
	"y" : -0.012457181897007352,
	"yaw" : 1.3734711841005076,
	"z" : -0.16923664546508627
}
