{
	"pitch" : 1.4937302444233564,
	"roll" : -1.4114206271671432,
	"x" : 0.12678599281260405,
	"y" : -0.00091164617132429536,
	"yaw" : 1.414147922039235,
	"z" : -0.16939958529481128
}
