{
	"pitch" : 1.4836418578611299,
	"roll" : -1.5611408868360936,
	"x" : 0.077220165504937044,
	"y" : -0.012215180736005261,
	"yaw" : 1.2571276304724106,
	"z" : -0.16959370573376004
}
