{
	"pitch" : 1.4813061819071212,
	"roll" : -1.411101825857568,
	"x" : 0.096562444248873336,
	"y" : -0.059105141241726097,
	"yaw" : 1.4118140264346766,
	"z" : -0.16850315574298699
}
