{
	"pitch" : 1.4823169189186121,
	"roll" : -1.3546295860198934,
	"x" : 0.11402747133514282,
	"y" : -0.046608055400096056,
	"yaw" : 1.4675865337828333,
	"z" : -0.16806925043834348
}
