{
	"pitch" : 1.4873019107307603,
	"roll" : -1.5694381301300038,
	"x" : 0.043561009211842458,
	"y" : -0.029265862716463677,
	"yaw" : 1.2553625898176168,
	"z" : -0.16861488000080888
}
