{
	"pitch" : 1.4735012235909357,
	"roll" : -1.5857230225747108,
	"x" : 0.040496269823392141,
	"y" : -0.046716354277508851,
	"yaw" : 1.233863728683777,
	"z" : -0.16988082728012849
}
