{
	"pitch" : 1.4691754210012613,
	"roll" : -1.5075770467071241,
	"x" : 0.035583525082994949,
	"y" : -0.04296029658942796,
	"yaw" : 1.3014093064136978,
	"z" : -0.17015629693555842
}
