{
	"pitch" : 1.4803715784497165,
	"roll" : -1.5278356012827958,
	"x" : 0.078096396535396573,
	"y" : -0.012135228301860018,
	"yaw" : 1.2824443831152963,
	"z" : -0.22039445455466697
}
