{
	"pitch" : 1.4793874392230435,
	"roll" : -1.6430320590041103,
	"x" : 0.026517960441349783,
	"y" : -0.0048773660715451285,
	"yaw" : 1.1750301933684539,
	"z" : -0.17068690823484828
}
