{
	"pitch" : 1.4832549379168107,
	"roll" : -1.5038716081320163,
	"x" : 0.064402469037375912,
	"y" : -0.055117892459126627,
	"yaw" : 1.3198401339409123,
	"z" : -0.16798263261344265
}
