{
	"pitch" : 1.4836564563811403,
	"roll" : -1.5622708526998643,
	"x" : 0.077236171593389955,
	"y" : -0.012223227189267567,
	"yaw" : 1.2560037481496864,
	"z" : -0.16958560049361798
}
