{
	"pitch" : 1.4710329700476945,
	"roll" : -1.5993443306841888,
	"x" : 0.034389679220393168,
	"y" : -0.039190669827594914,
	"yaw" : 1.2185135010156369,
	"z" : -0.16940191437921076
}
