{
	"pitch" : 1.452530902980405,
	"roll" : -1.4642037679545734,
	"x" : 0.020605630562659294,
	"y" : -0.19069166594192685,
	"yaw" : 1.3388957829243704,
	"z" : -0.17018566848229533
}
