{
	"pitch" : 1.483231425391548,
	"roll" : -1.5002669769704873,
	"x" : 0.075619531487299274,
	"y" : -0.013674832500828835,
	"yaw" : 1.315831598414386,
	"z" : -0.16937422142171604
}
