{
	"pitch" : 1.4518455877514993,
	"roll" : -1.4676586685043649,
	"x" : -0.066779275633477742,
	"y" : -0.25136771171354833,
	"yaw" : 1.334785912915101,
	"z" : -0.17337365775582689
}
