{
	"pitch" : 1.4852609731996302,
	"roll" : -1.5805962976954007,
	"x" : 0.073617668235168826,
	"y" : -0.022403593725988883,
	"yaw" : 1.2323465317513411,
	"z" : -0.12057633548693653
}
