{
	"pitch" : 1.4669301357074473,
	"roll" : -1.4861145884094853,
	"x" : 0.058785547900739976,
	"y" : -0.067201378456615141,
	"yaw" : 1.3168350643489621,
	"z" : -0.16984817399259591
}
