{
	"pitch" : 1.4784060962311476,
	"roll" : -1.6589815014345006,
	"x" : 0.027054192446910923,
	"y" : -0.0026940591094727229,
	"yaw" : 1.1609860896552613,
	"z" : -0.17071245983861963
}
