{
	"pitch" : 1.4956641180028909,
	"roll" : -1.5410654265900168,
	"x" : 0.097240673458610566,
	"y" : 0.035408729061984889,
	"yaw" : 1.2894804995543436,
	"z" : -0.17128477638318471
}
