{
	"pitch" : 1.4745498735674711,
	"roll" : -1.4571989848059779,
	"x" : 0.061994893482281502,
	"y" : -0.063318698380759555,
	"yaw" : 1.3463101863947939,
	"z" : -0.16940213098446952
}
