{
	"pitch" : 1.4886972590891443,
	"roll" : -1.5465223891697575,
	"x" : 0.091574584892117006,
	"y" : 0.031206595437773509,
	"yaw" : 1.2708137286596335,
	"z" : -0.19219042776882561
}
