{
	"pitch" : 1.4955355862812323,
	"roll" : -1.5769556324816065,
	"x" : 0.091827115986653343,
	"y" : 0.033460298433653987,
	"yaw" : 1.2427736758314272,
	"z" : -0.15293804799254906
}
