{
	"pitch" : 1.4961890401538667,
	"roll" : -1.3307729984381262,
	"x" : 0.12570514001754526,
	"y" : -0.00080118842235991916,
	"yaw" : 1.4908076933291603,
	"z" : -0.16903621837723376
}
