{
	"pitch" : 1.4897812322914274,
	"roll" : -1.5736212707770654,
	"x" : 0.07649927918561894,
	"y" : -0.013121681057455866,
	"yaw" : 1.2434270293151051,
	"z" : -0.17005199156564346
}
