{
	"pitch" : 1.4538746914225982,
	"roll" : -1.4718794727620781,
	"x" : 0.010026231063153937,
	"y" : -0.21042125360588967,
	"yaw" : 1.3278972668608047,
	"z" : -0.17067365245116367
}
