{
	"pitch" : 1.4695756188641498,
	"roll" : -1.5743206366605615,
	"x" : 0.035229981216587866,
	"y" : -0.038381389526079744,
	"yaw" : 1.2429168592645401,
	"z" : -0.17009952675228127
}
