{
	"pitch" : 1.4916473753780168,
	"roll" : -1.6305656300607212,
	"x" : 0.08785061897095281,
	"y" : 0.017820499367567615,
	"yaw" : 1.186514520995221,
	"z" : -0.13114896670061554
}
