{
	"pitch" : 1.4911032803286564,
	"roll" : -1.46240147036075,
	"x" : 0.076015898590547387,
	"y" : -0.012411416191433666,
	"yaw" : 1.3569194338138406,
	"z" : -0.16931593656737212
}
