{
	"pitch" : 1.4895480947514335,
	"roll" : -1.3456972970493077,
	"x" : 0.12616793504106777,
	"y" : -0.023076655612070555,
	"yaw" : 1.4782248488000376,
	"z" : -0.16913111507752462
}
