{
	"pitch" : 1.4800331465729,
	"roll" : -1.4389159958758462,
	"x" : 0.086601753207862855,
	"y" : -0.061719186895184949,
	"yaw" : 1.3782326530396656,
	"z" : -0.16856030061546998
}
