{
	"pitch" : 1.4776831866855715,
	"roll" : -1.6704391116915027,
	"x" : 0.028490383242288836,
	"y" : 9.997730236503688e-05,
	"yaw" : 1.1479433471814773,
	"z" : -0.1709613254350868
}
