{
	"pitch" : 1.4864677272843845,
	"roll" : -1.6420082197528085,
	"x" : 0.050278606293702621,
	"y" : 0.031499894424493594,
	"yaw" : 1.1827862233979634,
	"z" : -0.17112841416179037
}
