{
	"pitch" : 1.4942389659052595,
	"roll" : -1.5702262583133682,
	"x" : 0.068511042096237471,
	"y" : -0.021910699884521295,
	"yaw" : 1.247178037207721,
	"z" : -0.17004780330272004
}
