{
	"pitch" : 1.4805902563073683,
	"roll" : -1.6300459032607644,
	"x" : 0.026534253695370144,
	"y" : -0.0051823742385056545,
	"yaw" : 1.1884969064553703,
	"z" : -0.17080279585108471
}
