{
	"pitch" : 1.4934697875630545,
	"roll" : -1.5264372378903008,
	"x" : 0.080475003974390724,
	"y" : 0.0040619541764517434,
	"yaw" : 1.287377823460305,
	"z" : -0.12182745777740631
}
