{
	"pitch" : 1.4780911497788884,
	"roll" : -1.4665777429470102,
	"x" : 0.084740807096517809,
	"y" : -0.06222425355981092,
	"yaw" : 1.352006073158009,
	"z" : -0.16858637832997456
}
