{
	"pitch" : 1.4574508534438289,
	"roll" : -1.450856983027663,
	"x" : -0.015331838436090164,
	"y" : -0.30297181647824944,
	"yaw" : 1.3568358209180389,
	"z" : -0.16582137700964875
}
