{
	"pitch" : 1.4712562992251232,
	"roll" : -1.4755068999923704,
	"x" : 0.043486020587520775,
	"y" : -0.11738209438906014,
	"yaw" : 1.3354732953104649,
	"z" : -0.17571349079256351
}
