{
	"pitch" : 1.4540905021076753,
	"roll" : -1.4044774958016866,
	"x" : -0.0027822876773072464,
	"y" : -0.30133834597425602,
	"yaw" : 1.3987076742872693,
	"z" : -0.17276854336377728
}
