{
	"pitch" : 1.4626290122372954,
	"roll" : -1.3785330674704059,
	"x" : 0.029789922038734887,
	"y" : -0.28412555489722163,
	"yaw" : 1.4265971289745558,
	"z" : -0.17185907124446118
}
