{
	"pitch" : 1.4814777573968496,
	"roll" : -1.5018848176711175,
	"x" : 0.07089866561169425,
	"y" : -0.027289669858589979,
	"yaw" : 1.3109839821667335,
	"z" : -0.16985015811706128
}
