{
	"pitch" : 1.4552192195861706,
	"roll" : -1.4828527467985142,
	"x" : 0.011600661509031884,
	"y" : -0.20936595853499651,
	"yaw" : 1.3168037290858048,
	"z" : -0.1705393408558328
}
