{
	"pitch" : 1.4684131298237639,
	"roll" : -1.3630644806548149,
	"x" : 0.016946261565022783,
	"y" : -0.20473617718311207,
	"yaw" : 1.4500552614150974,
	"z" : -0.26842235533852876
}
