{
	"pitch" : 1.4850667363486187,
	"roll" : -1.3018684941303162,
	"x" : 0.11909579923645648,
	"y" : -0.039626228021642812,
	"yaw" : 1.5196266440944894,
	"z" : -0.16830038418388218
}
