{
	"pitch" : 1.4794427405315411,
	"roll" : -1.5843119488000812,
	"x" : 0.05027270242639334,
	"y" : -0.12148456499360574,
	"yaw" : 1.2248693074675843,
	"z" : -0.16976312207661282
}
