{
	"pitch" : 1.4938495179506952,
	"roll" : -1.6186366486775947,
	"x" : 0.075341379314017673,
	"y" : 0.03948978160529016,
	"yaw" : 1.2105834917900573,
	"z" : -0.17112356545944546
}
