{
	"pitch" : 1.4789582795210108,
	"roll" : -1.553798306830098,
	"x" : 0.07500262020648793,
	"y" : -0.018045952445415046,
	"yaw" : 1.2572978398218551,
	"z" : -0.17025503767539496
}
