{
	"pitch" : 1.4661028774860447,
	"roll" : -1.6044322138744769,
	"x" : -0.012101295742431864,
	"y" : -0.12503034905378152,
	"yaw" : 1.2070239707146444,
	"z" : -0.1719089043855524
}
