{
	"pitch" : 1.4763732509020255,
	"roll" : -1.5118842073820919,
	"x" : 0.062326957516703932,
	"y" : -0.059027127751235517,
	"yaw" : 1.3079012534689503,
	"z" : -0.16865705140622661
}
