{
	"pitch" : 1.4836851211185644,
	"roll" : -1.519752942978037,
	"x" : 0.047721110123553373,
	"y" : -0.11663054447978853,
	"yaw" : 1.2959773903517033,
	"z" : -0.17015449520072196
}
