{
	"pitch" : 1.4964379111102097,
	"roll" : -1.5568752357471074,
	"x" : 0.051606384824444754,
	"y" : -0.096506565884392992,
	"yaw" : 1.2461710520416012,
	"z" : -0.21134815095526127
}
