{
	"pitch" : 1.4792516989017486,
	"roll" : -1.4363429077138636,
	"x" : 0.087555093074628179,
	"y" : -0.061705402734313193,
	"yaw" : 1.3797039599176988,
	"z" : -0.16914129662275934
}
