{
	"pitch" : 1.4883079176471257,
	"roll" : -1.6486830680688738,
	"x" : 0.046943178467572302,
	"y" : 0.028370499362583342,
	"yaw" : 1.1806293077425827,
	"z" : -0.171686109661178
}
