{
	"pitch" : 1.4847065143573666,
	"roll" : -1.6290758748544583,
	"x" : 0.05032524211392795,
	"y" : 0.031411616505880126,
	"yaw" : 1.1956966777898488,
	"z" : -0.17118869357764147
}
