{
	"pitch" : 1.4645760460083999,
	"roll" : -1.49194377883392,
	"x" : 0.011425657584701154,
	"y" : -0.21323293406428495,
	"yaw" : 1.3206469879347351,
	"z" : -0.071859474420458702
}
