{
	"pitch" : 1.447579304101853,
	"roll" : -1.2766916447198753,
	"x" : 0.052153809823538969,
	"y" : -0.29987680790016497,
	"yaw" : 1.5334168218331428,
	"z" : -0.16996241891807651
}
