{
	"pitch" : 1.4500147841608266,
	"roll" : -1.4323451824993267,
	"x" : 0.015909913655717922,
	"y" : -0.20166698133903549,
	"yaw" : 1.3711198820528938,
	"z" : -0.17007157924216185
}
