{
	"pitch" : 1.4841532413052392,
	"roll" : -1.5446947204603698,
	"x" : 0.09100267794295866,
	"y" : 0.029423624105229581,
	"yaw" : 1.2721789571010103,
	"z" : -0.195902406278399
}
