{
	"pitch" : 1.4534043361941633,
	"roll" : -1.4604915578875224,
	"x" : 0.027198664548867935,
	"y" : -0.17400890897634025,
	"yaw" : 1.3480430050472769,
	"z" : -0.17001854478275338
}
