{
	"pitch" : 1.47940636436795,
	"roll" : -1.4140252667616482,
	"x" : 0.084090990957229689,
	"y" : -0.06282060935763184,
	"yaw" : 1.4111263062298718,
	"z" : -0.16850200423426065
}
