{
	"pitch" : 1.4923448711825025,
	"roll" : -1.4743246875436973,
	"x" : 0.073386644559912756,
	"y" : -0.022198159610031867,
	"yaw" : 1.3390629778786667,
	"z" : -0.16896556423259562
}
