{
	"pitch" : 1.494917373285263,
	"roll" : -1.5636908359052755,
	"x" : 0.083926081558273857,
	"y" : 0.038930736791447942,
	"yaw" : 1.266652897299728,
	"z" : -0.17074727581312865
}
