{
	"pitch" : 1.4491076763183106,
	"roll" : -1.5511980978828055,
	"x" : -0.05538241053757037,
	"y" : -0.24660337664009507,
	"yaw" : 1.2503553858117413,
	"z" : -0.17336447437483637
}
