{
	"pitch" : 1.4546827582813608,
	"roll" : -1.537309315834904,
	"x" : -0.022309361318515991,
	"y" : -0.22858585974162626,
	"yaw" : 1.2649142920112046,
	"z" : -0.17208728834705672
}
