{
	"pitch" : 1.4699207145431774,
	"roll" : -1.5255097298895148,
	"x" : 0.063291779667811784,
	"y" : -0.055043319979460228,
	"yaw" : 1.283268011090738,
	"z" : -0.16941915908992644
}
