{
	"pitch" : 1.4710804333736116,
	"roll" : -1.5234574018797684,
	"x" : 0.030189960064048532,
	"y" : -0.036664860220236087,
	"yaw" : 1.2837888127482038,
	"z" : -0.16998266050967997
}
