{
	"pitch" : 1.4697423939874412,
	"roll" : -1.483349014552422,
	"x" : 0.0020110038088604759,
	"y" : -0.24146954036160384,
	"yaw" : 1.3258385630383189,
	"z" : -0.10223144033682648
}
