{
	"pitch" : 1.4935400493838231,
	"roll" : -1.5291856540192776,
	"x" : 0.074326060650140607,
	"y" : -0.014836350484344727,
	"yaw" : 1.2939925136614514,
	"z" : -0.16989254429654324
}
