{
	"pitch" : 1.4917316841262689,
	"roll" : -1.6096636275024581,
	"x" : 0.087590067864134133,
	"y" : 0.017017947494646083,
	"yaw" : 1.2073434750497047,
	"z" : -0.13075565463969174
}
