{
	"pitch" : 1.4736436327914417,
	"roll" : -1.4983858240986316,
	"x" : 0.054124516441915585,
	"y" : -0.086715930443658371,
	"yaw" : 1.3116453798882173,
	"z" : -0.16944028897319954
}
