{
	"pitch" : 1.4812410569307974,
	"roll" : -1.3948559598139898,
	"x" : 0.087376007548269755,
	"y" : -0.062431154107678757,
	"yaw" : 1.4301659184405422,
	"z" : -0.16850770640931945
}
