{
	"pitch" : 1.4965044479894793,
	"roll" : -1.4821096844777031,
	"x" : 0.071967838282702673,
	"y" : 0.039446996052698927,
	"yaw" : 1.3538369086937354,
	"z" : -0.17154224778752683
}
