{
	"pitch" : 1.4695509200639623,
	"roll" : -1.3800815375682154,
	"x" : 0.089988195734905158,
	"y" : -0.20931100278931014,
	"yaw" : 1.4313131942556803,
	"z" : -0.16861297847795398
}
