{
	"pitch" : 1.4760017442664901,
	"roll" : -1.5576277041381488,
	"x" : 0.075272837608973395,
	"y" : -0.023170240229303432,
	"yaw" : 1.2481367522067,
	"z" : -0.21972035357121553
}
