{
	"pitch" : 1.482049431816836,
	"roll" : -1.4085012412775912,
	"x" : 0.10500615612617256,
	"y" : -0.054345927908610356,
	"yaw" : 1.4135348965396957,
	"z" : -0.16833388028018245
}
