{
	"pitch" : 1.4795701711243308,
	"roll" : -1.6621574475822065,
	"x" : 0.027600300151699238,
	"y" : -0.010428589353260579,
	"yaw" : 1.1580077157703788,
	"z" : -0.17097529268430881
}
