{
	"pitch" : 1.4590358474304004,
	"roll" : -1.4878284593203732,
	"x" : 0.011731739932244953,
	"y" : -0.21142782570051358,
	"yaw" : 1.3199353892546688,
	"z" : -0.070114213693551877
}
