{
	"pitch" : 1.4794975094228444,
	"roll" : -1.3616311712446856,
	"x" : 0.091567687238055959,
	"y" : -0.060415817623014387,
	"yaw" : 1.4623886666227315,
	"z" : -0.16817521063160806
}
