{
	"pitch" : 1.4519403833734867,
	"roll" : -1.3625841736689557,
	"x" : -0.0076453964274085656,
	"y" : -0.27703828198056824,
	"yaw" : 1.4373589325317779,
	"z" : -0.17285775063524109
}
