{
	"pitch" : 1.497171820228486,
	"roll" : -1.3838372298926518,
	"x" : 0.12411425742006699,
	"y" : 0.0083598405159599036,
	"yaw" : 1.439650885670255,
	"z" : -0.16933993487662485
}
