{
	"pitch" : 1.472485128588686,
	"roll" : -1.5674142375872067,
	"x" : -0.038751162586748017,
	"y" : -0.13321109810036116,
	"yaw" : 1.2534350498962727,
	"z" : -0.17205682913921996
}
