{
	"pitch" : 1.4651070990666399,
	"roll" : -1.5002745882607027,
	"x" : 0.011394665190092634,
	"y" : -0.21165172854195285,
	"yaw" : 1.3102985459203527,
	"z" : -0.070519322696815351
}
