{
	"pitch" : 1.4548483483940986,
	"roll" : -1.3260029410760765,
	"x" : 0.02461621482984918,
	"y" : -0.29114641632716282,
	"yaw" : 1.4779706675693607,
	"z" : -0.17121450045715778
}
