{
	"pitch" : 1.4825647461491762,
	"roll" : -1.5884821433318805,
	"x" : 0.071183814562088443,
	"y" : -0.02948420934266803,
	"yaw" : 1.2242786386514162,
	"z" : -0.12265426223916144
}
