{
	"pitch" : 1.4550548783497534,
	"roll" : -1.4623181364602333,
	"x" : 0.013870354808348473,
	"y" : -0.20880396223474956,
	"yaw" : 1.3395861003321539,
	"z" : -0.17055415472908309
}
