{
	"pitch" : 1.4941029647591073,
	"roll" : -1.3939124848614475,
	"x" : 0.12586964777574405,
	"y" : 0.0024603637196676971,
	"yaw" : 1.4318861239840652,
	"z" : -0.16956348704135449
}
