{
	"pitch" : 1.4704868408938419,
	"roll" : -1.5086330116842939,
	"x" : 0.030672013105195989,
	"y" : -0.037140625688945689,
	"yaw" : 1.2984851511788962,
	"z" : -0.17014479081722161
}
