{
	"pitch" : 1.4793010263813953,
	"roll" : -1.4229342653186106,
	"x" : 0.087125869265143624,
	"y" : -0.061759715947865924,
	"yaw" : 1.393310539341565,
	"z" : -0.16903347631625867
}
