{
	"pitch" : 1.4613637160518131,
	"roll" : -1.3157116697949995,
	"x" : 0.10951085014666999,
	"y" : -0.23559177716256677,
	"yaw" : 1.4921847069541938,
	"z" : -0.16812311470797231
}
