{
	"pitch" : 1.4637736830823331,
	"roll" : -1.4399899374695859,
	"x" : 0.041386817006158899,
	"y" : -0.12527577494385581,
	"yaw" : 1.3611200729100739,
	"z" : -0.16862372623821417
}
