{
	"pitch" : 1.4620377778769602,
	"roll" : -1.5816968117126056,
	"x" : -0.002458594727731217,
	"y" : -0.13553980075560315,
	"yaw" : 1.2270885777682339,
	"z" : -0.17200843195901741
}
