{
	"pitch" : 1.4492321380607462,
	"roll" : -1.4090989484114447,
	"x" : -0.016901288424893621,
	"y" : -0.30890878299865837,
	"yaw" : 1.392760351245482,
	"z" : -0.1728404656436355
}
