{
	"pitch" : 1.4705040847534401,
	"roll" : -1.5667441396907604,
	"x" : 0.048999170126675262,
	"y" : -0.053260749835098861,
	"yaw" : 1.2504713249909898,
	"z" : -0.16951414422380626
}
