{
	"pitch" : 1.5156751545933391,
	"roll" : -1.3282007711524733,
	"x" : 0.1030430649324232,
	"y" : -0.16646616695567634,
	"yaw" : 1.4414324174615154,
	"z" : -0.16675597448281584
}
