{
	"pitch" : 1.4885001766860104,
	"roll" : -1.5005103078425923,
	"x" : 0.076295762992139526,
	"y" : -0.012869580135801664,
	"yaw" : 1.316976139771751,
	"z" : -0.16969732741882351
}
