{
	"pitch" : 1.4716358239506926,
	"roll" : -1.5968607864941848,
	"x" : 0.034201996868035552,
	"y" : -0.039199416146285242,
	"yaw" : 1.2210124891734493,
	"z" : -0.16933774695129775
}
