{
	"pitch" : 1.4875910591761392,
	"roll" : -1.5414215826600235,
	"x" : 0.054912308257335452,
	"y" : 0.035743960677922827,
	"yaw" : 1.2919974781227088,
	"z" : -0.17119629443037473
}
