{
	"pitch" : 1.4769121454955232,
	"roll" : -1.5620509661074762,
	"x" : 0.072350222757632726,
	"y" : -0.023623537713423317,
	"yaw" : 1.2481075541311839,
	"z" : -0.16980030904387028
}
