{
	"pitch" : 1.4755886017106676,
	"roll" : -1.5080690961327297,
	"x" : -0.014628672890816194,
	"y" : -0.10650825720881919,
	"yaw" : 1.310687680056422,
	"z" : -0.17084191441281346
}
