{
	"pitch" : 1.4948109483191714,
	"roll" : -1.5641396117445223,
	"x" : 0.088259287927844821,
	"y" : 0.024939028645093252,
	"yaw" : 1.2539382714662164,
	"z" : -0.13764323132970868
}
