{
	"pitch" : 1.4710609739859029,
	"roll" : -1.5619369870908095,
	"x" : -0.072331559949593102,
	"y" : -0.16754345245389773,
	"yaw" : 1.2437990771280387,
	"z" : -0.17323189824195373
}
