{
	"pitch" : 1.4939070272245838,
	"roll" : -1.5988385878446458,
	"x" : 0.090305570941293087,
	"y" : 0.028455672933766052,
	"yaw" : 1.2210658364896865,
	"z" : -0.14335754385370897
}
