{
	"pitch" : 1.4778435369132654,
	"roll" : -1.4971282700056281,
	"x" : -0.0088760135358963987,
	"y" : -0.1012704729194559,
	"yaw" : 1.322185227409711,
	"z" : -0.17037843931582766
}
