{
	"pitch" : 1.4912356764811205,
	"roll" : -1.5430327438090901,
	"x" : 0.091958976781755838,
	"y" : 0.032973741837953027,
	"yaw" : 1.2758968424005446,
	"z" : -0.18804946507638162
}
