{
	"pitch" : 1.4965177674803005,
	"roll" : -1.5296198930331522,
	"x" : 0.092282790416530314,
	"y" : 0.036838903964496024,
	"yaw" : 1.297294719348411,
	"z" : -0.17083267743865063
}
