{
	"pitch" : 1.4962324067514823,
	"roll" : -1.5326357648190276,
	"x" : 0.092376016338589342,
	"y" : 0.036910387228768896,
	"yaw" : 1.2943605304780657,
	"z" : -0.17085265225729837
}
