{
	"pitch" : 1.4950845028003927,
	"roll" : -1.5187444939747883,
	"x" : 0.074098801064698488,
	"y" : -0.019410275640427646,
	"yaw" : 1.3025404443171524,
	"z" : -0.17356255104594406
}
