{
	"pitch" : 1.4800216477679728,
	"roll" : -1.3446553508073071,
	"x" : 0.080508020889328541,
	"y" : -0.063282084108582437,
	"yaw" : 1.4805338804045938,
	"z" : -0.16857812020792276
}
