{
	"pitch" : 1.497348211518859,
	"roll" : -1.3551185053041888,
	"x" : 0.12057562589407356,
	"y" : 0.014425479466768906,
	"yaw" : 1.4704653982610518,
	"z" : -0.16951186694289819
}
