{
	"pitch" : 1.494698578765526,
	"roll" : -1.5341916917848382,
	"x" : 0.092124957989038678,
	"y" : 0.036365556316787721,
	"yaw" : 1.2883570358414351,
	"z" : -0.16879104164938852
}
