{
	"pitch" : 1.4948520177893565,
	"roll" : -1.3317284377022653,
	"x" : 0.12723171250159887,
	"y" : -0.0098193783630641761,
	"yaw" : 1.4898087672925227,
	"z" : -0.16824621162332726
}
