{
	"pitch" : 1.467615120218329,
	"roll" : -1.5301978723521832,
	"x" : 0.064848166862619697,
	"y" : -0.053875876577055476,
	"yaw" : 1.2768130169456793,
	"z" : -0.19526786333773408
}
