{
	"pitch" : 1.4721661049295041,
	"roll" : -1.5382614584933976,
	"x" : 0.043822214384699798,
	"y" : -0.11148974785280255,
	"yaw" : 1.2743089620509276,
	"z" : -0.16953041574209404
}
