{
	"pitch" : 1.4477346225222019,
	"roll" : -1.422874938528659,
	"x" : -0.015967957933181162,
	"y" : -0.3089184045143914,
	"yaw" : 1.3789579934448999,
	"z" : -0.17333829776232668
}
