{
	"pitch" : 1.4649699864371406,
	"roll" : -1.5046595185252947,
	"x" : 0.011068324190461901,
	"y" : -0.2123342538577675,
	"yaw" : 1.3066845927008941,
	"z" : -0.071080748906336214
}
