{
	"pitch" : 1.474834333842697,
	"roll" : -1.5576626732373382,
	"x" : 0.028783860720339158,
	"y" : -0.16168632222454699,
	"yaw" : 1.2543845456900233,
	"z" : -0.12070163710961426
}
