{
	"pitch" : 1.4667226781289568,
	"roll" : -1.5906179717739708,
	"x" : -0.033186660896835599,
	"y" : -0.11876505464951306,
	"yaw" : 1.2188979040501207,
	"z" : -0.17130349482068402
}
