{
	"pitch" : 1.4552990721212549,
	"roll" : -1.4288724874967842,
	"x" : 0.013330852018048622,
	"y" : -0.20841923043144306,
	"yaw" : 1.371145412305536,
	"z" : -0.17034070059532272
}
