{
	"pitch" : 1.4572612108661731,
	"roll" : -1.4381206272696194,
	"x" : -0.026370261236409773,
	"y" : -0.2742491828065296,
	"yaw" : 1.3698872607540338,
	"z" : -0.17270950811662444
}
