{
	"pitch" : 1.4601498968879656,
	"roll" : -1.4325131506541209,
	"x" : -0.011054315814192694,
	"y" : -0.28571612655663242,
	"yaw" : 1.3853259169864596,
	"z" : -0.14958848475094952
}
