{
	"pitch" : 1.4489302227438352,
	"roll" : -1.4528145114180178,
	"x" : -0.078694753286930014,
	"y" : -0.25814215620682751,
	"yaw" : 1.3500263943523563,
	"z" : -0.17447853530431695
}
