{
	"pitch" : 1.4739301688722533,
	"roll" : -1.4090741998874092,
	"x" : 0.076991629299935971,
	"y" : -0.062700041483809865,
	"yaw" : 1.4058612368226557,
	"z" : -0.16894361305271413
}
