{
	"pitch" : 1.4564375940934011,
	"roll" : -1.5950897052462307,
	"x" : -0.082589419286283147,
	"y" : -0.17871414073075109,
	"yaw" : 1.2166737108634424,
	"z" : -0.17365179639816264
}
