{
	"pitch" : 1.4769676049884695,
	"roll" : -1.5173842499821832,
	"x" : 0.077363851990940216,
	"y" : -0.013237022642160052,
	"yaw" : 1.2806465068403696,
	"z" : -0.17044601838441903
}
