{
	"pitch" : 1.4749821332718973,
	"roll" : -1.4578038630180346,
	"x" : 0.052658056376406553,
	"y" : -0.091836837244132233,
	"yaw" : 1.34713347121537,
	"z" : -0.16907232710170017
}
