{
	"pitch" : 1.4701271395192277,
	"roll" : -1.4828216626084347,
	"x" : 0.057547579214628726,
	"y" : -0.059722498396877002,
	"yaw" : 1.3311331998362936,
	"z" : -0.16910906598434516
}
