{
	"pitch" : 1.4842528262244297,
	"roll" : -1.4768310676605778,
	"x" : 0.077734566229607838,
	"y" : -0.010646764609173397,
	"yaw" : 1.3362421034582013,
	"z" : -0.16925614448519741
}
