{
	"pitch" : 1.4805684339643739,
	"roll" : -1.5935278134030186,
	"x" : 0.034635385562904672,
	"y" : -0.034826852476110962,
	"yaw" : 1.2273090274727589,
	"z" : -0.17027053127854247
}
