{
	"pitch" : 1.4791244957556768,
	"roll" : -1.6231064605252565,
	"x" : 0.031704341181213958,
	"y" : 0.01226824363304964,
	"yaw" : 1.1948295938476894,
	"z" : -0.17019772268847497
}
