{
	"pitch" : 1.4836359496707092,
	"roll" : -1.568331730767859,
	"x" : 0.077311349782672845,
	"y" : -0.01232198128152485,
	"yaw" : 1.2499193143415996,
	"z" : -0.16960500450671057
}
