{
	"pitch" : 1.4885782780764782,
	"roll" : -1.496977363352767,
	"x" : 0.034856806628650178,
	"y" : -0.057988514249768489,
	"yaw" : 1.3289642567825346,
	"z" : -0.16886800854728209
}
