{
	"pitch" : 1.4791721709932479,
	"roll" : -1.6187086872811762,
	"x" : 0.031942807312553792,
	"y" : 0.012077373368664757,
	"yaw" : 1.1991041978815544,
	"z" : -0.17034295970267627
}
