{
	"pitch" : 1.4968284168982229,
	"roll" : -1.4042270783744193,
	"x" : 0.10521631270985241,
	"y" : 0.030887229832570841,
	"yaw" : 1.4237967848991957,
	"z" : -0.17012026531096158
}
