{
	"pitch" : 1.4827816487289716,
	"roll" : -1.3683183781331316,
	"x" : 0.11398630087349609,
	"y" : -0.046727001866211086,
	"yaw" : 1.454389981798164,
	"z" : -0.16832272873467671
}
