{
	"pitch" : 1.4768792500088932,
	"roll" : -1.5439672504905282,
	"x" : 0.045566216647877619,
	"y" : -0.11027105804955691,
	"yaw" : 1.2740974333706268,
	"z" : -0.1696200020956147
}
