{
	"pitch" : 1.4698629129057394,
	"roll" : -1.5474702770691529,
	"x" : 0.022083560740928418,
	"y" : -0.1793994482152505,
	"yaw" : 1.2628910631311931,
	"z" : -0.10236910308667314
}
