{
	"pitch" : 1.4809702018837063,
	"roll" : -1.4570559886181638,
	"x" : 0.068770567747343719,
	"y" : -0.03463989021025362,
	"yaw" : 1.3530139853531025,
	"z" : -0.16947552325180201
}
