{
	"pitch" : 1.4824075511140375,
	"roll" : -1.3670800239015768,
	"x" : 0.1138301055596265,
	"y" : -0.046665349723862756,
	"yaw" : 1.4553876096857785,
	"z" : -0.16809586974433677
}
