{
	"pitch" : 1.4724999942794166,
	"roll" : -1.5818274483785757,
	"x" : 0.046801389720244994,
	"y" : -0.051826864940404158,
	"yaw" : 1.2371102821502888,
	"z" : -0.16947901988742811
}
