{
	"pitch" : 1.468120543948775,
	"roll" : -1.5126416841566412,
	"x" : 0.010251235380031698,
	"y" : -0.22163872965143833,
	"yaw" : 1.2982735143071393,
	"z" : -0.080532627284150837
}
