{
	"pitch" : 1.4723209910361543,
	"roll" : -1.5016837873381748,
	"x" : 0.024423760800093723,
	"y" : -0.17291951807506145,
	"yaw" : 1.310200311167975,
	"z" : -0.10886275536471388
}
