{
	"pitch" : 1.4842540029533353,
	"roll" : -1.590107968583194,
	"x" : 0.086452646406915468,
	"y" : 0.016175738384628886,
	"yaw" : 1.2244342628775109,
	"z" : -0.21084524666235055
}
