{
	"pitch" : 1.4819525527610991,
	"roll" : -1.5994921317253536,
	"x" : 0.026973733030436903,
	"y" : -0.0007269315219689005,
	"yaw" : 1.2217891153546707,
	"z" : -0.17064927730564894
}
