{
	"pitch" : 1.4597758390176681,
	"roll" : -1.5257330670727722,
	"x" : 0.012232853677122665,
	"y" : -0.21149664197086593,
	"yaw" : 1.2833421982787039,
	"z" : -0.070659656759854833
}
