{
	"pitch" : 1.4797763408209244,
	"roll" : -1.5015777734287501,
	"x" : -0.024924536980032469,
	"y" : -0.11918782052728805,
	"yaw" : 1.3226776973977297,
	"z" : -0.17112465483897826
}
