{
	"pitch" : 1.4752959929531584,
	"roll" : -1.4077102613722174,
	"x" : 0.07544231689240373,
	"y" : -0.063336062598229576,
	"yaw" : 1.4116753163342544,
	"z" : -0.16858595709134083
}
