{
	"pitch" : 1.4945397591797243,
	"roll" : -1.5978588104384539,
	"x" : 0.07556142776185816,
	"y" : 0.039560643445155703,
	"yaw" : 1.2316250489700911,
	"z" : -0.1711015563553549
}
