{
	"pitch" : 1.4811083460353933,
	"roll" : -1.4960089185546566,
	"x" : 0.069337291041263446,
	"y" : -0.033324142753197089,
	"yaw" : 1.3154951019703216,
	"z" : -0.12389568076378435
}
