{
	"pitch" : 1.48305745340475,
	"roll" : -1.3733472876067292,
	"x" : 0.10717350459308923,
	"y" : -0.052819139007805889,
	"yaw" : 1.450176278945839,
	"z" : -0.16811986761211228
}
