{
	"pitch" : 1.4527789098870076,
	"roll" : -1.4761813863926487,
	"x" : -0.06594047536870426,
	"y" : -0.25113147127192875,
	"yaw" : 1.3261507770109662,
	"z" : -0.1733939547127448
}
