{
	"pitch" : 1.4532634786022258,
	"roll" : -1.4222220456451511,
	"x" : -0.01065702719774636,
	"y" : -0.30573323965368127,
	"yaw" : 1.3826168492286603,
	"z" : -0.17320813769338961
}
