{
	"pitch" : 1.4740892539436987,
	"roll" : -1.4687390787491257,
	"x" : 0.060825851053265045,
	"y" : -0.059717283037910275,
	"yaw" : 1.3458602871018828,
	"z" : -0.15704769724843193
}
