{
	"pitch" : 1.4718600217463298,
	"roll" : -1.6793892272296103,
	"x" : 0.026989259394469022,
	"y" : -0.014404863863254336,
	"yaw" : 1.1366885727117741,
	"z" : -0.17177708381977344
}
