{
	"pitch" : 1.4624461933255155,
	"roll" : -1.343182465387774,
	"x" : 0.10723911362343444,
	"y" : -0.22844968462843152,
	"yaw" : 1.4650680446735811,
	"z" : -0.16914049243350743
}
