{
	"pitch" : 1.4557557359052153,
	"roll" : -1.4298129723536532,
	"x" : 0.01346561999855183,
	"y" : -0.20835715316320597,
	"yaw" : 1.3697854385517103,
	"z" : -0.17038274997374275
}
