{
	"pitch" : 1.4782824979914226,
	"roll" : -1.4664338724872841,
	"x" : 0.084604999991072072,
	"y" : -0.062317172334655641,
	"yaw" : 1.3520387547084871,
	"z" : -0.16864574957827982
}
