{
	"pitch" : 1.47938179572497,
	"roll" : -1.4345990932290533,
	"x" : 0.096256648041331411,
	"y" : -0.059382598748421424,
	"yaw" : 1.3819205806971377,
	"z" : -0.16875717809362956
}
