{
	"pitch" : 1.4915739736501568,
	"roll" : -1.5700163717220932,
	"x" : 0.048579079134301095,
	"y" : -0.10367381867375711,
	"yaw" : 1.2336139823671599,
	"z" : -0.21553892565330027
}
