{
	"pitch" : 1.4827457734088771,
	"roll" : -1.4432888787024296,
	"x" : 0.068801873151241866,
	"y" : -0.015884012361100638,
	"yaw" : 1.3735400658291304,
	"z" : -0.16890806998324209
}
