{
	"pitch" : 1.4826953393863502,
	"roll" : -1.6225899875052405,
	"x" : 0.027641756678745674,
	"y" : 0.0013988491155215981,
	"yaw" : 1.1983525026600823,
	"z" : -0.17074385074613843
}
