{
	"pitch" : 1.4841959175453996,
	"roll" : -1.5320769737813351,
	"x" : 0.074115742745813687,
	"y" : -0.017655883313792815,
	"yaw" : 1.2813743638531152,
	"z" : -0.11928341041003698
}
