{
	"pitch" : 1.4906714562405463,
	"roll" : -1.5463573676348301,
	"x" : 0.091966038649050924,
	"y" : 0.033293491325386206,
	"yaw" : 1.2729596599064512,
	"z" : -0.18798207027181901
}
