{
	"pitch" : 1.4884724000142846,
	"roll" : -1.5628170769323428,
	"x" : 0.076198190369195437,
	"y" : -0.013333768573213292,
	"yaw" : 1.2538156032636709,
	"z" : -0.16993899807225055
}
