{
	"pitch" : 1.483658411594786,
	"roll" : -1.5674385600050251,
	"x" : 0.077247894533772052,
	"y" : -0.012386867242365995,
	"yaw" : 1.2507149820008567,
	"z" : -0.16961844603528534
}
