{
	"pitch" : 1.4668009112638127,
	"roll" : -1.4993904960572879,
	"x" : 0.042915379644909588,
	"y" : -0.12063202125985983,
	"yaw" : 1.312704417460772,
	"z" : -0.17906187993820599
}
