{
	"pitch" : 1.4797498044424557,
	"roll" : -1.4523158928141162,
	"x" : 0.093875942851080307,
	"y" : -0.060330655482008999,
	"yaw" : 1.3657710848823037,
	"z" : -0.16858278886796976
}
