{
	"pitch" : 1.4612192256957894,
	"roll" : -1.3880972520990316,
	"x" : 0.022278291994453324,
	"y" : -0.18717579496688619,
	"yaw" : 1.4343353949908724,
	"z" : -0.24858919057089604
}
