{
	"pitch" : 1.5020529987533815,
	"roll" : -1.45827805241287,
	"x" : 0.10597180001761813,
	"y" : 0.030439667379310226,
	"yaw" : 1.3713889706122866,
	"z" : -0.16987711716299467
}
