{
	"pitch" : 1.4518803029646439,
	"roll" : -1.5355209244850931,
	"x" : -0.035023350902745762,
	"y" : -0.23593124475628621,
	"yaw" : 1.2671073574009213,
	"z" : -0.17304486645355133
}
