{
	"pitch" : 1.4637413345845589,
	"roll" : -1.5623940974020361,
	"x" : 0.069762615253791738,
	"y" : -0.035088677164582936,
	"yaw" : 1.2434803615333192,
	"z" : -0.17071389474800638
}
