{
	"pitch" : 1.4935872175036713,
	"roll" : -1.3995776533005537,
	"x" : 0.12821521783929962,
	"y" : -0.0035479286974042772,
	"yaw" : 1.4256157031012071,
	"z" : -0.16933772514614731
}
