{
	"pitch" : 1.4876427651234456,
	"roll" : -1.4921040230823472,
	"x" : 0.075550626584659525,
	"y" : -0.012747419324529064,
	"yaw" : 1.3224685576928445,
	"z" : -0.11853351005463351
}
