{
	"pitch" : 1.4943959491739351,
	"roll" : -1.5996021564551841,
	"x" : 0.090165954166485596,
	"y" : 0.026780451061477986,
	"yaw" : 1.2201141224174081,
	"z" : -0.14097004473942357
}
