{
	"pitch" : 1.4709056069907551,
	"roll" : -1.5494144024949255,
	"x" : 0.06225485729902603,
	"y" : -0.059914585750389555,
	"yaw" : 1.2634284482168316,
	"z" : -0.16953794355612289
}
