{
	"pitch" : 1.4678255836469403,
	"roll" : -1.4783842395242452,
	"x" : 0.049153543316906488,
	"y" : -0.055624886123557579,
	"yaw" : 1.3325241515665256,
	"z" : -0.16917282520415192
}
