{
	"pitch" : 1.474271502656703,
	"roll" : -1.5659173955439667,
	"x" : 0.02785490776807905,
	"y" : -0.16397642129307766,
	"yaw" : 1.2463702936035805,
	"z" : -0.1185185280995823
}
