{
	"pitch" : 1.4674174978119248,
	"roll" : -1.4584051957315647,
	"x" : 0.053217690920527631,
	"y" : -0.057392862397713976,
	"yaw" : 1.3537170359348798,
	"z" : -0.16892417389875866
}
