{
	"pitch" : 1.4545778814925336,
	"roll" : -1.4183122682786724,
	"x" : 0.014204450806994479,
	"y" : -0.20685978178010797,
	"yaw" : 1.3842556982133627,
	"z" : -0.17037650081635994
}
