{
	"pitch" : 1.4708729717144318,
	"roll" : -1.3404153875968952,
	"x" : 0.073470656675080473,
	"y" : -0.012702657715012874,
	"yaw" : 1.4468587826010024,
	"z" : -0.1690201012958161
}
