{
	"pitch" : 1.4776393921305546,
	"roll" : -1.5385484390589552,
	"x" : 0.066410336997050942,
	"y" : -0.043682611330282811,
	"yaw" : 1.2738274091285831,
	"z" : -0.13090855093840537
}
