{
	"pitch" : 1.489332724473309,
	"roll" : -1.4858873574275924,
	"x" : 0.076456459569507224,
	"y" : -0.012650311447219609,
	"yaw" : 1.332541595747136,
	"z" : -0.16966698409164083
}
