{
	"pitch" : 1.4955772697088532,
	"roll" : -1.5646280758739588,
	"x" : 0.051932282136234943,
	"y" : -0.0956126978419789,
	"yaw" : 1.2388229164143543,
	"z" : -0.21096918130183845
}
