{
	"pitch" : 1.4488882803086089,
	"roll" : -1.4678001388170909,
	"x" : -0.078594395286531601,
	"y" : -0.25801225158782581,
	"yaw" : 1.3353591897571666,
	"z" : -0.17436182071283857
}
