{
	"pitch" : 1.484081607190292,
	"roll" : -1.5483184159910135,
	"x" : 0.076678962995228153,
	"y" : -0.013140890671370494,
	"yaw" : 1.2692434736924469,
	"z" : -0.16970898310054006
}
