{
	"pitch" : 1.4615951975840764,
	"roll" : -1.3053080060222049,
	"x" : 0.11194082655739987,
	"y" : -0.24108546769218908,
	"yaw" : 1.5075374032510147,
	"z" : -0.16788143478165796
}
