{
	"pitch" : 1.451324789483776,
	"roll" : -1.4133975033892248,
	"x" : 0.0066317029260032773,
	"y" : -0.23222652991826376,
	"yaw" : 1.3859930701330241,
	"z" : -0.17050319878786174
}
