{
	"pitch" : 1.4722136360978915,
	"roll" : -1.486343957666779,
	"x" : 0.044168749269858809,
	"y" : -0.1137251891233059,
	"yaw" : 1.3259991268639506,
	"z" : -0.17133259915363094
}
