{
	"pitch" : 1.4547062519705221,
	"roll" : -1.4686269617516818,
	"x" : 0.033637462975163325,
	"y" : -0.15132806043636138,
	"yaw" : 1.3340149914027244,
	"z" : -0.16996722350457177
}
