{
	"pitch" : 1.4659023648308716,
	"roll" : -1.5291558035278798,
	"x" : 0.064261560181662708,
	"y" : -0.055006581609886848,
	"yaw" : 1.2772529262162422,
	"z" : -0.19240713855472752
}
