{
	"pitch" : 1.46793307219825,
	"roll" : -1.5627206554642863,
	"x" : 0.065647122727996984,
	"y" : -0.052825136492324842,
	"yaw" : 1.2445020112001435,
	"z" : -0.19748249661403569
}
