{
	"pitch" : 1.5030870330175408,
	"roll" : -1.4873079134897609,
	"x" : 0.10806543479694616,
	"y" : 0.029520540911036133,
	"yaw" : 1.3435962086074249,
	"z" : -0.17000029945326425
}
