{
	"pitch" : 1.4879983330200921,
	"roll" : -1.516382694259039,
	"x" : 0.080461184283175502,
	"y" : -0.0028245455623036562,
	"yaw" : 1.2973415944272209,
	"z" : -0.11943589473952787
}
