{
	"pitch" : 1.4871818247474848,
	"roll" : -1.5699731164224027,
	"x" : 0.058335534603457834,
	"y" : 0.036412915311969496,
	"yaw" : 1.2595259943171293,
	"z" : -0.17193428748377654
}
