{
	"pitch" : 1.4595440657094239,
	"roll" : -1.467223025601939,
	"x" : 0.057937036576990383,
	"y" : -0.068816690061570679,
	"yaw" : 1.3344863024110845,
	"z" : -0.16975336202194866
}
