{
	"pitch" : 1.4683524882264336,
	"roll" : -1.6177247758139579,
	"x" : -0.024231824827889839,
	"y" : -0.12178003961449808,
	"yaw" : 1.1928322247818666,
	"z" : -0.17180818587223351
}
