{
	"pitch" : 1.4949433426639411,
	"roll" : -1.6007894026351843,
	"x" : 0.092451122832022642,
	"y" : 0.0353231456287144,
	"yaw" : 1.2204477823467503,
	"z" : -0.16147923188355279
}
