{
	"pitch" : 1.4963600778928143,
	"roll" : -1.3413569386349951,
	"x" : 0.12502040214028787,
	"y" : -0.00090502351633920015,
	"yaw" : 1.4801186018312007,
	"z" : -0.16854171640115642
}
