{
	"pitch" : 1.4739322299248003,
	"roll" : -1.5061703872784917,
	"x" : 0.062364453503291457,
	"y" : -0.059448522453303579,
	"yaw" : 1.3132988771462628,
	"z" : -0.16888978447921218
}
