{
	"pitch" : 1.4816039592695032,
	"roll" : -1.4200061035405434,
	"x" : 0.10093023713385417,
	"y" : -0.057013431576992582,
	"yaw" : 1.4021317966933333,
	"z" : -0.16921246516694774
}
