{
	"pitch" : 1.4532404222500612,
	"roll" : -1.4141735542004223,
	"x" : -0.0044208536809588889,
	"y" : -0.30245240793442218,
	"yaw" : 1.3913965023096024,
	"z" : -0.17284819446043176
}
