{
	"pitch" : 1.469015279720693,
	"roll" : -1.5387882081970317,
	"x" : 0.043097913676049114,
	"y" : -0.05102507889845409,
	"yaw" : 1.2708597484362747,
	"z" : -0.16965776826208764
}
