{
	"pitch" : 1.4732473690134353,
	"roll" : -1.4895985232903712,
	"x" : 0.044391729977760752,
	"y" : -0.11328311804857567,
	"yaw" : 1.3232626601431949,
	"z" : -0.17084174189418633
}
