{
	"pitch" : 1.4567951683941973,
	"roll" : -1.5825048845157219,
	"x" : -0.083439762002157497,
	"y" : -0.1796133428489578,
	"yaw" : 1.2295806158643485,
	"z" : -0.17362679385016097
}
