{
	"pitch" : 1.4924936738459089,
	"roll" : -1.6300119424918371,
	"x" : 0.062522150241196867,
	"y" : 0.036804353055966722,
	"yaw" : 1.2040625154785978,
	"z" : -0.17155850565688041
}
