{
	"pitch" : 1.4616474832612261,
	"roll" : -1.3428024205493714,
	"x" : 0.010402914054899876,
	"y" : -0.2954818700551442,
	"yaw" : 1.4672172547898448,
	"z" : -0.17180180721665195
}
