{
	"pitch" : 1.4690623539713723,
	"roll" : -1.4946324958208723,
	"x" : 0.06139670759174732,
	"y" : -0.060120729600683875,
	"yaw" : 1.3145807709405939,
	"z" : -0.16932188423843816
}
