{
	"pitch" : 1.4532459583710546,
	"roll" : -1.4371905924362216,
	"x" : 0.014743028047072844,
	"y" : -0.20867825141466501,
	"yaw" : 1.364856328025829,
	"z" : -0.17105082454808573
}
