{
	"pitch" : 1.4844651344610389,
	"roll" : -1.4908508370915254,
	"x" : 0.06659887415987549,
	"y" : -0.046659859651060905,
	"yaw" : 1.3317754963630379,
	"z" : -0.16817877931231598
}
