{
	"pitch" : 1.4704389664221689,
	"roll" : -1.5576703479481844,
	"x" : 0.030784991867792919,
	"y" : -0.03582849966589402,
	"yaw" : 1.2498627133263647,
	"z" : -0.16990441445313745
}
