{
	"pitch" : 1.4867362876595889,
	"roll" : -1.3410085704530541,
	"x" : 0.12336964929631448,
	"y" : -0.033757728891096156,
	"yaw" : 1.4835818531085878,
	"z" : -0.16903275657556702
}
