{
	"pitch" : 1.4855395109833962,
	"roll" : -1.2763390926655349,
	"x" : 0.1179256189632561,
	"y" : -0.040114167815002454,
	"yaw" : 1.5447815273764482,
	"z" : -0.16798524832675779
}
