{
	"pitch" : 1.4853583622773163,
	"roll" : -1.6467120514702436,
	"x" : 0.041966336363724141,
	"y" : 0.025198286166325742,
	"yaw" : 1.1756422773583528,
	"z" : -0.17111541737405048
}
