{
	"pitch" : 1.4918646041357602,
	"roll" : -1.4353323217211758,
	"x" : 0.12863952762911524,
	"y" : -0.015455252581983089,
	"yaw" : 1.3854962569228435,
	"z" : -0.16922044865785135
}
