{
	"pitch" : 1.481693917122322,
	"roll" : -1.5285988039152134,
	"x" : 0.078240861443206106,
	"y" : -0.011998104907805535,
	"yaw" : 1.2820547627977221,
	"z" : -0.22036442888926427
}
