{
	"pitch" : 1.49145372233574,
	"roll" : -1.613964139483425,
	"x" : 0.084558724650154599,
	"y" : 0.011984175399814716,
	"yaw" : 1.2018888827552903,
	"z" : -0.12646359549769084
}
