{
	"pitch" : 1.4858818773742084,
	"roll" : -1.5824430910324783,
	"x" : 0.033487271686072489,
	"y" : 0.015058631572823096,
	"yaw" : 1.2398046794624757,
	"z" : -0.17057911168586209
}
