{
	"pitch" : 1.4844948190672405,
	"roll" : -1.4048268981336784,
	"x" : 0.11341225015757343,
	"y" : -0.046635049694685161,
	"yaw" : 1.4140835369763705,
	"z" : -0.16859401714362848
}
