{
	"pitch" : 1.4854240911095307,
	"roll" : -1.557491838794312,
	"x" : 0.091245534060514014,
	"y" : 0.029074228721435509,
	"yaw" : 1.2599062638800087,
	"z" : -0.19600679928175063
}
