{
	"pitch" : 1.4923937791027067,
	"roll" : -1.4643554312679192,
	"x" : 0.074871071107422957,
	"y" : -0.015866668755235545,
	"yaw" : 1.348646706450088,
	"z" : -0.1694191508547192
}
