{
	"pitch" : 1.4661539270227109,
	"roll" : -1.531691572388026,
	"x" : 0.029959810644411493,
	"y" : -0.11686439529149634,
	"yaw" : 1.2745216291177779,
	"z" : -0.17081072665797595
}
