{
	"pitch" : 1.4744331773988701,
	"roll" : -1.4531292220112599,
	"x" : 0.061472406608464973,
	"y" : -0.058688379059048848,
	"yaw" : 1.3627805227524312,
	"z" : -0.15262455345590559
}
