{
	"pitch" : 1.4954115415607174,
	"roll" : -1.3632964092641306,
	"x" : 0.12562561913344178,
	"y" : 0.0027194296054506746,
	"yaw" : 1.4599229177162092,
	"z" : -0.16924931203546836
}
