{
	"pitch" : 1.4953843583055511,
	"roll" : -1.5625846566592254,
	"x" : 0.092738459052417482,
	"y" : 0.035275001373239072,
	"yaw" : 1.2578211068803866,
	"z" : -0.17935970221308797
}
