{
	"pitch" : 1.4445921873814986,
	"roll" : -1.3880340622479888,
	"x" : -0.016012684007415665,
	"y" : -0.30837661228966667,
	"yaw" : 1.4128004353724821,
	"z" : -0.17444129342114489
}
