{
	"pitch" : 1.4947572472699591,
	"roll" : -1.4300699674134372,
	"x" : 0.12590136034223659,
	"y" : 0.0029035145089489865,
	"yaw" : 1.3962405837350036,
	"z" : -0.1700792291336716
}
