{
	"pitch" : 1.4648237454931954,
	"roll" : -1.2815447457644862,
	"x" : 0.10290993964752575,
	"y" : -0.2455218189176438,
	"yaw" : 1.5313560856696995,
	"z" : -0.16820222043725575
}
