{
	"pitch" : 1.4722093514537971,
	"roll" : -1.496743168292004,
	"x" : 0.073530575554454219,
	"y" : -0.022157095205207401,
	"yaw" : 1.3032438523152283,
	"z" : -0.16927937227212397
}
