{
	"pitch" : 1.4793436456381526,
	"roll" : -1.4263518434356717,
	"x" : 0.096182726328254087,
	"y" : -0.059452642902762337,
	"yaw" : 1.3902510928459402,
	"z" : -0.1687253114116353
}
