{
	"pitch" : 1.4793004682969915,
	"roll" : -1.5375114632651858,
	"x" : 0.045769825737723861,
	"y" : -0.11100976584605816,
	"yaw" : 1.2822249287534886,
	"z" : -0.16976446643308321
}
