{
	"pitch" : 1.471829178774092,
	"roll" : -1.5878688032487904,
	"x" : 0.034151846097237731,
	"y" : -0.039529569066607678,
	"yaw" : 1.2292751562498248,
	"z" : -0.169551579519679
}
