{
	"pitch" : 1.4599581861044921,
	"roll" : -1.6069991655784446,
	"x" : -0.082922731266903318,
	"y" : -0.17994729556629163,
	"yaw" : 1.200748735275351,
	"z" : -0.17390587919353626
}
