{
	"pitch" : 1.4795418238718916,
	"roll" : -1.5422751484120127,
	"x" : -0.030985946993735136,
	"y" : -0.12592170064152819,
	"yaw" : 1.2757497853413646,
	"z" : -0.17180617034053355
}
