{
	"pitch" : 1.4822775281295075,
	"roll" : -1.5502423040852293,
	"x" : 0.030967452672997109,
	"y" : 0.011027165104378352,
	"yaw" : 1.2702592330762708,
	"z" : -0.1705165480835262
}
