{
	"pitch" : 1.4687040643255023,
	"roll" : -1.5369328961472188,
	"x" : 0.035814921857214382,
	"y" : -0.042816615643892809,
	"yaw" : 1.2727988112744595,
	"z" : -0.17017748197817908
}
