{
	"pitch" : 1.4517917720127296,
	"roll" : -1.5302370608899232,
	"x" : -0.037837284690390424,
	"y" : -0.23812978252881087,
	"yaw" : 1.2690242356656924,
	"z" : -0.17346009107018598
}
