{
	"pitch" : 1.4842986339280946,
	"roll" : -1.6402747522679328,
	"x" : 0.038739408712621208,
	"y" : 0.020959926922681463,
	"yaw" : 1.1829482770007633,
	"z" : -0.17151043771401828
}
