{
	"pitch" : 1.4600365968258602,
	"roll" : -1.3592856192508931,
	"x" : 0.075837960512083399,
	"y" : -0.2498862264528158,
	"yaw" : 1.4453866570046279,
	"z" : -0.1691073187423662
}
