{
	"pitch" : 1.4884389016758808,
	"roll" : -1.4014012853584055,
	"x" : 0.12464218367054676,
	"y" : -0.028814520075650621,
	"yaw" : 1.4193925150042666,
	"z" : -0.16895462927503438
}
