{
	"pitch" : 1.4959221894529238,
	"roll" : -1.5045649391128904,
	"x" : 0.094812278947760981,
	"y" : 0.03621695749556713,
	"yaw" : 1.3264592420061072,
	"z" : -0.1709147704230668
}
