{
	"pitch" : 1.4757005528484386,
	"roll" : -1.4422220867171627,
	"x" : 0.078806936541902461,
	"y" : -0.062991726710946425,
	"yaw" : 1.3720126953469531,
	"z" : -0.16877524834969343
}
