{
	"pitch" : 1.4844981967769879,
	"roll" : -1.6051144269036155,
	"x" : 0.09000895721117011,
	"y" : 0.024380943645719858,
	"yaw" : 1.2121572952985109,
	"z" : -0.20318653830452804
}
