{
	"pitch" : 1.4583147378741226,
	"roll" : -1.4341243245739708,
	"x" : -0.011440406851169205,
	"y" : -0.28698502876591075,
	"yaw" : 1.3834168453395324,
	"z" : -0.15104337252315025
}
