{
	"pitch" : 1.4521743290981945,
	"roll" : -1.4185052195248471,
	"x" : -0.0077027552757980289,
	"y" : -0.30449892050653027,
	"yaw" : 1.3873551301251708,
	"z" : -0.1731826515134072
}
