{
	"pitch" : 1.475698851813853,
	"roll" : -1.6431065077315339,
	"x" : 0.027152570201924166,
	"y" : -0.015021335799139012,
	"yaw" : 1.1759401963922802,
	"z" : -0.17119756950503937
}
