{
	"pitch" : 1.4708394673965457,
	"roll" : -1.6507813188983016,
	"x" : 0.028622517076818468,
	"y" : -0.023689662837382774,
	"yaw" : 1.1634488254519983,
	"z" : -0.17016188821870776
}
