{
	"pitch" : 1.478784809259851,
	"roll" : -1.5659963322114423,
	"x" : 0.078386422716742607,
	"y" : -0.011689406210003092,
	"yaw" : 1.2415652922463716,
	"z" : -0.1694550477775956
}
