{
	"pitch" : 1.4801816217014037,
	"roll" : -1.5160653528693799,
	"x" : 0.044617098586487762,
	"y" : -0.11266686324052777,
	"yaw" : 1.3016701370017909,
	"z" : -0.16867667489595622
}
