{
	"pitch" : 1.4853614749707971,
	"roll" : -1.3559955481204689,
	"x" : 0.12372109490921046,
	"y" : -0.032280316262133277,
	"yaw" : 1.4677163337746391,
	"z" : -0.16871408870013863
}
