{
	"pitch" : 1.4754492021440626,
	"roll" : -1.5400132971604745,
	"x" : 0.06421328533818825,
	"y" : -0.054495488768094756,
	"yaw" : 1.2727369655592793,
	"z" : -0.14317716431824634
}
