{
	"pitch" : 1.4776212742450769,
	"roll" : -1.5379342769627473,
	"x" : 0.066439001278296883,
	"y" : -0.043730299187790367,
	"yaw" : 1.2744816381382205,
	"z" : -0.1309482103906788
}
