{
	"pitch" : 1.4542467558582692,
	"roll" : -1.4062850347290861,
	"x" : 0.010328736227953036,
	"y" : -0.21817369617248161,
	"yaw" : 1.3944967135338171,
	"z" : -0.17004566711177643
}
