{
	"pitch" : 1.4871520969391092,
	"roll" : -1.5892677703579596,
	"x" : 0.089313665311244392,
	"y" : 0.023184997493845654,
	"yaw" : 1.2277352854060417,
	"z" : -0.20431763599826264
}
