{
	"pitch" : 1.4592460320561322,
	"roll" : -1.424982304475632,
	"x" : 0.045379586786265809,
	"y" : -0.11214407401513592,
	"yaw" : 1.3737453304748828,
	"z" : -0.16970696518100581
}
