{
	"pitch" : 1.4897261849810373,
	"roll" : -1.5135179091391637,
	"x" : 0.064120523179026223,
	"y" : -0.027446864611169269,
	"yaw" : 1.3057858474501105,
	"z" : -0.17057111329155164
}
