{
	"pitch" : 1.4532408958368404,
	"roll" : -1.4106074943625935,
	"x" : 0.014733206459645945,
	"y" : -0.20599141562216927,
	"yaw" : 1.3903348924405865,
	"z" : -0.17063636586413566
}
