{
	"pitch" : 1.4793826749381811,
	"roll" : -1.510064425371374,
	"x" : 0.067807752203500021,
	"y" : -0.035627009206366855,
	"yaw" : 1.3006878692024266,
	"z" : -0.12473505140222801
}
