{
	"pitch" : 1.4835654786543928,
	"roll" : -1.6495430489919192,
	"x" : 0.043572092036655033,
	"y" : 0.026920466549658746,
	"yaw" : 1.1722714793273019,
	"z" : -0.17162184347911874
}
