{
	"pitch" : 1.4583487240803756,
	"roll" : -1.3872387984176353,
	"x" : 0.046805482219589453,
	"y" : -0.10347078433225937,
	"yaw" : 1.4131786134592714,
	"z" : -0.16850718780307686
}
