{
	"pitch" : 1.4916268569930657,
	"roll" : -1.4402121798120251,
	"x" : 0.076495965483558442,
	"y" : -0.011274212868975919,
	"yaw" : 1.376622687837679,
	"z" : -0.16885695959533667
}
