{
	"pitch" : 1.4883879597853811,
	"roll" : -1.4942410512141964,
	"x" : 0.076431795277297626,
	"y" : -0.012909730097991897,
	"yaw" : 1.3232573472637081,
	"z" : -0.16971054795453641
}
