{
	"pitch" : 1.4758573473946586,
	"roll" : -1.4995753424650935,
	"x" : 0.061875943077059126,
	"y" : -0.057744249177647936,
	"yaw" : 1.3147059612608685,
	"z" : -0.1499031291745711
}
