{
	"pitch" : 1.4882907479366507,
	"roll" : -1.4917663835552242,
	"x" : 0.075447405215338798,
	"y" : -0.012971919784073886,
	"yaw" : 1.3228031209044393,
	"z" : -0.11841491349171554
}
