{
	"pitch" : 1.4947871890944036,
	"roll" : -1.5696632176447056,
	"x" : 0.092748802138895275,
	"y" : 0.035221623768079954,
	"yaw" : 1.2514436010423142,
	"z" : -0.17935539465769065
}
