{
	"pitch" : 1.4680583345912828,
	"roll" : -1.4914998698920825,
	"x" : 0.060888490547774579,
	"y" : -0.061101954829083233,
	"yaw" : 1.317401921949229,
	"z" : -0.16936347418108511
}
