{
	"pitch" : 1.4801194464166529,
	"roll" : -1.6130733428932669,
	"x" : 0.04335939268028411,
	"y" : -0.11853922612325933,
	"yaw" : 1.2048345038944541,
	"z" : -0.16336846469572419
}
