{
	"pitch" : 1.4777834824619098,
	"roll" : -1.5089281796354561,
	"x" : 0.066082649049875403,
	"y" : -0.043909044143713293,
	"yaw" : 1.3031225927989345,
	"z" : -0.13097323953671572
}
