{
	"pitch" : 1.4757991759728433,
	"roll" : -1.5142937522886131,
	"x" : 0.072932573745718779,
	"y" : -0.028118911679793936,
	"yaw" : 1.2925726196420568,
	"z" : -0.21731561184999273
}
