{
	"pitch" : 1.4464756385955848,
	"roll" : -1.4391286949394657,
	"x" : -0.017180437819852082,
	"y" : -0.30937982192256913,
	"yaw" : 1.3618545520229377,
	"z" : -0.17330080171701284
}
