{
	"pitch" : 1.4714423533757022,
	"roll" : -1.4926010064832502,
	"x" : 0.04351978639266544,
	"y" : -0.11671794043827628,
	"yaw" : 1.3179443178149741,
	"z" : -0.17491965603830131
}
