{
	"pitch" : 1.4749092166376905,
	"roll" : -1.490657340882058,
	"x" : 0.062891163962157257,
	"y" : -0.059367024414269234,
	"yaw" : 1.3175947354587758,
	"z" : -0.16952120414118108
}
