{
	"pitch" : 1.4733802495475652,
	"roll" : -1.4089965305841594,
	"x" : 0.078161030861355729,
	"y" : -0.063058559103058298,
	"yaw" : 1.406076799918214,
	"z" : -0.16889780494203585
}
