{
	"pitch" : 1.4568449118095659,
	"roll" : -1.3633387272376867,
	"x" : 0.015656002214887714,
	"y" : -0.20748466312237537,
	"yaw" : 1.4486119637327728,
	"z" : -0.27032040020753434
}
