{
	"pitch" : 1.4959747887722261,
	"roll" : -1.560154468647466,
	"x" : 0.069911168883467836,
	"y" : 0.039052625408604283,
	"yaw" : 1.2728618001761172,
	"z" : -0.1710407437078928
}
