{
	"pitch" : 1.496954332462191,
	"roll" : -1.434388551787847,
	"x" : 0.11086946033592321,
	"y" : 0.025480426727683921,
	"yaw" : 1.3932881535951289,
	"z" : -0.16958414871829494
}
