{
	"pitch" : 1.4973737841927679,
	"roll" : -1.4219093944798458,
	"x" : 0.11730481102672902,
	"y" : 0.018578572784598429,
	"yaw" : 1.4031861297458412,
	"z" : -0.16989885101882674
}
