{
	"pitch" : 1.4921324383976906,
	"roll" : -1.5475269257604802,
	"x" : 0.091858553820288694,
	"y" : 0.032828302980438775,
	"yaw" : 1.2709460707190148,
	"z" : -0.18807257835627667
}
