{
	"pitch" : 1.4701524386041251,
	"roll" : -1.5117274898193409,
	"x" : 0.076177257589737798,
	"y" : -0.012153601830036243,
	"yaw" : 1.2923566940834148,
	"z" : -0.17012480399614105
}
