{
	"pitch" : 1.4710789450985375,
	"roll" : -1.6538576412357759,
	"x" : 0.026768072418136286,
	"y" : -0.01397911805338313,
	"yaw" : 1.161801614856484,
	"z" : -0.17152183898723991
}
