{
	"pitch" : 1.4706437318089487,
	"roll" : -1.5033199901353507,
	"x" : 0.065586642184817578,
	"y" : -0.050304194482229225,
	"yaw" : 1.3027175276774277,
	"z" : -0.20148523614772459
}
