{
	"pitch" : 1.4753542967483966,
	"roll" : -1.5016480681974289,
	"x" : 0.060628259769157748,
	"y" : -0.061060835921264801,
	"yaw" : 1.3109887632185069,
	"z" : -0.16071673362639832
}
