{
	"pitch" : 1.4681603529923299,
	"roll" : -1.4272084962621754,
	"x" : 0.057244738419246932,
	"y" : -0.059413374366869859,
	"yaw" : 1.3874148542196061,
	"z" : -0.16913969875844415
}
