{
	"pitch" : 1.4751860671314083,
	"roll" : -1.4647110079625068,
	"x" : 0.062640222622584341,
	"y" : -0.054790483704801322,
	"yaw" : 1.3476142739761703,
	"z" : -0.14502760924370803
}
