{
	"pitch" : 1.4889255885278989,
	"roll" : -1.5109959072964696,
	"x" : 0.057869143951826844,
	"y" : -0.030031906216906427,
	"yaw" : 1.3078079576158286,
	"z" : -0.17009916820797596
}
