{
	"pitch" : 1.4548676607679214,
	"roll" : -1.3706958547506036,
	"x" : 0.070310870994502034,
	"y" : -0.27455362441820419,
	"yaw" : 1.4337363044028464,
	"z" : -0.17010738101580725
}
