{
	"pitch" : 1.461675906121519,
	"roll" : -1.3032835159251328,
	"x" : 0.10860320883827192,
	"y" : -0.23372336622526035,
	"yaw" : 1.5050169926304449,
	"z" : -0.16826723548775374
}
