{
	"pitch" : 1.4960206510885454,
	"roll" : -1.5153682601382783,
	"x" : 0.074792193574121452,
	"y" : -0.018233850030146971,
	"yaw" : 1.3053469178576955,
	"z" : -0.17247427670591639
}
