{
	"pitch" : 1.4838468629232544,
	"roll" : -1.6255696355679656,
	"x" : 0.028565172670455413,
	"y" : 0.0031315836340523335,
	"yaw" : 1.195024423155522,
	"z" : -0.17089398314331403
}
