{
	"pitch" : 1.4600929176378379,
	"roll" : -1.601088167162602,
	"x" : -0.082992343194281351,
	"y" : -0.17995331483673221,
	"yaw" : 1.2067670007895126,
	"z" : -0.17392099108319539
}
