{
	"pitch" : 1.4573133059871264,
	"roll" : -1.4605451130141174,
	"x" : -0.015797703674367641,
	"y" : -0.29968260618188569,
	"yaw" : 1.3452134499762292,
	"z" : -0.16319188491792741
}
