{
	"pitch" : 1.4806446633022718,
	"roll" : -1.5212263923237135,
	"x" : 0.068317594441655916,
	"y" : -0.037088191230816719,
	"yaw" : 1.2898351688528691,
	"z" : -0.12565020143043215
}
