{
	"pitch" : 1.4621156918654077,
	"roll" : -1.5189516125431104,
	"x" : 0.010209980554367004,
	"y" : -0.20895991680424189,
	"yaw" : 1.2869220306896012,
	"z" : -0.071619707491193202
}
