{
	"pitch" : 1.4828690636205126,
	"roll" : -1.5360576319410801,
	"x" : 0.046911375745621292,
	"y" : -0.11386368157142479,
	"yaw" : 1.2845301444978259,
	"z" : -0.16990065472973559
}
