{
	"pitch" : 1.4695040021566623,
	"roll" : -1.5852217329216727,
	"x" : 0.035295841835778302,
	"y" : -0.038664114364363789,
	"yaw" : 1.2325906378381375,
	"z" : -0.17010744018118601
}
