{
	"pitch" : 1.4942215868626361,
	"roll" : -1.6269591388437517,
	"x" : 0.092861113917417026,
	"y" : 0.03367858971646602,
	"yaw" : 1.194121372962945,
	"z" : -0.1553741676633269
}
