{
	"pitch" : 1.4830693049222663,
	"roll" : -1.594575087643052,
	"x" : 0.070317481192876174,
	"y" : -0.029221420635306417,
	"yaw" : 1.2181553994813801,
	"z" : -0.12239654056344781
}
