{
	"pitch" : 1.4970969868488753,
	"roll" : -1.6567697215881514,
	"x" : 0.052994190942458212,
	"y" : -0.082028767929953977,
	"yaw" : 1.1497623029948083,
	"z" : -0.20507476379750089
}
