{
	"pitch" : 1.4663223587313572,
	"roll" : -1.4973977357438055,
	"x" : 0.063450655850809196,
	"y" : -0.055215473631997261,
	"yaw" : 1.310558421239219,
	"z" : -0.16946387354229744
}
