{
	"pitch" : 1.4945697057125342,
	"roll" : -1.5702337674385882,
	"x" : 0.092775888827970082,
	"y" : 0.035170043066921501,
	"yaw" : 1.2509557380179825,
	"z" : -0.17941325121292223
}
