{
	"pitch" : 1.4492885718664688,
	"roll" : -1.4042419525993741,
	"x" : -0.016806240608208664,
	"y" : -0.30898442496467704,
	"yaw" : 1.3972584057237145,
	"z" : -0.17272420617382553
}
