{
	"pitch" : 1.4717068388551915,
	"roll" : -1.4053325725984045,
	"x" : 0.092842962213398716,
	"y" : -0.20310813330593552,
	"yaw" : 1.410252753290659,
	"z" : -0.16874660551598111
}
