{
	"pitch" : 1.4757204489927263,
	"roll" : -1.5428540137289395,
	"x" : 0.064745117561892607,
	"y" : -0.052874988500906689,
	"yaw" : 1.2686693292122508,
	"z" : -0.14133379063285154
}
