{
	"pitch" : 1.5503034782437395,
	"roll" : -0.78309415640007807,
	"x" : 0.099356225074898386,
	"y" : -0.17876806600121384,
	"yaw" : 1.9821815427631675,
	"z" : -0.16682781630176313
}
