{
	"pitch" : 1.486904236169281,
	"roll" : -1.6449627445985304,
	"x" : 0.050329986572875088,
	"y" : 0.03142050043805647,
	"yaw" : 1.1797055884978263,
	"z" : -0.17117263224113333
}
