{
	"pitch" : 1.4682579213679423,
	"roll" : -1.5415023186643446,
	"x" : 0.021202940979280022,
	"y" : -0.18070404277757246,
	"yaw" : 1.2684785492045216,
	"z" : -0.10069870440618757
}
