{
	"pitch" : 1.4776601764125297,
	"roll" : -1.5382120812480138,
	"x" : 0.066419449184460633,
	"y" : -0.043705079732490784,
	"yaw" : 1.2741705549121207,
	"z" : -0.1309443591012201
}
