{
	"pitch" : 1.4923009144706953,
	"roll" : -1.4569356519894245,
	"x" : 0.076143826020974012,
	"y" : -0.012359305789691074,
	"yaw" : 1.3531725478084153,
	"z" : -0.16855550948171191
}
