{
	"pitch" : 1.4858808306687312,
	"roll" : -1.355048843401216,
	"x" : 0.12391713098354426,
	"y" : -0.032502748332638214,
	"yaw" : 1.4690825999494554,
	"z" : -0.16866518658821397
}
