{
	"pitch" : 1.4933401080522628,
	"roll" : -1.523418338642248,
	"x" : 0.065219260827524023,
	"y" : -0.045274288622666449,
	"yaw" : 1.2875873911219307,
	"z" : -0.18657614749366172
}
