{
	"pitch" : 1.4817324499838831,
	"roll" : -1.3464205383270731,
	"x" : 0.027525780402311073,
	"y" : -0.16797349041427143,
	"yaw" : 1.4664016336643595,
	"z" : -0.24900675535177838
}
