{
	"pitch" : 1.4845458760852663,
	"roll" : -1.5845383668152391,
	"x" : 0.033863256280355053,
	"y" : 0.016194376907862108,
	"yaw" : 1.2364585984189813,
	"z" : -0.1707268419132732
}
