{
	"pitch" : 1.4608118244355677,
	"roll" : -1.3004746898738067,
	"x" : 0.11192242988632417,
	"y" : -0.24056474673002723,
	"yaw" : 1.5089547146064359,
	"z" : -0.16795847007621209
}
