{
	"pitch" : 1.4816243454862343,
	"roll" : -1.5373114557895564,
	"x" : 0.076507007762534204,
	"y" : -0.014087665036649686,
	"yaw" : 1.2797945849674879,
	"z" : -0.16986967653456614
}
