{
	"pitch" : 1.4812023670239338,
	"roll" : -1.3416687523803923,
	"x" : 0.026271031622846504,
	"y" : -0.17431301937454705,
	"yaw" : 1.4725577236357419,
	"z" : -0.25156132477393034
}
