{
	"pitch" : 1.4723217183758233,
	"roll" : -1.4077444707376905,
	"x" : 0.069184102364976102,
	"y" : -0.062602760813771086,
	"yaw" : 1.4100878232522915,
	"z" : -0.16895405185858411
}
