{
	"pitch" : 1.4868646604211626,
	"roll" : -1.6312581956267822,
	"x" : 0.041086874090634148,
	"y" : 0.024327097482209719,
	"yaw" : 1.1907451763865207,
	"z" : -0.17098433149275755
}
