{
	"pitch" : 1.4782274601760939,
	"roll" : -1.5879625405757123,
	"x" : 0.055043791316627969,
	"y" : -0.13043343925900505,
	"yaw" : 1.2181296695283435,
	"z" : -0.1701243566342342
}
