{
	"pitch" : 1.4845012769952468,
	"roll" : -1.3818334071616649,
	"x" : 0.11033199547989372,
	"y" : -0.050082203190604156,
	"yaw" : 1.4368101993073075,
	"z" : -0.16824314117358524
}
