{
	"pitch" : 1.4741293950705099,
	"roll" : -1.4130539391529637,
	"x" : 0.077286554005383326,
	"y" : -0.062867331112612265,
	"yaw" : 1.4018933327923775,
	"z" : -0.16896312195704266
}
