{
	"pitch" : 1.4796305514213255,
	"roll" : -1.4534962056966281,
	"x" : 0.071645452954747058,
	"y" : -0.014723250515143681,
	"yaw" : 1.361559898670873,
	"z" : -0.16897908874079778
}
