{
	"pitch" : 1.4956395633852848,
	"roll" : -1.5254043671605408,
	"x" : 0.092230067161099993,
	"y" : 0.036412425281412447,
	"yaw" : 1.2966139165850785,
	"z" : -0.16952039887391204
}
