{
	"pitch" : 1.4690583941680802,
	"roll" : -1.5822973917661314,
	"x" : 0.031830071033533011,
	"y" : -0.035916509015862873,
	"yaw" : 1.2257568346938581,
	"z" : -0.17031257477381351
}
