{
	"pitch" : 1.4736436554744847,
	"roll" : -1.4901462280643802,
	"x" : 0.053349382517115539,
	"y" : -0.090008092161822137,
	"yaw" : 1.3181733411350747,
	"z" : -0.16918193624315012
}
