{
	"pitch" : 1.47296625764557,
	"roll" : -1.4755092103434837,
	"x" : 0.060785830520796974,
	"y" : -0.068015454042295406,
	"yaw" : 1.3303592454256368,
	"z" : -0.16921419805735141
}
