{
	"pitch" : 1.4678486568705669,
	"roll" : -1.4588865904014983,
	"x" : 0.00014518901316540322,
	"y" : -0.25149473379366738,
	"yaw" : 1.3561019906617746,
	"z" : -0.11239260031856604
}
