{
	"pitch" : 1.4999606412410833,
	"roll" : -1.5576588271869791,
	"x" : 0.097172147643658224,
	"y" : 0.034806693284971893,
	"yaw" : 1.273225605880405,
	"z" : -0.17045782955646291
}
