{
	"pitch" : 1.4732483797711076,
	"roll" : -1.4779089086490007,
	"x" : 0.062289365405220259,
	"y" : -0.059084887582273933,
	"yaw" : 1.3414148655157998,
	"z" : -0.16894192564860303
}
