{
	"pitch" : 1.4712756956721231,
	"roll" : -1.6402843592931569,
	"x" : 0.026875391387679366,
	"y" : -0.013781539577865175,
	"yaw" : 1.1755476214755716,
	"z" : -0.17159337768549504
}
