{
	"pitch" : 1.4636899153799006,
	"roll" : -1.3932518346589966,
	"x" : 0.10384249600412464,
	"y" : -0.22256614654169357,
	"yaw" : 1.4154182141676634,
	"z" : -0.16911035778153591
}
