{
	"pitch" : 1.480057251454137,
	"roll" : -1.5319937630898433,
	"x" : 0.068386837178496071,
	"y" : -0.036954604743004542,
	"yaw" : 1.2791528174260698,
	"z" : -0.12567137888353472
}
