{
	"pitch" : 1.4712918366686449,
	"roll" : -1.6645279829247199,
	"x" : 0.026868091421674824,
	"y" : -0.013974852601547601,
	"yaw" : 1.1516289676215021,
	"z" : -0.17151344024045273
}
