{
	"pitch" : 1.4676852157764493,
	"roll" : -1.4759540751692795,
	"x" : 0.059213810289424719,
	"y" : -0.064967944686348256,
	"yaw" : 1.3249842778440948,
	"z" : -0.1696598286573506
}
