{
	"pitch" : 1.4711091024399769,
	"roll" : -1.5172275256866863,
	"x" : 0.06632185805083525,
	"y" : -0.061628967873163715,
	"yaw" : 1.2919097630173242,
	"z" : -0.16853808763586386
}
