{
	"pitch" : 1.4858317081746797,
	"roll" : -1.5204024232597928,
	"x" : 0.074784073471245674,
	"y" : -0.014536040582038048,
	"yaw" : 1.2951548339397292,
	"z" : -0.1187990521931563
}
