{
	"pitch" : 1.470847664158148,
	"roll" : -1.5118582988315357,
	"x" : 0.06430705109831579,
	"y" : -0.053055041704343123,
	"yaw" : 1.2978566658404225,
	"z" : -0.16950329646811776
}
