{
	"pitch" : 1.4516845085479348,
	"roll" : -1.4446635220651574,
	"x" : -0.068079202104380329,
	"y" : -0.25216089010720072,
	"yaw" : 1.3563249163090167,
	"z" : -0.17351157304557066
}
