{
	"pitch" : 1.4784544712374139,
	"roll" : -1.5142163600285943,
	"x" : 0.068099077520907644,
	"y" : -0.038863122231652267,
	"yaw" : 1.2977846586585271,
	"z" : -0.12696909301730272
}
