{
	"pitch" : 1.4748303975497163,
	"roll" : -1.4985855328959139,
	"x" : 0.063188965519064971,
	"y" : -0.054847454124644229,
	"yaw" : 1.3141644264311956,
	"z" : -0.14437975357028512
}
