{
	"pitch" : 1.4905395369564596,
	"roll" : -1.4163740853522047,
	"x" : 0.053386896270061435,
	"y" : -0.023962340548663134,
	"yaw" : 1.406699642063536,
	"z" : -0.16868651439255961
}
