{
	"pitch" : 1.495003429299725,
	"roll" : -1.5058500285183491,
	"x" : 0.095414687440667556,
	"y" : 0.036059962151121477,
	"yaw" : 1.3249638964936798,
	"z" : -0.170756139204577
}
