{
	"pitch" : 1.4504650037917843,
	"roll" : -1.3679687867446737,
	"x" : -0.0069727771885023521,
	"y" : -0.27494300922488885,
	"yaw" : 1.4319280189778341,
	"z" : -0.17278013708866166
}
