{
	"pitch" : 1.4904447515264572,
	"roll" : -1.434528546620619,
	"x" : 0.075864668257664816,
	"y" : -0.011721877889130846,
	"yaw" : 1.3833165954351465,
	"z" : -0.16907001150310816
}
