{
	"pitch" : 1.4734601246914145,
	"roll" : -1.5466392403083575,
	"x" : 0.077288539873632711,
	"y" : -0.013756553864410942,
	"yaw" : 1.2537161283129283,
	"z" : -0.17026979358058147
}
