{
	"pitch" : 1.4695241317564156,
	"roll" : -1.617610791690858,
	"x" : 0.042672344917793335,
	"y" : -0.030973458964869159,
	"yaw" : 1.1929074055694386,
	"z" : -0.17065857620066005
}
