{
	"pitch" : 1.4938902157785969,
	"roll" : -1.5587558080348187,
	"x" : 0.096818722833852261,
	"y" : 0.035583354355577634,
	"yaw" : 1.2731036104025557,
	"z" : -0.17085482431098459
}
