{
	"pitch" : 1.460556213063827,
	"roll" : -1.3003085794423597,
	"x" : 0.112366954692192,
	"y" : -0.24038571872569126,
	"yaw" : 1.5088793251252461,
	"z" : -0.16803864440609462
}
