{
	"pitch" : 1.4843666853062309,
	"roll" : -1.6350039461148855,
	"x" : 0.038846823328081974,
	"y" : 0.021123994060830532,
	"yaw" : 1.1883739119827352,
	"z" : -0.17166126719967059
}
