{
	"pitch" : 1.4746020912315263,
	"roll" : -1.4554273040117451,
	"x" : 0.061536383915483835,
	"y" : -0.058699263012741962,
	"yaw" : 1.3601814305497297,
	"z" : -0.1524743543367223
}
