{
	"pitch" : 1.4998840301491936,
	"roll" : -1.4592729768636818,
	"x" : 0.11637047380305286,
	"y" : 0.020226809123607872,
	"yaw" : 1.3679294210873025,
	"z" : -0.16992758688978521
}
