{
	"pitch" : 1.4792505955104371,
	"roll" : -1.5124925253239423,
	"x" : 0.067616189666292625,
	"y" : -0.039698117094815091,
	"yaw" : 1.2997029142896586,
	"z" : -0.12771176399226922
}
