{
	"pitch" : 1.4797045662623944,
	"roll" : -1.4990704804705708,
	"x" : 0.067929517733803971,
	"y" : -0.035330724809160594,
	"yaw" : 1.3114861614987001,
	"z" : -0.12463055913322106
}
