{
	"pitch" : 1.4665070119955481,
	"roll" : -1.5882893265225198,
	"x" : -0.03317857795363334,
	"y" : -0.11870484648527632,
	"yaw" : 1.2207010341042985,
	"z" : -0.17155420257414158
}
