{
	"pitch" : 1.479540346120191,
	"roll" : -1.5508833683532195,
	"x" : 0.081777152259215335,
	"y" : -0.0026785488989200679,
	"yaw" : 1.2620345720719464,
	"z" : -0.21930374960269342
}
