{
	"pitch" : 1.4589616368067402,
	"roll" : -1.3617979034490788,
	"x" : 0.075527601532744487,
	"y" : -0.25101015489240425,
	"yaw" : 1.4420941211567742,
	"z" : -0.16927650061461416
}
