{
	"pitch" : 1.4742185460041837,
	"roll" : -1.3553076121364709,
	"x" : 0.022675417156474705,
	"y" : -0.18458197260092105,
	"yaw" : 1.4549956402456041,
	"z" : -0.25762615084866303
}
