{
	"pitch" : 1.474975101875327,
	"roll" : -1.6136823452309936,
	"x" : 0.02656881391276774,
	"y" : -0.017505472299344564,
	"yaw" : 1.2055200336197245,
	"z" : -0.17085880514076843
}
