{
	"pitch" : 1.4747126947403462,
	"roll" : -1.5284771682644274,
	"x" : 0.0449161756363846,
	"y" : -0.11083927014782272,
	"yaw" : 1.288010482698914,
	"z" : -0.16926823619557049
}
