{
	"pitch" : 1.4885181460709405,
	"roll" : -1.5241087864435161,
	"x" : 0.032844563225219836,
	"y" : -0.060604483676276098,
	"yaw" : 1.3009077164515113,
	"z" : -0.16890536270822309
}
