{
	"pitch" : 1.4938211831666104,
	"roll" : -1.4176615005841622,
	"x" : 0.12703090108025827,
	"y" : -0.0012235294908042888,
	"yaw" : 1.4076527916180779,
	"z" : -0.16935396964475011
}
