{
	"pitch" : 1.4784739669719626,
	"roll" : -1.3901470005451868,
	"x" : 0.091972544455653851,
	"y" : -0.060152869711812842,
	"yaw" : 1.4332341755875315,
	"z" : -0.16837984926586008
}
