{
	"pitch" : 1.4549631902157538,
	"roll" : -1.444836213008579,
	"x" : 0.012827105824664758,
	"y" : -0.213116167565116,
	"yaw" : 1.3566624012078896,
	"z" : -0.17051468876930845
}
