{
	"pitch" : 1.4958461309121871,
	"roll" : -1.5592665965529851,
	"x" : 0.092807102892623325,
	"y" : 0.035279265706544632,
	"yaw" : 1.261153255047063,
	"z" : -0.17936612939285296
}
