{
	"pitch" : 1.4974551655161903,
	"roll" : -1.4615405558668695,
	"x" : 0.11806189980652976,
	"y" : 0.018429621569302418,
	"yaw" : 1.3666376299080258,
	"z" : -0.17001104799114342
}
