{
	"pitch" : 1.4542931068385296,
	"roll" : -1.3279366175312162,
	"x" : 0.014269929408048436,
	"y" : -0.28805993804523122,
	"yaw" : 1.4775632368661531,
	"z" : -0.17140597012572817
}
