{
	"pitch" : 1.4909171882470991,
	"roll" : -1.5090816333727062,
	"x" : 0.072545507242488316,
	"y" : -0.020426028755400644,
	"yaw" : 1.3050119469108643,
	"z" : -0.16936604185154655
}
