{
	"pitch" : 1.4708585524225584,
	"roll" : -1.4836324670142791,
	"x" : 0.060264182039657332,
	"y" : -0.062130326162355226,
	"yaw" : 1.3258625158915092,
	"z" : -0.16947569248855082
}
