{
	"pitch" : 1.4952778134605715,
	"roll" : -1.5837096158194874,
	"x" : 0.092232304753433109,
	"y" : 0.033445740559711293,
	"yaw" : 1.2359697527259961,
	"z" : -0.15327542273386474
}
