{
	"pitch" : 1.4775133587246174,
	"roll" : -1.5386122423128037,
	"x" : 0.066363887987666098,
	"y" : -0.043559126892402607,
	"yaw" : 1.2738515118346079,
	"z" : -0.13081762586391374
}
