{
	"pitch" : 1.4893458521481171,
	"roll" : -1.537644300031298,
	"x" : 0.078655660171478459,
	"y" : -0.0042605257550580363,
	"yaw" : 1.2755450946269848,
	"z" : -0.11888872475137591
}
