{
	"pitch" : 1.4853477181047614,
	"roll" : -1.2966388238996558,
	"x" : 0.11891735631464735,
	"y" : -0.039685718414807183,
	"yaw" : 1.5247702159026968,
	"z" : -0.16829438227220556
}
