{
	"pitch" : 1.4454689734453809,
	"roll" : -1.4361518627432475,
	"x" : -0.016260008413029256,
	"y" : -0.30950199823482716,
	"yaw" : 1.3649429300307021,
	"z" : -0.17405615546057882
}
