{
	"pitch" : 1.4462069609955499,
	"roll" : -1.4444190757721995,
	"x" : -0.016777329545699673,
	"y" : -0.30950003950432586,
	"yaw" : 1.3565815487949782,
	"z" : -0.17351872638820187
}
