{
	"pitch" : 1.4698883185256757,
	"roll" : -1.4866580319439642,
	"x" : 0.063069890070923867,
	"y" : -0.058712922705650275,
	"yaw" : 1.3218497897874419,
	"z" : -0.18157052249773645
}
