{
	"pitch" : 1.4670001987965615,
	"roll" : -1.6046792383629227,
	"x" : -0.020918572848358297,
	"y" : -0.12283493387986483,
	"yaw" : 1.2068583437624114,
	"z" : -0.17176025463195979
}
