{
	"pitch" : 1.4746370134237343,
	"roll" : -1.5623567601383423,
	"x" : 0.065057839914998028,
	"y" : -0.050173212604056765,
	"yaw" : 1.2503574967055942,
	"z" : -0.13704775798689176
}
