{
	"pitch" : 1.4694841514370782,
	"roll" : -1.4910928149220775,
	"x" : 0.043492456529028924,
	"y" : -0.11893041733961193,
	"yaw" : 1.3203302892403248,
	"z" : -0.17743644570784803
}
