{
	"pitch" : 1.4595657077152471,
	"roll" : -1.5565919665208232,
	"x" : 0.076743654014560347,
	"y" : -0.015375367684593159,
	"yaw" : 1.2487379278576913,
	"z" : -0.17064111572490812
}
