{
	"pitch" : 1.4898468967401119,
	"roll" : -1.5307041735498317,
	"x" : 0.076819565771566012,
	"y" : -0.012942210767706365,
	"yaw" : 1.2823065664124649,
	"z" : -0.17003383066746189
}
