{
	"pitch" : 1.490197541274453,
	"roll" : -1.5149411011959213,
	"x" : 0.063788508715151404,
	"y" : -0.027862610338793389,
	"yaw" : 1.3041669063570476,
	"z" : -0.17055477444426387
}
