{
	"pitch" : 1.4640222672952559,
	"roll" : -1.5941369581170106,
	"x" : 0.0013394767487736464,
	"y" : -0.1292840708541467,
	"yaw" : 1.2166311715507669,
	"z" : -0.1718910492470008
}
