{
	"pitch" : 1.4706599436148353,
	"roll" : -1.5504800674415848,
	"x" : 0.062278213368232097,
	"y" : -0.059977094573116133,
	"yaw" : 1.2623558854219898,
	"z" : -0.16955906537382101
}
