{
	"pitch" : 1.4706875630196858,
	"roll" : -1.4987726502841177,
	"x" : 0.056771610703622633,
	"y" : -0.057694300102367639,
	"yaw" : 1.3178218331164875,
	"z" : -0.16881704218357793
}
