{
	"pitch" : 1.4518442418018305,
	"roll" : -1.3318153710323966,
	"x" : 0.062149121041813513,
	"y" : -0.30001112265099528,
	"yaw" : 1.4734817812245415,
	"z" : -0.17014673429226224
}
