{
	"pitch" : 1.4640962571519234,
	"roll" : -1.3807273798347515,
	"x" : 0.026588563255806837,
	"y" : -0.17096596796504676,
	"yaw" : 1.4348502979320905,
	"z" : -0.23162794119478755
}
