{
	"pitch" : 1.4986009014699342,
	"roll" : -1.4563304510597277,
	"x" : 0.11326753872467597,
	"y" : 0.023502529321738776,
	"yaw" : 1.3706332486946418,
	"z" : -0.16986646518932461
}
