{
	"pitch" : 1.468862072148317,
	"roll" : -1.5275939042579327,
	"x" : 0.062531935952783863,
	"y" : -0.056101289755684326,
	"yaw" : 1.2805228662356141,
	"z" : -0.16960503861013868
}
