{
	"pitch" : 1.4835879643777339,
	"roll" : -1.3982289786435844,
	"x" : 0.10931766031270246,
	"y" : -0.051558499835503785,
	"yaw" : 1.4193827451939525,
	"z" : -0.16827086282915604
}
