{
	"pitch" : 1.4548344291515476,
	"roll" : -1.4421273982129721,
	"x" : 0.012975281763978067,
	"y" : -0.21259627665814393,
	"yaw" : 1.3598696661070224,
	"z" : -0.17038427883490354
}
