{
	"pitch" : 1.4763849084597089,
	"roll" : -1.5835303516090937,
	"x" : 0.040832250638863234,
	"y" : -0.12637057970946652,
	"yaw" : 1.2335002718456061,
	"z" : -0.15485078373427616
}
