{
	"pitch" : 1.4562586354450846,
	"roll" : -1.4337759762812825,
	"x" : 0.051465846379508309,
	"y" : -0.088174953882246818,
	"yaw" : 1.3692002317643688,
	"z" : -0.169569792900295
}
