{
	"pitch" : 1.4957142732980553,
	"roll" : -1.5074718873474964,
	"x" : 0.098115181664912676,
	"y" : 0.035116247274756665,
	"yaw" : 1.3231977431387716,
	"z" : -0.17111086141789236
}
