{
	"pitch" : 1.4707292187166159,
	"roll" : -1.4693137976665027,
	"x" : 0.064770146957110405,
	"y" : -0.049782061770565038,
	"yaw" : 1.3364177717691053,
	"z" : -0.20141693943222433
}
