{
	"pitch" : 1.4676620394817395,
	"roll" : -1.5459984239620719,
	"x" : 0.03833270270341025,
	"y" : -0.11405303710297424,
	"yaw" : 1.2632991340712276,
	"z" : -0.17006809514791299
}
