{
	"pitch" : 1.490159353626058,
	"roll" : -1.4791294112299191,
	"x" : 0.076025985015182485,
	"y" : -0.012391675380761557,
	"yaw" : 1.3394225723917719,
	"z" : -0.16953121092873782
}
