{
	"pitch" : 1.4703015503171717,
	"roll" : -1.6510446013850957,
	"x" : 0.028602891977482947,
	"y" : -0.023080128913676785,
	"yaw" : 1.1637477653844135,
	"z" : -0.17025222144847213
}
