{
	"pitch" : 1.4775696035962471,
	"roll" : -1.491768745593657,
	"x" : 0.04480834390907798,
	"y" : -0.11221672453676373,
	"yaw" : 1.3237708147724494,
	"z" : -0.16959504916193138
}
