{
	"pitch" : 1.4789818608362111,
	"roll" : -1.4034106861845486,
	"x" : 0.083567193615458696,
	"y" : -0.062980807610679299,
	"yaw" : 1.4221203473102628,
	"z" : -0.16857151901548142
}
