{
	"pitch" : 1.4750714589887042,
	"roll" : -1.5584123515648629,
	"x" : 0.064841147823524653,
	"y" : -0.049926999214189673,
	"yaw" : 1.2539480735624617,
	"z" : -0.1369976970109722
}
