{
	"pitch" : 1.4733259767598668,
	"roll" : -1.6938354064251435,
	"x" : 0.027862296742531968,
	"y" : -0.017553759722408569,
	"yaw" : 1.1215958358237157,
	"z" : -0.17117922923882697
}
