{
	"pitch" : 1.4585195252578818,
	"roll" : -1.429697822343053,
	"x" : 0.045107004359226668,
	"y" : -0.112957273932597,
	"yaw" : 1.3698296139166026,
	"z" : -0.16977849032256334
}
