{
	"pitch" : 1.4881760641218695,
	"roll" : -1.5642448747501656,
	"x" : 0.055465098824639965,
	"y" : 0.035830699588126097,
	"yaw" : 1.2693290737133522,
	"z" : -0.17117078745309083
}
