{
	"pitch" : 1.4984049550593661,
	"roll" : -1.3787979807188839,
	"x" : 0.10776908759513922,
	"y" : 0.028373474537206785,
	"yaw" : 1.4506118611155558,
	"z" : -0.16978125247230358
}
