{
	"pitch" : 1.4736703132217828,
	"roll" : -1.552202733504201,
	"x" : 0.053481024044499559,
	"y" : -0.024803641226706315,
	"yaw" : 1.2601974834580769,
	"z" : -0.17019591259615624
}
