{
	"pitch" : 1.4650072680206663,
	"roll" : -1.2833948865905254,
	"x" : 0.10322660106013201,
	"y" : -0.24499017946978111,
	"yaw" : 1.5299649322421485,
	"z" : -0.16826071481540181
}
