{
	"pitch" : 1.4952982943881596,
	"roll" : -1.5162842785546058,
	"x" : 0.075246785627754581,
	"y" : -0.014964580326282978,
	"yaw" : 1.3034065996445248,
	"z" : -0.17091677913153072
}
