{
	"pitch" : 1.4635679830632045,
	"roll" : -1.5113044653738148,
	"x" : 0.043685819235246399,
	"y" : -0.11884490717252388,
	"yaw" : 1.2943730061952026,
	"z" : -0.1693498074289605
}
