{
	"pitch" : 1.4941908333711673,
	"roll" : -1.5990829383193055,
	"x" : 0.09010505168477205,
	"y" : 0.026351879146198316,
	"yaw" : 1.2198429431123445,
	"z" : -0.14048274363373231
}
