{
	"pitch" : 1.4873873429461559,
	"roll" : -1.5285619051467947,
	"x" : 0.054559610293154634,
	"y" : 0.035616517544562923,
	"yaw" : 1.3040622281726892,
	"z" : -0.17126045413717664
}
