{
	"pitch" : 1.4859385073749212,
	"roll" : -1.5836192464701955,
	"x" : 0.03410557827310752,
	"y" : 0.016154564988586667,
	"yaw" : 1.2375115937516032,
	"z" : -0.17074377139345173
}
