{
	"pitch" : 1.4772254152683379,
	"roll" : -1.4621051110402064,
	"x" : 0.077147491858617856,
	"y" : -0.013659905519531293,
	"yaw" : 1.3341605724897416,
	"z" : -0.17074493583889233
}
