{
	"pitch" : 1.4833932218033825,
	"roll" : -1.5677942049408433,
	"x" : 0.077323514520158676,
	"y" : -0.012218690918842784,
	"yaw" : 1.2505379163683621,
	"z" : -0.16959541603253436
}
