{
	"pitch" : 1.494138564705576,
	"roll" : -1.6040539472979267,
	"x" : 0.090800530920847958,
	"y" : 0.029178825903751166,
	"yaw" : 1.2163337901774771,
	"z" : -0.144922679498243
}
