{
	"pitch" : 1.4902993411270067,
	"roll" : -1.5778852289598431,
	"x" : 0.077015511314580981,
	"y" : -0.013140761226323057,
	"yaw" : 1.2393774047141839,
	"z" : -0.17032257397886183
}
