{
	"pitch" : 1.4893525500410896,
	"roll" : -1.3100670098390015,
	"x" : 0.12470578888872526,
	"y" : -0.023263608015310133,
	"yaw" : 1.5130814558621049,
	"z" : -0.16842753133003996
}
