{
	"pitch" : 1.4818857427410097,
	"roll" : -1.6281672750974374,
	"x" : 0.031723696612380795,
	"y" : 0.0099272748846929194,
	"yaw" : 1.1907424004296652,
	"z" : -0.17065586173388073
}
