{
	"pitch" : 1.4694682316138128,
	"roll" : -1.4638266296190261,
	"x" : 0.057874255903503549,
	"y" : -0.059746594797517399,
	"yaw" : 1.3505170535610593,
	"z" : -0.16918863627339348
}
