{
	"pitch" : 1.4920123745724629,
	"roll" : -1.381428869454141,
	"x" : 0.12697774755772245,
	"y" : -0.019085473121432356,
	"yaw" : 1.4393986861368366,
	"z" : -0.1685771561373417
}
