{
	"pitch" : 1.469284491468783,
	"roll" : -1.4746880447788207,
	"x" : 0.065059364271799563,
	"y" : -0.050176923870270035,
	"yaw" : 1.3235787950208817,
	"z" : -0.16977231252668734
}
