{
	"pitch" : 1.4843727900062746,
	"roll" : -1.6293250709083362,
	"x" : 0.028935969642007911,
	"y" : 0.0042316262383177792,
	"yaw" : 1.1923579036435383,
	"z" : -0.17097435343688761
}
