{
	"pitch" : 1.4681095416298175,
	"roll" : -1.4427956250618714,
	"x" : 0.060470947237965672,
	"y" : -0.060421674822990358,
	"yaw" : 1.3639662172945748,
	"z" : -0.1685871025598864
}
