{
	"pitch" : 1.4901014799478818,
	"roll" : -1.5791672933256005,
	"x" : 0.086326039977406399,
	"y" : 0.014944678375901937,
	"yaw" : 1.2374977631909385,
	"z" : -0.12887327358951917
}
