{
	"pitch" : 1.4684496611489999,
	"roll" : -1.430289049615189,
	"x" : 0.065129276057850308,
	"y" : -0.061668463522900743,
	"yaw" : 1.3857142288130584,
	"z" : -0.16927596883229554
}
