{
	"pitch" : 1.48412643365578,
	"roll" : -1.5970835025391967,
	"x" : 0.08476812731939419,
	"y" : 0.006082496879841949,
	"yaw" : 1.2193229379890647,
	"z" : -0.21664063106595269
}
