{
	"pitch" : 1.4532162685547645,
	"roll" : -1.4564957238905731,
	"x" : 0.030015205545047087,
	"y" : -0.16516696093553074,
	"yaw" : 1.3477882860697892,
	"z" : -0.16994495799470974
}
