{
	"pitch" : 1.4578913974924343,
	"roll" : -1.4062780713457042,
	"x" : 0.047516461974438914,
	"y" : -0.10505461332706943,
	"yaw" : 1.3897996309580165,
	"z" : -0.16933206801169939
}
