{
	"pitch" : 1.4975064226143373,
	"roll" : -1.4360485624289587,
	"x" : 0.1200058904272267,
	"y" : 0.01476687368203982,
	"yaw" : 1.3876672612551912,
	"z" : -0.16967138164461365
}
