{
	"pitch" : 1.479264736283727,
	"roll" : -1.3826149611588814,
	"x" : 0.082752185775807494,
	"y" : -0.062855953938039361,
	"yaw" : 1.444401258268162,
	"z" : -0.16844574982849903
}
