{
	"pitch" : 1.4746698861667542,
	"roll" : -1.5692357928828817,
	"x" : 0.03106766357098658,
	"y" : -0.032949829321492943,
	"yaw" : 1.2449992996642625,
	"z" : -0.16989869560689003
}
