{
	"pitch" : 1.4552078756449232,
	"roll" : -1.3563664959645854,
	"x" : 0.066470563441503594,
	"y" : -0.28693841776905715,
	"yaw" : 1.4465070558708484,
	"z" : -0.1703625994304549
}
