{
	"pitch" : 1.4502679616545395,
	"roll" : -1.4219638494928044,
	"x" : -0.0030527412928710723,
	"y" : -0.26563710379998495,
	"yaw" : 1.3809742281742932,
	"z" : -0.17169350585705717
}
