{
	"pitch" : 1.4597599385119251,
	"roll" : -1.5250057546411646,
	"x" : 0.01226087153862114,
	"y" : -0.21149911359537676,
	"yaw" : 1.2840999752884639,
	"z" : -0.070603985858745194
}
