{
	"pitch" : 1.4897003640785302,
	"roll" : -1.4595902772571083,
	"x" : 0.041680416206071165,
	"y" : -0.12051037530901522,
	"yaw" : 1.3467189404179947,
	"z" : -0.22433978636806756
}
