{
	"pitch" : 1.475054694724647,
	"roll" : -1.5195927728198326,
	"x" : 0.063799651432971421,
	"y" : -0.05504138958964426,
	"yaw" : 1.2937566981569526,
	"z" : -0.14395594353530206
}
