{
	"pitch" : 1.4519639146318284,
	"roll" : -1.3968295586163741,
	"x" : -0.0018833914191589279,
	"y" : -0.25911558285058761,
	"yaw" : 1.4068068793566733,
	"z" : -0.17189414266099026
}
