{
	"pitch" : 1.4783929123128605,
	"roll" : -1.5365025637976402,
	"x" : 0.078062820905628216,
	"y" : -0.012860729652969543,
	"yaw" : 1.2732995328961345,
	"z" : -0.22065412406798574
}
