{
	"pitch" : 1.4532793946591749,
	"roll" : -1.4596526296749273,
	"x" : 0.023799357906646862,
	"y" : -0.17958826580312803,
	"yaw" : 1.3459736685679085,
	"z" : -0.17008096683770454
}
