{
	"pitch" : 1.4613553871199132,
	"roll" : -1.3365799447270317,
	"x" : 0.111703485890724,
	"y" : -0.23938746803156533,
	"yaw" : 1.4705147905389544,
	"z" : -0.16859253588231582
}
