{
	"pitch" : 1.4807230372998208,
	"roll" : -1.5115000476831868,
	"x" : 0.068260720387196439,
	"y" : -0.037272618954992134,
	"yaw" : 1.2997859083114753,
	"z" : -0.12568147587571588
}
