{
	"pitch" : 1.4827364517993304,
	"roll" : -1.6200534408369458,
	"x" : 0.09059092277965472,
	"y" : 0.024386402170976124,
	"yaw" : 1.1978256467693025,
	"z" : -0.20345768315077506
}
