{
	"pitch" : 1.4672561873743104,
	"roll" : -1.5872163319563486,
	"x" : -0.032396665722500648,
	"y" : -0.11754268211255203,
	"yaw" : 1.2204309364094328,
	"z" : -0.17190187495306961
}
