{
	"pitch" : 1.4548624450221537,
	"roll" : -1.4368197962209757,
	"x" : 0.012972195003611575,
	"y" : -0.21224463666031285,
	"yaw" : 1.3651583604521467,
	"z" : -0.1703450839745021
}
