{
	"pitch" : 1.498188594109694,
	"roll" : -1.5112705008493406,
	"x" : 0.070997331434537569,
	"y" : -0.029183817113104069,
	"yaw" : 1.3094924085929436,
	"z" : -0.17880957064022934
}
