{
	"pitch" : 1.4788327384658437,
	"roll" : -1.5430330830794596,
	"x" : 0.064380175995780248,
	"y" : -0.056213917130283543,
	"yaw" : 1.2700559782727077,
	"z" : -0.16891595604075096
}
