{
	"pitch" : 1.4558903363915612,
	"roll" : -1.5997151592673426,
	"x" : -0.043529975999702236,
	"y" : -0.15719480990236373,
	"yaw" : 1.2070324127988092,
	"z" : -0.17255280019880329
}
