{
	"pitch" : 1.4923450931676192,
	"roll" : -1.3422175690510034,
	"x" : 0.12742119070838698,
	"y" : -0.011511035514373,
	"yaw" : 1.4814361415398711,
	"z" : -0.16841252424792122
}
