{
	"pitch" : 1.4993463056987002,
	"roll" : -1.4557171456263962,
	"x" : 0.10100281337807906,
	"y" : 0.033266166001254864,
	"yaw" : 1.373778756636004,
	"z" : -0.17034213419691333
}
