{
	"pitch" : 1.4493649889383118,
	"roll" : -1.4560440558391041,
	"x" : -0.078166107099633383,
	"y" : -0.25838393016118499,
	"yaw" : 1.3459663995803604,
	"z" : -0.17429916396772455
}
