{
	"pitch" : 1.4805310749260161,
	"roll" : -1.5960768657391615,
	"x" : 0.034079178187941157,
	"y" : -0.03499482050679302,
	"yaw" : 1.2246411881205954,
	"z" : -0.17019115591343043
}
