{
	"pitch" : 1.4835707514801633,
	"roll" : -1.6490468670254705,
	"x" : 0.042746234714477555,
	"y" : 0.026160507238774135,
	"yaw" : 1.17269128883342,
	"z" : -0.17162313687497877
}
