{
	"pitch" : 1.4956003329492629,
	"roll" : -1.5871534596600285,
	"x" : 0.091330425547348354,
	"y" : 0.030752102559886179,
	"yaw" : 1.2338724444728986,
	"z" : -0.14791360825880073
}
