{
	"pitch" : 1.4725794070180034,
	"roll" : -1.6895435662913523,
	"x" : 0.027724990659039647,
	"y" : -0.016354695406093096,
	"yaw" : 1.1267077235294536,
	"z" : -0.17160160046855424
}
