{
	"pitch" : 1.4978357538566234,
	"roll" : -1.4371853421669973,
	"x" : 0.068786597485130871,
	"y" : -0.03677853300705608,
	"yaw" : 1.37939357337699,
	"z" : -0.18107913125139571
}
