{
	"pitch" : 1.4686173605682871,
	"roll" : -1.4861163363589827,
	"x" : 0.075304789939196121,
	"y" : -0.012426340034129815,
	"yaw" : 1.3167591441481512,
	"z" : -0.16930287128546584
}
