{
	"pitch" : 1.45270940926044,
	"roll" : -1.4163806944919353,
	"x" : -0.008514172512967183,
	"y" : -0.30491879717079773,
	"yaw" : 1.3893045386545948,
	"z" : -0.17323256681238555
}
