{
	"pitch" : 1.4980280359290927,
	"roll" : -1.4316379897988056,
	"x" : 0.05716341191564317,
	"y" : -0.065749548221081491,
	"yaw" : 1.378844211384781,
	"z" : -0.19655511083574989
}
