{
	"pitch" : 1.4888159340595193,
	"roll" : -1.4442716550434895,
	"x" : 0.076945017599834201,
	"y" : -0.010735138736473471,
	"yaw" : 1.3710990881914731,
	"z" : -0.16883053684662572
}
