{
	"pitch" : 1.470828841373842,
	"roll" : -1.4824741893837772,
	"x" : 0.065767148914944423,
	"y" : -0.047529646003950404,
	"yaw" : 1.3161103161475161,
	"z" : -0.16975387035202474
}
