{
	"pitch" : 1.4883748486064527,
	"roll" : -1.6529005711011333,
	"x" : 0.046944151426982966,
	"y" : 0.028345946084601253,
	"yaw" : 1.1763663638179849,
	"z" : -0.17167899105049975
}
