{
	"pitch" : 1.4687116200994443,
	"roll" : -1.5287242581952167,
	"x" : 0.042917352315380117,
	"y" : -0.050375716853396868,
	"yaw" : 1.2815384020807736,
	"z" : -0.16993763095480263
}
