{
	"pitch" : 1.4782661101904999,
	"roll" : -1.4738775655996919,
	"x" : 0.081285996043889322,
	"y" : -0.063054053391639289,
	"yaw" : 1.3410831312739449,
	"z" : -0.16862273370921693
}
