{
	"pitch" : 1.4791575010302016,
	"roll" : -1.6689025848692551,
	"x" : 0.029142789296772886,
	"y" : 0.0035341187059758951,
	"yaw" : 1.1516902908547051,
	"z" : -0.17081178701973643
}
