{
	"pitch" : 1.4781765789596431,
	"roll" : -1.4558330963547537,
	"x" : 0.08542629112549216,
	"y" : -0.0619850612446292,
	"yaw" : 1.3620816368226798,
	"z" : -0.16851084071886049
}
