{
	"pitch" : 1.4911065777691597,
	"roll" : -1.5678816228964969,
	"x" : 0.065094923962711174,
	"y" : 0.038226051142103909,
	"yaw" : 1.2689833556781924,
	"z" : -0.17174285731212074
}
