{
	"pitch" : 1.495066458441882,
	"roll" : -1.5627233801516527,
	"x" : 0.092554454305616388,
	"y" : 0.035716002300049947,
	"yaw" : 1.2582027708001782,
	"z" : -0.16276449082886996
}
