{
	"pitch" : 1.485045233560083,
	"roll" : -1.5751100673969116,
	"x" : 0.090941879916518031,
	"y" : 0.027439371546502132,
	"yaw" : 1.2421294250583885,
	"z" : -0.19867258182601361
}
