{
	"pitch" : 1.4791420323209699,
	"roll" : -1.4323055179260724,
	"x" : 0.086449942499680868,
	"y" : -0.061946173466934248,
	"yaw" : 1.38510271165483,
	"z" : -0.16843816988274704
}
