{
	"pitch" : 1.4792199070730976,
	"roll" : -1.5135737160935021,
	"x" : 0.067669812932926801,
	"y" : -0.039621608861702913,
	"yaw" : 1.2986456052829731,
	"z" : -0.1276710910178005
}
