{
	"pitch" : 1.4897326553301082,
	"roll" : -1.584851939369293,
	"x" : 0.05654758735039004,
	"y" : 0.035914846714662316,
	"yaw" : 1.2485400057171734,
	"z" : -0.17121346324112022
}
