{
	"pitch" : 1.4943569958354359,
	"roll" : -1.591679244724914,
	"x" : 0.075529727433054028,
	"y" : 0.039578203567914187,
	"yaw" : 1.2381010803004675,
	"z" : -0.17105768367516339
}
