{
	"pitch" : 1.4942407532357775,
	"roll" : -1.3513583922020533,
	"x" : 0.12625405729267256,
	"y" : -0.0017743036678776192,
	"yaw" : 1.4701592741088214,
	"z" : -0.16883260166867983
}
