{
	"pitch" : 1.4599595647349739,
	"roll" : -1.595639208875389,
	"x" : -0.0833368990829884,
	"y" : -0.18005936225963415,
	"yaw" : 1.2126909630381493,
	"z" : -0.17399554404263937
}
