{
	"pitch" : 1.4480040181319023,
	"roll" : -1.4015899072446709,
	"x" : 0.0003775016738216258,
	"y" : -0.25478215170601504,
	"yaw" : 1.3976122340069097,
	"z" : -0.1712168012766675
}
