{
	"pitch" : 1.4828034908601151,
	"roll" : -1.3667214787273954,
	"x" : 0.11406461987524344,
	"y" : -0.046730192442256777,
	"yaw" : 1.4560435113906283,
	"z" : -0.16835378945483351
}
