{
	"pitch" : 1.4535716828617367,
	"roll" : -1.4372469077319945,
	"x" : 0.022704805456708242,
	"y" : -0.18752303275894924,
	"yaw" : 1.3676816080190553,
	"z" : -0.1700153562923189
}
