{
	"pitch" : 1.4749682889795601,
	"roll" : -1.4386803559580836,
	"x" : 0.075676319227091907,
	"y" : -0.06254793697810801,
	"yaw" : 1.3757898173814156,
	"z" : -0.16880665583907148
}
