{
	"pitch" : 1.4495642676191045,
	"roll" : -1.3368980275214901,
	"x" : -0.014250338260555079,
	"y" : -0.29593139400640028,
	"yaw" : 1.4619039121650796,
	"z" : -0.17227430651752848
}
