{
	"pitch" : 1.4854429371793014,
	"roll" : -1.3566337696597606,
	"x" : 0.12382185456236883,
	"y" : -0.032284109699074387,
	"yaw" : 1.4672213212900906,
	"z" : -0.16877822244945009
}
