{
	"pitch" : 1.4791433245462779,
	"roll" : -1.6660985090929981,
	"x" : 0.029146455013346069,
	"y" : 0.0035441128063730416,
	"yaw" : 1.1544682981701209,
	"z" : -0.17081174305336205
}
