{
	"pitch" : 1.4473101570686817,
	"roll" : -1.4143318578276778,
	"x" : -0.014768193646663791,
	"y" : -0.30708457132556971,
	"yaw" : 1.387058955552201,
	"z" : -0.17416856569741385
}
