{
	"pitch" : 1.4861392369349784,
	"roll" : -1.3340601749072967,
	"x" : 0.12175462465000522,
	"y" : -0.034841503590641004,
	"yaw" : 1.485137739028429,
	"z" : -0.16813610090293124
}
