{
	"pitch" : 1.455426399979894,
	"roll" : -1.3540552067415257,
	"x" : 0.017374073105897732,
	"y" : -0.20325873824957222,
	"yaw" : 1.4581849021506368,
	"z" : -0.26533265143453222
}
