{
	"pitch" : 1.4688138618233813,
	"roll" : -1.4881701606032725,
	"x" : 0.063067193613056544,
	"y" : -0.058540255173529621,
	"yaw" : 1.3213674604632526,
	"z" : -0.18132471403034808
}
