{
	"pitch" : 1.4931240048529768,
	"roll" : -1.3714059234939135,
	"x" : 0.12808369143137457,
	"y" : -0.0051298243944493446,
	"yaw" : 1.4520293800998632,
	"z" : -0.16858386240910569
}
