{
	"pitch" : 1.4983686522998474,
	"roll" : -1.4297781506081775,
	"x" : 0.10416083578567588,
	"y" : 0.031403062186427556,
	"yaw" : 1.3981592038329407,
	"z" : -0.17036042582489688
}
