{
	"pitch" : 1.4528016918627902,
	"roll" : -1.4059456501690308,
	"x" : 0.017089559215509309,
	"y" : -0.19785543876617134,
	"yaw" : 1.3956755590909244,
	"z" : -0.17009900111191456
}
