{
	"pitch" : 1.4474597005980261,
	"roll" : -1.4196988331157796,
	"x" : -0.014837347334802645,
	"y" : -0.30740897136287793,
	"yaw" : 1.3816085551187274,
	"z" : -0.17394903850718441
}
