{
	"pitch" : 1.4874484562856365,
	"roll" : -1.6042425112253302,
	"x" : 0.051452752444352615,
	"y" : 0.0317936896013232,
	"yaw" : 1.2262239050670289,
	"z" : -0.1715505838301318
}
