{
	"pitch" : 1.4526682581069286,
	"roll" : -1.4373489266655963,
	"x" : 0.014339557734113065,
	"y" : -0.20825659902957516,
	"yaw" : 1.363753339092578,
	"z" : -0.17093371450797992
}
