{
	"pitch" : 1.4733249642363311,
	"roll" : -1.5974651735076382,
	"x" : 0.041262817705946482,
	"y" : -0.047256359696494332,
	"yaw" : 1.2220230192859036,
	"z" : -0.17013712152604746
}
