{
	"pitch" : 1.4861034144956449,
	"roll" : -1.562563907043903,
	"x" : 0.073835901950183039,
	"y" : -0.021836280054608075,
	"yaw" : 1.250173240343343,
	"z" : -0.12032274348345232
}
