{
	"pitch" : 1.4999719747045963,
	"roll" : -1.570628682716436,
	"x" : 0.099535683940404893,
	"y" : 0.034012146016197314,
	"yaw" : 1.2595370234388863,
	"z" : -0.17055702652890001
}
