{
	"pitch" : 1.4573566454865303,
	"roll" : -1.4383953615865182,
	"x" : -0.029365371412489044,
	"y" : -0.27327842006118697,
	"yaw" : 1.3691191845057902,
	"z" : -0.17290609066344675
}
