{
	"pitch" : 1.4763124220215029,
	"roll" : -1.4716595062166207,
	"x" : 0.061055745927393774,
	"y" : -0.061032986255531552,
	"yaw" : 1.3416635930894147,
	"z" : -0.16471080512677988
}
