{
	"pitch" : 1.4687995939463345,
	"roll" : -1.5292357719979419,
	"x" : 0.0083730421890546164,
	"y" : -0.22656892463367118,
	"yaw" : 1.279525201517884,
	"z" : -0.085925609101049488
}
