{
	"pitch" : 1.4745748079773653,
	"roll" : -1.560829391163572,
	"x" : 0.032452407918554298,
	"y" : -0.15407194688761103,
	"yaw" : 1.2545204214484478,
	"z" : -0.1285572147373574
}
