{
	"pitch" : 1.4780353466064169,
	"roll" : -1.4604520243911525,
	"x" : 0.061923258755712397,
	"y" : -0.056066918508467074,
	"yaw" : 1.353697355251221,
	"z" : -0.14675471228556075
}
