{
	"pitch" : 1.4961126836973384,
	"roll" : -1.3647142750360255,
	"x" : 0.1214173061952247,
	"y" : 0.012305781688998667,
	"yaw" : 1.4602147937782639,
	"z" : -0.16904947383391361
}
