{
	"pitch" : 1.4960175487950165,
	"roll" : -1.4783217182784412,
	"x" : 0.091427432512256962,
	"y" : 0.037612068116412205,
	"yaw" : 1.3535645466271273,
	"z" : -0.17113286719759588
}
