{
	"pitch" : 1.4820945353645461,
	"roll" : -1.3779998490373662,
	"x" : 0.030676637309799214,
	"y" : -0.15693455115462371,
	"yaw" : 1.4349938155144717,
	"z" : -0.24270701813745638
}
