{
	"pitch" : 1.4681353981647629,
	"roll" : -1.5293024426843134,
	"x" : 0.064816006088702902,
	"y" : -0.053849008351546684,
	"yaw" : 1.2779816376968571,
	"z" : -0.19549999498237311
}
