{
	"pitch" : 1.4720550009751274,
	"roll" : -1.5734879844031415,
	"x" : -0.070597743941739635,
	"y" : -0.16640641031696857,
	"yaw" : 1.2335993161121257,
	"z" : -0.17274656721744902
}
