{
	"pitch" : 1.490972250711077,
	"roll" : -1.5473283905843767,
	"x" : 0.09195753106900284,
	"y" : 0.033095143522230308,
	"yaw" : 1.2717668322438458,
	"z" : -0.18800775648786605
}
