{
	"pitch" : 1.4863111447737249,
	"roll" : -1.321504600548759,
	"x" : 0.1214235843251974,
	"y" : -0.035290332751016736,
	"yaw" : 1.4970869617049318,
	"z" : -0.16791688924140602
}
