{
	"pitch" : 1.470065134684744,
	"roll" : -1.5124482358940488,
	"x" : 0.056503879822590836,
	"y" : -0.057564917799833498,
	"yaw" : 1.3039251007834807,
	"z" : -0.16888926749642838
}
