{
	"pitch" : 1.4910373985493264,
	"roll" : -1.3566116826510155,
	"x" : 0.10370076547542607,
	"y" : -0.16294761997041207,
	"yaw" : 1.4149966805792016,
	"z" : -0.16695084844523975
}
