{
	"pitch" : 1.4793393389051581,
	"roll" : -1.62017755759684,
	"x" : 0.031914013216670346,
	"y" : 0.012219648935731312,
	"yaw" : 1.1975166213086685,
	"z" : -0.17031459033868415
}
