{
	"pitch" : 1.488317793495217,
	"roll" : -1.446191830986435,
	"x" : 0.047451692854963569,
	"y" : -0.11012353557719076,
	"yaw" : 1.3575718864975885,
	"z" : -0.21825738024839125
}
