{
	"pitch" : 1.4870228305226376,
	"roll" : -1.5032509917394932,
	"x" : 0.075938831268601056,
	"y" : -0.012842269171175669,
	"yaw" : 1.3135387099613545,
	"z" : -0.1695739868441753
}
