{
	"pitch" : 1.454906700790026,
	"roll" : -1.4958344167935358,
	"x" : 0.012235925905589515,
	"y" : -0.20917798228387635,
	"yaw" : 1.3035514319259331,
	"z" : -0.17060432246077753
}
