{
	"pitch" : 1.4723849341975388,
	"roll" : -1.4269093467150169,
	"x" : 0.10405973292298509,
	"y" : -0.16332861578017135,
	"yaw" : 1.3661253543779113,
	"z" : -0.16849527423959998
}
