{
	"pitch" : 1.4791733786256265,
	"roll" : -1.4988737298650843,
	"x" : 0.078287996466393006,
	"y" : -0.010457367404032905,
	"yaw" : 1.3074619725138106,
	"z" : -0.16902665193828764
}
