{
	"pitch" : 1.4748749756569621,
	"roll" : -1.5522152647546723,
	"x" : 0.030196043530430691,
	"y" : -0.032511739476793679,
	"yaw" : 1.2676622914486764,
	"z" : -0.1696852340025598
}
