{
	"pitch" : 1.4656492435636423,
	"roll" : -1.4600664503916332,
	"x" : -0.0055802343040424057,
	"y" : -0.26845512653700154,
	"yaw" : 1.3523352441945651,
	"z" : -0.1321262525216301
}
