{
	"pitch" : 1.4704104669777371,
	"roll" : -1.5143277641790649,
	"x" : 0.030565585135705189,
	"y" : -0.036976214641648547,
	"yaw" : 1.2928294951591608,
	"z" : -0.17007709780240529
}
