{
	"pitch" : 1.4533469551027678,
	"roll" : -1.4174345120733232,
	"x" : 0.01476877739415184,
	"y" : -0.20697387342611007,
	"yaw" : 1.3828775314479322,
	"z" : -0.17050924698629097
}
