{
	"pitch" : 1.464280177170725,
	"roll" : -1.2846142036527308,
	"x" : 0.10174644964733116,
	"y" : -0.24664924924380169,
	"yaw" : 1.5234352714701276,
	"z" : -0.16825716412621172
}
