{
	"pitch" : 1.4746431661435551,
	"roll" : -1.5996233920309195,
	"x" : 0.026406090302103648,
	"y" : -0.017797734657789853,
	"yaw" : 1.2196804364259364,
	"z" : -0.17065196008239625
}
