{
	"pitch" : 1.4656152022132753,
	"roll" : -1.4776696594860388,
	"x" : 0.062227974987274372,
	"y" : -0.057021018816970137,
	"yaw" : 1.3290329285090632,
	"z" : -0.16872813156691974
}
