{
	"pitch" : 1.4751336538887394,
	"roll" : -1.5591730793705896,
	"x" : 0.06481324716329237,
	"y" : -0.049925430344154115,
	"yaw" : 1.2531905671423424,
	"z" : -0.13698401581626837
}
