{
	"pitch" : 1.4667292227000666,
	"roll" : -1.4364208861851451,
	"x" : -0.0061539526737688088,
	"y" : -0.27092509375781099,
	"yaw" : 1.3781691376875012,
	"z" : -0.13424053002979217
}
