{
	"pitch" : 1.4680025389714346,
	"roll" : -1.4937741373160722,
	"x" : 0.050357672503538425,
	"y" : -0.055904234971171807,
	"yaw" : 1.3165507091732926,
	"z" : -0.16922247244783509
}
