{
	"pitch" : 1.4842738461615872,
	"roll" : -1.3807650723538365,
	"x" : 0.11077811600741802,
	"y" : -0.050017181335600111,
	"yaw" : 1.4380952811734495,
	"z" : -0.16836570828540348
}
