{
	"pitch" : 1.4881210240515752,
	"roll" : -1.3992740447042196,
	"x" : 0.016067579698216539,
	"y" : -0.077257383832584042,
	"yaw" : 1.4275435609245906,
	"z" : -0.16804608029362456
}
