{
	"pitch" : 1.4672098864348773,
	"roll" : -1.475788803904889,
	"x" : 0.051865562159573178,
	"y" : -0.056832058504599492,
	"yaw" : 1.3355645337020061,
	"z" : -0.16898125609489503
}
