{
	"pitch" : 1.4531955300751291,
	"roll" : -1.4471437322910152,
	"x" : 0.029474479633095872,
	"y" : -0.16699808342813757,
	"yaw" : 1.3561997274084143,
	"z" : -0.16980819014687634
}
