{
	"pitch" : 1.4922737568783415,
	"roll" : -1.3760581942104331,
	"x" : 0.12700492880287012,
	"y" : -0.018976024580017573,
	"yaw" : 1.444908772234007,
	"z" : -0.16867811801319646
}
