{
	"pitch" : 1.4880929650440329,
	"roll" : -1.5465579552269548,
	"x" : 0.058603213987093658,
	"y" : 0.036738225694940417,
	"yaw" : 1.2838583813841258,
	"z" : -0.17195316381445871
}
