{
	"pitch" : 1.4896016524228102,
	"roll" : -1.3490356895232027,
	"x" : 0.12628512070171904,
	"y" : -0.023052355600945706,
	"yaw" : 1.4749702265704818,
	"z" : -0.16919055532508784
}
