{
	"pitch" : 1.4989459809344194,
	"roll" : -1.4347106338173274,
	"x" : 0.10321976270452951,
	"y" : 0.032115085648181961,
	"yaw" : 1.3942160128605012,
	"z" : -0.17001874544883253
}
