{
	"pitch" : 1.4791990684528247,
	"roll" : -1.5552183384203677,
	"x" : 0.081573340704835448,
	"y" : -0.0035660498439643203,
	"yaw" : 1.2568444462814663,
	"z" : -0.21941968655769367
}
