{
	"pitch" : 1.4772212923385084,
	"roll" : -1.5862684258912938,
	"x" : 0.036291955737469413,
	"y" : -0.14007156870407897,
	"yaw" : 1.2293095744420475,
	"z" : -0.14121777856325757
}
