{
	"pitch" : 1.4584607802481013,
	"roll" : -1.4032245852786727,
	"x" : 0.047191911474862624,
	"y" : -0.10590459976120258,
	"yaw" : 1.3928540801895362,
	"z" : -0.16938077445399122
}
