{
	"pitch" : 1.4653040263412049,
	"roll" : -1.4923311009933591,
	"x" : 0.047299160360711356,
	"y" : -0.05355381483268383,
	"yaw" : 1.3184475178372597,
	"z" : -0.16944175165211603
}
