{
	"pitch" : 1.4889795746526253,
	"roll" : -1.3774716779023848,
	"x" : 0.12431972730341953,
	"y" : -0.027779326172835683,
	"yaw" : 1.4434520944916414,
	"z" : -0.16860533407707035
}
