{
	"pitch" : 1.4685314749263814,
	"roll" : -1.5009943312934722,
	"x" : 0.067217464878066804,
	"y" : -0.043241212257575962,
	"yaw" : 1.3050907744419125,
	"z" : -0.20901250056184478
}
