{
	"pitch" : 1.4945665119186384,
	"roll" : -1.4034034503865385,
	"x" : 0.12596795812973904,
	"y" : 0.0027365969667064866,
	"yaw" : 1.4226474955921795,
	"z" : -0.16990675860121854
}
