{
	"pitch" : 1.4937713559618329,
	"roll" : -1.6185426584551723,
	"x" : 0.075336578590708164,
	"y" : 0.039508394705876998,
	"yaw" : 1.2106263293379782,
	"z" : -0.1710596636194073
}
