{
	"pitch" : 1.4866310878889355,
	"roll" : -1.31545827580585,
	"x" : 0.12117141011628005,
	"y" : -0.035867909528006836,
	"yaw" : 1.5025493240395134,
	"z" : -0.16808475835579956
}
