{
	"pitch" : 1.468070011451893,
	"roll" : -1.6112348909192149,
	"x" : -0.023281723589361189,
	"y" : -0.12198973023888124,
	"yaw" : 1.1998392361256953,
	"z" : -0.17175868025941043
}
