{
	"pitch" : 1.4919660012078302,
	"roll" : -1.4212817243046358,
	"x" : 0.0701032362013852,
	"y" : -0.030958275521213968,
	"yaw" : 1.395735303862129,
	"z" : -0.1679763172276604
}
