{
	"pitch" : 1.4946862893611563,
	"roll" : -1.3235181447159756,
	"x" : 0.1273691664995768,
	"y" : -0.0095491757200386086,
	"yaw" : 1.4981685978728432,
	"z" : -0.16815618729419332
}
