{
	"pitch" : 1.4714155292182924,
	"roll" : -1.6480111650452152,
	"x" : 0.026853319220946213,
	"y" : -0.013908735660856993,
	"yaw" : 1.1676768020923149,
	"z" : -0.17156421568267119
}
