{
	"pitch" : 1.4941340145634681,
	"roll" : -1.5649038875607744,
	"x" : 0.097151813460927799,
	"y" : 0.035556439848112312,
	"yaw" : 1.2670455461778123,
	"z" : -0.17121780832456993
}
