{
	"pitch" : 1.4694736458837685,
	"roll" : -1.5300037247005471,
	"x" : 0.067044308798202251,
	"y" : -0.045409415979314402,
	"yaw" : 1.276540834400675,
	"z" : -0.20657204818032801
}
