{
	"pitch" : 1.4816123857460275,
	"roll" : -1.6018284758804913,
	"x" : 0.026805628294817994,
	"y" : 0.0001613534981856693,
	"yaw" : 1.2177658050047533,
	"z" : -0.17068056725202402
}
