{
	"pitch" : 1.4872077883439712,
	"roll" : -1.4999593523463619,
	"x" : 0.075700318362493163,
	"y" : -0.012681989022432692,
	"yaw" : 1.3148961060105455,
	"z" : -0.11866368468427148
}
