{
	"pitch" : 1.4798030905199804,
	"roll" : -1.3708902671266625,
	"x" : 0.024697436276896259,
	"y" : -0.17863974442948033,
	"yaw" : 1.4413425113369553,
	"z" : -0.25413731289339386
}
