{
	"pitch" : 1.4786495314550085,
	"roll" : -1.5124015557652422,
	"x" : 0.067087578132308159,
	"y" : -0.040961584296219142,
	"yaw" : 1.2997842847506318,
	"z" : -0.12862403314974546
}
