{
	"pitch" : 1.4844984647549979,
	"roll" : -1.2942580439179019,
	"x" : 0.11698907525176533,
	"y" : -0.040743402208543479,
	"yaw" : 1.5274784428414745,
	"z" : -0.16792359947894558
}
