{
	"pitch" : 1.4809340995561269,
	"roll" : -1.4938721841059959,
	"x" : 0.068434588786527265,
	"y" : -0.034665707164544812,
	"yaw" : 1.3172183075334574,
	"z" : -0.12435400070014113
}
