{
	"pitch" : 1.4583077876124566,
	"roll" : -1.6010603080492072,
	"x" : -0.022013392109114696,
	"y" : -0.14601898499921612,
	"yaw" : 1.2060441619992892,
	"z" : -0.17269589828792128
}
