{
	"pitch" : 1.4783585784757287,
	"roll" : -1.6478771610686844,
	"x" : 0.026710730338669879,
	"y" : -0.0043749955873295977,
	"yaw" : 1.17167770960498,
	"z" : -0.17084159703518634
}
