{
	"pitch" : 1.466779846008557,
	"roll" : -1.5108207354090553,
	"x" : 0.04681690323370595,
	"y" : -0.11063117460631766,
	"yaw" : 1.293205717909923,
	"z" : -0.16955363092198683
}
