{
	"pitch" : 1.4937327000876874,
	"roll" : -1.556331541116774,
	"x" : 0.066095117063034212,
	"y" : 0.038273065522822752,
	"yaw" : 1.2766083077452399,
	"z" : -0.17147807279254335
}
