{
	"pitch" : 1.468683529185058,
	"roll" : -1.5303396979909696,
	"x" : 0.043033095028795806,
	"y" : -0.050326670870661824,
	"yaw" : 1.2802307901144072,
	"z" : -0.16983912182075742
}
