{
	"pitch" : 1.4700628601482391,
	"roll" : -1.519244675668409,
	"x" : 0.076093806702827976,
	"y" : -0.012215619240790841,
	"yaw" : 1.285245830702018,
	"z" : -0.17004881467856375
}
