{
	"pitch" : 1.4527118380696387,
	"roll" : -1.3918593955228351,
	"x" : 0.015476322957269473,
	"y" : -0.20276240482569877,
	"yaw" : 1.4090308355917132,
	"z" : -0.17034481252211053
}
