{
	"pitch" : 1.4625802873600895,
	"roll" : -1.3389198339523956,
	"x" : 0.02833300974401963,
	"y" : -0.16064771031463282,
	"yaw" : 1.4740681878496951,
	"z" : -0.22120697823125463
}
