{
	"pitch" : 1.4567645051432507,
	"roll" : -1.5604315693200097,
	"x" : -0.056650663958079273,
	"y" : -0.16435906397559336,
	"yaw" : 1.2467293318989852,
	"z" : -0.17266268420430461
}
