{
	"pitch" : 1.4871386568817617,
	"roll" : -1.6443167658659803,
	"x" : 0.0503004418202804,
	"y" : 0.031355342128578774,
	"yaw" : 1.1802108509309244,
	"z" : -0.17117686632795398
}
