{
	"pitch" : 1.4932920181650411,
	"roll" : -1.6237271002879345,
	"x" : 0.091026761638652143,
	"y" : 0.029449328173098178,
	"yaw" : 1.1969595446046906,
	"z" : -0.1454112761419771
}
