{
	"pitch" : 1.4563660126990776,
	"roll" : -1.4471073528862464,
	"x" : 0.03522952549957948,
	"y" : -0.14310954806911433,
	"yaw" : 1.3579741615441892,
	"z" : -0.16977947704082644
}
