{
	"pitch" : 1.4557377427750968,
	"roll" : -1.4647020614787551,
	"x" : -0.068066962632633204,
	"y" : -0.26144353685866939,
	"yaw" : 1.3450250611359018,
	"z" : -0.17424536373352181
}
