{
	"pitch" : 1.4756309117141431,
	"roll" : -1.4420486285769596,
	"x" : 0.078985899049802771,
	"y" : -0.063117201261374642,
	"yaw" : 1.3720252630576384,
	"z" : -0.16867752110362971
}
