{
	"pitch" : 1.4752699191417002,
	"roll" : -1.5930673427251449,
	"x" : 0.026427394985771721,
	"y" : -0.018144520954957229,
	"yaw" : 1.2262459404722972,
	"z" : -0.17062864074620199
}
