{
	"pitch" : 1.4651372968856624,
	"roll" : -1.5545885499682182,
	"x" : 0.069432444761972592,
	"y" : -0.035844550571639079,
	"yaw" : 1.2512309878957604,
	"z" : -0.17075696550091871
}
