{
	"pitch" : 1.4727618024641238,
	"roll" : -1.5671417362413196,
	"x" : 0.070912608473919461,
	"y" : -0.037038558267909388,
	"yaw" : 1.2419777883840928,
	"z" : -0.21391517639980454
}
