{
	"pitch" : 1.4573133841745896,
	"roll" : -1.567876869582695,
	"x" : -0.053364395252719687,
	"y" : -0.16262823042285651,
	"yaw" : 1.2405301504345063,
	"z" : -0.17255109482041539
}
