{
	"pitch" : 1.4855522629605951,
	"roll" : -1.4968808105656786,
	"x" : 0.067195882182644606,
	"y" : -0.044401337885159896,
	"yaw" : 1.3248599087421196,
	"z" : -0.16822402889192509
}
