{
	"pitch" : 1.498220012872705,
	"roll" : -1.4418563061759204,
	"x" : 0.055862192614199196,
	"y" : -0.072594090481921003,
	"yaw" : 1.3642442129902543,
	"z" : -0.19945958186917284
}
