{
	"pitch" : 1.4804359454730009,
	"roll" : -1.526030288452797,
	"x" : 0.068331599700501552,
	"y" : -0.037006122726985294,
	"yaw" : 1.2850545350373794,
	"z" : -0.1257134293246232
}
