{
	"pitch" : 1.4867251938953212,
	"roll" : -1.642992185782866,
	"x" : 0.050295442592293085,
	"y" : 0.031489906314229557,
	"yaw" : 1.1818992160603148,
	"z" : -0.17115560858098203
}
