{
	"pitch" : 1.4798254159889177,
	"roll" : -1.4395608165360885,
	"x" : 0.096685635195600153,
	"y" : -0.059339853358315646,
	"yaw" : 1.3769485550276048,
	"z" : -0.16884899855634505
}
