{
	"pitch" : 1.4949392567477899,
	"roll" : -1.5718874625542139,
	"x" : 0.092561801625856283,
	"y" : 0.035582512089631528,
	"yaw" : 1.2486314177816911,
	"z" : -0.16189798537275221
}
