{
	"pitch" : 1.4831459696090181,
	"roll" : -1.5129378155742725,
	"x" : 0.065766034853838376,
	"y" : -0.052386205457151391,
	"yaw" : 1.3098216012632096,
	"z" : -0.16821540888562048
}
