{
	"pitch" : 1.4791715041692219,
	"roll" : -1.4307785112133,
	"x" : 0.086642311019647547,
	"y" : -0.062018148366851031,
	"yaw" : 1.3866026477328917,
	"z" : -0.16847185031377745
}
