{
	"pitch" : 1.4916894707328887,
	"roll" : -1.620531401147191,
	"x" : 0.087775040624970407,
	"y" : 0.018177871435227949,
	"yaw" : 1.1964699107152887,
	"z" : -0.13121773200627657
}
