{
	"pitch" : 1.4875623197802146,
	"roll" : -1.5695613851407197,
	"x" : 0.058505097192093791,
	"y" : 0.036583400378100775,
	"yaw" : 1.2603468921909078,
	"z" : -0.17194044368676781
}
