{
	"pitch" : 1.4946525836637565,
	"roll" : -1.6112246084252386,
	"x" : 0.092440381504945518,
	"y" : 0.035278103085028892,
	"yaw" : 1.2103310334418402,
	"z" : -0.1614244601210833
}
