{
	"pitch" : 1.4938224848738022,
	"roll" : -1.5767778440331155,
	"x" : 0.071823586132264292,
	"y" : 0.03959997478116889,
	"yaw" : 1.2516364071374546,
	"z" : -0.17109822855195247
}
