{
	"pitch" : 1.4528484118586531,
	"roll" : -1.3943149812183979,
	"x" : 0.015504409301897004,
	"y" : -0.20287557870386522,
	"yaw" : 1.406633315547009,
	"z" : -0.17035870426977157
}
