{
	"pitch" : 1.4856457133764347,
	"roll" : -1.6356589130646115,
	"x" : 0.04150148836993859,
	"y" : 0.024818862551069437,
	"yaw" : 1.1864336810769802,
	"z" : -0.17099187792585968
}
