{
	"pitch" : 1.4948598180571651,
	"roll" : -1.3659322454258758,
	"x" : 0.12885469850626569,
	"y" : -0.0055363115315943904,
	"yaw" : 1.4569172117157561,
	"z" : -0.16873927402969111
}
