{
	"pitch" : 1.4680505351831707,
	"roll" : -1.5158125918370595,
	"x" : 0.010191827829666142,
	"y" : -0.21645167627219528,
	"yaw" : 1.298834501207476,
	"z" : -0.075794868314144198
}
