{
	"pitch" : 1.4934825411857358,
	"roll" : -1.6201444734496686,
	"x" : 0.09101861174133638,
	"y" : 0.029410521461238681,
	"yaw" : 1.2003781043528527,
	"z" : -0.14538514592542742
}
