{
	"pitch" : 1.4463196424914182,
	"roll" : -1.4416996537899769,
	"x" : -0.016929163133736408,
	"y" : -0.3094568255368092,
	"yaw" : 1.3593080957481751,
	"z" : -0.1734220417868185
}
