{
	"pitch" : 1.4689764022303933,
	"roll" : -1.5813963691629502,
	"x" : 0.031824672408733788,
	"y" : -0.0359288900416663,
	"yaw" : 1.2265305125563042,
	"z" : -0.17029269355825122
}
