{
	"pitch" : 1.4912643272384227,
	"roll" : -1.5525701896628459,
	"x" : 0.066136141134388551,
	"y" : -0.025359869604135329,
	"yaw" : 1.2662068347719979,
	"z" : -0.17042176962344707
}
