{
	"pitch" : 1.4844306820757733,
	"roll" : -1.6420111116428502,
	"x" : 0.04058818726906871,
	"y" : 0.02289789408627399,
	"yaw" : 1.1825764584500793,
	"z" : -0.17155625044512213
}
