{
	"pitch" : 1.4855614332645399,
	"roll" : -1.6097840557200367,
	"x" : 0.047297356506781109,
	"y" : 0.029473320735334037,
	"yaw" : 1.2211014250526397,
	"z" : -0.17149422898181674
}
