{
	"pitch" : 1.4684242106398742,
	"roll" : -1.5852353166855064,
	"x" : 0.029232511821313076,
	"y" : -0.1370501328063353,
	"yaw" : 1.2255314557220558,
	"z" : -0.17084302877884752
}
