{
	"pitch" : 1.4900760795948522,
	"roll" : -1.5905242561509547,
	"x" : 0.085974977651066389,
	"y" : 0.014253447238413623,
	"yaw" : 1.2262935638687786,
	"z" : -0.1284739523485075
}
