{
	"pitch" : 1.4786619412028978,
	"roll" : -1.4783659487833942,
	"x" : 0.01294220882622453,
	"y" : -0.073272242034059826,
	"yaw" : 1.3492722016410417,
	"z" : -0.171016978060373
}
