{
	"pitch" : 1.4985906917458593,
	"roll" : -1.4322942475071689,
	"x" : 0.1165195322903488,
	"y" : 0.01966983943223239,
	"yaw" : 1.3935150420173785,
	"z" : -0.16994935576002573
}
