{
	"pitch" : 1.4837887501007829,
	"roll" : -1.3839271419844079,
	"x" : 0.11015504850190642,
	"y" : -0.050444194379665019,
	"yaw" : 1.4346213574805409,
	"z" : -0.16824663439026313
}
