{
	"pitch" : 1.4833693007034925,
	"roll" : -1.3510567832923381,
	"x" : 0.11557107546552209,
	"y" : -0.042738351195557252,
	"yaw" : 1.4697943566708969,
	"z" : -0.16789636655392862
}
