{
	"pitch" : 1.5019080946605108,
	"roll" : -1.4599093004981343,
	"x" : 0.10470935285508819,
	"y" : 0.031022175279613717,
	"yaw" : 1.3704778787751184,
	"z" : -0.17018078682609064
}
