{
	"pitch" : 1.4969479450925671,
	"roll" : -1.4648782167742014,
	"x" : 0.055605897511031357,
	"y" : -0.073313958616079949,
	"yaw" : 1.3427421039905587,
	"z" : -0.19968945283715694
}
