{
	"pitch" : 1.4690932539233867,
	"roll" : -1.5609244692751312,
	"x" : 0.066377076567432122,
	"y" : -0.052548292490170012,
	"yaw" : 1.2461248691563791,
	"z" : -0.19872786498715767
}
