{
	"pitch" : 1.4544347601177452,
	"roll" : -1.4233081039083608,
	"x" : 0.00086000539627584249,
	"y" : -0.25142389372154728,
	"yaw" : 1.3780230594153384,
	"z" : -0.17176706202271236
}
