{
	"pitch" : 1.492135040291062,
	"roll" : -1.3942533215169692,
	"x" : 0.12770166592948676,
	"y" : -0.01442084891711763,
	"yaw" : 1.4305081404858246,
	"z" : -0.16900523788761029
}
