{
	"pitch" : 1.4876332358303008,
	"roll" : -1.314909165232083,
	"x" : 0.12396072811667089,
	"y" : -0.0259713070790995,
	"yaw" : 1.5086007674392716,
	"z" : -0.16828849675810273
}
