{
	"pitch" : 1.5038827238012336,
	"roll" : -1.4885974061866494,
	"x" : 0.10830184592373582,
	"y" : 0.029088575784695064,
	"yaw" : 1.3441385322661461,
	"z" : -0.16991204066583471
}
