{
	"pitch" : 1.4764916656064919,
	"roll" : -1.5312550270187686,
	"x" : 0.064782767430870358,
	"y" : -0.048827082228225543,
	"yaw" : 1.2808301479908184,
	"z" : -0.13548616486714751
}
