{
	"pitch" : 1.4833737249532046,
	"roll" : -1.546846942949861,
	"x" : 0.09103161511753359,
	"y" : 0.03040960493825897,
	"yaw" : 1.2691445413458968,
	"z" : -0.19435973037730167
}
