{
	"pitch" : 1.4795326569326548,
	"roll" : -1.5473425415848396,
	"x" : 0.081742914673300637,
	"y" : -0.0027647723532616686,
	"yaw" : 1.2654576417485088,
	"z" : -0.21941761599634743
}
