{
	"pitch" : 1.4696814596900187,
	"roll" : -1.3072253348564982,
	"x" : 0.072272904949145692,
	"y" : -0.012454730214395101,
	"yaw" : 1.4816371509509161,
	"z" : -0.16867346110451353
}
