{
	"pitch" : 1.4910936820023661,
	"roll" : -1.413900964632459,
	"x" : 0.12822696593611418,
	"y" : -0.016579436424937657,
	"yaw" : 1.4068106505099471,
	"z" : -0.16907935718098382
}
