{
	"pitch" : 1.4951303487706664,
	"roll" : -1.570685132436308,
	"x" : 0.092723087640735849,
	"y" : 0.035676765006905434,
	"yaw" : 1.2503954578852006,
	"z" : -0.16314994232299029
}
