{
	"pitch" : 1.4869644154902777,
	"roll" : -1.3726316410553625,
	"x" : 0.12307122150071573,
	"y" : -0.033060855302803289,
	"yaw" : 1.4467460102152929,
	"z" : -0.16884040592420443
}
