{
	"pitch" : 1.4794500491363718,
	"roll" : -1.4164496160236948,
	"x" : 0.086637458219625166,
	"y" : -0.061833128564483336,
	"yaw" : 1.4004104721834383,
	"z" : -0.16863804273874836
}
