{
	"pitch" : 1.4541267985969166,
	"roll" : -1.3355588726200713,
	"x" : 0.065504240221390328,
	"y" : -0.2896521546513634,
	"yaw" : 1.4674060064648518,
	"z" : -0.17033004632446691
}
