{
	"pitch" : 1.4887443552457371,
	"roll" : -1.6021381433386208,
	"x" : 0.085206105116740941,
	"y" : 0.01327775870442678,
	"yaw" : 1.2139177812948641,
	"z" : -0.12757121603966892
}
