{
	"pitch" : 1.489543079144144,
	"roll" : -1.547939083010567,
	"x" : 0.091517652212702527,
	"y" : 0.0314198728979736,
	"yaw" : 1.268750169035159,
	"z" : -0.19148996907305466
}
