{
	"pitch" : 1.4925796331508729,
	"roll" : -1.4330468942339909,
	"x" : 0.070592573093709893,
	"y" : -0.028226607170009944,
	"yaw" : 1.3809667372150503,
	"z" : -0.16842081614447743
}
