{
	"pitch" : 1.47096935369689,
	"roll" : -1.4779530146383522,
	"x" : 0.043538967344313499,
	"y" : -0.11805574760620856,
	"yaw" : 1.333062466795327,
	"z" : -0.1763366321987698
}
