{
	"pitch" : 1.4753759885801567,
	"roll" : -1.5677957476379911,
	"x" : 0.065725436139959278,
	"y" : -0.050326320384087374,
	"yaw" : 1.2449519791162478,
	"z" : -0.13800463399048035
}
