{
	"pitch" : 1.4866854459109355,
	"roll" : -1.5850529674802134,
	"x" : 0.087814403357901957,
	"y" : 0.01831138279089204,
	"yaw" : 1.231840643419315,
	"z" : -0.20936302550050251
}
