{
	"pitch" : 1.4634241949690296,
	"roll" : -1.5043636911844422,
	"x" : 0.010688059662991495,
	"y" : -0.20776986949581341,
	"yaw" : 1.3003858640304755,
	"z" : -0.073082733890645166
}
