{
	"pitch" : 1.4718083743353627,
	"roll" : -1.4835686939098169,
	"x" : 0.069915525711295959,
	"y" : -0.062395951476698477,
	"yaw" : 1.3256172758657661,
	"z" : -0.16884605585036291
}
