{
	"pitch" : 1.4618154103287895,
	"roll" : -1.5531950694961134,
	"x" : 0.077007460330109009,
	"y" : -0.01423150771373876,
	"yaw" : 1.2515844937253449,
	"z" : -0.17098620033545839
}
