{
	"pitch" : 1.4693742196476058,
	"roll" : -1.4613802194048753,
	"x" : 0.057825932743228413,
	"y" : -0.059668694746333878,
	"yaw" : 1.3529300416888796,
	"z" : -0.16919685638353679
}
