{
	"pitch" : 1.4539867636970236,
	"roll" : -1.4592848558119413,
	"x" : 0.023574504738162312,
	"y" : -0.1799381371011321,
	"yaw" : 1.3464506424939058,
	"z" : -0.17012017933450041
}
