{
	"pitch" : 1.4536118505220552,
	"roll" : -1.4333298698507111,
	"x" : 0.0096991717510125502,
	"y" : -0.22189071658571852,
	"yaw" : 1.3647991415953247,
	"z" : -0.17080593738696237
}
