{
	"pitch" : 1.4665977324705208,
	"roll" : -1.4861334490580218,
	"x" : 0.042113711429156583,
	"y" : -0.12246538127514792,
	"yaw" : 1.3247148487006051,
	"z" : -0.18099096787037205
}
