{
	"pitch" : 1.4706672824797566,
	"roll" : -1.4839195952530015,
	"x" : 0.060270556853261256,
	"y" : -0.062118589326197626,
	"yaw" : 1.3255627726056363,
	"z" : -0.16945303372718923
}
