{
	"pitch" : 1.4855349079442712,
	"roll" : -1.3382667897402665,
	"x" : 0.11977759770132784,
	"y" : -0.038504220896112495,
	"yaw" : 1.4837025949742233,
	"z" : -0.16856923636685733
}
