{
	"pitch" : 1.4725615089509323,
	"roll" : -1.4758885190380977,
	"x" : 0.098860261061260876,
	"y" : -0.1815519196532607,
	"yaw" : 1.3372632958447164,
	"z" : -0.16856138918887964
}
