{
	"pitch" : 1.4745447774377096,
	"roll" : -1.4239358673258098,
	"x" : 0.078455554846979886,
	"y" : -0.063058490874135523,
	"yaw" : 1.3906683238658231,
	"z" : -0.16873837511222831
}
