{
	"pitch" : 1.4744397587654576,
	"roll" : -1.5798805319611176,
	"x" : 0.030098514735317633,
	"y" : -0.030487705910231391,
	"yaw" : 1.2397424881329027,
	"z" : -0.16992935293235747
}
