{
	"pitch" : 1.4728139512175948,
	"roll" : -1.3943936648784299,
	"x" : 0.082416323554984475,
	"y" : -0.18437670225123826,
	"yaw" : 1.4172330668561022,
	"z" : -0.1682161600326397
}
