{
	"pitch" : 1.4874544284558395,
	"roll" : -1.5952734939371489,
	"x" : 0.052236605103301054,
	"y" : 0.032430507951359738,
	"yaw" : 1.2349723625225191,
	"z" : -0.17155105310581192
}
