{
	"pitch" : 1.4570208343297071,
	"roll" : -1.3467803026198915,
	"x" : 0.014663386879904462,
	"y" : -0.20879580531965064,
	"yaw" : 1.465990008448919,
	"z" : -0.27093880142111537
}
