{
	"pitch" : 1.4667168340451642,
	"roll" : -1.5160288970342548,
	"x" : 0.014814619989678493,
	"y" : -0.20016316683670643,
	"yaw" : 1.2926639739712318,
	"z" : -0.081659458241881644
}
