{
	"pitch" : 1.48299905810988,
	"roll" : -1.5216649475656767,
	"x" : 0.085525952307799927,
	"y" : 0.01366438656853136,
	"yaw" : 1.2901555811954495,
	"z" : -0.21258868528275174
}
