{
	"pitch" : 1.4735404840058495,
	"roll" : -1.6991334622293068,
	"x" : 0.027863345087585964,
	"y" : -0.017164857307971244,
	"yaw" : 1.1169645136253705,
	"z" : -0.17130142169809703
}
