{
	"pitch" : 1.492743709501289,
	"roll" : -1.3835640129117797,
	"x" : 0.12820995876941499,
	"y" : -0.0044390262516314991,
	"yaw" : 1.4411085751699744,
	"z" : -0.16915397260939333
}
