{
	"pitch" : 1.4872478982718116,
	"roll" : -1.5007822081089175,
	"x" : 0.075905704067430094,
	"y" : -0.012840583576127822,
	"yaw" : 1.3160881226356618,
	"z" : -0.16952556392818485
}
