{
	"pitch" : 1.4627835336843693,
	"roll" : -1.3279834238386894,
	"x" : 0.11118019649433478,
	"y" : -0.24124202312989754,
	"yaw" : 1.4848458601206305,
	"z" : -0.16797822865844672
}
