{
	"pitch" : 1.4907811931534796,
	"roll" : -1.570248879484323,
	"x" : 0.079454257818159277,
	"y" : 0.039908866556991225,
	"yaw" : 1.2596332304137614,
	"z" : -0.17102231892533201
}
