{
	"pitch" : 1.4659212844330991,
	"roll" : -1.4764994614137263,
	"x" : 0.062448860199326869,
	"y" : -0.057412971163097903,
	"yaw" : 1.3313742479583044,
	"z" : -0.18664089243298781
}
