{
	"pitch" : 1.4944906174043071,
	"roll" : -1.3770676680682905,
	"x" : 0.12286992356395951,
	"y" : 0.0077909359592460564,
	"yaw" : 1.4482061365006607,
	"z" : -0.16900925847889178
}
