{
	"pitch" : 1.4740805610434089,
	"roll" : -1.6362252398749924,
	"x" : 0.026929656588926598,
	"y" : -0.016142826829423602,
	"yaw" : 1.1825887049892549,
	"z" : -0.17114799348442639
}
