{
	"pitch" : 1.479228956449623,
	"roll" : -1.4198296372819699,
	"x" : 0.08693146807157745,
	"y" : -0.061773318421515205,
	"yaw" : 1.3966583844745322,
	"z" : -0.16890481891745338
}
