{
	"pitch" : 1.4809486153363458,
	"roll" : -1.6646755231669343,
	"x" : 0.034148585389122667,
	"y" : 0.014825103014267709,
	"yaw" : 1.1516332427634048,
	"z" : -0.17072551654440427
}
