{
	"pitch" : 1.4785207469969111,
	"roll" : -1.5881583782651278,
	"x" : 0.065808132695376498,
	"y" : -0.053487670554696852,
	"yaw" : 1.2256685571976216,
	"z" : -0.1691510247406515
}
