{
	"pitch" : 1.4797560237705027,
	"roll" : -1.508737235462277,
	"x" : 0.044529376680845695,
	"y" : -0.11200210685020506,
	"yaw" : 1.3089101568269583,
	"z" : -0.16923993095656856
}
