{
	"pitch" : 1.4788518583009937,
	"roll" : -1.6504381396993346,
	"x" : 0.02677630067489567,
	"y" : -0.0046398236584906227,
	"yaw" : 1.1680218591494438,
	"z" : -0.17080606570875839
}
