{
	"pitch" : 1.493780111217172,
	"roll" : -1.3179243768352868,
	"x" : 0.12766416150228671,
	"y" : -0.0085569747959751887,
	"yaw" : 1.5037805793069872,
	"z" : -0.16833794501514299
}
