{
	"pitch" : 1.4873049131604292,
	"roll" : -1.3079394710492807,
	"x" : 0.12098151317236236,
	"y" : -0.035921475034767017,
	"yaw" : 1.5099698350853046,
	"z" : -0.16801023814973529
}
