{
	"pitch" : 1.4847411849616929,
	"roll" : -1.3211311055864714,
	"x" : 0.12145915722376074,
	"y" : -0.035370891709943925,
	"yaw" : 1.5017876627562989,
	"z" : -0.16869937405057198
}
