{
	"pitch" : 1.4600937304174364,
	"roll" : -1.602444967131796,
	"x" : -0.082965206110817202,
	"y" : -0.17995814857149067,
	"yaw" : 1.205349091085482,
	"z" : -0.17391138778399964
}
