{
	"pitch" : 1.4532867946732384,
	"roll" : -1.3503299931401604,
	"x" : 0.06275867565360975,
	"y" : -0.29742250284813593,
	"yaw" : 1.4536162777765667,
	"z" : -0.17006978626611663
}
