{
	"pitch" : 1.4959846250795883,
	"roll" : -1.345465501919499,
	"x" : 0.10351457170675912,
	"y" : -0.16299931308898535,
	"yaw" : 1.4254475021425386,
	"z" : -0.1667121770746077
}
