{
	"pitch" : 1.4969079890661643,
	"roll" : -1.4058670820831807,
	"x" : 0.1049086135502274,
	"y" : 0.031039837929121031,
	"yaw" : 1.4211248719441851,
	"z" : -0.17013342687991537
}
