{
	"pitch" : 1.4704983150668287,
	"roll" : -1.5445870385446498,
	"x" : 0.063052547486437877,
	"y" : -0.060314825992668769,
	"yaw" : 1.2711539045340552,
	"z" : -0.16987663089349403
}
