{
	"pitch" : 1.4479947993002755,
	"roll" : -1.4191611212449202,
	"x" : -0.014949472465144775,
	"y" : -0.30805703251861571,
	"yaw" : 1.3818721338264628,
	"z" : -0.17374952559944615
}
