{
	"pitch" : 1.4740376693127866,
	"roll" : -1.4690967160420569,
	"x" : 0.062983618789182377,
	"y" : -0.057322381804352465,
	"yaw" : 1.3389398319526411,
	"z" : -0.16965455924082912
}
