{
	"pitch" : 1.4466242936446441,
	"roll" : -1.3897313477754683,
	"x" : -0.014072850807611323,
	"y" : -0.30537045572345006,
	"yaw" : 1.4128356363354386,
	"z" : -0.17412036481620488
}
