{
	"pitch" : 1.4764001761477581,
	"roll" : -1.5488811567291243,
	"x" : 0.045283601200022026,
	"y" : -0.11025847715413131,
	"yaw" : 1.2687460183657766,
	"z" : -0.16955119542046704
}
