{
	"pitch" : 1.4663915397685023,
	"roll" : -1.5013738192342474,
	"x" : 0.060937703999614533,
	"y" : -0.061252931167908087,
	"yaw" : 1.3007356432224921,
	"z" : -0.16987399518089999
}
