{
	"pitch" : 1.4782586049161717,
	"roll" : -1.4712036361409808,
	"x" : 0.083978709488073774,
	"y" : -0.062569360177486003,
	"yaw" : 1.3462836711237527,
	"z" : -0.16866403323073231
}
