{
	"pitch" : 1.4557642809811242,
	"roll" : -1.444071681732167,
	"x" : 0.013429742256407251,
	"y" : -0.2112685629564458,
	"yaw" : 1.3586204183350221,
	"z" : -0.17018457543146015
}
