{
	"pitch" : 1.4815886380934646,
	"roll" : -1.4930945213318894,
	"x" : 0.068775347152306154,
	"y" : -0.034235370583527165,
	"yaw" : 1.3183157706433619,
	"z" : -0.12421530783494342
}
