{
	"pitch" : 1.4901189003806312,
	"roll" : -1.5449330889646065,
	"x" : 0.091416613927846432,
	"y" : 0.03152548568437287,
	"yaw" : 1.2717186579358504,
	"z" : -0.19123562239905575
}
