{
	"pitch" : 1.4751313303212397,
	"roll" : -1.432588352714222,
	"x" : 0.078550739919437687,
	"y" : -0.062955571999238444,
	"yaw" : 1.3820805232010402,
	"z" : -0.16873505046935411
}
