{
	"pitch" : 1.4840226649741328,
	"roll" : -1.3842638111735974,
	"x" : 0.11020166937738979,
	"y" : -0.050429798430577627,
	"yaw" : 1.4342390679059129,
	"z" : -0.16824500647912316
}
