{
	"pitch" : 1.4981458422020686,
	"roll" : -1.4289969926845907,
	"x" : 0.11692412010265463,
	"y" : 0.01908918178164408,
	"yaw" : 1.3965558505216189,
	"z" : -0.16991068796365882
}
