{
	"pitch" : 1.4905238615973644,
	"roll" : -1.5697412944036051,
	"x" : 0.077060991706641685,
	"y" : -0.013144233282838903,
	"yaw" : 1.2476004671487659,
	"z" : -0.17030858238224444
}
