{
	"pitch" : 1.4916221172961939,
	"roll" : -1.5183062388043165,
	"x" : 0.071682529130115857,
	"y" : -0.017670658904240098,
	"yaw" : 1.301730363874682,
	"z" : -0.16999802688915508
}
