{
	"pitch" : 1.4938256264154841,
	"roll" : -1.6214564550506372,
	"x" : 0.093548756751637568,
	"y" : 0.034047068186812052,
	"yaw" : 1.2003385053172377,
	"z" : -0.15748689678698546
}
