{
	"pitch" : 1.45857588216576,
	"roll" : -1.4167267161811941,
	"x" : 0.021571090786628784,
	"y" : -0.19017011917178173,
	"yaw" : 1.4057536696339958,
	"z" : -0.25276544169343396
}
