{
	"pitch" : 1.4619305333775925,
	"roll" : -1.3337862970975845,
	"x" : 0.11143185817926148,
	"y" : -0.23839321237182354,
	"yaw" : 1.473101493125486,
	"z" : -0.16853844484192593
}
