{
	"pitch" : 1.4810090732076053,
	"roll" : -1.5175213086167094,
	"x" : 0.080526688860207266,
	"y" : -0.0066543538778433484,
	"yaw" : 1.2943381927910953,
	"z" : -0.21985544085574543
}
