{
	"pitch" : 1.452432208718391,
	"roll" : -1.4260006496655144,
	"x" : 0.013565397419728183,
	"y" : -0.20758547412669909,
	"yaw" : 1.3767911920970426,
	"z" : -0.17056269879444158
}
