{
	"pitch" : 1.4967766826787405,
	"roll" : -1.4975493120884007,
	"x" : 0.087701157475790825,
	"y" : 0.038718272180531296,
	"yaw" : 1.3380053457632479,
	"z" : -0.17096932536741799
}
