{
	"pitch" : 1.4532030387590595,
	"roll" : -1.4819290793511664,
	"x" : 0.014695270061532872,
	"y" : -0.20881190083615211,
	"yaw" : 1.3200278697807999,
	"z" : -0.17076698565250653
}
