{
	"pitch" : 1.4971626325287042,
	"roll" : -1.503754779338597,
	"x" : 0.088076898924979136,
	"y" : 0.038521529755352529,
	"yaw" : 1.331564401679906,
	"z" : -0.17106209647930481
}
