{
	"pitch" : 1.4821840510269493,
	"roll" : -1.4098662555732353,
	"x" : 0.10576910620490942,
	"y" : -0.053935817918327952,
	"yaw" : 1.4125606297318904,
	"z" : -0.16828311322202721
}
