{
	"pitch" : 1.4549355057134843,
	"roll" : -1.4411409669518318,
	"x" : 0.012472684311532825,
	"y" : -0.21448365916258816,
	"yaw" : 1.3597338539905726,
	"z" : -0.17047431227513554
}
