{
	"pitch" : 1.4829875098259069,
	"roll" : -1.3478966498023226,
	"x" : 0.10725631423299861,
	"y" : -0.052657213573878557,
	"yaw" : 1.4751993017202938,
	"z" : -0.16777146682780322
}
