{
	"pitch" : 1.4591167898193573,
	"roll" : -1.5808083782864271,
	"x" : -0.083641748257805001,
	"y" : -0.17981811431328543,
	"yaw" : 1.2283706612983472,
	"z" : -0.17377878699315441
}
