{
	"pitch" : 1.4549468614981966,
	"roll" : -1.4464482481994081,
	"x" : 0.013901191664822399,
	"y" : -0.20884838214959311,
	"yaw" : 1.3556156465368525,
	"z" : -0.17036440057994193
}
