{
	"pitch" : 1.4706100740148604,
	"roll" : -1.541773858056519,
	"x" : 0.022229448353001738,
	"y" : -0.17907256379594713,
	"yaw" : 1.2693248333799385,
	"z" : -0.10287676094798011
}
