{
	"pitch" : 1.4745319094560814,
	"roll" : -1.5559780053166619,
	"x" : 0.031018363238277648,
	"y" : -0.15755435359158235,
	"yaw" : 1.2563442765697543,
	"z" : -0.12510392249916258
}
