{
	"pitch" : 1.4510553975084191,
	"roll" : -1.3864433207384399,
	"x" : 0.0035472205680778107,
	"y" : -0.24413483793078181,
	"yaw" : 1.4117813018046537,
	"z" : -0.17035706385611538
}
