{
	"pitch" : 1.4786159868352027,
	"roll" : -1.4393033105157176,
	"x" : 0.091266247714990617,
	"y" : -0.060942577048828057,
	"yaw" : 1.3779350040477327,
	"z" : -0.16875136508233723
}
