{
	"pitch" : 1.4782804145304971,
	"roll" : -1.7014223399085775,
	"x" : 0.029042839193367427,
	"y" : 0.0027296720241689245,
	"yaw" : 1.118806438619466,
	"z" : -0.17108472534504146
}
