{
	"pitch" : 1.4783703165873527,
	"roll" : -1.628102989858583,
	"x" : 0.066948244126212558,
	"y" : -0.049752965252729403,
	"yaw" : 1.1874829087054248,
	"z" : -0.16930248237634607
}
