{
	"pitch" : 1.4969952871900503,
	"roll" : -1.4123267840893359,
	"x" : 0.10480597534163871,
	"y" : 0.031138897344085016,
	"yaw" : 1.4150285570427263,
	"z" : -0.17025452821415518
}
