{
	"pitch" : 1.4683063429097976,
	"roll" : -1.5354987377128273,
	"x" : 0.064817883816280925,
	"y" : -0.05430078695169166,
	"yaw" : 1.2713978572916342,
	"z" : -0.19428648424375852
}
