{
	"pitch" : 1.4793767994965206,
	"roll" : -1.6631263907336193,
	"x" : 0.029205776202656429,
	"y" : 0.0035523312399356518,
	"yaw" : 1.1571010871703582,
	"z" : -0.1706687216366051
}
