{
	"pitch" : 1.4702508929765621,
	"roll" : -1.4397093448317342,
	"x" : 0.079435068338739645,
	"y" : -0.15381334928567728,
	"yaw" : 1.3612050351029181,
	"z" : -0.16877587512569175
}
