{
	"pitch" : 1.4977161034281441,
	"roll" : -1.5258258728670338,
	"x" : 0.088240269863949228,
	"y" : 0.038475648482513655,
	"yaw" : 1.308831944866534,
	"z" : -0.17113882241200196
}
