{
	"pitch" : 1.4846908688314395,
	"roll" : -1.6346321544869458,
	"x" : 0.02960233041374076,
	"y" : 0.0060317688533331193,
	"yaw" : 1.188076635292701,
	"z" : -0.17094056964766002
}
