{
	"pitch" : 1.4752938129382156,
	"roll" : -1.6406891783893465,
	"x" : 0.026334804151894091,
	"y" : -0.0098905025169459832,
	"yaw" : 1.1747174291904934,
	"z" : -0.17112552193535061
}
