{
	"pitch" : 1.470121788276979,
	"roll" : -1.5249119024347719,
	"x" : 0.054260312371535502,
	"y" : -0.056518991762860835,
	"yaw" : 1.2915729940325329,
	"z" : -0.16923424795168118
}
