{
	"pitch" : 1.4818301737210802,
	"roll" : -1.3608051532124079,
	"x" : 0.11188311411777022,
	"y" : -0.048844568164655815,
	"yaw" : 1.4629414431303804,
	"z" : -0.16843910208677468
}
