{
	"pitch" : 1.4881608375776316,
	"roll" : -1.5992605132950879,
	"x" : 0.083166593619725365,
	"y" : 0.0072005535241261142,
	"yaw" : 1.2161714010271851,
	"z" : -0.12453819596035459
}
