{
	"pitch" : 1.4789640815620138,
	"roll" : -1.621705133841689,
	"x" : 0.031771547123379679,
	"y" : 0.012259500820648353,
	"yaw" : 1.1960314951480087,
	"z" : -0.17029100705149386
}
