{
	"pitch" : 1.4687011293639549,
	"roll" : -1.5753984194455271,
	"x" : -0.032621316307639592,
	"y" : -0.11886285223808069,
	"yaw" : 1.2349400891983042,
	"z" : -0.17156240156254318
}
