{
	"pitch" : 1.4789551413998645,
	"roll" : -1.4496828065593714,
	"x" : 0.085867295641605168,
	"y" : -0.061911816651012558,
	"yaw" : 1.3678045205390847,
	"z" : -0.16838989774596028
}
