{
	"pitch" : 1.4826143531210862,
	"roll" : -1.3360948741007521,
	"x" : 0.10756086507382079,
	"y" : -0.052283118748314907,
	"yaw" : 1.4862235523482972,
	"z" : -0.1679168316476522
}
