{
	"pitch" : 1.4647352344796047,
	"roll" : -1.4372623599215708,
	"x" : -0.0069924706584257174,
	"y" : -0.27470896686062551,
	"yaw" : 1.3814083770760388,
	"z" : -0.13719128518219356
}
