{
	"pitch" : 1.451050134706404,
	"roll" : -1.406012182113622,
	"x" : 0.026125016383020602,
	"y" : -0.1705114407940167,
	"yaw" : 1.3929082899422756,
	"z" : -0.16903427505443394
}
