{
	"pitch" : 1.4859245147102691,
	"roll" : -1.5216156285276647,
	"x" : 0.074778188876856735,
	"y" : -0.014645690385615534,
	"yaw" : 1.2937883231479876,
	"z" : -0.11883917295025641
}
