{
	"pitch" : 1.4598319556335171,
	"roll" : -1.3077528345832714,
	"x" : 0.014002728346515558,
	"y" : -0.20899983122847882,
	"yaw" : 1.5038036181500225,
	"z" : -0.27095561794585915
}
