{
	"pitch" : 1.4697743151597404,
	"roll" : -1.5051057417527807,
	"x" : 0.033152406868734365,
	"y" : -0.039834260473957377,
	"yaw" : 1.303053128446688,
	"z" : -0.171192407141218
}
