{
	"pitch" : 1.4703625338536337,
	"roll" : -1.5633333596304861,
	"x" : 0.048791593036991723,
	"y" : -0.053144529135470596,
	"yaw" : 1.2540800116780044,
	"z" : -0.16954298611663923
}
