{
	"pitch" : 1.4919828227708043,
	"roll" : -1.524992473212591,
	"x" : 0.037424764137060459,
	"y" : -0.054800877880037402,
	"yaw" : 1.2990380375991317,
	"z" : -0.16919153681093702
}
