{
	"pitch" : 1.4807716307058252,
	"roll" : -1.4276756728377411,
	"x" : 0.095426454287990875,
	"y" : -0.059878235781473679,
	"yaw" : 1.3908058826124823,
	"z" : -0.16856910254088572
}
