{
	"pitch" : 1.482474851153363,
	"roll" : -1.4055956532772591,
	"x" : 0.099573365020613119,
	"y" : -0.056884537064435046,
	"yaw" : 1.4166580106448723,
	"z" : -0.16871935842945546
}
