{
	"pitch" : 1.5002184236198037,
	"roll" : -1.4593547546293397,
	"x" : 0.11393990301569117,
	"y" : 0.023380700017926977,
	"yaw" : 1.3704908276188743,
	"z" : -0.16976952681223173
}
