{
	"pitch" : 1.4828121815032071,
	"roll" : -1.6243259595323465,
	"x" : 0.090592491898023708,
	"y" : 0.024274503000856713,
	"yaw" : 1.1933896541212279,
	"z" : -0.20338200191412786
}
