{
	"pitch" : 1.4625461043683903,
	"roll" : -1.3194002789234438,
	"x" : 0.1108060061239237,
	"y" : -0.24135236704230709,
	"yaw" : 1.4938293458721581,
	"z" : -0.16802245406831193
}
