{
	"pitch" : 1.4544002186572844,
	"roll" : -1.3261972046877912,
	"x" : 0.016545847628889714,
	"y" : -0.28875709311703096,
	"yaw" : 1.4791113859956617,
	"z" : -0.17138640850732342
}
