{
	"pitch" : 1.4822276002404011,
	"roll" : -1.6068759228841778,
	"x" : 0.036064158362161342,
	"y" : -0.034094004267558549,
	"yaw" : 1.2154377784641539,
	"z" : -0.16984167867421765
}
