{
	"pitch" : 1.4926396389422265,
	"roll" : -1.5458929543981235,
	"x" : 0.070214195763229903,
	"y" : -0.019729425451884136,
	"yaw" : 1.2716453817788438,
	"z" : -0.17001673741095377
}
