{
	"pitch" : 1.4849190791249915,
	"roll" : -1.5819771245063889,
	"x" : 0.073431026565394131,
	"y" : -0.022730170006856478,
	"yaw" : 1.2312066271579802,
	"z" : -0.12087830372762898
}
