{
	"pitch" : 1.4868698627409098,
	"roll" : -1.5003313072093385,
	"x" : 0.075884598695944924,
	"y" : -0.012684537983305681,
	"yaw" : 1.3145898426773197,
	"z" : -0.11873522625012832
}
