{
	"pitch" : 1.4800698849867866,
	"roll" : -1.4109932807143717,
	"x" : 0.098023179509258818,
	"y" : -0.057981625317895344,
	"yaw" : 1.4109128299951914,
	"z" : -0.16871167329930212
}
