{
	"pitch" : 1.4489223803500271,
	"roll" : -1.4545730072054608,
	"x" : -0.078728037056725028,
	"y" : -0.25810737913032294,
	"yaw" : 1.3483445411374482,
	"z" : -0.17447641831054234
}
