{
	"pitch" : 1.4965062065927599,
	"roll" : -1.5763609099354561,
	"x" : 0.052381820283948909,
	"y" : -0.09427049748940633,
	"yaw" : 1.2266887340464721,
	"z" : -0.21046940177291817
}
