{
	"pitch" : 1.4793787593804271,
	"roll" : -1.6644058166397149,
	"x" : 0.029166326054614028,
	"y" : 0.0035288407506150338,
	"yaw" : 1.1559564793312089,
	"z" : -0.17072875509495439
}
