{
	"pitch" : 1.4922333314729159,
	"roll" : -1.4424375429925953,
	"x" : 0.070726229091066822,
	"y" : -0.027664692175081627,
	"yaw" : 1.3714834629972037,
	"z" : -0.1684823406684991
}
