{
	"pitch" : 1.4557558380470641,
	"roll" : -1.4246532450490861,
	"x" : 0.013219448372327122,
	"y" : -0.20842333435287419,
	"yaw" : 1.3750156040620052,
	"z" : -0.17036711544693997
}
