{
	"pitch" : 1.45216870292096,
	"roll" : -1.4210610712200731,
	"x" : 0.0088230452619054017,
	"y" : -0.22422320302187965,
	"yaw" : 1.378219230888903,
	"z" : -0.17077114695118062
}
