{
	"pitch" : 1.4796468722498965,
	"roll" : -1.6254832943508539,
	"x" : 0.031765876083070591,
	"y" : 0.011080652046975985,
	"yaw" : 1.1931123968980617,
	"z" : -0.17056389977321398
}
