{
	"pitch" : 1.4798202919131087,
	"roll" : -1.4395314541493835,
	"x" : 0.096602400860994128,
	"y" : -0.059363490493383755,
	"yaw" : 1.3770121604227126,
	"z" : -0.16882834591765022
}
