{
	"pitch" : 1.4687645159575944,
	"roll" : -1.5086819674041521,
	"x" : 0.023014724940245521,
	"y" : -0.17660438977932058,
	"yaw" : 1.3034917222250089,
	"z" : -0.10519876499901254
}
