{
	"pitch" : 1.4909006905389619,
	"roll" : -1.4930535752869871,
	"x" : 0.047913029708106347,
	"y" : -0.10806424355063153,
	"yaw" : 1.3104721968370507,
	"z" : -0.21737356877185116
}
