{
	"pitch" : 1.4803964000947678,
	"roll" : -1.3771943883561264,
	"x" : 0.08279403504734334,
	"y" : -0.062785923698942175,
	"yaw" : 1.4511239922764401,
	"z" : -0.16844701815409158
}
