{
	"pitch" : 1.4974788735621123,
	"roll" : -1.5090260542044993,
	"x" : 0.10089609575366988,
	"y" : 0.033541806359222763,
	"yaw" : 1.3214437606430096,
	"z" : -0.17046606614446391
}
