{
	"pitch" : 1.4700587618523371,
	"roll" : -1.5179128432335476,
	"x" : 0.067368310966723008,
	"y" : -0.04373472240773725,
	"yaw" : 1.2880140814558656,
	"z" : -0.20881384131522457
}
