{
	"pitch" : 1.4765055857265998,
	"roll" : -1.6635107906726698,
	"x" : 0.02753683696612208,
	"y" : -0.012003067279402261,
	"yaw" : 1.1564077780352475,
	"z" : -0.17098528626000759
}
