{
	"pitch" : 1.4803427155791862,
	"roll" : -1.6093232023722115,
	"x" : 0.027111128343848746,
	"y" : -0.0046720890180700775,
	"yaw" : 1.2119397846536328,
	"z" : -0.17085578723788394
}
