{
	"pitch" : 1.4532788613520258,
	"roll" : -1.4807808436346537,
	"x" : 0.014832588367277279,
	"y" : -0.20882564030497383,
	"yaw" : 1.3210655795054653,
	"z" : -0.17091039943828193
}
