{
	"pitch" : 1.489723652215055,
	"roll" : -1.5473751919512477,
	"x" : 0.082454494967534264,
	"y" : 0.0047314599892859747,
	"yaw" : 1.2667539822588993,
	"z" : -0.12284795285219359
}
