{
	"pitch" : 1.4943928009495973,
	"roll" : -1.3087519830763092,
	"x" : 0.12742704403335836,
	"y" : -0.0062727087769061801,
	"yaw" : 1.5119433189156068,
	"z" : -0.16842551936256014
}
