{
	"pitch" : 1.4655022463926839,
	"roll" : -1.4277472451599711,
	"x" : 0.03888154115476046,
	"y" : -0.12998517693174663,
	"yaw" : 1.3852216271808038,
	"z" : -0.1888392105844891
}
