{
	"pitch" : 1.4758649842106504,
	"roll" : -1.5879390527055148,
	"x" : 0.035003972533721513,
	"y" : -0.14640043957419663,
	"yaw" : 1.2280413096774572,
	"z" : -0.13577389452654209
}
