{
	"pitch" : 1.4819618673284718,
	"roll" : -1.3851558693091277,
	"x" : 0.10645470323896226,
	"y" : -0.053641879308723113,
	"yaw" : 1.4379437254109291,
	"z" : -0.16829824377613761
}
