{
	"pitch" : 1.4797114212395646,
	"roll" : -1.5206198229179468,
	"x" : 0.073874471696662586,
	"y" : -0.019243997258502142,
	"yaw" : 1.2865560632409216,
	"z" : -0.219834784075568
}
