{
	"pitch" : 1.4618379653249618,
	"roll" : -1.318753467301349,
	"x" : 0.10776790471726147,
	"y" : -0.22954107544890182,
	"yaw" : 1.4894522403790547,
	"z" : -0.16909912258543736
}
