{
	"pitch" : 1.4849784540980764,
	"roll" : -1.5814659306211178,
	"x" : 0.090846882118973557,
	"y" : 0.027265105181331722,
	"yaw" : 1.2354276983734296,
	"z" : -0.19907305936174874
}
