{
	"pitch" : 1.4790988598208146,
	"roll" : -1.5271739973893281,
	"x" : 0.077932937995049328,
	"y" : -0.012698011130871297,
	"yaw" : 1.2827887269233296,
	"z" : -0.220561020908251
}
