{
	"pitch" : 1.4703607242238417,
	"roll" : -1.434740027170611,
	"x" : 0.085276395522981635,
	"y" : -0.15614586005983405,
	"yaw" : 1.3663418986161551,
	"z" : -0.16868968786489952
}
