{
	"pitch" : 1.4998014935167443,
	"roll" : -1.4790876140335483,
	"x" : 0.061017960433748616,
	"y" : -0.059746077545360828,
	"yaw" : 1.3320735149463587,
	"z" : -0.19323885121668785
}
