{
	"pitch" : 1.4593374178156127,
	"roll" : -1.4100346903085827,
	"x" : 0.021350441602782474,
	"y" : -0.19060330939770809,
	"yaw" : 1.4131813508436759,
	"z" : -0.25333846625192163
}
