{
	"pitch" : 1.4655550465073126,
	"roll" : -1.4954480269563211,
	"x" : 0.010977118281329898,
	"y" : -0.21185706110008978,
	"yaw" : 1.3156220465193684,
	"z" : -0.070688849615623925
}
