{
	"pitch" : 1.4605640613237507,
	"roll" : -1.2954163681173596,
	"x" : 0.01444649137524337,
	"y" : -0.20907763048888164,
	"yaw" : 1.5159557627472302,
	"z" : -0.27101847087881259
}
