{
	"pitch" : 1.4714084084122649,
	"roll" : -1.4809781190662408,
	"x" : 0.060424974327533826,
	"y" : -0.061826493221730033,
	"yaw" : 1.3284887091692232,
	"z" : -0.169481147885403
}
