{
	"pitch" : 1.4629613946569333,
	"roll" : -1.5591718038314979,
	"x" : 0.074640629339840781,
	"y" : -0.019709575258561055,
	"yaw" : 1.2466520504567926,
	"z" : -0.17034492654045427
}
