{
	"pitch" : 1.475676327077416,
	"roll" : -1.4762195045425328,
	"x" : 0.061230290375602688,
	"y" : -0.060952152067309889,
	"yaw" : 1.3387204748956087,
	"z" : -0.16267261806532679
}
