{
	"pitch" : 1.4558507330126176,
	"roll" : -1.3617223125803328,
	"x" : 0.01693157494144705,
	"y" : -0.2040101701406537,
	"yaw" : 1.4517667719315184,
	"z" : -0.26621791711814402
}
