{
	"pitch" : 1.4736883454780851,
	"roll" : -1.5231328264129793,
	"x" : 0.074454564995580841,
	"y" : -0.019951882096461343,
	"yaw" : 1.2779239196757548,
	"z" : -0.16944125871895133
}
