{
	"pitch" : 1.4891612508788696,
	"roll" : -1.6598395629810052,
	"x" : 0.048052606387665779,
	"y" : 0.029547691299787446,
	"yaw" : 1.1623462643365694,
	"z" : -0.17140396928087306
}
