{
	"pitch" : 1.4618399436413483,
	"roll" : -1.3099721721035913,
	"x" : 0.11155757151027801,
	"y" : -0.24055220174634254,
	"yaw" : 1.5014402096053361,
	"z" : -0.16791261944689359
}
