{
	"pitch" : 1.4527590291630494,
	"roll" : -1.4266382970725244,
	"x" : 0.027698393829119969,
	"y" : -0.16263207828513743,
	"yaw" : 1.3755699866328606,
	"z" : -0.1689698931330057
}
