{
	"pitch" : 1.4544126712420407,
	"roll" : -1.4225711429534913,
	"x" : 0.0054781423626825004,
	"y" : -0.23708291368259235,
	"yaw" : 1.3807049903378246,
	"z" : -0.17108573331594645
}
