{
	"pitch" : 1.4934971339959111,
	"roll" : -1.5295635043979057,
	"x" : 0.080596957828425297,
	"y" : 0.0043023355669984439,
	"yaw" : 1.2842200369023211,
	"z" : -0.12190579702671707
}
