{
	"pitch" : 1.4604585806728496,
	"roll" : -1.5816492522389589,
	"x" : -0.013435012041343897,
	"y" : -0.14149496798123701,
	"yaw" : 1.2275576970919906,
	"z" : -0.17278527130107699
}
