{
	"pitch" : 1.4798211718227885,
	"roll" : -1.4374098768795331,
	"x" : 0.086679763451799091,
	"y" : -0.061760724793322938,
	"yaw" : 1.3798488078714826,
	"z" : -0.16860370284347465
}
