{
	"pitch" : 1.4907713974489971,
	"roll" : -1.6156051067665382,
	"x" : 0.083836491360216009,
	"y" : 0.0087387915080199795,
	"yaw" : 1.2004170172978617,
	"z" : -0.12529562179166109
}
