{
	"pitch" : 1.4538532764715635,
	"roll" : -1.4043237042266072,
	"x" : -0.0032443353029245892,
	"y" : -0.30153611758149179,
	"yaw" : 1.3999809854889891,
	"z" : -0.17279856008825409
}
