{
	"pitch" : 1.4852355553760508,
	"roll" : -1.3913727720713449,
	"x" : 0.11760563711068528,
	"y" : -0.041716130425255293,
	"yaw" : 1.4259557979912774,
	"z" : -0.16827230871387713
}
