{
	"pitch" : 1.4984451124924947,
	"roll" : -1.5150097005877312,
	"x" : 0.054044064089918173,
	"y" : -0.077524483782394127,
	"yaw" : 1.2956208359188512,
	"z" : -0.20160881658569627
}
