{
	"pitch" : 1.4816815808810901,
	"roll" : -1.4930498528538056,
	"x" : 0.068829840844606319,
	"y" : -0.034162255871133841,
	"yaw" : 1.3183596769184773,
	"z" : -0.12417273249086386
}
