{
	"pitch" : 1.4890909248687412,
	"roll" : -1.6562297619227557,
	"x" : 0.045620689926615124,
	"y" : 0.027587434217452293,
	"yaw" : 1.1717573981284193,
	"z" : -0.17123144899095349
}
