{
	"pitch" : 1.4957570655198957,
	"roll" : -1.5676843040635295,
	"x" : 0.092810789328510238,
	"y" : 0.035268113843657169,
	"yaw" : 1.252646786717182,
	"z" : -0.17933633564143076
}
