{
	"pitch" : 1.4805082578749358,
	"roll" : -1.4933983733738256,
	"x" : 0.070471594445514277,
	"y" : -0.028465572202987247,
	"yaw" : 1.3206674268781453,
	"z" : -0.16976369854546494
}
