{
	"pitch" : 1.4833321239768,
	"roll" : -1.5797252372304851,
	"x" : 0.070112060418096867,
	"y" : -0.029209639584560711,
	"yaw" : 1.232883290962693,
	"z" : -0.12216571271581003
}
