{
	"pitch" : 1.4908281109888093,
	"roll" : -1.3800596590104672,
	"x" : 0.12706619186263848,
	"y" : -0.019642381508977257,
	"yaw" : 1.4402597176846421,
	"z" : -0.1686944898719365
}
