{
	"pitch" : 1.492657016388051,
	"roll" : -1.5621796657924076,
	"x" : 0.091652075325536611,
	"y" : 0.032707267629615087,
	"yaw" : 1.2560988324639752,
	"z" : -0.1880408461942272
}
