{
	"pitch" : 1.4706913648146589,
	"roll" : -1.5728781397652336,
	"x" : 0.018639065195828627,
	"y" : -0.13412767555131089,
	"yaw" : 1.2375769842075395,
	"z" : -0.17103274289764514
}
