{
	"pitch" : 1.4671736813128222,
	"roll" : -1.6090388519054351,
	"x" : -0.030105585035107157,
	"y" : -0.11996902406893466,
	"yaw" : 1.2011361561274043,
	"z" : -0.17154928025441385
}
