{
	"pitch" : 1.4665343543181075,
	"roll" : -1.4018790182884429,
	"x" : 0.09954635194162835,
	"y" : -0.2160163580078332,
	"yaw" : 1.4071791925508386,
	"z" : -0.16872237358944542
}
