{
	"pitch" : 1.4945503230330808,
	"roll" : -1.5193945058298564,
	"x" : 0.092447752398633218,
	"y" : 0.036943438177543558,
	"yaw" : 1.3079589942639813,
	"z" : -0.17118633026374935
}
