{
	"pitch" : 1.4892081620947364,
	"roll" : -1.5664203614639658,
	"x" : 0.076360030218823649,
	"y" : -0.013213953005870414,
	"yaw" : 1.2504925111277074,
	"z" : -0.16995992573136137
}
