{
	"pitch" : 1.454720302576616,
	"roll" : -1.416410058134675,
	"x" : 0.016673591011970731,
	"y" : -0.20082136140346307,
	"yaw" : 1.3833672977104989,
	"z" : -0.1703705450735177
}
