{
	"pitch" : 1.4745336121694614,
	"roll" : -1.5820121362196473,
	"x" : 0.029959330989284216,
	"y" : -0.030137570582029025,
	"yaw" : 1.2373389608150587,
	"z" : -0.16999650652330159
}
