{
	"pitch" : 1.4681866878132475,
	"roll" : -1.546336425993196,
	"x" : 0.076588476403879058,
	"y" : -0.012138408576620838,
	"yaw" : 1.2586328429276532,
	"z" : -0.17030886186189415
}
