{
	"pitch" : 1.4758999634563124,
	"roll" : -1.5084311994258692,
	"x" : 0.061859126389468458,
	"y" : -0.058218733299885778,
	"yaw" : 1.3063118227624906,
	"z" : -0.15096645433323594
}
