{
	"pitch" : 1.4729628221683027,
	"roll" : -1.5549058538374796,
	"x" : 0.036222129182350418,
	"y" : -0.042029953951681936,
	"yaw" : 1.262663982237799,
	"z" : -0.16969190359690681
}
