{
	"pitch" : 1.4979509731982901,
	"roll" : -1.3986926298629789,
	"x" : 0.11028272456319081,
	"y" : 0.025987944469629772,
	"yaw" : 1.4292391318995912,
	"z" : -0.16935682499907001
}
