{
	"pitch" : 1.4733454440243128,
	"roll" : -1.6644631630546076,
	"x" : 0.027637779322850664,
	"y" : -0.020156331148733532,
	"yaw" : 1.1488553661933494,
	"z" : -0.17083119107190828
}
