{
	"pitch" : 1.4738849810754719,
	"roll" : -1.4367426753403973,
	"x" : 0.10553686641863141,
	"y" : -0.16411284205038243,
	"yaw" : 1.3499815194695595,
	"z" : -0.16870444465854448
}
