{
	"pitch" : 1.4606814042739775,
	"roll" : -1.3005945602111224,
	"x" : 0.11189682294557803,
	"y" : -0.24057546990658532,
	"yaw" : 1.5089283695572069,
	"z" : -0.16795078702753199
}
