{
	"pitch" : 1.4595291575216867,
	"roll" : -1.4950402541359644,
	"x" : 0.011662069233891612,
	"y" : -0.21112585151068877,
	"yaw" : 1.3125954071942221,
	"z" : -0.070306357293099309
}
