{
	"pitch" : 1.4841538459954806,
	"roll" : -1.4054926254049505,
	"x" : 0.11123517270697275,
	"y" : -0.049329336047849386,
	"yaw" : 1.4130895524941971,
	"z" : -0.1685685376881696
}
