{
	"pitch" : 1.4703261723179577,
	"roll" : -1.4871972016313695,
	"x" : 0.05324930541318116,
	"y" : -0.056118831161909695,
	"yaw" : 1.3294824404328844,
	"z" : -0.16893308323273343
}
