{
	"pitch" : 1.5014157908732588,
	"roll" : -1.5263106516153384,
	"x" : 0.11572707797471328,
	"y" : 0.02239379923684217,
	"yaw" : 1.3058027471042948,
	"z" : -0.16992424954658109
}
