{
	"pitch" : 1.4693863987897906,
	"roll" : -1.3800619559432632,
	"x" : 0.090431352326916653,
	"y" : -0.20779596673628201,
	"yaw" : 1.431166707479526,
	"z" : -0.16864341016877085
}
