{
	"pitch" : 1.4565893942207493,
	"roll" : -1.4038315764766867,
	"x" : 0.0098164463253330447,
	"y" : -0.22150601110488638,
	"yaw" : 1.3951875359167158,
	"z" : -0.17047209239491201
}
