{
	"pitch" : 1.4873303117827552,
	"roll" : -1.3941003797749028,
	"x" : 0.12363352906118119,
	"y" : -0.031731054309922763,
	"yaw" : 1.4248590831695291,
	"z" : -0.16908047704056495
}
