{
	"pitch" : 1.4809464317623677,
	"roll" : -1.4756108556018472,
	"x" : 0.0649492269097178,
	"y" : -0.017775267969381288,
	"yaw" : 1.3392607304997421,
	"z" : -0.16908710657141091
}
