{
	"pitch" : 1.4516024399575445,
	"roll" : -1.4269342330538779,
	"x" : -0.0036127114277406114,
	"y" : -0.26753257864525165,
	"yaw" : 1.3759118678056039,
	"z" : -0.17195024090025093
}
