{
	"pitch" : 1.4771651385948723,
	"roll" : -1.5230306267972109,
	"x" : 0.073262105862426749,
	"y" : -0.025087044157051812,
	"yaw" : 1.2892526229278498,
	"z" : -0.1704634643521204
}
