{
	"pitch" : 1.4601917731429841,
	"roll" : -1.301064637756673,
	"x" : 0.014193220544973573,
	"y" : -0.20902226809473018,
	"yaw" : 1.5105267078490832,
	"z" : -0.27099324908176003
}
