{
	"pitch" : 1.4749428708359169,
	"roll" : -1.4712227918655545,
	"x" : 0.063199773203012094,
	"y" : -0.054957838447632412,
	"yaw" : 1.341179396510745,
	"z" : -0.14449087573225677
}
