{
	"pitch" : 1.4868832546496806,
	"roll" : -1.4639435936023701,
	"x" : 0.077555670691202436,
	"y" : -0.010789357155944037,
	"yaw" : 1.3510092681764503,
	"z" : -0.16907505135491877
}
