{
	"pitch" : 1.4949133700548198,
	"roll" : -1.591831448008393,
	"x" : 0.091520015602498256,
	"y" : 0.031041673309708466,
	"yaw" : 1.2289037495590265,
	"z" : -0.14832300013865299
}
