{
	"pitch" : 1.4506078833707596,
	"roll" : -1.4040643753775848,
	"x" : 0.025066664740300108,
	"y" : -0.17302533422163746,
	"yaw" : 1.3945170187673455,
	"z" : -0.16898391928493331
}
