{
	"pitch" : 1.4858702207504162,
	"roll" : -1.6523455749037479,
	"x" : 0.044755899626316598,
	"y" : 0.02787402893058593,
	"yaw" : 1.1695986540590935,
	"z" : -0.17137749647335238
}
