{
	"pitch" : 1.4716356255386092,
	"roll" : -1.4636223023360575,
	"x" : 0.069764101154612138,
	"y" : -0.062422047079766667,
	"yaw" : 1.3457559534084687,
	"z" : -0.16877293358475015
}
