{
	"pitch" : 1.4984450412420047,
	"roll" : -1.3741725211269669,
	"x" : 0.11009874113810177,
	"y" : 0.026538851586430365,
	"yaw" : 1.4540906828225355,
	"z" : -0.16992706624277673
}
