{
	"pitch" : 1.4878569760158191,
	"roll" : -1.5107186442434912,
	"x" : 0.07670017206286428,
	"y" : -0.012935109529113621,
	"yaw" : 1.3068253452106184,
	"z" : -0.1699806880907074
}
