{
	"pitch" : 1.4577294405715768,
	"roll" : -1.4409770929223862,
	"x" : -0.028586900581903163,
	"y" : -0.27351040989040321,
	"yaw" : 1.3664304860876695,
	"z" : -0.17289883698142666
}
