{
	"pitch" : 1.4919500475820446,
	"roll" : -1.5118359354123061,
	"x" : 0.08177874151792161,
	"y" : 0.0044472573831623088,
	"yaw" : 1.3018220650298364,
	"z" : -0.12234682294565952
}
