{
	"pitch" : 1.484120068642226,
	"roll" : -1.5512741864512345,
	"x" : 0.070727434677788609,
	"y" : -0.027842861171163382,
	"yaw" : 1.2616934520301966,
	"z" : -0.12172987597832145
}
