{
	"pitch" : 1.5342320456104492,
	"roll" : -1.1762027731243021,
	"x" : 0.10164436115574195,
	"y" : -0.17174447409818605,
	"yaw" : 1.5932451009422592,
	"z" : -0.16676245763053341
}
