{
	"pitch" : 1.4523844218164272,
	"roll" : -1.4805599066232205,
	"x" : 0.03228547895847262,
	"y" : -0.15225107817296799,
	"yaw" : 1.3222684300687113,
	"z" : -0.16974469112598808
}
