{
	"pitch" : 1.4650334327796779,
	"roll" : -1.4779326091215259,
	"x" : 0.062886241541698376,
	"y" : -0.057199586099727293,
	"yaw" : 1.3307636235018336,
	"z" : -0.18686993211666036
}
