{
	"pitch" : 1.4779524029380693,
	"roll" : -1.5262960814908442,
	"x" : 0.066263928409557582,
	"y" : -0.043895943874388769,
	"yaw" : 1.2857421591974472,
	"z" : -0.13103775423577027
}
