{
	"pitch" : 1.4714609546313662,
	"roll" : -1.5109390029905057,
	"x" : 0.066991224382868558,
	"y" : -0.061756269854057327,
	"yaw" : 1.2983883252281874,
	"z" : -0.16851389927993915
}
