{
	"pitch" : 1.492584336023163,
	"roll" : -1.60741190961902,
	"x" : 0.06228249037595221,
	"y" : 0.036686096545510069,
	"yaw" : 1.2259398599820743,
	"z" : -0.17154574961963878
}
