{
	"pitch" : 1.4684453575605125,
	"roll" : -1.5390209254192631,
	"x" : 0.064848179308829274,
	"y" : -0.054338276184801415,
	"yaw" : 1.2678124029548625,
	"z" : -0.19433991538032497
}
