{
	"pitch" : 1.48058280865849,
	"roll" : -1.5096196447260717,
	"x" : 0.068335159897487979,
	"y" : -0.037509888235179999,
	"yaw" : 1.3018149695609464,
	"z" : -0.12582592523846675
}
