{
	"pitch" : 1.4913218890749524,
	"roll" : -1.5040649752869457,
	"x" : 0.061946950839240719,
	"y" : -0.02943689604757168,
	"yaw" : 1.3138267445041527,
	"z" : -0.1704642760530688
}
