{
	"pitch" : 1.4807848882628205,
	"roll" : -1.3864079378948069,
	"x" : 0.082799150065564195,
	"y" : -0.06287320168916824,
	"yaw" : 1.4414944531889817,
	"z" : -0.16853487430267047
}
