{
	"pitch" : 1.457060647617082,
	"roll" : -1.3624477336034773,
	"x" : 0.071588293802745742,
	"y" : -0.27037189964680292,
	"yaw" : 1.4463371500559912,
	"z" : -0.16965987967685967
}
