{
	"pitch" : 1.4898952229314391,
	"roll" : -1.3641715596498627,
	"x" : 0.12622325996614958,
	"y" : -0.022467699011599777,
	"yaw" : 1.4606406793848536,
	"z" : -0.16901496748159761
}
