{
	"pitch" : 1.4930774635878965,
	"roll" : -1.4639519252285305,
	"x" : 0.075226354582011448,
	"y" : -0.017042358159846858,
	"yaw" : 1.3502518892080344,
	"z" : -0.16882616091162983
}
