{
	"pitch" : 1.4954855627982788,
	"roll" : -1.5141142156426868,
	"x" : 0.097463695849564352,
	"y" : 0.035390004266336608,
	"yaw" : 1.31648440647431,
	"z" : -0.17114910934305902
}
