{
	"pitch" : 1.4555754234746139,
	"roll" : -1.4557403920040111,
	"x" : 0.013803392398087207,
	"y" : -0.20938091508960577,
	"yaw" : 1.3467190129042779,
	"z" : -0.17032281052117956
}
