{
	"pitch" : 1.4748153775544219,
	"roll" : -1.4346459532981872,
	"x" : 0.07593890062768123,
	"y" : -0.062520930016228854,
	"yaw" : 1.3803791645996024,
	"z" : -0.16876286005746396
}
