{
	"pitch" : 1.468594118738112,
	"roll" : -1.5141702996201671,
	"x" : 0.042664438547976892,
	"y" : -0.050320662132233795,
	"yaw" : 1.2961612042319439,
	"z" : -0.16987726127476027
}
