{
	"pitch" : 1.4696200707750695,
	"roll" : -1.6138315348018788,
	"x" : -0.031332512504871443,
	"y" : -0.11936779863147708,
	"yaw" : 1.1969333861112788,
	"z" : -0.17150181202833684
}
