{
	"pitch" : 1.4900617867399282,
	"roll" : -1.362699065933461,
	"x" : 0.12655029217239774,
	"y" : -0.016911784871032585,
	"yaw" : 1.4617271801011356,
	"z" : -0.16863758881753471
}
