{
	"pitch" : 1.4711907266952671,
	"roll" : -1.445426247671914,
	"x" : 0.051556853887612795,
	"y" : -0.096144912534517193,
	"yaw" : 1.357963964410714,
	"z" : -0.1689018091547923
}
