{
	"pitch" : 1.4715644492287558,
	"roll" : -1.4915639130371596,
	"x" : 0.065113912565167464,
	"y" : -0.048434503961532864,
	"yaw" : 1.3176656091589687,
	"z" : -0.16932284221050381
}
