{
	"pitch" : 1.4954365262142044,
	"roll" : -1.5863534913399635,
	"x" : 0.091455419400882101,
	"y" : 0.0334652314417462,
	"yaw" : 1.2336692407591816,
	"z" : -0.15272910456072841
}
