{
	"pitch" : 1.4631453620897505,
	"roll" : -1.514939175873077,
	"x" : 0.018861158743495705,
	"y" : -0.12273037464181145,
	"yaw" : 1.2904421287866583,
	"z" : -0.17099438817730034
}
