{
	"pitch" : 1.4558906772080991,
	"roll" : -1.4312099470647357,
	"x" : 0.013609831847604809,
	"y" : -0.20856895400566022,
	"yaw" : 1.36841389848484,
	"z" : -0.17063165760884216
}
