{
	"pitch" : 1.4669106652505988,
	"roll" : -1.4398303565059558,
	"x" : -0.0060947697188441369,
	"y" : -0.2704983889165764,
	"yaw" : 1.3735764555410264,
	"z" : -0.13363322785302675
}
