{
	"pitch" : 1.4866136815638116,
	"roll" : -1.3431785846533324,
	"x" : 0.12388484445234899,
	"y" : -0.033042963071322089,
	"yaw" : 1.4811650995262622,
	"z" : -0.16875838210657074
}
