{
	"pitch" : 1.4717492051587693,
	"roll" : -1.5233377756157245,
	"x" : 0.076245902941026733,
	"y" : -0.015765093702572647,
	"yaw" : 1.2781005090975641,
	"z" : -0.1697095890169204
}
