{
	"pitch" : 1.4597077481400833,
	"roll" : -1.4460816912069183,
	"x" : -0.055753363333197165,
	"y" : -0.26494873770029137,
	"yaw" : 1.3646653612184996,
	"z" : -0.17377736154986209
}
