{
	"pitch" : 1.4611930907712507,
	"roll" : -1.5512210003545635,
	"x" : 0.076445827628765714,
	"y" : -0.016169477603194669,
	"yaw" : 1.2537750430537522,
	"z" : -0.17061883916952453
}
