{
	"pitch" : 1.4933195024579402,
	"roll" : -1.555852939892481,
	"x" : 0.091681516961466189,
	"y" : 0.032725306113050204,
	"yaw" : 1.2620867947678538,
	"z" : -0.18803200040421197
}
