{
	"pitch" : 1.479409962006708,
	"roll" : -1.4317786816623608,
	"x" : 0.09621948858921231,
	"y" : -0.059408551849250098,
	"yaw" : 1.3847503938442258,
	"z" : -0.16877180034099418
}
