{
	"pitch" : 1.4551409295246176,
	"roll" : -1.4574903906597465,
	"x" : 0.013601863771214376,
	"y" : -0.20863237312359201,
	"yaw" : 1.3443711700629972,
	"z" : -0.17048952604054032
}
