{
	"pitch" : 1.474650092922468,
	"roll" : -1.5882928311948068,
	"x" : 0.029603634236910682,
	"y" : -0.028317588898884728,
	"yaw" : 1.2305917255950236,
	"z" : -0.17035126688086422
}
