{
	"pitch" : 1.4976092912030723,
	"roll" : -1.4115622450305927,
	"x" : 0.1181352441926993,
	"y" : 0.017591727873954938,
	"yaw" : 1.4131098886663136,
	"z" : -0.16979889512350735
}
