{
	"pitch" : 1.4929270482582153,
	"roll" : -1.6379760428093997,
	"x" : 0.059217280047146929,
	"y" : 0.035772812580038914,
	"yaw" : 1.1953319576479471,
	"z" : -0.17152653924749978
}
