{
	"pitch" : 1.4939992501291328,
	"roll" : -1.6168866148657768,
	"x" : 0.090972801176250007,
	"y" : 0.02978646703141094,
	"yaw" : 1.2043427614757534,
	"z" : -0.14612647482199262
}
