{
	"pitch" : 1.4722427541136167,
	"roll" : -1.4771533252687759,
	"x" : 0.068690470974207482,
	"y" : -0.062140111537898814,
	"yaw" : 1.3322319344031226,
	"z" : -0.16856982912744611
}
