{
	"pitch" : 1.4584580920053707,
	"roll" : -1.3160960278834435,
	"x" : 0.01420125031290783,
	"y" : -0.2090585480269242,
	"yaw" : 1.4959422227457007,
	"z" : -0.27096790679537519
}
