{
	"pitch" : 1.4897012087534198,
	"roll" : -1.357016423132243,
	"x" : 0.12631138407084735,
	"y" : -0.019491484835347784,
	"yaw" : 1.467047242210167,
	"z" : -0.16871049553728601
}
