{
	"pitch" : 1.4711495988742695,
	"roll" : -1.5420319217436247,
	"x" : 0.068288756286089852,
	"y" : -0.040799616236563807,
	"yaw" : 1.2655957414321533,
	"z" : -0.21022088906189362
}
