{
	"pitch" : 1.4865296295827755,
	"roll" : -1.5872908276588777,
	"x" : 0.03419180091250671,
	"y" : 0.01597745566531189,
	"yaw" : 1.2342203483202803,
	"z" : -0.17072135829086432
}
