{
	"pitch" : 1.4845723135880629,
	"roll" : -1.3804852395040816,
	"x" : 0.11538617213122114,
	"y" : -0.044862512616412754,
	"yaw" : 1.4381760298788568,
	"z" : -0.16871606240686504
}
