{
	"pitch" : 1.4743017735056414,
	"roll" : -1.4769507226240488,
	"x" : 0.06320075792117176,
	"y" : -0.055047309841024294,
	"yaw" : 1.3357388813537971,
	"z" : -0.14440187035176974
}
