{
	"pitch" : 1.4816464070066357,
	"roll" : -1.4934566661939064,
	"x" : 0.068910360755239486,
	"y" : -0.034021324950065497,
	"yaw" : 1.3178644867782856,
	"z" : -0.12413122122400586
}
