{
	"pitch" : 1.4842037784652706,
	"roll" : -1.4705760318685075,
	"x" : 0.10323782902637905,
	"y" : -0.056675351007824039,
	"yaw" : 1.3489100769454798,
	"z" : -0.16856065944787021
}
