{
	"pitch" : 1.4691809112894896,
	"roll" : -1.5443823728381258,
	"x" : -0.066638613665695956,
	"y" : -0.16364011029418496,
	"yaw" : 1.2659302845006619,
	"z" : -0.17252340021238557
}
