{
	"pitch" : 1.4741150046774305,
	"roll" : -1.5032015641379519,
	"x" : 0.071433270484056913,
	"y" : -0.028309087632259759,
	"yaw" : 1.2991331690575174,
	"z" : -0.16984443113659944
}
