{
	"pitch" : 1.494160262102614,
	"roll" : -1.3751462912356234,
	"x" : 0.12308260108438607,
	"y" : 0.0070713017582008705,
	"yaw" : 1.4500326290481242,
	"z" : -0.16906580464200444
}
