{
	"pitch" : 1.4977994669175312,
	"roll" : -1.4569552745172953,
	"x" : 0.11627701627084676,
	"y" : 0.020825050678713139,
	"yaw" : 1.3725810864571322,
	"z" : -0.17003091639632248
}
