{
	"pitch" : 1.4713692327230545,
	"roll" : -1.5171552993769299,
	"x" : 0.024056657599197936,
	"y" : -0.17438126808612386,
	"yaw" : 1.2953220043079936,
	"z" : -0.10744050364597714
}
