{
	"pitch" : 1.4865005470211894,
	"roll" : -1.3896204164325012,
	"x" : 0.1169210047016849,
	"y" : -0.043111701953144711,
	"yaw" : 1.4279708018216928,
	"z" : -0.16845376377184773
}
