{
	"pitch" : 1.4557575562099823,
	"roll" : -1.4283175768300191,
	"x" : 0.013591377193353224,
	"y" : -0.21066821250307152,
	"yaw" : 1.3719452868547932,
	"z" : -0.17025499291818441
}
