{
	"pitch" : 1.4669575401346013,
	"roll" : -1.5607685816135739,
	"x" : -0.08012999504407077,
	"y" : -0.17554364478462808,
	"yaw" : 1.2466030263561836,
	"z" : -0.17264421044672423
}
