{
	"pitch" : 1.492917003758782,
	"roll" : -1.5420150907664292,
	"x" : 0.09292880651478759,
	"y" : 0.035857381865372864,
	"yaw" : 1.2806066304319637,
	"z" : -0.17677432701664189
}
