{
	"pitch" : 1.4891165302827354,
	"roll" : -1.6018017401985458,
	"x" : 0.08509888321433616,
	"y" : 0.013025923446239497,
	"yaw" : 1.2139951940299023,
	"z" : -0.12738136374349807
}
