{
	"pitch" : 1.4939112544989377,
	"roll" : -1.5923042014425433,
	"x" : 0.09042158475939685,
	"y" : 0.028665452822183697,
	"yaw" : 1.2276322136241702,
	"z" : -0.14391071038140169
}
