{
	"pitch" : 1.4705987751466651,
	"roll" : -1.426031836453457,
	"x" : 0.074486362633674946,
	"y" : -0.011154295960727209,
	"yaw" : 1.3682704830642296,
	"z" : -0.16835649539730624
}
