{
	"pitch" : 1.4735341677169027,
	"roll" : -1.4507152625238062,
	"x" : 0.061403980328229649,
	"y" : -0.058573649137366207,
	"yaw" : 1.3649642631443843,
	"z" : -0.15325225272244522
}
