{
	"pitch" : 1.4534700301033574,
	"roll" : -1.3257071857450273,
	"x" : 0.044894401108495616,
	"y" : -0.29716690041838029,
	"yaw" : 1.4801477645954204,
	"z" : -0.17013431776429522
}
