{
	"pitch" : 1.4832871860308039,
	"roll" : -1.4524522869110155,
	"x" : 0.1042649393748092,
	"y" : -0.055927315045569873,
	"yaw" : 1.3671176486903585,
	"z" : -0.16814039170973166
}
