{
	"pitch" : 1.4932308626788613,
	"roll" : -1.3183966306345394,
	"x" : 0.12824564212112174,
	"y" : -0.0089088881541410075,
	"yaw" : 1.5042678796693822,
	"z" : -0.16858596801220613
}
