{
	"pitch" : 1.4946945172119683,
	"roll" : -1.5345293446221238,
	"x" : 0.095885463432953871,
	"y" : 0.035918700374873963,
	"yaw" : 1.2964093105162739,
	"z" : -0.17083150471645384
}
