{
	"pitch" : 1.4950423779462236,
	"roll" : -1.5621795398006133,
	"x" : 0.083381948308299855,
	"y" : 0.03892762742538023,
	"yaw" : 1.2679909911072629,
	"z" : -0.17079065748055561
}
