{
	"pitch" : 1.4764151161885597,
	"roll" : -1.5897560411553859,
	"x" : 0.031802994952655782,
	"y" : -0.035328292535888386,
	"yaw" : 1.2312000634929818,
	"z" : -0.16988381582831175
}
