{
	"pitch" : 1.4789332937642767,
	"roll" : -1.4459298606698521,
	"x" : 0.08601189509254667,
	"y" : -0.06191156109347206,
	"yaw" : 1.3714358838562202,
	"z" : -0.16839294678965455
}
