{
	"pitch" : 1.4695184398958099,
	"roll" : -1.5558708615156673,
	"x" : 0.062780029140610816,
	"y" : -0.060509976927422326,
	"yaw" : 1.2589557194361527,
	"z" : -0.16983138808195564
}
