{
	"pitch" : 1.4964061377307611,
	"roll" : -1.4915620932663829,
	"x" : 0.09356923474313103,
	"y" : 0.036765984437972528,
	"yaw" : 1.3393111172376049,
	"z" : -0.17093059570492466
}
