{
	"pitch" : 1.4946369603596019,
	"roll" : -1.6105118357633459,
	"x" : 0.091708505546263849,
	"y" : 0.033190683742947369,
	"yaw" : 1.2102291000700727,
	"z" : -0.15266588640792264
}
