{
	"pitch" : 1.4692819414170712,
	"roll" : -1.6087744394702936,
	"x" : -0.032474485918598278,
	"y" : -0.11902348067522776,
	"yaw" : 1.2029342891699624,
	"z" : -0.1716433324805057
}
