{
	"pitch" : 1.484955977221726,
	"roll" : -1.6559351756247549,
	"x" : 0.042955378432214461,
	"y" : 0.026051769364324448,
	"yaw" : 1.1658792930233677,
	"z" : -0.17172560184829447
}
