{
	"pitch" : 1.4692623329594385,
	"roll" : -1.5502647232592477,
	"x" : 0.06771235188163581,
	"y" : -0.044967867513638571,
	"yaw" : 1.2565631322108486,
	"z" : -0.20733019436238453
}
