{
	"pitch" : 1.4890147125505231,
	"roll" : -1.6536852733450793,
	"x" : 0.045452469432640301,
	"y" : 0.027506221618787519,
	"yaw" : 1.1743580276412149,
	"z" : -0.17122380712279267
}
