{
	"pitch" : 1.4526856285993424,
	"roll" : -1.4394192013919977,
	"x" : -0.014513464334532447,
	"y" : -0.30758197618471406,
	"yaw" : 1.3653691080940282,
	"z" : -0.17314976402821797
}
