{
	"pitch" : 1.4969186705694262,
	"roll" : -1.4530413374981732,
	"x" : 0.11728334598361279,
	"y" : 0.019348328848818385,
	"yaw" : 1.3755316543841254,
	"z" : -0.17006358962407797
}
