{
	"pitch" : 1.4554020442702287,
	"roll" : -1.4290453602225202,
	"x" : 0.013772805237738633,
	"y" : -0.20817678826595268,
	"yaw" : 1.3715893844313316,
	"z" : -0.17039271501819728
}
