{
	"pitch" : 1.4703520753285406,
	"roll" : -1.6528947611381621,
	"x" : 0.028567233522113634,
	"y" : -0.023186682294740191,
	"yaw" : 1.1616425357853666,
	"z" : -0.1702110426752961
}
