{
	"pitch" : 1.4565371247564449,
	"roll" : -1.4526584866184817,
	"x" : 0.041974108346410195,
	"y" : -0.12577553687468865,
	"yaw" : 1.3475356507740925,
	"z" : -0.16979769167271319
}
