{
	"pitch" : 1.4705608079092507,
	"roll" : -1.4950700571861124,
	"x" : 0.053583039093202459,
	"y" : -0.056259807098815368,
	"yaw" : 1.3214214928246335,
	"z" : -0.16903326136280655
}
