{
	"pitch" : 1.4846441566059885,
	"roll" : -1.3163580376306718,
	"x" : 0.12046249467010781,
	"y" : -0.036915331110607873,
	"yaw" : 1.5055522650200295,
	"z" : -0.16841115532186546
}
