{
	"pitch" : 1.4935242409867071,
	"roll" : -1.6252477079990193,
	"x" : 0.091096125314514553,
	"y" : 0.029348100622302677,
	"yaw" : 1.195242378063077,
	"z" : -0.14537776568986394
}
