{
	"pitch" : 1.4740934489396649,
	"roll" : -1.4060738902140832,
	"x" : 0.074438883278829887,
	"y" : -0.06333457050270215,
	"yaw" : 1.4136855561121917,
	"z" : -0.16867257731539315
}
