{
	"pitch" : 1.4722685792187826,
	"roll" : -1.7052031893109034,
	"x" : 0.027323930302875998,
	"y" : -0.015296108927335749,
	"yaw" : 1.1111022515818034,
	"z" : -0.17172930925147914
}
