{
	"pitch" : 1.4822758197529047,
	"roll" : -1.4103424753373162,
	"x" : 0.10594923196379927,
	"y" : -0.053891687730585537,
	"yaw" : 1.4124754702899796,
	"z" : -0.16831121467093571
}
