{
	"pitch" : 1.4701492221351602,
	"roll" : -1.4730537544820688,
	"x" : 0.059052036709980424,
	"y" : -0.060225795420948816,
	"yaw" : 1.3414787209705894,
	"z" : -0.16898476343385335
}
