{
	"pitch" : 1.46696484855464,
	"roll" : -1.5942633305879008,
	"x" : -0.032493806266471359,
	"y" : -0.11901069762510719,
	"yaw" : 1.2157674122287938,
	"z" : -0.17120652945303994
}
