{
	"pitch" : 1.4806722304767854,
	"roll" : -1.5380780709548256,
	"x" : 0.075982874331123676,
	"y" : -0.015408493384945095,
	"yaw" : 1.2787735771507402,
	"z" : -0.16981781972876614
}
