{
	"pitch" : 1.4938969195086416,
	"roll" : -1.5802523571094624,
	"x" : 0.072097984926397143,
	"y" : 0.03960940786200453,
	"yaw" : 1.2482451288484224,
	"z" : -0.17103066950575829
}
