{
	"pitch" : 1.4765356326107517,
	"roll" : -1.6541165182765547,
	"x" : 0.027371104864009316,
	"y" : -0.012869312967364521,
	"yaw" : 1.1651872141838899,
	"z" : -0.17097909206763401
}
