{
	"pitch" : 1.4915407015884161,
	"roll" : -1.5794328767598418,
	"x" : 0.078832943887689175,
	"y" : 0.039701838526714578,
	"yaw" : 1.2501343367480255,
	"z" : -0.17096013830455678
}
