{
	"pitch" : 1.4742708762783505,
	"roll" : -1.5775538401882141,
	"x" : 0.048766409457474083,
	"y" : -0.027678049678570179,
	"yaw" : 1.2355404631508879,
	"z" : -0.17058403690059726
}
