{
	"pitch" : 1.4890483919419757,
	"roll" : -1.3123833861931313,
	"x" : 0.12466096115079736,
	"y" : -0.023295730163235662,
	"yaw" : 1.5107182314766598,
	"z" : -0.16840288202948614
}
