{
	"pitch" : 1.4777537385027724,
	"roll" : -1.5635246981367228,
	"x" : 0.036450566801606375,
	"y" : -0.13801221335614411,
	"yaw" : 1.2519804350440933,
	"z" : -0.14297426634940824
}
