{
	"pitch" : 1.4863525083422224,
	"roll" : -1.5895322241007515,
	"x" : 0.087935018085578118,
	"y" : 0.018190056249771575,
	"yaw" : 1.2268713950062289,
	"z" : -0.20950968004004028
}
