{
	"pitch" : 1.4580428861814678,
	"roll" : -1.4501626738652862,
	"x" : -0.060777748478630961,
	"y" : -0.26383882459425412,
	"yaw" : 1.364137861809384,
	"z" : -0.17411296932988518
}
