{
	"pitch" : 1.4653163684833614,
	"roll" : -1.4986249680752695,
	"x" : 0.011229641661749654,
	"y" : -0.21171549410700122,
	"yaw" : 1.3121180819460008,
	"z" : -0.070565403083647699
}
