{
	"pitch" : 1.4876684672815517,
	"roll" : -1.345737535234405,
	"x" : 0.12432801661175354,
	"y" : -0.025704233955587689,
	"yaw" : 1.4753856656746027,
	"z" : -0.16843266148818178
}
