{
	"pitch" : 1.4718405113349202,
	"roll" : -1.5949541646046805,
	"x" : 0.044199967386651322,
	"y" : -0.049478446407532371,
	"yaw" : 1.2240754959682492,
	"z" : -0.16990166433977655
}
