{
	"pitch" : 1.4972149558192329,
	"roll" : -1.4852323392757312,
	"x" : 0.099174134796920582,
	"y" : 0.034673442763760776,
	"yaw" : 1.344277116913273,
	"z" : -0.17096110426376682
}
