{
	"pitch" : 1.48670441676815,
	"roll" : -1.3170950103255257,
	"x" : 0.12043630929400008,
	"y" : -0.036331308782647752,
	"yaw" : 1.5011086660115063,
	"z" : -0.16808032632504855
}
