{
	"pitch" : 1.4690052969617848,
	"roll" : -1.4291564058819446,
	"x" : 0.065426184339063442,
	"y" : -0.061963446127021649,
	"yaw" : 1.3869122305231683,
	"z" : -0.16900874375170721
}
