{
	"pitch" : 1.4807542435389576,
	"roll" : -1.5387276094298523,
	"x" : 0.076079248995498644,
	"y" : -0.015270081611518133,
	"yaw" : 1.2781851199744814,
	"z" : -0.16984416948965347
}
