{
	"pitch" : 1.4904966383491882,
	"roll" : -1.5694714308296449,
	"x" : 0.077065185011815446,
	"y" : -0.01314456936259527,
	"yaw" : 1.2478382362972664,
	"z" : -0.17033835620031507
}
