{
	"pitch" : 1.4596877623079183,
	"roll" : -1.5870118760228473,
	"x" : -0.01416443841310451,
	"y" : -0.14181518157383075,
	"yaw" : 1.2219373636871218,
	"z" : -0.17264429431375655
}
