{
	"pitch" : 1.4572004105425425,
	"roll" : -1.4358990242593597,
	"x" : 0.034018194206949653,
	"y" : -0.14741665341966331,
	"yaw" : 1.3681577949247441,
	"z" : -0.16984987486520486
}
