{
	"pitch" : 1.4548993285497023,
	"roll" : -1.4499685361291543,
	"x" : 0.013767528169391086,
	"y" : -0.20907633955386648,
	"yaw" : 1.3525221893143959,
	"z" : -0.17040154529690882
}
