{
	"pitch" : 1.4942228855833888,
	"roll" : -1.5659492620340925,
	"x" : 0.092861837786281154,
	"y" : 0.035170556232892627,
	"yaw" : 1.2557252509659269,
	"z" : -0.17941514577145368
}
