{
	"pitch" : 1.4961668612497891,
	"roll" : -1.4933318013541492,
	"x" : 0.078426711891966566,
	"y" : 0.039738114107040562,
	"yaw" : 1.3399827213479134,
	"z" : -0.1707980287864907
}
