{
	"pitch" : 1.4743791349945425,
	"roll" : -1.5231911079828082,
	"x" : 0.044757889141026699,
	"y" : -0.11089926092063945,
	"yaw" : 1.2924547263042567,
	"z" : -0.16942242512749811
}
