{
	"pitch" : 1.4904340604722282,
	"roll" : -1.5627516603649216,
	"x" : 0.064684290945404205,
	"y" : 0.03817363102888164,
	"yaw" : 1.2745429232829968,
	"z" : -0.17187403397551668
}
