{
	"pitch" : 1.4521635527367112,
	"roll" : -1.6178538918961196,
	"x" : -0.075616313937973259,
	"y" : -0.17556739672021207,
	"yaw" : 1.1973116081764363,
	"z" : -0.17374194034859697
}
