{
	"pitch" : 1.4919267728778687,
	"roll" : -1.6121769225186684,
	"x" : 0.087847065566924343,
	"y" : 0.020516075774902168,
	"yaw" : 1.2051314086513076,
	"z" : -0.1334265446405814
}
