{
	"pitch" : 1.4792658734327548,
	"roll" : -1.6467294711775029,
	"x" : 0.026664541996039418,
	"y" : -0.0047921148536518871,
	"yaw" : 1.1714452047456068,
	"z" : -0.17072382104455563
}
