{
	"pitch" : 1.4977866056498892,
	"roll" : -1.5711818526750303,
	"x" : 0.066509922815733619,
	"y" : 0.038512809958622787,
	"yaw" : 1.2588433614593837,
	"z" : -0.17138037709735943
}
