{
	"pitch" : 1.4550700777035224,
	"roll" : -1.4632854311922305,
	"x" : 0.014682825424642658,
	"y" : -0.20911945733006415,
	"yaw" : 1.3383796292137029,
	"z" : -0.17067810606539374
}
