{
	"pitch" : 1.4733167536148668,
	"roll" : -1.5522510710947675,
	"x" : 0.071075039811968901,
	"y" : -0.03663917027514807,
	"yaw" : 1.2568975371428011,
	"z" : -0.21426147206277055
}
