{
	"pitch" : 1.4771194520616613,
	"roll" : -1.5789650778558211,
	"x" : 0.031550978028504879,
	"y" : -0.035392815342701819,
	"yaw" : 1.2425313269892806,
	"z" : -0.16977354320888477
}
