{
	"pitch" : 1.4529417081657778,
	"roll" : -1.4805559012714473,
	"x" : 0.01491138359635108,
	"y" : -0.20889460526601641,
	"yaw" : 1.3214517190365334,
	"z" : -0.17110910845643307
}
