{
	"pitch" : 1.4518015986598327,
	"roll" : -1.3400221910339973,
	"x" : 0.061716012797220984,
	"y" : -0.30186009644279727,
	"yaw" : 1.4632244118008904,
	"z" : -0.1706887245514225
}
