{
	"pitch" : 1.475225877324208,
	"roll" : -1.4813428132068751,
	"x" : 0.063005870169466321,
	"y" : -0.05835566912460368,
	"yaw" : 1.3270925737494779,
	"z" : -0.16965795068233397
}
