{
	"pitch" : 1.4952165602117127,
	"roll" : -1.5633621052119726,
	"x" : 0.070507941328344245,
	"y" : 0.039155207071931417,
	"yaw" : 1.2715066832247313,
	"z" : -0.17149832173474597
}
