{
	"pitch" : 1.4613295946971847,
	"roll" : -1.5093415884591712,
	"x" : 0.010585764805149472,
	"y" : -0.20969093158906524,
	"yaw" : 1.2972457895535983,
	"z" : -0.071041582116118329
}
