{
	"pitch" : 1.4868702769779583,
	"roll" : -1.6243988367474955,
	"x" : 0.055193717971235082,
	"y" : 0.0336981997144781,
	"yaw" : 1.2004519358877193,
	"z" : -0.17117808174956256
}
