{
	"pitch" : 1.4682289869635707,
	"roll" : -1.5117768595953511,
	"x" : 0.067388814195299712,
	"y" : -0.043075305298065789,
	"yaw" : 1.2942982888144374,
	"z" : -0.20908732756223747
}
