{
	"pitch" : 1.4974195052491317,
	"roll" : -1.583124974863557,
	"x" : 0.065434751021944487,
	"y" : 0.038421295875997685,
	"yaw" : 1.2448656086450178,
	"z" : -0.17085801232315703
}
