{
	"pitch" : 1.4748439457589966,
	"roll" : -1.5665257872270488,
	"x" : 0.029223577882247609,
	"y" : -0.031377289782427716,
	"yaw" : 1.2485343032494549,
	"z" : -0.16950584231784688
}
