{
	"pitch" : 1.4950941629494041,
	"roll" : -1.4684158388124622,
	"x" : 0.089653584339164344,
	"y" : 0.03810351103053497,
	"yaw" : 1.365981687112011,
	"z" : -0.17096348461549774
}
