{
	"pitch" : 1.4669674617848714,
	"roll" : -1.5946105317713439,
	"x" : -0.032559002472279858,
	"y" : -0.11898105965345529,
	"yaw" : 1.2154465436836077,
	"z" : -0.17123428203715629
}
