{
	"pitch" : 1.4781600414617233,
	"roll" : -1.5224008943423484,
	"x" : 0.067998372182771799,
	"y" : -0.03652444755444955,
	"yaw" : 1.2886002050624168,
	"z" : -0.12525162169493756
}
