{
	"pitch" : 1.484234158826643,
	"roll" : -1.6356762504269247,
	"x" : 0.039941648874826131,
	"y" : 0.022646312875338834,
	"yaw" : 1.1879813616964383,
	"z" : -0.17142427142122277
}
