{
	"pitch" : 1.4904346979586311,
	"roll" : -1.5230719926078664,
	"x" : 0.092116018581954923,
	"y" : 0.033786165532241452,
	"yaw" : 1.2961970576975144,
	"z" : -0.18715992761382569
}
