{
	"pitch" : 1.4789925838272435,
	"roll" : -1.6113044082480623,
	"x" : 0.02693119522890227,
	"y" : -0.0095757243916298196,
	"yaw" : 1.2089055963738766,
	"z" : -0.17079197346303635
}
