{
	"pitch" : 1.4945109711737437,
	"roll" : -1.3980531381094139,
	"x" : 0.12598892152500132,
	"y" : 0.0025946916172333804,
	"yaw" : 1.4275132085749263,
	"z" : -0.16978586903082582
}
