{
	"pitch" : 1.4796264674390252,
	"roll" : -1.6510191874376949,
	"x" : 0.033234900615791159,
	"y" : 0.01414230104713571,
	"yaw" : 1.1657486859288093,
	"z" : -0.1703997862770065
}
