{
	"pitch" : 1.4793617267128294,
	"roll" : -1.4944731006628713,
	"x" : 0.044799594165338283,
	"y" : -0.11213097505576002,
	"yaw" : 1.3225231875615087,
	"z" : -0.16922909307746759
}
