{
	"pitch" : 1.475201993629556,
	"roll" : -1.5092744783872425,
	"x" : 0.063498167588963705,
	"y" : -0.054792548635072991,
	"yaw" : 1.3036397698251252,
	"z" : -0.14427648326716574
}
