{
	"pitch" : 1.4574984437809861,
	"roll" : -1.335684643623861,
	"x" : 0.01452996512606624,
	"y" : -0.20894199359612312,
	"yaw" : 1.4767881770804061,
	"z" : -0.27097358778113262
}
