{
	"pitch" : 1.4689653760192356,
	"roll" : -1.5140310602620533,
	"x" : 0.044216448369091582,
	"y" : -0.051738530761238057,
	"yaw" : 1.2955967041310421,
	"z" : -0.16953379884323375
}
