{
	"pitch" : 1.4554574999068719,
	"roll" : -1.4544213127619212,
	"x" : 0.013768789887666617,
	"y" : -0.20927961592915395,
	"yaw" : 1.3481016259008511,
	"z" : -0.17035570009200438
}
