{
	"pitch" : 1.4856352976897955,
	"roll" : -1.5551099288162162,
	"x" : 0.075985243118037615,
	"y" : -0.014042958774600232,
	"yaw" : 1.2606289237857367,
	"z" : -0.17004796641282746
}
