{
	"pitch" : 1.4604904274491393,
	"roll" : -1.2948680848512144,
	"x" : 0.11209471532793831,
	"y" : -0.24083304521922211,
	"yaw" : 1.5157679668951798,
	"z" : -0.16806197473458501
}
