{
	"pitch" : 1.4766120630308288,
	"roll" : -1.4978956927419909,
	"x" : 0.060897496174189089,
	"y" : -0.060866208157351553,
	"yaw" : 1.3147505478767418,
	"z" : -0.15951874890600382
}
