{
	"pitch" : 1.4883618296745005,
	"roll" : -1.5303114053193207,
	"x" : 0.07098381992751121,
	"y" : -0.027330273403954518,
	"yaw" : 1.2804279661261695,
	"z" : -0.1690474498801029
}
