{
	"pitch" : 1.4657149902043953,
	"roll" : -1.4572924930254094,
	"x" : 0.060978169148296069,
	"y" : -0.0593520320993665,
	"yaw" : 1.3496470278578241,
	"z" : -0.16863685811243245
}
