{
	"pitch" : 1.4545877098601117,
	"roll" : -1.4754146261692132,
	"x" : 0.01075760265879798,
	"y" : -0.20979822426553213,
	"yaw" : 1.3243184690610419,
	"z" : -0.17048809691525427
}
