{
	"pitch" : 1.4519424810529622,
	"roll" : -1.3891111431398298,
	"x" : -0.0040031480536594499,
	"y" : -0.26638318483819784,
	"yaw" : 1.4121005050471898,
	"z" : -0.17260194284144761
}
