{
	"pitch" : 1.4981945256473346,
	"roll" : -1.4432631170619463,
	"x" : 0.10398725834052819,
	"y" : 0.031466493128311269,
	"yaw" : 1.3847980470253243,
	"z" : -0.17030934058427954
}
