{
	"pitch" : 1.4545652623791003,
	"roll" : -1.4186745654629132,
	"x" : 0.016527265610260938,
	"y" : -0.20114735239731793,
	"yaw" : 1.3810886707974042,
	"z" : -0.1703378661658016
}
