{
	"pitch" : 1.4480132822094207,
	"roll" : -1.384245697221715,
	"x" : 0.0017047696280937247,
	"y" : -0.24969296992467122,
	"yaw" : 1.4139870935602328,
	"z" : -0.17077818410558707
}
