{
	"pitch" : 1.4577801356515223,
	"roll" : -1.4308567653837247,
	"x" : -0.011632427806921863,
	"y" : -0.28803110818692473,
	"yaw" : 1.3849388543314562,
	"z" : -0.1519887859154658
}
