{
	"pitch" : 1.4606481032397189,
	"roll" : -1.5517045585670319,
	"x" : 0.076529587673079449,
	"y" : -0.015907471021710064,
	"yaw" : 1.2536310479527719,
	"z" : -0.170559965649072
}
