{
	"pitch" : 1.4896933727482931,
	"roll" : -1.3552347951811963,
	"x" : 0.12626904766589298,
	"y" : -0.022943530193582529,
	"yaw" : 1.4693374796872893,
	"z" : -0.16907355957643838
}
