{
	"pitch" : 1.5004258782421871,
	"roll" : -1.4503279345359101,
	"x" : 0.11125037204633861,
	"y" : 0.026132400167049263,
	"yaw" : 1.3784687131321975,
	"z" : -0.16977410503688703
}
