{
	"pitch" : 1.4856940821469291,
	"roll" : -1.5167046844258589,
	"x" : 0.074852143483692568,
	"y" : -0.014298667071251847,
	"yaw" : 1.2989908027448696,
	"z" : -0.1188286931803353
}
