{
	"pitch" : 1.4831755017457724,
	"roll" : -1.5373540293451875,
	"x" : 0.084930194572819626,
	"y" : 0.0090198642438495125,
	"yaw" : 1.2778805732723673,
	"z" : -0.21499201305382198
}
