{
	"pitch" : 1.4970851157770673,
	"roll" : -1.4239465116044812,
	"x" : 0.1210694254898006,
	"y" : 0.012957903525388047,
	"yaw" : 1.3995007764709384,
	"z" : -0.17001275524280532
}
