{
	"pitch" : 1.4740435221885624,
	"roll" : -1.4238385673706588,
	"x" : 0.074235803440632769,
	"y" : -0.063254519120056016,
	"yaw" : 1.395545875962694,
	"z" : -0.16872699046144143
}
