{
	"pitch" : 1.4488397336700372,
	"roll" : -1.4461844812713047,
	"x" : -0.078531578265408353,
	"y" : -0.25826050946025564,
	"yaw" : 1.3564350118868078,
	"z" : -0.17447800759560328
}
