{
	"pitch" : 1.4967759202656541,
	"roll" : -1.5279253987266952,
	"x" : 0.092703769567000591,
	"y" : 0.036272702428615758,
	"yaw" : 1.2927943581575951,
	"z" : -0.17127710449773664
}
