{
	"pitch" : 1.4982143959143313,
	"roll" : -1.4377003250410405,
	"x" : 0.11968772301142372,
	"y" : 0.015226633994741145,
	"yaw" : 1.3863893491097758,
	"z" : -0.16965143499866214
}
