{
	"pitch" : 1.4897575600391735,
	"roll" : -1.5297329935454116,
	"x" : 0.078524038268452764,
	"y" : -0.0039961318467129948,
	"yaw" : 1.2833892288785755,
	"z" : -0.1188047636436098
}
