{
	"pitch" : 1.4981735779001055,
	"roll" : -1.4796878529663262,
	"x" : 0.099455762997317301,
	"y" : 0.034351056869898512,
	"yaw" : 1.349611421458925,
	"z" : -0.17078682795608474
}
