{
	"pitch" : 1.4956211521101634,
	"roll" : -1.5222597689093251,
	"x" : 0.092215396968555727,
	"y" : 0.036460090385066708,
	"yaw" : 1.2997363640955792,
	"z" : -0.16959251612990395
}
