{
	"pitch" : 1.4744437469153258,
	"roll" : -1.5214474261835809,
	"x" : 0.069097674751281798,
	"y" : -0.03489870926190923,
	"yaw" : 1.2772697076055852,
	"z" : -0.17028715681177611
}
