{
	"pitch" : 1.4846038882313828,
	"roll" : -1.3855306289506883,
	"x" : 0.11020973939111423,
	"y" : -0.050109001006801129,
	"yaw" : 1.4331108966878507,
	"z" : -0.16826472946133811
}
