{
	"pitch" : 1.451472859497875,
	"roll" : -1.3960172021743842,
	"x" : -0.0026010100963596156,
	"y" : -0.26194268159494771,
	"yaw" : 1.4073741937811648,
	"z" : -0.17208280690298691
}
