{
	"pitch" : 1.4474274029894796,
	"roll" : -1.4187660500444215,
	"x" : -0.014846106107601773,
	"y" : -0.30727506073789096,
	"yaw" : 1.3826527723414592,
	"z" : -0.17396422761288272
}
