{
	"pitch" : 1.4862149783268219,
	"roll" : -1.5804513363522701,
	"x" : 0.091385453053117294,
	"y" : 0.028674668496991088,
	"yaw" : 1.2372270200971429,
	"z" : -0.19685651145928987
}
