{
	"pitch" : 1.4916405867748002,
	"roll" : -1.4376377040417654,
	"x" : 0.064854637255695902,
	"y" : -0.050369895495997949,
	"yaw" : 1.3769974409791279,
	"z" : -0.18903300004121848
}
