{
	"pitch" : 1.4626553552391353,
	"roll" : -1.3910380909788038,
	"x" : 0.025783393892555698,
	"y" : -0.17410917345335719,
	"yaw" : 1.4253388434677117,
	"z" : -0.23468863400761233
}
