{
	"pitch" : 1.4771106395586289,
	"roll" : -1.5011334923438429,
	"x" : 0.044812481718165792,
	"y" : -0.11236295627913004,
	"yaw" : 1.3141663181848942,
	"z" : -0.16981404996826072
}
