{
	"pitch" : 1.4932909672023233,
	"roll" : -1.608240068504855,
	"x" : 0.087628529519454781,
	"y" : 0.019747336529334445,
	"yaw" : 1.2088980897029773,
	"z" : -0.132445388856091
}
