{
	"pitch" : 1.4703160088318938,
	"roll" : -1.5392197525410996,
	"x" : 0.075902562902163281,
	"y" : -0.0124639435007951,
	"yaw" : 1.2650144167004467,
	"z" : -0.17003436973132863
}
