{
	"pitch" : 1.4941360638294361,
	"roll" : -1.4067498808490717,
	"x" : 0.12775284013302513,
	"y" : -0.0025123090363049858,
	"yaw" : 1.4187866292156603,
	"z" : -0.16939520717928372
}
