{
	"pitch" : 1.4461595617748628,
	"roll" : -1.4452220634638191,
	"x" : -0.016607749699041441,
	"y" : -0.30953972759114673,
	"yaw" : 1.3557553498973822,
	"z" : -0.17352532595673195
}
