{
	"pitch" : 1.4523408383324685,
	"roll" : -1.4300634623671544,
	"x" : 0.027974004933964562,
	"y" : -0.16122267337209151,
	"yaw" : 1.372369147640599,
	"z" : -0.16898270302982621
}
