{
	"pitch" : 1.4813963226723417,
	"roll" : -1.4210643932692835,
	"x" : 0.10389466853456106,
	"y" : -0.055239145849932648,
	"yaw" : 1.3988401683517617,
	"z" : -0.16813341780834584
}
