{
	"pitch" : 1.489595113351069,
	"roll" : -1.5711556435212666,
	"x" : 0.076444123585687238,
	"y" : -0.01317055505389841,
	"yaw" : 1.2457847841339302,
	"z" : -0.17000904266351705
}
