{
	"pitch" : 1.4420384650581886,
	"roll" : -1.355640246371504,
	"x" : -0.014541923127683473,
	"y" : -0.29903856797558598,
	"yaw" : 1.4475935381916023,
	"z" : -0.17328792133482218
}
