{
	"pitch" : 1.477682097097033,
	"roll" : -1.5001180742061233,
	"x" : 0.044537427993579522,
	"y" : -0.1122607434717051,
	"yaw" : 1.3161294804361843,
	"z" : -0.16945162386823928
}
