{
	"pitch" : 1.4856649167323048,
	"roll" : -1.2925781996015187,
	"x" : 0.11863144996501344,
	"y" : -0.039733060324696069,
	"yaw" : 1.5289022435287447,
	"z" : -0.16821691348807855
}
