{
	"pitch" : 1.4672850863492242,
	"roll" : -1.5010410199356321,
	"x" : 0.015722785989972052,
	"y" : -0.19843832780283435,
	"yaw" : 1.3071879202623076,
	"z" : -0.083443085176854614
}
