{
	"pitch" : 1.4650177007727481,
	"roll" : -1.5163492031723225,
	"x" : 0.01729558083329942,
	"y" : -0.19542782565761441,
	"yaw" : 1.289942254955379,
	"z" : -0.086964102911995925
}
