{
	"pitch" : 1.4847507873013077,
	"roll" : -1.5738599997079312,
	"x" : 0.091087088833502222,
	"y" : 0.027625932941113915,
	"yaw" : 1.2436483074276679,
	"z" : -0.19834264210448224
}
