{
	"pitch" : 1.4906244482551292,
	"roll" : -1.5367276179456109,
	"x" : 0.082319409306054719,
	"y" : 0.0045784867311635617,
	"yaw" : 1.2772060501663458,
	"z" : -0.1226698424530714
}
