{
	"pitch" : 1.4509417357026042,
	"roll" : -1.4035316837942113,
	"x" : 0.023944546724945684,
	"y" : -0.17529910900044923,
	"yaw" : 1.3955724870966579,
	"z" : -0.16884494693857657
}
