{
	"pitch" : 1.474481067139509,
	"roll" : -1.5080600181005195,
	"x" : 0.044760048876410746,
	"y" : -0.11269953631878089,
	"yaw" : 1.3060393120100469,
	"z" : -0.17040419341072546
}
