{
	"pitch" : 1.4815573044023047,
	"roll" : -1.6001752080498728,
	"x" : 0.026752545559246915,
	"y" : 1.1930958422445848e-05,
	"yaw" : 1.2193798365101247,
	"z" : -0.17065096689061307
}
