{
	"pitch" : 1.4569059798723869,
	"roll" : -1.4255766094553854,
	"x" : 0.049635658499963389,
	"y" : -0.093021456376144618,
	"yaw" : 1.3761422062644846,
	"z" : -0.16917057349869316
}
