{
	"pitch" : 1.4695489488991889,
	"roll" : -1.5042800235131562,
	"x" : 0.061667153771392112,
	"y" : -0.061043230439468348,
	"yaw" : 1.3017600137268908,
	"z" : -0.16951000938784427
}
