{
	"pitch" : 1.4959182445005441,
	"roll" : -1.3827374759442563,
	"x" : 0.12542033069574693,
	"y" : 0.0040696494577465957,
	"yaw" : 1.4400160546903493,
	"z" : -0.16934949753028489
}
