{
	"pitch" : 1.499211954560596,
	"roll" : -1.4283335232618619,
	"x" : 0.1193666203809815,
	"y" : 0.015555478752039413,
	"yaw" : 1.3956260925796014,
	"z" : -0.16961316870199522
}
