{
	"pitch" : 1.4676711064354662,
	"roll" : -1.476387852084438,
	"x" : 0.049068209475927306,
	"y" : -0.055618770250590671,
	"yaw" : 1.3347510548123034,
	"z" : -0.16917068980838254
}
