{
	"pitch" : 1.4606318044739264,
	"roll" : -1.4353854120300156,
	"x" : 0.0515671601562811,
	"y" : -0.088624607512026193,
	"yaw" : 1.3663684987987719,
	"z" : -0.17021351928325959
}
