{
	"pitch" : 1.4740002896670521,
	"roll" : -1.5018695771579533,
	"x" : 0.044666529432651182,
	"y" : -0.11288282219039589,
	"yaw" : 1.3115894276038174,
	"z" : -0.17058244552325744
}
