{
	"pitch" : 1.4717730534962195,
	"roll" : -1.5772555634156322,
	"x" : 0.04684478930466747,
	"y" : -0.052131338767276242,
	"yaw" : 1.2408882540921666,
	"z" : -0.16948438208966241
}
