{
	"pitch" : 1.4714820568535663,
	"roll" : -1.4851199244834219,
	"x" : 0.057308844706210844,
	"y" : -0.057865962579739985,
	"yaw" : 1.3319842886283209,
	"z" : -0.1687566417831268
}
