{
	"pitch" : 1.4673887391561458,
	"roll" : -1.4459704250469168,
	"x" : 0.060570685624065979,
	"y" : -0.060339105297571846,
	"yaw" : 1.360878504668497,
	"z" : -0.16865773200075915
}
