{
	"pitch" : 1.4573844155073084,
	"roll" : -1.4500958354807001,
	"x" : -0.01549295315062825,
	"y" : -0.3020921281971935,
	"yaw" : 1.35724155796799,
	"z" : -0.1650805096019157
}
