{
	"pitch" : 1.4868947039275926,
	"roll" : -1.3506357540877743,
	"x" : 0.12244454762269535,
	"y" : -0.033954791644177411,
	"yaw" : 1.4690828748375593,
	"z" : -0.16852478067388621
}
