{
	"pitch" : 1.468218077567766,
	"roll" : -1.3651722820003405,
	"x" : 0.087354733257553302,
	"y" : -0.21980367087373018,
	"yaw" : 1.4495643008614865,
	"z" : -0.16891270516746482
}
