{
	"pitch" : 1.4536620023681417,
	"roll" : -1.4332535063976164,
	"x" : 0.011234895310348977,
	"y" : -0.21833326988183471,
	"yaw" : 1.3676897084899529,
	"z" : -0.17076271054662975
}
