{
	"pitch" : 1.4684759131246981,
	"roll" : -1.4938022984931183,
	"x" : 0.063007549238228142,
	"y" : -0.05865326245690225,
	"yaw" : 1.3190229733276129,
	"z" : -0.1805206110830494
}
