{
	"pitch" : 1.4818177742326881,
	"roll" : -1.3398292301794084,
	"x" : 0.027006248301655968,
	"y" : -0.17119001957661012,
	"yaw" : 1.4719013125685931,
	"z" : -0.25029814885684143
}
