{
	"pitch" : 1.486317711514088,
	"roll" : -1.557086712007641,
	"x" : 0.073673623710757641,
	"y" : -0.021285547289733444,
	"yaw" : 1.2562175797210275,
	"z" : -0.11983618859450698
}
