{
	"pitch" : 1.4922464912969942,
	"roll" : -1.3945846417062375,
	"x" : 0.12772415702607104,
	"y" : -0.014461628563848253,
	"yaw" : 1.4300798690075887,
	"z" : -0.16905805535902321
}
