{
	"pitch" : 1.4867543503293263,
	"roll" : -1.5464283625591533,
	"x" : 0.077696381652536173,
	"y" : -0.010991356988525837,
	"yaw" : 1.2690764192456667,
	"z" : -0.11917431441456841
}
