{
	"pitch" : 1.4801029272188619,
	"roll" : -1.4644511707354604,
	"x" : 0.069061813744062603,
	"y" : -0.033740482687416161,
	"yaw" : 1.3462715897003903,
	"z" : -0.16954795102391781
}
