{
	"pitch" : 1.4637232578288677,
	"roll" : -1.2911850718682123,
	"x" : 0.10912074261126978,
	"y" : -0.24247909531933778,
	"yaw" : 1.5226916028495556,
	"z" : -0.16829694053100694
}
