{
	"pitch" : 1.474430482523795,
	"roll" : -1.5238602121667399,
	"x" : 0.07188571134438658,
	"y" : -0.031365902927010601,
	"yaw" : 1.2828024606287798,
	"z" : -0.21613839183125355
}
