{
	"pitch" : 1.4880398953118932,
	"roll" : -1.4713735762929714,
	"x" : 0.054222332611765345,
	"y" : -0.034037638714266821,
	"yaw" : 1.3474543860932835,
	"z" : -0.17006665592130804
}
