{
	"pitch" : 1.4532830822651699,
	"roll" : -1.41884962514141,
	"x" : 0.0049806801306248594,
	"y" : -0.23840835017863135,
	"yaw" : 1.3845026211402047,
	"z" : -0.17110032511916612
}
