{
	"pitch" : 1.4744401232046871,
	"roll" : -1.5845464483743659,
	"x" : 0.029435508258334284,
	"y" : -0.027939370470120801,
	"yaw" : 1.2345834003892076,
	"z" : -0.17050408760184171
}
