{
	"pitch" : 1.4758711408109726,
	"roll" : -1.416169882369626,
	"x" : 0.10586623066448887,
	"y" : -0.16420787444248097,
	"yaw" : 1.3659863103544254,
	"z" : -0.16874036737012232
}
