{
	"pitch" : 1.4567342681223938,
	"roll" : -1.3544523380504268,
	"x" : 0.015808457615675772,
	"y" : -0.20716878378073336,
	"yaw" : 1.4577728267163899,
	"z" : -0.26994959486904208
}
