{
	"pitch" : 1.4744638396722962,
	"roll" : -1.4386857127795931,
	"x" : 0.10579767810698044,
	"y" : -0.16423375497060372,
	"yaw" : 1.3471221302097371,
	"z" : -0.16863412168706726
}
