{
	"pitch" : 1.4530545351078081,
	"roll" : -1.4224132749776606,
	"x" : 0.027556291235716346,
	"y" : -0.16331512459562536,
	"yaw" : 1.3796102210215335,
	"z" : -0.16898004107124326
}
