{
	"pitch" : 1.4629053509350733,
	"roll" : -1.305644000879757,
	"x" : 0.014931973166103313,
	"y" : -0.2090778456500679,
	"yaw" : 1.505648507658873,
	"z" : -0.27073815951392455
}
