{
	"pitch" : 1.4543724002092422,
	"roll" : -1.3468178979856691,
	"x" : 0.017721096267792155,
	"y" : -0.20060565899125793,
	"yaw" : 1.4679389340452402,
	"z" : -0.26274042310515094
}
