{
	"pitch" : 1.4719093308117868,
	"roll" : -1.5898083235756246,
	"x" : 0.03407740489535379,
	"y" : -0.039425904479706328,
	"yaw" : 1.2274653687258614,
	"z" : -0.16950530823793653
}
