{
	"pitch" : 1.4703491499441219,
	"roll" : -1.4886883317842221,
	"x" : 0.057744443578646845,
	"y" : -0.059816162121476599,
	"yaw" : 1.3251446996825504,
	"z" : -0.1692660144283184
}
