{
	"pitch" : 1.4560639064941077,
	"roll" : -1.4300142667275917,
	"x" : 0.013577379965485643,
	"y" : -0.20855861055166247,
	"yaw" : 1.3695414935349202,
	"z" : -0.17053300559672827
}
