{
	"pitch" : 1.4927250423253939,
	"roll" : -1.3886004807395198,
	"x" : 0.12788413340536903,
	"y" : -0.014471574688502516,
	"yaw" : 1.4358691799873267,
	"z" : -0.16915539830145249
}
