{
	"pitch" : 1.4714767978491592,
	"roll" : -1.4649164684146663,
	"x" : 0.06918113304183808,
	"y" : -0.062120534598917213,
	"yaw" : 1.3446535468521985,
	"z" : -0.1686241172354572
}
