{
	"pitch" : 1.4778472311113884,
	"roll" : -1.6246452075606381,
	"x" : 0.067098769061886082,
	"y" : -0.04910228739731376,
	"yaw" : 1.1914556153791949,
	"z" : -0.1692790639859679
}
