{
	"pitch" : 1.4827597858388362,
	"roll" : -1.3470147777555064,
	"x" : 0.11406467778328731,
	"y" : -0.046845869239969778,
	"yaw" : 1.4767465347952959,
	"z" : -0.1684059085096202
}
