{
	"pitch" : 1.496900192933543,
	"roll" : -1.342373579343588,
	"x" : 0.12235269509990135,
	"y" : 0.01042981543516211,
	"yaw" : 1.481053679953295,
	"z" : -0.16908181836566502
}
