{
	"pitch" : 1.4565226674203029,
	"roll" : -1.5858188316510002,
	"x" : -0.083009001264695847,
	"y" : -0.17922771523263165,
	"yaw" : 1.2263250116568922,
	"z" : -0.17361431995749599
}
