{
	"pitch" : 1.4886961248856305,
	"roll" : -1.5177219910786073,
	"x" : 0.046198085540886773,
	"y" : -0.026489887241506679,
	"yaw" : 1.3071716904596145,
	"z" : -0.16800361621954057
}
