{
	"pitch" : 1.4983256077073561,
	"roll" : -1.5071362138469826,
	"x" : 0.08483077851403456,
	"y" : 0.038808608667191158,
	"yaw" : 1.3268374519091772,
	"z" : -0.17082842504139606
}
