{
	"pitch" : 1.4621686929583244,
	"roll" : -1.3271487793935701,
	"x" : 0.11135776116321111,
	"y" : -0.23777100862470155,
	"yaw" : 1.4797741485425322,
	"z" : -0.16846711768759035
}
