{
	"pitch" : 1.4933728795087664,
	"roll" : -1.5614529796980474,
	"x" : 0.077748764650312344,
	"y" : 0.039474701568192327,
	"yaw" : 1.2676432397525463,
	"z" : -0.17091106492649216
}
