{
	"pitch" : 1.499501878074651,
	"roll" : -1.5333157158787454,
	"x" : 0.1011733685436394,
	"y" : 0.033459030741494603,
	"yaw" : 1.2967506248101757,
	"z" : -0.17095239264206197
}
