{
	"pitch" : 1.4555121610552735,
	"roll" : -1.425493666856233,
	"x" : 0.013242399301727846,
	"y" : -0.20840179895309008,
	"yaw" : 1.3743438184882506,
	"z" : -0.17029477576089044
}
