{
	"pitch" : 1.4578707553296404,
	"roll" : -1.4345488398092567,
	"x" : 0.039526806399582115,
	"y" : -0.13120747033790223,
	"yaw" : 1.3711999566896722,
	"z" : -0.16899340159824747
}
