{
	"pitch" : 1.4864476511629048,
	"roll" : -1.5869272900522156,
	"x" : 0.034186075067864016,
	"y" : 0.016021745668261936,
	"yaw" : 1.2345672185410024,
	"z" : -0.17071657359811862
}
