{
	"pitch" : 1.4861046069832411,
	"roll" : -1.2713672486337211,
	"x" : 0.1182262015773107,
	"y" : -0.03986874799196629,
	"yaw" : 1.5495653492769532,
	"z" : -0.16801819964592826
}
