{
	"pitch" : 1.4951214392372172,
	"roll" : -1.5388968947999184,
	"x" : 0.070698681640735159,
	"y" : 0.03910184797373692,
	"yaw" : 1.2966125403449762,
	"z" : -0.17194097086135232
}
