{
	"pitch" : 1.4818382159648515,
	"roll" : -1.5597485071902717,
	"x" : 0.030027603056966376,
	"y" : 0.0093602918123671958,
	"yaw" : 1.2619924282480799,
	"z" : -0.1704793191117463
}
