{
	"pitch" : 1.45069534426793,
	"roll" : -1.286944426417594,
	"x" : 0.060274367561576433,
	"y" : -0.30163271709521883,
	"yaw" : 1.5162341383197369,
	"z" : -0.16997958351369064
}
