{
	"pitch" : 1.4537011853745512,
	"roll" : -1.3259768414881912,
	"x" : 0.017289337584912426,
	"y" : -0.28891140617310979,
	"yaw" : 1.4791561751711992,
	"z" : -0.17139424362978578
}
