{
	"pitch" : 1.4960602145904278,
	"roll" : -1.5659217428431942,
	"x" : 0.063890565823096129,
	"y" : 0.038086198745892037,
	"yaw" : 1.2615560724757329,
	"z" : -0.17067019553978646
}
