{
	"pitch" : 1.4799025157097905,
	"roll" : -1.517518673357467,
	"x" : 0.067475474419386575,
	"y" : -0.04018887895682563,
	"yaw" : 1.2943270529013142,
	"z" : -0.1279432828370077
}
