{
	"pitch" : 1.4703088546117031,
	"roll" : -1.4976217329645078,
	"x" : 0.032630743990814878,
	"y" : -0.039286221320248435,
	"yaw" : 1.3109010506281842,
	"z" : -0.1710511043221879
}
