{
	"pitch" : 1.4721319152547183,
	"roll" : -1.4944189871179139,
	"x" : 0.075726644776817842,
	"y" : -0.012712113600929068,
	"yaw" : 1.3088962871432306,
	"z" : -0.16968353189230362
}
