{
	"pitch" : 1.4919894561729159,
	"roll" : -1.5512037694615326,
	"x" : 0.092010004945876842,
	"y" : 0.032822636312763817,
	"yaw" : 1.2674530551348162,
	"z" : -0.18809147169243878
}
