{
	"pitch" : 1.489045373598803,
	"roll" : -1.3810596473782799,
	"x" : 0.12431670058845587,
	"y" : -0.027777738703991431,
	"yaw" : 1.4398340109085594,
	"z" : -0.16863721821992159
}
