{
	"pitch" : 1.4970754031961939,
	"roll" : -1.5738171569294281,
	"x" : 0.064937154618899456,
	"y" : 0.038329716205984576,
	"yaw" : 1.2539055151563452,
	"z" : -0.1707584228178555
}
