{
	"pitch" : 1.4853144084579415,
	"roll" : -1.5682950585137077,
	"x" : 0.073663807019917857,
	"y" : -0.022224889676705935,
	"yaw" : 1.2448188702421925,
	"z" : -0.12057962077610497
}
