{
	"pitch" : 1.4931337862343099,
	"roll" : -1.6099375856826719,
	"x" : 0.087647413511013281,
	"y" : 0.019828952860386714,
	"yaw" : 1.2071239926157691,
	"z" : -0.13244183461029957
}
