{
	"pitch" : 1.4480640674742418,
	"roll" : -1.4107411436003812,
	"x" : -0.016522026549623814,
	"y" : -0.30905588351045443,
	"yaw" : 1.3906867635061977,
	"z" : -0.17302963807815538
}
