{
	"pitch" : 1.4548604553651638,
	"roll" : -1.4260849524266452,
	"x" : 0.04987177912604885,
	"y" : -0.092052966470869427,
	"yaw" : 1.3748825435617889,
	"z" : -0.16933775212137647
}
