{
	"pitch" : 1.4949054931312744,
	"roll" : -1.5653605901618466,
	"x" : 0.083980435861815611,
	"y" : 0.039009407442396178,
	"yaw" : 1.2650181245646521,
	"z" : -0.17083532120099865
}
