{
	"pitch" : 1.4936328338414508,
	"roll" : -1.5299429354706957,
	"x" : 0.080587162467250006,
	"y" : 0.0042629174825691077,
	"yaw" : 1.2838465548626683,
	"z" : -0.12193442531366841
}
