{
	"pitch" : 1.4729584400000184,
	"roll" : -1.4166654609424432,
	"x" : 0.074571934346088109,
	"y" : -0.011508724035826928,
	"yaw" : 1.3789593087192247,
	"z" : -0.16841331081798663
}
