{
	"pitch" : 1.4506767336400421,
	"roll" : -1.2821123856720951,
	"x" : 0.058738805221265934,
	"y" : -0.30164483385986707,
	"yaw" : 1.5224542372699736,
	"z" : -0.1697031443676803
}
