{
	"pitch" : 1.4754524744451334,
	"roll" : -1.3623105273754708,
	"x" : 0.022298592781919251,
	"y" : -0.18653501227703317,
	"yaw" : 1.449197910292211,
	"z" : -0.25858446335651802
}
