{
	"pitch" : 1.4914665005164833,
	"roll" : -1.6587053087104087,
	"x" : 0.093558691302219152,
	"y" : 0.034822613285298343,
	"yaw" : 1.164405809447028,
	"z" : -0.16139075559791263
}
