{
	"pitch" : 1.494582438152587,
	"roll" : -1.5550956368169424,
	"x" : 0.088305878657006939,
	"y" : 0.024970445022765464,
	"yaw" : 1.2628639078283725,
	"z" : -0.13758959386955014
}
