{
	"pitch" : 1.4523822889275142,
	"roll" : -1.4270342616457239,
	"x" : -0.020110398636408941,
	"y" : -0.27615676021808849,
	"yaw" : 1.3856866127922516,
	"z" : -0.17279671299561941
}
