{
	"pitch" : 1.4709769487900737,
	"roll" : -1.5720856176445623,
	"x" : 0.034269534006117215,
	"y" : -0.037272989700691983,
	"yaw" : 1.2436867039120039,
	"z" : -0.17021789204767396
}
