{
	"pitch" : 1.4843346689948602,
	"roll" : -1.4037339019865698,
	"x" : 0.11112161014820204,
	"y" : -0.04946985910836954,
	"yaw" : 1.4147928512179198,
	"z" : -0.16853153424775374
}
