{
	"pitch" : 1.4650281067238964,
	"roll" : -1.5664816213032438,
	"x" : 0.071149724545608237,
	"y" : -0.030418672348513032,
	"yaw" : 1.2410779863633972,
	"z" : -0.17074528513164475
}
