{
	"pitch" : 1.4940712730466501,
	"roll" : -1.6023436277984802,
	"x" : 0.090574714461042122,
	"y" : 0.028864252470839874,
	"yaw" : 1.2179742815911241,
	"z" : -0.14425935156850367
}
