{
	"pitch" : 1.4727371688420727,
	"roll" : -1.4248837014963218,
	"x" : 0.1020158041782472,
	"y" : -0.16234465883611335,
	"yaw" : 1.3703711265670653,
	"z" : -0.16822320056246495
}
