{
	"pitch" : 1.4480514190983422,
	"roll" : -1.3787771605339119,
	"x" : 0.0024540442705079518,
	"y" : -0.24721880617593847,
	"yaw" : 1.4184812460293297,
	"z" : -0.17058368752821448
}
