{
	"pitch" : 1.4853904780698366,
	"roll" : -1.3572737031673587,
	"x" : 0.12385562738081458,
	"y" : -0.032319798728879495,
	"yaw" : 1.4667147364468975,
	"z" : -0.16880351496719803
}
