{
	"pitch" : 1.4860853462288284,
	"roll" : -1.6139609523170717,
	"x" : 0.069474758013534615,
	"y" : -0.033830969173831896,
	"yaw" : 1.1997006417056852,
	"z" : -0.16907708111285452
}
