{
	"pitch" : 1.4555966424010212,
	"roll" : -1.5965487650015004,
	"x" : -0.082191414395685197,
	"y" : -0.17832659724041877,
	"yaw" : 1.21532845207675,
	"z" : -0.17374204996960046
}
