{
	"pitch" : 1.4917678257269671,
	"roll" : -1.6552663933625578,
	"x" : 0.093358366317622093,
	"y" : 0.034851703357473715,
	"yaw" : 1.1674608106791688,
	"z" : -0.16139419772738142
}
