{
	"pitch" : 1.4877450278857389,
	"roll" : -1.3121133836307366,
	"x" : 0.12385627114821963,
	"y" : -0.026344750380920559,
	"yaw" : 1.510871057039181,
	"z" : -0.16826575451012929
}
