{
	"pitch" : 1.467030017390772,
	"roll" : -1.4925662438382272,
	"x" : 0.0060448630028240025,
	"y" : -0.23230846158750917,
	"yaw" : 1.3141519042365193,
	"z" : -0.092265216005422299
}
