{
	"pitch" : 1.4781562760930875,
	"roll" : -1.4483568821322736,
	"x" : 0.085626731420291785,
	"y" : -0.061855635116769954,
	"yaw" : 1.369446970767163,
	"z" : -0.16847329671889669
}
