{
	"pitch" : 1.4528348935840001,
	"roll" : -1.3999820487674652,
	"x" : 0.018095219774157775,
	"y" : -0.19312863498677732,
	"yaw" : 1.4031253559803529,
	"z" : -0.17007760462560978
}
