{
	"pitch" : 1.4571442820016831,
	"roll" : -1.5953274151610031,
	"x" : -0.044942120839305807,
	"y" : -0.15805950736981478,
	"yaw" : 1.2105276599223169,
	"z" : -0.1724498031500325
}
