{
	"pitch" : 1.4979797758475299,
	"roll" : -1.3626059873655387,
	"x" : 0.11028922727506486,
	"y" : 0.026294705339799287,
	"yaw" : 1.4652508386753254,
	"z" : -0.16972441017316225
}
