{
	"pitch" : 1.4702868295139633,
	"roll" : -1.4655116841029387,
	"x" : 0.064685625907281386,
	"y" : -0.049721060566470278,
	"yaw" : 1.3404963711524553,
	"z" : -0.20142614636455133
}
