{
	"pitch" : 1.4839482887188884,
	"roll" : -1.6429132422890478,
	"x" : 0.043743717023000013,
	"y" : 0.027128100148301571,
	"yaw" : 1.1788908263726523,
	"z" : -0.17155032259401881
}
