{
	"pitch" : 1.4856588298661639,
	"roll" : -1.2931987512437124,
	"x" : 0.11859460195269209,
	"y" : -0.039729770002249573,
	"yaw" : 1.5282765670531335,
	"z" : -0.16821259450623702
}
