{
	"pitch" : 1.4844718293509795,
	"roll" : -1.5561353094052752,
	"x" : 0.076748187400856357,
	"y" : -0.012915530465527304,
	"yaw" : 1.2613881894577463,
	"z" : -0.1696505646675753
}
