{
	"pitch" : 1.4959578466975496,
	"roll" : -1.4324888107821039,
	"x" : 0.12218522140322552,
	"y" : 0.0113296192006844,
	"yaw" : 1.3901753279437763,
	"z" : -0.16995783324372835
}
