{
	"pitch" : 1.4985012963873099,
	"roll" : -1.5260841608057227,
	"x" : 0.087290294405142452,
	"y" : 0.038554161419041534,
	"yaw" : 1.3082253021967192,
	"z" : -0.17099633380561943
}
