{
	"pitch" : 1.4733493819524557,
	"roll" : -1.5571027944478559,
	"x" : 0.070339177239174253,
	"y" : -0.037137390368144473,
	"yaw" : 1.252195838638404,
	"z" : -0.21337468172760959
}
