{
	"pitch" : 1.4959590625663806,
	"roll" : -1.5502502652831101,
	"x" : 0.069661443958876038,
	"y" : 0.039035720853236609,
	"yaw" : 1.282662056983312,
	"z" : -0.17107857356236247
}
