{
	"pitch" : 1.4692242829241984,
	"roll" : -1.5522520922756569,
	"x" : -0.019802182226786091,
	"y" : -0.10524107990224624,
	"yaw" : 1.2614594748104513,
	"z" : -0.17240874570896972
}
