{
	"pitch" : 1.4635309399948719,
	"roll" : -1.3653194928967778,
	"x" : 0.1064152106141506,
	"y" : -0.2270203894491308,
	"yaw" : 1.4424229848546426,
	"z" : -0.16919536976314595
}
