{
	"pitch" : 1.4692259010539688,
	"roll" : -1.4847504318910021,
	"x" : 0.063227004985379032,
	"y" : -0.058146873136983246,
	"yaw" : 1.3236161952015399,
	"z" : -0.18406858022568845
}
