{
	"pitch" : 1.4714709680846902,
	"roll" : -1.5946994484440451,
	"x" : 0.046538004238124209,
	"y" : -0.028900158430406091,
	"yaw" : 1.217850821045374,
	"z" : -0.17081154203214424
}
