{
	"pitch" : 1.4768626774765259,
	"roll" : -1.4795216577909027,
	"x" : 0.015829188054494854,
	"y" : -0.070880752241886488,
	"yaw" : 1.3463308147828617,
	"z" : -0.1710211120635429
}
