{
	"pitch" : 1.4550507761767504,
	"roll" : -1.4505493424296116,
	"x" : 0.013845182398791608,
	"y" : -0.20873976346101336,
	"yaw" : 1.351377406291925,
	"z" : -0.17039930271399947
}
