{
	"pitch" : 1.4647655232897612,
	"roll" : -1.476038297964978,
	"x" : 0.062948393147661388,
	"y" : -0.057141811838201606,
	"yaw" : 1.33296780512836,
	"z" : -0.18698337761289172
}
