{
	"pitch" : 1.4837747230777905,
	"roll" : -1.5889610486294747,
	"x" : 0.0834776336102801,
	"y" : 0.0028926679338640918,
	"yaw" : 1.2267902247203883,
	"z" : -0.21800472990891748
}
