{
	"pitch" : 1.4630844484683221,
	"roll" : -1.5113298504478689,
	"x" : 0.014056041308510694,
	"y" : -0.20202635494516855,
	"yaw" : 1.2962287029967974,
	"z" : -0.079687027454172388
}
