{
	"pitch" : 1.4565942710224353,
	"roll" : -1.3748222042579228,
	"x" : 0.070631356499630454,
	"y" : -0.27370581910441683,
	"yaw" : 1.4304126621483191,
	"z" : -0.17005151650602013
}
