{
	"pitch" : 1.4670686850935499,
	"roll" : -1.5124598275784036,
	"x" : 0.010574924684135928,
	"y" : -0.21553490694247948,
	"yaw" : 1.3019421255112813,
	"z" : -0.075010788210269713
}
