{
	"pitch" : 1.4810912224017838,
	"roll" : -1.5917334614771546,
	"x" : 0.082737194303540915,
	"y" : 0.00072349360316019927,
	"yaw" : 1.2223477520456345,
	"z" : -0.2188581877548664
}
