{
	"pitch" : 1.4782637176583888,
	"roll" : -1.5224832219491387,
	"x" : 0.068326727671461779,
	"y" : -0.036874454374747463,
	"yaw" : 1.2889260987865518,
	"z" : -0.12536140758098757
}
