{
	"pitch" : 1.4959008131837572,
	"roll" : -1.500667744128328,
	"x" : 0.087689328523862936,
	"y" : 0.038835096744879956,
	"yaw" : 1.3351135012837148,
	"z" : -0.17091092891426471
}
