{
	"pitch" : 1.4858174411706695,
	"roll" : -1.5058272082428625,
	"x" : 0.076117480407299778,
	"y" : -0.013101633462820207,
	"yaw" : 1.3106436771198764,
	"z" : -0.16959564930203391
}
