{
	"pitch" : 1.4909835461236591,
	"roll" : -1.5130820669944998,
	"x" : 0.072456289252376363,
	"y" : -0.020700604799827729,
	"yaw" : 1.3005665397414869,
	"z" : -0.16938686861787638
}
