{
	"pitch" : 1.4839572900417928,
	"roll" : -1.652955242848702,
	"x" : 0.040378837747362853,
	"y" : 0.022671939957906975,
	"yaw" : 1.1720046716634485,
	"z" : -0.17153042630674636
}
