{
	"pitch" : 1.4729144696550822,
	"roll" : -1.6309978419040856,
	"x" : 0.026087846319104942,
	"y" : -0.011875652998197761,
	"yaw" : 1.1835211072764451,
	"z" : -0.17134775434049873
}
