{
	"pitch" : 1.4622177430158152,
	"roll" : -1.547328699826529,
	"x" : 0.07524635394240857,
	"y" : -0.018079685919340505,
	"yaw" : 1.2582025662941181,
	"z" : -0.17039517435700607
}
