{
	"pitch" : 1.4982424682712232,
	"roll" : -1.5365210679142656,
	"x" : 0.087820427550608024,
	"y" : 0.038502389749434901,
	"yaw" : 1.297835221521588,
	"z" : -0.17106598760597444
}
