{
	"pitch" : 1.4700478034824063,
	"roll" : -1.4538476100995616,
	"x" : 0.065490656541169284,
	"y" : -0.062106901399141393,
	"yaw" : 1.3613924848946086,
	"z" : -0.16914160293168523
}
