{
	"pitch" : 1.4946318382435004,
	"roll" : -1.4352475912095821,
	"x" : 0.12590899559427338,
	"y" : 0.0029744789822809259,
	"yaw" : 1.3911817239113657,
	"z" : -0.16989947199188965
}
