{
	"pitch" : 1.4968727295200273,
	"roll" : -1.4535947157085201,
	"x" : 0.11729521455111475,
	"y" : 0.019340564729490521,
	"yaw" : 1.3749683434592233,
	"z" : -0.17007351937824075
}
