{
	"pitch" : 1.467305089622452,
	"roll" : -1.4750493434016374,
	"x" : 0.041161464707644382,
	"y" : -0.12455033485250312,
	"yaw" : 1.3343465185738326,
	"z" : -0.18339926869398093
}
