{
	"pitch" : 1.4987510210224806,
	"roll" : -1.3946897544981172,
	"x" : 0.10764934937928539,
	"y" : 0.028586963495443731,
	"yaw" : 1.4350926011949263,
	"z" : -0.16972684553426368
}
