{
	"pitch" : 1.4556598685627309,
	"roll" : -1.4337251184065039,
	"x" : 0.013410620731658537,
	"y" : -0.20843678484808242,
	"yaw" : 1.3661918134387678,
	"z" : -0.17040427238236719
}
