{
	"pitch" : 1.4925208384014514,
	"roll" : -1.3922873010856924,
	"x" : 0.12782803896486369,
	"y" : -0.014474875840497711,
	"yaw" : 1.4322413605693503,
	"z" : -0.16911976546643198
}
