{
	"pitch" : 1.4516048055318767,
	"roll" : -1.3865832876007322,
	"x" : -0.0039206996450723425,
	"y" : -0.26596902756865171,
	"yaw" : 1.4150388315996572,
	"z" : -0.17251412271968081
}
