{
	"pitch" : 1.4690831970928508,
	"roll" : -1.5827458800545109,
	"x" : 0.031432567987362499,
	"y" : -0.035836359735104351,
	"yaw" : 1.2252136426693803,
	"z" : -0.17015971180144818
}
