{
	"pitch" : 1.4622300828988908,
	"roll" : -1.3556911662476536,
	"x" : 0.027445451359721498,
	"y" : -0.16717000460179673,
	"yaw" : 1.4600266051969781,
	"z" : -0.22789679653003536
}
