{
	"pitch" : 1.4709467634874911,
	"roll" : -1.5745021838350344,
	"x" : 0.033625560821846499,
	"y" : -0.036618840031867592,
	"yaw" : 1.2413464140093213,
	"z" : -0.17014083635938987
}
