{
	"pitch" : 1.4662054963772073,
	"roll" : -1.3710082471939451,
	"x" : 0.029518856082615182,
	"y" : -0.15645746836892835,
	"yaw" : 1.4457998245331307,
	"z" : -0.21565748243194419
}
