{
	"pitch" : 1.454324650080095,
	"roll" : -1.6001567093181273,
	"x" : -0.081239641631517145,
	"y" : -0.17792623881208353,
	"yaw" : 1.2124696606221583,
	"z" : -0.17394661520813126
}
