{
	"pitch" : 1.4672248211271555,
	"roll" : -1.4755980836587199,
	"x" : 0.063227426661512598,
	"y" : -0.057798642078458536,
	"yaw" : 1.3319852867962581,
	"z" : -0.18607120051299808
}
