{
	"pitch" : 1.4735967942598736,
	"roll" : -1.5152298132671702,
	"x" : 0.071030253042662819,
	"y" : -0.03474897466351299,
	"yaw" : 1.2929300873017131,
	"z" : -0.21488943869588931
}
