{
	"pitch" : 1.4882513218664375,
	"roll" : -1.6415933404529619,
	"x" : 0.046888549390393178,
	"y" : 0.028420372367104079,
	"yaw" : 1.1877580466804758,
	"z" : -0.17167818823496045
}
