{
	"pitch" : 1.4837529220547188,
	"roll" : -1.5682299849479935,
	"x" : 0.077321468244717514,
	"y" : -0.012298330349743253,
	"yaw" : 1.2500750347507623,
	"z" : -0.16959020114468143
}
