{
	"pitch" : 1.486198071709997,
	"roll" : -1.5339730491404653,
	"x" : 0.077018759085755284,
	"y" : -0.011914969962437292,
	"yaw" : 1.2812234756531171,
	"z" : -0.11918230389938332
}
