{
	"pitch" : 1.4611965167922607,
	"roll" : -1.4537759141066959,
	"x" : 0.057402901025859057,
	"y" : -0.072759798837392448,
	"yaw" : 1.3477403842613676,
	"z" : -0.16967676474543888
}
