{
	"pitch" : 1.4705317161685643,
	"roll" : -1.4891835240621376,
	"x" : 0.062184053793869772,
	"y" : -0.059824152179101288,
	"yaw" : 1.324052067905338,
	"z" : -0.17206202307802901
}
