{
	"pitch" : 1.4597557034209696,
	"roll" : -1.5126552445475152,
	"x" : 0.011803413355520126,
	"y" : -0.21128395460102514,
	"yaw" : 1.2954802735534809,
	"z" : -0.0701412167326637
}
