{
	"pitch" : 1.4676648363107099,
	"roll" : -1.5183758277468213,
	"x" : 0.009986137201051834,
	"y" : -0.22294491017115062,
	"yaw" : 1.29104610812686,
	"z" : -0.081939102533138866
}
