{
	"pitch" : 1.4832134900482863,
	"roll" : -1.7125367657842385,
	"x" : 0.037802258264045624,
	"y" : 0.019335625094179913,
	"yaw" : 1.1074155215399391,
	"z" : -0.17160189393392269
}
