{
	"pitch" : 1.4783940124383215,
	"roll" : -1.6860748754274846,
	"x" : 0.029458668085839509,
	"y" : 0.0031963714540975633,
	"yaw" : 1.1345317596871309,
	"z" : -0.17118519996266718
}
