{
	"pitch" : 1.4699025272150419,
	"roll" : -1.6241670199555833,
	"x" : 0.030169490689866948,
	"y" : -0.027240124771426646,
	"yaw" : 1.1914267475349247,
	"z" : -0.17016340991807302
}
