{
	"pitch" : 1.4636073867786152,
	"roll" : -1.4972520190562544,
	"x" : 0.044332910142359939,
	"y" : -0.11620817251022919,
	"yaw" : 1.3087695665567967,
	"z" : -0.16933507639034234
}
