{
	"pitch" : 1.4837006893440088,
	"roll" : -1.3837585508295993,
	"x" : 0.11010636046546704,
	"y" : -0.050494805571257372,
	"yaw" : 1.4347745827266636,
	"z" : -0.16820205248790077
}
