{
	"pitch" : 1.4926653148159359,
	"roll" : -1.5319685523363933,
	"x" : 0.070890019832030707,
	"y" : -0.019021013701072099,
	"yaw" : 1.2856761673788066,
	"z" : -0.16991975086627603
}
