{
	"pitch" : 1.4858401358058069,
	"roll" : -1.5228122471094232,
	"x" : 0.076571721811943383,
	"y" : -0.012349990442218765,
	"yaw" : 1.2921801662040024,
	"z" : -0.11904651458875301
}
