{
	"pitch" : 1.4797377630284396,
	"roll" : -1.5141531916283932,
	"x" : 0.044727522975109207,
	"y" : -0.11252027904370969,
	"yaw" : 1.303777066796417,
	"z" : -0.16888850999694388
}
