{
	"pitch" : 1.4667194668212222,
	"roll" : -1.5927985512075928,
	"x" : -0.032646573029284587,
	"y" : -0.11798693294452128,
	"yaw" : 1.2155779039634007,
	"z" : -0.17189945380896532
}
