{
	"pitch" : 1.4630552975157984,
	"roll" : -1.3905822662041356,
	"x" : 0.10484726025918059,
	"y" : -0.22418686723625619,
	"yaw" : 1.418044824322173,
	"z" : -0.16910917869448991
}
