{
	"pitch" : 1.4818665679865892,
	"roll" : -1.5409939480219912,
	"x" : 0.078859041196017193,
	"y" : -0.010578749184149758,
	"yaw" : 1.2707169065759145,
	"z" : -0.22005980137557482
}
