{
	"pitch" : 1.4947221142213141,
	"roll" : -1.3554625933395608,
	"x" : 0.12604731161749999,
	"y" : -0.0015471149169914052,
	"yaw" : 1.4656017534486234,
	"z" : -0.16885784614067234
}
