{
	"pitch" : 1.4695885284994321,
	"roll" : -1.5545271381069647,
	"x" : 0.06282106359389171,
	"y" : -0.060518032521126794,
	"yaw" : 1.2604046598218848,
	"z" : -0.16981030971222888
}
