{
	"pitch" : 1.4816614323009423,
	"roll" : -1.5441304725509262,
	"x" : 0.086040049928219425,
	"y" : 0.011484276721502672,
	"yaw" : 1.2688378323903644,
	"z" : -0.21408754453968623
}
