{
	"pitch" : 1.4533454942777932,
	"roll" : -1.4765057887713173,
	"x" : 0.019891219574753025,
	"y" : -0.19212499582637729,
	"yaw" : 1.3257923776743401,
	"z" : -0.1701434611789929
}
