{
	"pitch" : 1.4519183287398176,
	"roll" : -1.3361701792605429,
	"x" : 0.061783999162725874,
	"y" : -0.30187101535887501,
	"yaw" : 1.4669998715165691,
	"z" : -0.170713029159309
}
