{
	"pitch" : 1.4792187716351461,
	"roll" : -1.6002249024268695,
	"x" : 0.026617364123814713,
	"y" : -0.0086157754496880689,
	"yaw" : 1.2201774594495527,
	"z" : -0.17066648069056428
}
