{
	"pitch" : 1.4601231549572846,
	"roll" : -1.4290660752524964,
	"x" : 0.049511168201720579,
	"y" : -0.096388793480609108,
	"yaw" : 1.3681567000190464,
	"z" : -0.16990218707292529
}
