{
	"pitch" : 1.4819814211678011,
	"roll" : -1.6949498653989064,
	"x" : 0.036444486381990382,
	"y" : 0.016969760031434161,
	"yaw" : 1.1239005082944669,
	"z" : -0.17134931521874602
}
