{
	"pitch" : 1.4582816355632264,
	"roll" : -1.3140622019456638,
	"x" : 0.01423971410771676,
	"y" : -0.20906531709446063,
	"yaw" : 1.4980748574246532,
	"z" : -0.27092978418857172
}
