{
	"pitch" : 1.4484480799908925,
	"roll" : -1.4010945779200954,
	"x" : 0.00010952069897410266,
	"y" : -0.25542172717284001,
	"yaw" : 1.3979564086967018,
	"z" : -0.17126999534815551
}
