{
	"pitch" : 1.4543825712445768,
	"roll" : -1.4193864971441115,
	"x" : 0.01421094121133739,
	"y" : -0.20671244662395596,
	"yaw" : 1.3826440164778253,
	"z" : -0.17040374976355832
}
