{
	"pitch" : 1.488576231968435,
	"roll" : -1.4482655554314219,
	"x" : 0.077007289660553674,
	"y" : -0.010719532143636176,
	"yaw" : 1.3670461484403973,
	"z" : -0.16886762204855443
}
