{
	"pitch" : 1.4732339245349559,
	"roll" : -1.5558899718514996,
	"x" : 0.030073164844238859,
	"y" : -0.15891943352591228,
	"yaw" : 1.254476033568519,
	"z" : -0.12346911485756834
}
