{
	"pitch" : 1.4680963612979845,
	"roll" : -1.3799465363604506,
	"x" : 0.016993435433112165,
	"y" : -0.20338657439904173,
	"yaw" : 1.4323412495984582,
	"z" : -0.26769084356256118
}
