{
	"pitch" : 1.4572059635246424,
	"roll" : -1.4255539244116049,
	"x" : 0.013701645872243561,
	"y" : -0.20986624093680961,
	"yaw" : 1.3739138146253351,
	"z" : -0.17031420217975091
}
