{
	"pitch" : 1.450392107386278,
	"roll" : -1.4255708809565697,
	"x" : -0.017132934176628978,
	"y" : -0.30820177603192644,
	"yaw" : 1.3763668795686279,
	"z" : -0.172579778783054
}
