{
	"pitch" : 1.450646235892014,
	"roll" : -1.299004267770647,
	"x" : 0.060633462968483154,
	"y" : -0.30177814370864658,
	"yaw" : 1.504227281774037,
	"z" : -0.17023891949588157
}
