{
	"pitch" : 1.4614905743590954,
	"roll" : -1.4560258133892909,
	"x" : 0.043627496486790256,
	"y" : -0.12068504086946066,
	"yaw" : 1.3460934194199272,
	"z" : -0.16973885530449034
}
