{
	"pitch" : 1.4950391204180331,
	"roll" : -1.6035861739420201,
	"x" : 0.091166409311474406,
	"y" : 0.0302398050584337,
	"yaw" : 1.2178079630500449,
	"z" : -0.14702853938651617
}
