{
	"pitch" : 1.4684929709331564,
	"roll" : -1.5073210136701884,
	"x" : 0.066263198910481283,
	"y" : -0.046795564535559983,
	"yaw" : 1.2980700298731203,
	"z" : -0.20469523887898633
}
