{
	"pitch" : 1.485865002805719,
	"roll" : -1.6009712507519729,
	"x" : 0.087695489790468817,
	"y" : 0.017645930782882228,
	"yaw" : 1.2148589920130095,
	"z" : -0.20992368647301321
}
