{
	"pitch" : 1.4510756916088106,
	"roll" : -1.2848699838014583,
	"x" : 0.059870030592704342,
	"y" : -0.30145356265020118,
	"yaw" : 1.5185588156732348,
	"z" : -0.1698122642584079
}
