{
	"pitch" : 1.4747338699066848,
	"roll" : -1.5551205740822529,
	"x" : 0.065029489916755515,
	"y" : -0.050047986077824506,
	"yaw" : 1.2570881728306564,
	"z" : -0.13708464426618583
}
