{
	"pitch" : 1.4847891969876217,
	"roll" : -1.6521505287168861,
	"x" : 0.0422544045349382,
	"y" : 0.02540324246221003,
	"yaw" : 1.1700973085297017,
	"z" : -0.17121043205142258
}
