{
	"pitch" : 1.4592901593122267,
	"roll" : -1.5822500060163407,
	"x" : -0.083641790631581614,
	"y" : -0.17984535343901711,
	"yaw" : 1.2268289828431218,
	"z" : -0.17380098136460342
}
