{
	"pitch" : 1.4800752081977804,
	"roll" : -1.5970431631858335,
	"x" : 0.059223035154439302,
	"y" : -0.1381903827585233,
	"yaw" : 1.2095252020189604,
	"z" : -0.170020453305677
}
