{
	"pitch" : 1.4919531420314678,
	"roll" : -1.4576399771519537,
	"x" : 0.076082995578559243,
	"y" : -0.012454849394642677,
	"yaw" : 1.3526021704159112,
	"z" : -0.16849006727485114
}
