{
	"pitch" : 1.4934797757424418,
	"roll" : -1.3972976622483513,
	"x" : 0.064115735398775534,
	"y" : -0.054084222820361197,
	"yaw" : 1.4169369943066017,
	"z" : -0.19031967496168656
}
