{
	"pitch" : 1.4762045166811182,
	"roll" : -1.571164018365879,
	"x" : 0.028401146187713555,
	"y" : -0.026217622916845658,
	"yaw" : 1.248502407132603,
	"z" : -0.17027697588258434
}
