{
	"pitch" : 1.4685879974484284,
	"roll" : -1.4520986064024328,
	"x" : 0.069859355984687857,
	"y" : -0.15067070555992787,
	"yaw" : 1.3543784915412005,
	"z" : -0.16925146677791714
}
