{
	"pitch" : 1.4565563426658961,
	"roll" : -1.3854042393316213,
	"x" : 0.016690970159066607,
	"y" : -0.20463566482991563,
	"yaw" : 1.4286201291074316,
	"z" : -0.26707959693475408
}
