{
	"pitch" : 1.4853941473063614,
	"roll" : -1.5540759502632957,
	"x" : 0.072719248817479862,
	"y" : -0.024610391014864313,
	"yaw" : 1.2595952012442919,
	"z" : -0.12097044378553259
}
