{
	"pitch" : 1.48720622060394,
	"roll" : -1.5542895511041066,
	"x" : 0.078258390327602317,
	"y" : -0.0089638318629064132,
	"yaw" : 1.2604459489403919,
	"z" : -0.11895214434702325
}
