{
	"pitch" : 1.4751552364580276,
	"roll" : -1.5226222654243369,
	"x" : 0.072197128782515982,
	"y" : -0.029676000613589455,
	"yaw" : 1.2842309920737289,
	"z" : -0.2166286624004353
}
