{
	"pitch" : 1.4596192059200352,
	"roll" : -1.6171034240578981,
	"x" : -0.083022794761457935,
	"y" : -0.18016472022240593,
	"yaw" : 1.191149602243172,
	"z" : -0.17394604457802165
}
