{
	"pitch" : 1.4863754154474089,
	"roll" : -1.6458317347505027,
	"x" : 0.039490390736619072,
	"y" : 0.022563860083398325,
	"yaw" : 1.1767277148985258,
	"z" : -0.17106003977673689
}
