{
	"pitch" : 1.4683556892158722,
	"roll" : -1.4879613640027414,
	"x" : 0.063142662502201977,
	"y" : -0.05795873142475913,
	"yaw" : 1.3203374722050596,
	"z" : -0.18465370319540017
}
