{
	"pitch" : 1.4861595712711928,
	"roll" : -1.529718629009434,
	"x" : 0.074543637673114699,
	"y" : -0.015893631186712068,
	"yaw" : 1.2849584054846777,
	"z" : -0.1191479583741327
}
