{
	"pitch" : 1.4921880351459982,
	"roll" : -1.3854130390756556,
	"x" : 0.12751582613164197,
	"y" : -0.013605414359113829,
	"yaw" : 1.4396960204937661,
	"z" : -0.16885417034544017
}
