{
	"pitch" : 1.4568275179234493,
	"roll" : -1.3485100433909114,
	"x" : 0.072651150581123536,
	"y" : -0.26663286437666245,
	"yaw" : 1.4607543080735192,
	"z" : -0.16961684517130152
}
