{
	"pitch" : 1.4550371596135803,
	"roll" : -1.4608126467339067,
	"x" : 0.036521866446531534,
	"y" : -0.14355200376035918,
	"yaw" : 1.3393996951794391,
	"z" : -0.16965284249085036
}
