{
	"pitch" : 1.4990826165716606,
	"roll" : -1.5378990802305925,
	"x" : 0.10076084952391891,
	"y" : 0.033678262037345044,
	"yaw" : 1.2924610136019323,
	"z" : -0.1706115539288855
}
