{
	"pitch" : 1.4565518748326842,
	"roll" : -1.3588060947861549,
	"x" : 0.016125584867710818,
	"y" : -0.20626137816212131,
	"yaw" : 1.4536308397774085,
	"z" : -0.26879579551509553
}
