{
	"pitch" : 1.4507667609990846,
	"roll" : -1.4389679830995077,
	"x" : 0.016841319306854105,
	"y" : -0.20025054853551413,
	"yaw" : 1.3647981377776377,
	"z" : -0.16988446852536424
}
