{
	"pitch" : 1.4878025446002372,
	"roll" : -1.5235288518885304,
	"x" : 0.076340253438745814,
	"y" : -0.01282829926214173,
	"yaw" : 1.2938153283129989,
	"z" : -0.16963623131299718
}
