{
	"pitch" : 1.4921966084727949,
	"roll" : -1.3770784450605713,
	"x" : 0.12702723463571053,
	"y" : -0.019013532860366396,
	"yaw" : 1.4438834659635587,
	"z" : -0.16861890178416444
}
