{
	"pitch" : 1.477234518269078,
	"roll" : -1.5175747622539817,
	"x" : 0.077677309542670922,
	"y" : -0.013400285150680454,
	"yaw" : 1.2799333041018246,
	"z" : -0.17055154066097744
}
