{
	"pitch" : 1.4678227332608338,
	"roll" : -1.4756639436901233,
	"x" : 0.049056251963455678,
	"y" : -0.055545760359072806,
	"yaw" : 1.3353840906255079,
	"z" : -0.16920096033804483
}
