{
	"pitch" : 1.4530080668293159,
	"roll" : -1.3306934698775053,
	"x" : 0.020134367958629495,
	"y" : -0.28987919103797233,
	"yaw" : 1.473904049389636,
	"z" : -0.17136354342459559
}
