{
	"pitch" : 1.4718989093026411,
	"roll" : -1.4712150212458721,
	"x" : 0.058004655155769427,
	"y" : -0.058062203762903726,
	"yaw" : 1.3463238926337076,
	"z" : -0.1687679425929236
}
