{
	"pitch" : 1.4526478406387227,
	"roll" : -1.4543814752180684,
	"x" : 0.029675591305226991,
	"y" : -0.16617145206815362,
	"yaw" : 1.3497152450747314,
	"z" : -0.16971597848924289
}
