{
	"pitch" : 1.4499764120351848,
	"roll" : -1.5201454078928081,
	"x" : -0.058525985797867344,
	"y" : -0.24759731789241785,
	"yaw" : 1.280529875229433,
	"z" : -0.17320804944566012
}
