{
	"pitch" : 1.494180657043011,
	"roll" : -1.6087936817911985,
	"x" : 0.091778037289064279,
	"y" : 0.033214323715266635,
	"yaw" : 1.2120178152720185,
	"z" : -0.15265166684365269
}
