{
	"pitch" : 1.4654172298260983,
	"roll" : -1.4899071407901758,
	"x" : 0.058579050085408133,
	"y" : -0.068537570997869529,
	"yaw" : 1.314135828212134,
	"z" : -0.16998920114038313
}
