{
	"pitch" : 1.4783497945627497,
	"roll" : -1.5378370179493253,
	"x" : 0.0712197828986669,
	"y" : -0.026620215920269429,
	"yaw" : 1.271595855212031,
	"z" : -0.16968376952507996
}
