{
	"pitch" : 1.4718071479460917,
	"roll" : -1.58412220421955,
	"x" : 0.045077587279313734,
	"y" : -0.05014515187100544,
	"yaw" : 1.2347666098798815,
	"z" : -0.16989253303184279
}
