{
	"pitch" : 1.4771455139448009,
	"roll" : -1.5243085383233199,
	"x" : 0.0650086176062451,
	"y" : -0.048306483921695148,
	"yaw" : 1.2872437367210661,
	"z" : -0.13501063795957849
}
