{
	"pitch" : 1.4970242690882936,
	"roll" : -1.5008583691644,
	"x" : 0.093394885963189719,
	"y" : 0.036803091363937772,
	"yaw" : 1.3298289315727796,
	"z" : -0.17094933498844556
}
