{
	"pitch" : 1.4763270290821802,
	"roll" : -1.5842050842643096,
	"x" : 0.026740362013006391,
	"y" : -0.018145272281649368,
	"yaw" : 1.2349410770369911,
	"z" : -0.17060286901522645
}
