{
	"pitch" : 1.4961829435174161,
	"roll" : -1.4869826339799246,
	"x" : 0.079007304731388617,
	"y" : 0.039923357043760342,
	"yaw" : 1.3479996188321179,
	"z" : -0.17083184022175749
}
