{
	"pitch" : 1.4800639502821979,
	"roll" : -1.629435378053784,
	"x" : 0.026168152327580067,
	"y" : -0.0050770223527309734,
	"yaw" : 1.1891338677345491,
	"z" : -0.17062929117285824
}
