{
	"pitch" : 1.4831706308884376,
	"roll" : -1.5571254672272459,
	"x" : 0.0700876778798461,
	"y" : -0.029111272107735665,
	"yaw" : 1.2558025202800915,
	"z" : -0.12203682305832923
}
