{
	"pitch" : 1.4531807652789579,
	"roll" : -1.4884782496932738,
	"x" : 0.013910959080225702,
	"y" : -0.2089183729103446,
	"yaw" : 1.3132024899768049,
	"z" : -0.17060269287512075
}
