{
	"pitch" : 1.479814082641576,
	"roll" : -1.4802781936144438,
	"x" : 0.065276885914986385,
	"y" : -0.017408233160833529,
	"yaw" : 1.3347901252641921,
	"z" : -0.16898012479490634
}
