{
	"pitch" : 1.4517671526136413,
	"roll" : -1.4823376408711446,
	"x" : -0.073074959711303317,
	"y" : -0.26021970462259958,
	"yaw" : 1.3218146405821698,
	"z" : -0.17447436837670949
}
