{
	"pitch" : 1.4582387994666846,
	"roll" : -1.3177566391077422,
	"x" : 0.076949398894168519,
	"y" : -0.24571663206109778,
	"yaw" : 1.4871266885361143,
	"z" : -0.1689139532736203
}
