{
	"pitch" : 1.480540670866304,
	"roll" : -1.6292921077746094,
	"x" : 0.026494741912502701,
	"y" : -0.0051540696646873978,
	"yaw" : 1.1892186229005679,
	"z" : -0.17076988431344284
}
