{
	"pitch" : 1.4953721449782318,
	"roll" : -1.4926797029469949,
	"x" : 0.095159488905153328,
	"y" : 0.036142919075060502,
	"yaw" : 1.3381269640081546,
	"z" : -0.17082163893982608
}
