{
	"pitch" : 1.4552792594655211,
	"roll" : -1.4157435808218299,
	"x" : 0.011089549157639697,
	"y" : -0.21646560200080772,
	"yaw" : 1.3845631614027016,
	"z" : -0.16998341199412528
}
