{
	"pitch" : 1.4767334470552971,
	"roll" : -1.4619248646486982,
	"x" : 0.078947583485485723,
	"y" : -0.062958562347499206,
	"yaw" : 1.3517240683222935,
	"z" : -0.16865562490021796
}
