{
	"pitch" : 1.4687163574369828,
	"roll" : -1.5260992596437544,
	"x" : 0.062556467120921347,
	"y" : -0.059647710881996149,
	"yaw" : 1.2858026868803876,
	"z" : -0.17704786356836433
}
