{
	"pitch" : 1.4731293703164434,
	"roll" : -1.4272830835185963,
	"x" : 0.1022207086560163,
	"y" : -0.16249989318504962,
	"yaw" : 1.3677606805142162,
	"z" : -0.16826678343719037
}
