{
	"pitch" : 1.4475860068879731,
	"roll" : -1.362423688317441,
	"x" : -0.012288193922554022,
	"y" : -0.2896986271711936,
	"yaw" : 1.4403253192767567,
	"z" : -0.17209213653121233
}
