{
	"pitch" : 1.4764026034088111,
	"roll" : -1.483434353834987,
	"x" : 0.06121835482143017,
	"y" : -0.061109389600575277,
	"yaw" : 1.330259081306149,
	"z" : -0.165031483616219
}
