{
	"pitch" : 1.4641616928997019,
	"roll" : -1.4856023788375867,
	"x" : 0.01121349880081432,
	"y" : -0.2128106234877381,
	"yaw" : 1.3266253371362187,
	"z" : -0.071554823607080861
}
