{
	"pitch" : 1.4828396163088096,
	"roll" : -1.5351602680334495,
	"x" : 0.070865107590788734,
	"y" : -0.031507273867110455,
	"yaw" : 1.2765248017616773,
	"z" : -0.123852712333369
}
