{
	"pitch" : 1.4740434904529995,
	"roll" : -1.6585822621162913,
	"x" : 0.027527801931123343,
	"y" : -0.019535875691681616,
	"yaw" : 1.1547769058794859,
	"z" : -0.17080383094133672
}
