{
	"pitch" : 1.4732811375442842,
	"roll" : -1.5536190520160615,
	"x" : 0.071107860363817554,
	"y" : -0.036309925177829425,
	"yaw" : 1.2551630402506175,
	"z" : -0.2144208549486821
}
