{
	"pitch" : 1.4931375613457809,
	"roll" : -1.502438946101093,
	"x" : 0.075109886573173607,
	"y" : -0.013527536618356336,
	"yaw" : 1.3196551170923725,
	"z" : -0.1692531332927697
}
