{
	"pitch" : 1.451271560477934,
	"roll" : -1.2756804231687033,
	"x" : 0.057468803084282732,
	"y" : -0.30104775103705927,
	"yaw" : 1.5306294021217051,
	"z" : -0.16958502047381638
}
