{
	"pitch" : 1.4988584626513681,
	"roll" : -1.5340813383076959,
	"x" : 0.086441626203546507,
	"y" : 0.03852685863054818,
	"yaw" : 1.3000247933778333,
	"z" : -0.17082240554819092
}
