{
	"pitch" : 1.4635720538151265,
	"roll" : -1.3267849077726281,
	"x" : 0.027829928889790023,
	"y" : -0.1633863030741031,
	"yaw" : 1.485637951068258,
	"z" : -0.22366298390179121
}
