{
	"pitch" : 1.4945128001140966,
	"roll" : -1.5519946534316611,
	"x" : 0.088329069509336666,
	"y" : 0.0250561913626564,
	"yaw" : 1.2659768264577396,
	"z" : -0.1376535605848962
}
