{
	"pitch" : 1.4655003498162451,
	"roll" : -1.5685108817562408,
	"x" : 0.070467529026094794,
	"y" : -0.032566096150912674,
	"yaw" : 1.238264815969381,
	"z" : -0.1708587306595519
}
