{
	"pitch" : 1.4917904683557668,
	"roll" : -1.4765562177714289,
	"x" : 0.042959334330728967,
	"y" : -0.11890240716262668,
	"yaw" : 1.3307354844628565,
	"z" : -0.22310794255165156
}
