{
	"pitch" : 1.4808733491108423,
	"roll" : -1.535677610959264,
	"x" : 0.046317692278514511,
	"y" : -0.11233248286085754,
	"yaw" : 1.2842676872894563,
	"z" : -0.16973086652221178
}
