{
	"pitch" : 1.4820244088767436,
	"roll" : -1.3455425350290886,
	"x" : 0.10690962309487564,
	"y" : -0.0525520687160594,
	"yaw" : 1.4767681716255836,
	"z" : -0.16783842098603791
}
