{
	"pitch" : 1.4589117303728245,
	"roll" : -1.4182912989496355,
	"x" : 0.021707664471179181,
	"y" : -0.18976365206056431,
	"yaw" : 1.4038215212002956,
	"z" : -0.25217403860860432
}
