{
	"pitch" : 1.4801800863930521,
	"roll" : -1.6028909777781446,
	"x" : 0.043361739878232705,
	"y" : -0.11768600223427575,
	"yaw" : 1.2151167663530424,
	"z" : -0.16408218390228688
}
