{
	"pitch" : 1.4542706914407129,
	"roll" : -1.3957663403648299,
	"x" : 0.026708978907734139,
	"y" : -0.16659039457478395,
	"yaw" : 1.4036570256194294,
	"z" : -0.16866885659388642
}
