{
	"pitch" : 1.453155815824877,
	"roll" : -1.4830800813430445,
	"x" : 0.014663100478099995,
	"y" : -0.20881665097515312,
	"yaw" : 1.3188905267438893,
	"z" : -0.17081889189667804
}
