{
	"pitch" : 1.4812830580072887,
	"roll" : -1.4768160504407313,
	"x" : 0.069288077858731326,
	"y" : -0.033138945711212786,
	"yaw" : 1.3341082820647816,
	"z" : -0.16955000080368862
}
