{
	"pitch" : 1.4683288581188454,
	"roll" : -1.4089933243811144,
	"x" : 0.063523204463770799,
	"y" : -0.0612986741312843,
	"yaw" : 1.4079444133336947,
	"z" : -0.16919019502407967
}
