{
	"pitch" : 1.4747757541890445,
	"roll" : -1.5552490889455888,
	"x" : 0.065045180967101213,
	"y" : -0.050021726013576712,
	"yaw" : 1.2569014897320652,
	"z" : -0.13714303939722644
}
