{
	"pitch" : 1.4451870024607718,
	"roll" : -1.3680260777865108,
	"x" : -0.013614459422976122,
	"y" : -0.3039953644284365,
	"yaw" : 1.4344184636363415,
	"z" : -0.17375430532755104
}
