{
	"pitch" : 1.4523379649261869,
	"roll" : -1.5117026046637576,
	"x" : -0.028078031207907889,
	"y" : -0.23115017039187136,
	"yaw" : 1.2892439925330283,
	"z" : -0.17231979078132981
}
