{
	"pitch" : 1.4942210346757154,
	"roll" : -1.568306798651883,
	"x" : 0.077126152964616168,
	"y" : 0.039361956755975973,
	"yaw" : 1.2612542209739113,
	"z" : -0.17100779730505331
}
