{
	"pitch" : 1.4752780053109911,
	"roll" : -1.4826677475363055,
	"x" : 0.061754600609841649,
	"y" : -0.058781984712873804,
	"yaw" : 1.3328435309365265,
	"z" : -0.15229448745030869
}
