{
	"pitch" : 1.4633692749191021,
	"roll" : -1.5367366317496463,
	"x" : 0.06746887810756913,
	"y" : -0.040829057175324937,
	"yaw" : 1.2671434959956447,
	"z" : -0.170319812322137
}
