{
	"pitch" : 1.4902495124445527,
	"roll" : -1.3527709111782802,
	"x" : 0.12664621750274999,
	"y" : -0.021115690002417066,
	"yaw" : 1.4678634112367992,
	"z" : -0.16864816227488058
}
