{
	"pitch" : 1.4814883595647121,
	"roll" : -1.4032223883665083,
	"x" : 0.10057172640122473,
	"y" : -0.057085580223732842,
	"yaw" : 1.4188280601215246,
	"z" : -0.1689978303097687
}
