{
	"pitch" : 1.4985495502224448,
	"roll" : -1.3764995835446687,
	"x" : 0.11007396617745312,
	"y" : 0.026117474148951599,
	"yaw" : 1.4509998708281622,
	"z" : -0.16940788449481892
}
