{
	"pitch" : 1.4949098945314183,
	"roll" : -1.59175939261894,
	"x" : 0.092547399202292269,
	"y" : 0.035346266430368936,
	"yaw" : 1.2294589375475258,
	"z" : -0.16148151755145043
}
