{
	"pitch" : 1.448725881573071,
	"roll" : -1.4671362844878832,
	"x" : -0.074746395898448559,
	"y" : -0.25690140849726084,
	"yaw" : 1.3377064596946642,
	"z" : -0.17424661005958317
}
