{
	"pitch" : 1.4800654927733261,
	"roll" : -1.4289828590189544,
	"x" : 0.095710538076508075,
	"y" : -0.059548299553878026,
	"yaw" : 1.3881615249712056,
	"z" : -0.16858124820181852
}
