{
	"pitch" : 1.465064627410267,
	"roll" : -1.4788793309466601,
	"x" : 0.062867845993436519,
	"y" : -0.057209216866578483,
	"yaw" : 1.3297648607942214,
	"z" : -0.18683513281338482
}
