{
	"pitch" : 1.4906055514701861,
	"roll" : -1.3708427873364726,
	"x" : 0.12702298388139893,
	"y" : -0.020009715376797101,
	"yaw" : 1.449399992742745,
	"z" : -0.1686841622555415
}
