{
	"pitch" : 1.4943364100466214,
	"roll" : -1.5827396079087448,
	"x" : 0.076534519369589452,
	"y" : 0.039356228072052413,
	"yaw" : 1.2474950543442371,
	"z" : -0.17112368083974491
}
