{
	"pitch" : 1.479781793520343,
	"roll" : -1.498089774070694,
	"x" : 0.067948636871538334,
	"y" : -0.035277788579637717,
	"yaw" : 1.3124403871034027,
	"z" : -0.12458855706346464
}
