{
	"pitch" : 1.4965578273670406,
	"roll" : -1.4597815591271872,
	"x" : 0.11774365697676273,
	"y" : 0.019271893066621026,
	"yaw" : 1.3687734409795356,
	"z" : -0.17017575141205962
}
