{
	"pitch" : 1.4704919647550927,
	"roll" : -1.5572249384584493,
	"x" : 0.030673532529449585,
	"y" : -0.035846925029504116,
	"yaw" : 1.2503304598285543,
	"z" : -0.16986867453308963
}
