{
	"pitch" : 1.4523978452864446,
	"roll" : -1.4674641224614029,
	"x" : 0.030504972563114116,
	"y" : -0.15729192318106217,
	"yaw" : 1.3335156824001064,
	"z" : -0.16980300612719909
}
