{
	"pitch" : 1.4964168451543434,
	"roll" : -1.3850441694104272,
	"x" : 0.12237045063874999,
	"y" : 0.011726024870528066,
	"yaw" : 1.4396026070250476,
	"z" : -0.1695021386928314
}
