{
	"pitch" : 1.4694856326374952,
	"roll" : -1.5703733142310707,
	"x" : -0.031002888193373546,
	"y" : -0.11615993073865595,
	"yaw" : 1.2389681059513509,
	"z" : -0.171589685451283
}
