{
	"pitch" : 1.452497670977527,
	"roll" : -1.4699836240714701,
	"x" : 0.033097912151743063,
	"y" : -0.15002648331195548,
	"yaw" : 1.3310274078415085,
	"z" : -0.16977325622007294
}
