{
	"pitch" : 1.4913392196410067,
	"roll" : -1.4270389037316826,
	"x" : 0.12845951118858556,
	"y" : -0.016011828609471594,
	"yaw" : 1.3936050441276611,
	"z" : -0.16911735200450043
}
