{
	"pitch" : 1.4652718089602459,
	"roll" : -1.5350717620308132,
	"x" : 0.019574307081503296,
	"y" : -0.18788690855271481,
	"yaw" : 1.2752737301456938,
	"z" : -0.09374901872967091
}
