{
	"pitch" : 1.4795223480300521,
	"roll" : -1.5334544656998867,
	"x" : 0.080582257196876284,
	"y" : -0.0039006008466267641,
	"yaw" : 1.2782574609460002,
	"z" : -0.21916138107168953
}
