{
	"pitch" : 1.4884831377985175,
	"roll" : -1.5597764396444802,
	"x" : 0.053442528347298221,
	"y" : 0.033983273605085865,
	"yaw" : 1.2717866529413182,
	"z" : -0.17121195866636846
}
