{
	"pitch" : 1.4530675194749125,
	"roll" : -1.4389176544001518,
	"x" : 0.030977149089631097,
	"y" : -0.160627675889218,
	"yaw" : 1.3633714756248847,
	"z" : -0.16997388335732633
}
