{
	"pitch" : 1.4554657943850466,
	"roll" : -1.4457886081450426,
	"x" : 0.013645251796355312,
	"y" : -0.21080353036574723,
	"yaw" : 1.3573873829363945,
	"z" : -0.17018164634114966
}
