{
	"pitch" : 1.4459105857608905,
	"roll" : -1.4417438897512524,
	"x" : -0.016300817116080862,
	"y" : -0.30960837953154741,
	"yaw" : 1.3593156747048252,
	"z" : -0.17365502188589585
}
