{
	"pitch" : 1.4797837505507832,
	"roll" : -1.5173193629222517,
	"x" : 0.044440733632658297,
	"y" : -0.11211247089768059,
	"yaw" : 1.3000569873451935,
	"z" : -0.16923252602429478
}
