{
	"pitch" : 1.4856988867307497,
	"roll" : -1.6199571592429027,
	"x" : 0.054425758440967004,
	"y" : 0.033440537498201306,
	"yaw" : 1.2051506633516318,
	"z" : -0.17134080914046415
}
