{
	"pitch" : 1.4768643018936558,
	"roll" : -1.5765303790450595,
	"x" : 0.040592866953410592,
	"y" : -0.12812575579051438,
	"yaw" : 1.2405917796668191,
	"z" : -0.15356893149208428
}
