{
	"pitch" : 1.4774138248092152,
	"roll" : -1.4651935139171668,
	"x" : 0.018334491136850942,
	"y" : -0.068679216132475435,
	"yaw" : 1.3603059202168983,
	"z" : -0.17081162325650814
}
