{
	"pitch" : 1.4905737493724445,
	"roll" : -1.5639995799673341,
	"x" : 0.084905586429879817,
	"y" : 0.039530131865780721,
	"yaw" : 1.2687405191435439,
	"z" : -0.17143203227061785
}
