{
	"pitch" : 1.4907925120292331,
	"roll" : -1.4137596850726415,
	"x" : 0.12810970148014733,
	"y" : -0.01675934568617525,
	"yaw" : 1.4069756525542385,
	"z" : -0.16896533910013403
}
