{
	"pitch" : 1.4636057615340021,
	"roll" : -1.510042525723559,
	"x" : 0.010682410802862058,
	"y" : -0.20786182221218016,
	"yaw" : 1.29461243429842,
	"z" : -0.072973678986725812
}
