{
	"pitch" : 1.4962620284022372,
	"roll" : -1.3848681925201956,
	"x" : 0.1203107850591655,
	"y" : 0.015362274104034334,
	"yaw" : 1.4405587232996238,
	"z" : -0.16988669698986708
}
