{
	"pitch" : 1.4938159810223082,
	"roll" : -1.6197400469283818,
	"x" : 0.075367635490444451,
	"y" : 0.039486454288364149,
	"yaw" : 1.2095315528797181,
	"z" : -0.17113689570196844
}
