{
	"pitch" : 1.4936226665819132,
	"roll" : -1.6256227795148408,
	"x" : 0.093071102197324368,
	"y" : 0.033901195268574311,
	"yaw" : 1.1957059027244934,
	"z" : -0.15629247255262876
}
