{
	"pitch" : 1.4594273832110114,
	"roll" : -1.5957120067049331,
	"x" : -0.01866028681012008,
	"y" : -0.14407672981137765,
	"yaw" : 1.2107795695451424,
	"z" : -0.17272759529909953
}
