{
	"pitch" : 1.4712465854786168,
	"roll" : -1.6516465071488873,
	"x" : 0.026790067384958198,
	"y" : -0.013989659933544753,
	"yaw" : 1.1639493528447615,
	"z" : -0.17155402877966416
}
