{
	"pitch" : 1.4756577635174726,
	"roll" : -1.651206198008071,
	"x" : 0.027259305917607182,
	"y" : -0.014747932198649675,
	"yaw" : 1.1674504541732198,
	"z" : -0.17124361938342431
}
