{
	"pitch" : 1.4787546181015541,
	"roll" : -1.5393191923736758,
	"x" : 0.045759539218372246,
	"y" : -0.11087180457731542,
	"yaw" : 1.2804565013387608,
	"z" : -0.16975172066199604
}
