{
	"pitch" : 1.4697747144605509,
	"roll" : -1.5298200969268294,
	"x" : 0.063706903669911205,
	"y" : -0.054448368855680648,
	"yaw" : 1.2792237245452607,
	"z" : -0.16936377256134066
}
