{
	"pitch" : 1.4842216313718395,
	"roll" : -1.4610724499273224,
	"x" : 0.10402801793269331,
	"y" : -0.056138630494830317,
	"yaw" : 1.3585250512025144,
	"z" : -0.1683718133916717
}
