{
	"pitch" : 1.4780647521546464,
	"roll" : -1.5649050981401618,
	"x" : 0.078218848594613699,
	"y" : -0.011721022176683381,
	"yaw" : 1.2404683424723457,
	"z" : -0.1694490142135443
}
