{
	"pitch" : 1.4918934080726303,
	"roll" : -1.6319320960632757,
	"x" : 0.087858638059137267,
	"y" : 0.018414180382989913,
	"yaw" : 1.1850675429559998,
	"z" : -0.13126608008127674
}
