{
	"pitch" : 1.4750361794119067,
	"roll" : -1.5673839815567236,
	"x" : 0.028659022670959482,
	"y" : -0.027192300164956947,
	"yaw" : 1.2520776164550909,
	"z" : -0.17031960299226376
}
