{
	"pitch" : 1.4712167497267503,
	"roll" : -1.4807669320362027,
	"x" : 0.060407612241915827,
	"y" : -0.061862400769151046,
	"yaw" : 1.3288949413660043,
	"z" : -0.16940393524194067
}
