{
	"pitch" : 1.4755839239449877,
	"roll" : -1.5402125363419663,
	"x" : 0.064233858384821832,
	"y" : -0.054394498577433434,
	"yaw" : 1.272586421479653,
	"z" : -0.14304336229696182
}
