{
	"pitch" : 1.4879216365962591,
	"roll" : -1.4980397670177559,
	"x" : 0.076036422289348676,
	"y" : -0.012900896177005305,
	"yaw" : 1.3198328641015473,
	"z" : -0.16964651284040955
}
