{
	"pitch" : 1.4921030459884079,
	"roll" : -1.5136233609019292,
	"x" : 0.055513545947486552,
	"y" : -0.034282658866266469,
	"yaw" : 1.3039971692240044,
	"z" : -0.16973748887239243
}
