{
	"pitch" : 1.4765578228963492,
	"roll" : -1.5157348421361088,
	"x" : 0.072501436480838538,
	"y" : -0.029254034930456915,
	"yaw" : 1.2911867319715398,
	"z" : -0.21707807982600677
}
