{
	"pitch" : 1.4663453918415197,
	"roll" : -1.3778006925970365,
	"x" : 0.032635414845652577,
	"y" : -0.14950127156486079,
	"yaw" : 1.4392983666348464,
	"z" : -0.20930042224654177
}
