{
	"pitch" : 1.4705495858255109,
	"roll" : -1.5937803757194648,
	"x" : 0.029568444885467449,
	"y" : -0.030628572827781551,
	"yaw" : 1.2224144191382873,
	"z" : -0.16939979220653809
}
