{
	"pitch" : 1.4907282269595543,
	"roll" : -1.462814437208753,
	"x" : 0.076029790634942793,
	"y" : -0.012410438709102982,
	"yaw" : 1.3563093130336004,
	"z" : -0.16936522349830108
}
