{
	"pitch" : 1.4886964510163834,
	"roll" : -1.3681465205176504,
	"x" : 0.12415343606630301,
	"y" : -0.027445573673022285,
	"yaw" : 1.4531597876789502,
	"z" : -0.16862694358117825
}
