{
	"pitch" : 1.4858125314078059,
	"roll" : -1.5338883661235552,
	"x" : 0.053783680529229917,
	"y" : 0.035014714396670948,
	"yaw" : 1.299795213076284,
	"z" : -0.17149565660778868
}
