{
	"pitch" : 1.4653170694080266,
	"roll" : -1.4364242776356162,
	"x" : -0.0088570536848786158,
	"y" : -0.09296333114531069,
	"yaw" : 1.3842271258780841,
	"z" : -0.172689478851619
}
