{
	"pitch" : 1.4513295046791317,
	"roll" : -1.2772190442580813,
	"x" : 0.057919699359783319,
	"y" : -0.30134602840881364,
	"yaw" : 1.5285201437397014,
	"z" : -0.16948935705536972
}
