{
	"pitch" : 1.4749108941935982,
	"roll" : -1.5646749761710188,
	"x" : 0.065201006321363997,
	"y" : -0.050147218570354979,
	"yaw" : 1.2486090117287727,
	"z" : -0.13720195592663112
}
