{
	"pitch" : 1.4487400614089885,
	"roll" : -1.4222841703825648,
	"x" : -0.0066835277101617435,
	"y" : -0.27513066205957992,
	"yaw" : 1.3813171992620481,
	"z" : -0.17241519801675109
}
