{
	"pitch" : 1.4644118256164673,
	"roll" : -1.4800203957028808,
	"x" : 0.063159140916449308,
	"y" : -0.056952836634273883,
	"yaw" : 1.3294798830102583,
	"z" : -0.1874445717058294
}
