{
	"pitch" : 1.4735851141464515,
	"roll" : -1.5880578519071065,
	"x" : 0.04080318841293349,
	"y" : -0.046979257118896736,
	"yaw" : 1.2313715494831132,
	"z" : -0.17003625511338497
}
