{
	"pitch" : 1.4803703623266411,
	"roll" : -1.5447418723730346,
	"x" : 0.046101276222885706,
	"y" : -0.11171897151370834,
	"yaw" : 1.2749970418780638,
	"z" : -0.16971349688304455
}
