{
	"pitch" : 1.4732641017289396,
	"roll" : -1.6914020111186689,
	"x" : 0.027560925846219358,
	"y" : -0.016093070155386732,
	"yaw" : 1.1246073476995397,
	"z" : -0.17161599474175432
}
