{
	"pitch" : 1.4738489433092323,
	"roll" : -1.5662275876723848,
	"x" : 0.049532749639135745,
	"y" : -0.027099171479353697,
	"yaw" : 1.2472258141153958,
	"z" : -0.17056016923686124
}
