{
	"pitch" : 1.4784106919236342,
	"roll" : -1.4571618624073734,
	"x" : 0.071177614749215537,
	"y" : -0.01489989867731048,
	"yaw" : 1.3585867695727549,
	"z" : -0.16900780990785516
}
