{
	"pitch" : 1.4831979305878911,
	"roll" : -1.6362889699790961,
	"x" : 0.029965816359985707,
	"y" : 0.0071312924005687475,
	"yaw" : 1.1870336928372465,
	"z" : -0.17097979360719245
}
