{
	"pitch" : 1.4532678076056309,
	"roll" : -1.489954361390609,
	"x" : 0.013766571692459012,
	"y" : -0.20893857277658548,
	"yaw" : 1.3116071558316993,
	"z" : -0.1706246101273651
}
