{
	"pitch" : 1.4972589613035552,
	"roll" : -1.5122583057142778,
	"x" : 0.10179231976367284,
	"y" : 0.033259592449019187,
	"yaw" : 1.3187002708914479,
	"z" : -0.17053947709346395
}
