{
	"pitch" : 1.4752924582374776,
	"roll" : -1.5723142129666645,
	"x" : 0.030029760478162894,
	"y" : -0.030926712796720483,
	"yaw" : 1.247428507651998,
	"z" : -0.16995439184529315
}
