{
	"pitch" : 1.4895625646453863,
	"roll" : -1.5834123824372408,
	"x" : 0.053595547698797479,
	"y" : 0.033317004799424281,
	"yaw" : 1.2467775492012334,
	"z" : -0.17135567262752477
}
