{
	"pitch" : 1.4992438381930429,
	"roll" : -1.4225357841184925,
	"x" : 0.11931456053763938,
	"y" : 0.015586392077641372,
	"yaw" : 1.4016299041629681,
	"z" : -0.16964480350852809
}
