{
	"pitch" : 1.4541969941995958,
	"roll" : -1.4944627932875982,
	"x" : 0.012527637906569231,
	"y" : -0.20901092634237256,
	"yaw" : 1.3055092493570524,
	"z" : -0.17061993064148326
}
