{
	"pitch" : 1.449795282377109,
	"roll" : -1.4206714234846869,
	"x" : -0.00056878797595254216,
	"y" : -0.25810554825663801,
	"yaw" : 1.3778411615701103,
	"z" : -0.17159146584286816
}
