{
	"pitch" : 1.4917716896289146,
	"roll" : -1.5398373569922017,
	"x" : 0.070466517987506444,
	"y" : -0.019341436898418891,
	"yaw" : 1.2776700594613457,
	"z" : -0.16999008188842901
}
