{
	"pitch" : 1.4795960889444078,
	"roll" : -1.4980647402841225,
	"x" : 0.044743890033558956,
	"y" : -0.11204184268381527,
	"yaw" : 1.3190957568495636,
	"z" : -0.16924378112210017
}
