{
	"pitch" : 1.4881830355143124,
	"roll" : -1.6674989694974947,
	"x" : 0.047174351646198279,
	"y" : 0.029016417856576812,
	"yaw" : 1.154822442525639,
	"z" : -0.17134502484671529
}
