{
	"pitch" : 1.4728738611784908,
	"roll" : -1.4898217377946237,
	"x" : 0.073020691087347211,
	"y" : -0.023475345844450657,
	"yaw" : 1.3101153736578086,
	"z" : -0.16935412437750036
}
