{
	"pitch" : 1.472976532019334,
	"roll" : -1.5367988687008065,
	"x" : 0.070999594820946837,
	"y" : -0.035894752428539532,
	"yaw" : 1.2714303901490003,
	"z" : -0.21456344584358908
}
