{
	"pitch" : 1.4684273657413827,
	"roll" : -1.6204972637889852,
	"x" : -0.024888747714735218,
	"y" : -0.12153500232542996,
	"yaw" : 1.190200036263676,
	"z" : -0.17179402882952596
}
