{
	"pitch" : 1.4744085513983547,
	"roll" : -1.5226133682066136,
	"x" : 0.04478509399544963,
	"y" : -0.11100932963803395,
	"yaw" : 1.291998597876842,
	"z" : -0.16949762461318474
}
