{
	"pitch" : 1.4922807565816349,
	"roll" : -1.5539276655507119,
	"x" : 0.076646602534419309,
	"y" : -0.013150695817304669,
	"yaw" : 1.263790164590451,
	"z" : -0.17022911270743532
}
