{
	"pitch" : 1.4932464869431921,
	"roll" : -1.3521205360363675,
	"x" : 0.1036241655382797,
	"y" : -0.16275107349899975,
	"yaw" : 1.4190952665305603,
	"z" : -0.16681094486515963
}
