{
	"pitch" : 1.4680016336982855,
	"roll" : -1.4923592674124193,
	"x" : 0.049796201609598828,
	"y" : -0.055714671116979517,
	"yaw" : 1.318146190460739,
	"z" : -0.16920112587589697
}
