{
	"pitch" : 1.4962121649394622,
	"roll" : -1.4537698319639742,
	"x" : 0.11794718856319505,
	"y" : 0.019275627092825064,
	"yaw" : 1.3749391513667015,
	"z" : -0.17013919111807665
}
