{
	"pitch" : 1.4728231562294105,
	"roll" : -1.3254645453041387,
	"x" : 0.020380666463441048,
	"y" : -0.1916394753114021,
	"yaw" : 1.4873807955512834,
	"z" : -0.26062213545046881
}
