{
	"pitch" : 1.4819020264182703,
	"roll" : -1.397043195612887,
	"x" : 0.10849167226805927,
	"y" : -0.052503670896944896,
	"yaw" : 1.421833179876115,
	"z" : -0.16817869590050125
}
