{
	"pitch" : 1.4508696023673138,
	"roll" : -1.2860167296381038,
	"x" : 0.060203220659472229,
	"y" : -0.30162203491942063,
	"yaw" : 1.5171523020096143,
	"z" : -0.16994190869189113
}
