{
	"pitch" : 1.4755848482770708,
	"roll" : -1.5305895403921554,
	"x" : -0.014687376296584509,
	"y" : -0.10053377987082415,
	"yaw" : 1.2848328996563709,
	"z" : -0.1719297319796613
}
