{
	"pitch" : 1.4977192234807475,
	"roll" : -1.5120533461109236,
	"x" : 0.083886472128433698,
	"y" : 0.038859802768602791,
	"yaw" : 1.3217857470570524,
	"z" : -0.17082029776657659
}
