{
	"pitch" : 1.4775545403296408,
	"roll" : -1.5782661940095424,
	"x" : 0.027398782071503439,
	"y" : -0.023494411544853568,
	"yaw" : 1.242073553310904,
	"z" : -0.17011860772089937
}
