{
	"pitch" : 1.4685783738177063,
	"roll" : -1.4773584053353943,
	"x" : 0.063545322627223053,
	"y" : -0.054897752953133691,
	"yaw" : 1.3253263017574906,
	"z" : -0.16993122199640701
}
