{
	"pitch" : 1.4808088732121307,
	"roll" : -1.6804248836626055,
	"x" : 0.035043565720351229,
	"y" : 0.015679801284427634,
	"yaw" : 1.1357279843343835,
	"z" : -0.17095617205555613
}
