{
	"pitch" : 1.4763913278886669,
	"roll" : -1.4113481910496517,
	"x" : 0.10561759993835801,
	"y" : -0.1640687916332646,
	"yaw" : 1.3701500229261587,
	"z" : -0.16855783150798145
}
