{
	"pitch" : 1.4911949247806757,
	"roll" : -1.5212065620975199,
	"x" : 0.037015858729222903,
	"y" : -0.05533629858717791,
	"yaw" : 1.3031609443992482,
	"z" : -0.16909936336558801
}
