{
	"pitch" : 1.4922672786340268,
	"roll" : -1.6365752213049733,
	"x" : 0.06256130394126716,
	"y" : 0.036798121543670521,
	"yaw" : 1.1977641293915851,
	"z" : -0.17166713706070652
}
