{
	"pitch" : 1.4705794090792004,
	"roll" : -1.4348070040381598,
	"x" : 0.0043147937506722994,
	"y" : -0.080563481240007145,
	"yaw" : 1.3925442376274051,
	"z" : -0.17127637720068539
}
