{
	"pitch" : 1.4970160371075072,
	"roll" : -1.5261710783362366,
	"x" : 0.092170685475920527,
	"y" : 0.036341202754179326,
	"yaw" : 1.2953335734421665,
	"z" : -0.17004801463347016
}
