{
	"pitch" : 1.4853237088630509,
	"roll" : -1.32030282558967,
	"x" : 0.12315775277987981,
	"y" : -0.031243463381686192,
	"yaw" : 1.5035813463787051,
	"z" : -0.16818442813367693
}
