{
	"pitch" : 1.4848219320786145,
	"roll" : -1.4093832684127419,
	"x" : 0.11265109004100958,
	"y" : -0.047675168822252562,
	"yaw" : 1.409638623178604,
	"z" : -0.1685680817265609
}
