{
	"pitch" : 1.4954254602159991,
	"roll" : -1.5882430309019393,
	"x" : 0.092331165505163404,
	"y" : 0.033447180434335783,
	"yaw" : 1.2314756877327633,
	"z" : -0.15354565344073628
}
