{
	"pitch" : 1.4911860593780433,
	"roll" : -1.5292030763424702,
	"x" : 0.082159560928325173,
	"y" : 0.0044760927577600067,
	"yaw" : 1.2847036914730123,
	"z" : -0.1225535450735593
}
