{
	"pitch" : 1.494940889837183,
	"roll" : -1.523824531452828,
	"x" : 0.070632710183121034,
	"y" : 0.039276583782194882,
	"yaw" : 1.3120424753164655,
	"z" : -0.17193677522134038
}
