{
	"pitch" : 1.49634372482939,
	"roll" : -1.4719360045166459,
	"x" : 0.079040873567494632,
	"y" : 0.040054030117539982,
	"yaw" : 1.3636227365955444,
	"z" : -0.17089312988555072
}
