{
	"pitch" : 1.4736186148696397,
	"roll" : -1.4632437770514293,
	"x" : 0.060830196322079373,
	"y" : -0.059051359162030539,
	"yaw" : 1.3559107409203572,
	"z" : -0.16876738170133773
}
