{
	"pitch" : 1.4765875397326456,
	"roll" : -1.4762052819815226,
	"x" : 0.061900503565626618,
	"y" : -0.056621204387163886,
	"yaw" : 1.3393765210264796,
	"z" : -0.14783354417207928
}
