{
	"pitch" : 1.4788374886160931,
	"roll" : -1.4335782358471709,
	"x" : 0.067719271982348783,
	"y" : -0.038205746836156983,
	"yaw" : 1.3719229659876733,
	"z" : -0.16922904091841887
}
