{
	"pitch" : 1.4676765728082581,
	"roll" : -1.3921210589683373,
	"x" : 0.088239457104571775,
	"y" : -0.21661648685680668,
	"yaw" : 1.4211797877122543,
	"z" : -0.1692786199224536
}
