{
	"pitch" : 1.4847947839166478,
	"roll" : -1.5793282081653703,
	"x" : 0.073221657597402762,
	"y" : -0.023006269048344938,
	"yaw" : 1.2342313208072724,
	"z" : -0.12082475397289741
}
