{
	"pitch" : 1.4928108558459103,
	"roll" : -1.4445016378677906,
	"x" : 0.075699207721412518,
	"y" : -0.013409196435996784,
	"yaw" : 1.3664432552934274,
	"z" : -0.16826767369096604
}
