{
	"pitch" : 1.469901858682916,
	"roll" : -1.5848353866388911,
	"x" : 0.031985616051630444,
	"y" : -0.035690722698515601,
	"yaw" : 1.2237225681865413,
	"z" : -0.1702150709642625
}
