{
	"pitch" : 1.4788082971008856,
	"roll" : -1.4283013252443737,
	"x" : 0.086497187567791414,
	"y" : -0.061906052692881915,
	"yaw" : 1.3891709887923287,
	"z" : -0.16847003786852136
}
