{
	"pitch" : 1.4964890133936375,
	"roll" : -1.5703349783885114,
	"x" : 0.052479556447245522,
	"y" : -0.09246091007943652,
	"yaw" : 1.2345794013497895,
	"z" : -0.20975589106770834
}
