{
	"pitch" : 1.4688306819119825,
	"roll" : -1.4925318819269349,
	"x" : 0.060803787828941788,
	"y" : -0.061472943882465714,
	"yaw" : 1.3167786553713354,
	"z" : -0.16948671144603403
}
