{
	"pitch" : 1.4814088028852874,
	"roll" : -1.4935175272736148,
	"x" : 0.069132597363002785,
	"y" : -0.033636059674309049,
	"yaw" : 1.3178958485016115,
	"z" : -0.12399069899788356
}
