{
	"pitch" : 1.4718085296271546,
	"roll" : -1.4505924279336653,
	"x" : 0.069074957260251466,
	"y" : -0.062120786288303032,
	"yaw" : 1.3587825665998616,
	"z" : -0.16864809141765244
}
