{
	"pitch" : 1.4898878418655077,
	"roll" : -1.507196543294802,
	"x" : 0.078873250306726525,
	"y" : -0.0037661783512860838,
	"yaw" : 1.3059646399704825,
	"z" : -0.11890658554238809
}
