{
	"pitch" : 1.4874054748639187,
	"roll" : -1.4668033419023629,
	"x" : 0.053842034838735592,
	"y" : -0.034372904977190276,
	"yaw" : 1.352343151449265,
	"z" : -0.17005111536265261
}
