{
	"pitch" : 1.4888964439772698,
	"roll" : -1.6505753741657185,
	"x" : 0.045244097164149538,
	"y" : 0.027410183510427059,
	"yaw" : 1.1774872896674566,
	"z" : -0.17129717991601667
}
