{
	"pitch" : 1.4850593243016008,
	"roll" : -1.3222026704871788,
	"x" : 0.12313847275596082,
	"y" : -0.031444112785843692,
	"yaw" : 1.5017705897124825,
	"z" : -0.16819333721182569
}
