{
	"pitch" : 1.4717466410022515,
	"roll" : -1.5802965894652645,
	"x" : 0.046986516971197975,
	"y" : -0.052205168178216493,
	"yaw" : 1.2378045281762207,
	"z" : -0.1694924715560415
}
