{
	"pitch" : 1.4938213133842833,
	"roll" : -1.6031267479384657,
	"x" : 0.090651946596337948,
	"y" : 0.028921907255208455,
	"yaw" : 1.2172215392980814,
	"z" : -0.14438518243870058
}
