{
	"pitch" : 1.4805822243045481,
	"roll" : -1.4291958169831698,
	"x" : 0.094912016258065057,
	"y" : -0.060006306085874206,
	"yaw" : 1.3895136355381881,
	"z" : -0.16868038003811139
}
