{
	"pitch" : 1.4529194925304838,
	"roll" : -1.6237717553179161,
	"x" : -0.075250471442811287,
	"y" : -0.17553466694924968,
	"yaw" : 1.1909594882215089,
	"z" : -0.1737491692928633
}
