{
	"pitch" : 1.4676677591696141,
	"roll" : -1.4809974644681829,
	"x" : 0.049449814507204537,
	"y" : -0.10410349204019734,
	"yaw" : 1.3273890811183173,
	"z" : -0.16953496182909908
}
