{
	"pitch" : 1.4550242812603227,
	"roll" : -1.4495426672495131,
	"x" : 0.013860107410911204,
	"y" : -0.20877588435800237,
	"yaw" : 1.3523741115323662,
	"z" : -0.17039495615452036
}
