{
	"pitch" : 1.4548613927163896,
	"roll" : -1.3395106385652669,
	"x" : 0.01764260691115517,
	"y" : -0.20167942167653083,
	"yaw" : 1.4740847510964563,
	"z" : -0.26373234323800321
}
