{
	"pitch" : 1.4749647155554202,
	"roll" : -1.4739760023365309,
	"x" : 0.063185001779540895,
	"y" : -0.054930247359781026,
	"yaw" : 1.3383253854619219,
	"z" : -0.14449860137441753
}
