{
	"pitch" : 1.4723730900972003,
	"roll" : -1.3903895945006071,
	"x" : 0.096809068798260997,
	"y" : -0.19201984332468341,
	"yaw" : 1.4252118252426493,
	"z" : -0.16823933021264334
}
