{
	"pitch" : 1.4844754345808582,
	"roll" : -1.3796924509631245,
	"x" : 0.11013131873821103,
	"y" : -0.050161069083987764,
	"yaw" : 1.4390219657244177,
	"z" : -0.16821326897247885
}
