{
	"pitch" : 1.4624148862131199,
	"roll" : -1.3203001419927121,
	"x" : 0.11141722287012246,
	"y" : -0.2412098639482699,
	"yaw" : 1.4925677494233764,
	"z" : -0.16796538910815326
}
