{
	"pitch" : 1.4725740894194015,
	"roll" : 1.5884720376181705,
	"x" : 0.09055183812095427,
	"y" : -0.20455855714798316,
	"yaw" : -1.9955192407980387,
	"z" : -0.1661510750579171
}
