{
	"pitch" : 1.47672325003843,
	"roll" : -1.5795440583064959,
	"x" : 0.036028617200983812,
	"y" : -0.14131420587799035,
	"yaw" : 1.2365334657418046,
	"z" : -0.14016241168715152
}
