{
	"pitch" : 1.4821010908614369,
	"roll" : -1.413787163490104,
	"x" : 0.09898233944692772,
	"y" : -0.057695334942659028,
	"yaw" : 1.4079791046285284,
	"z" : -0.16854435472769139
}
