{
	"pitch" : 1.4959162992414761,
	"roll" : -1.575780755539073,
	"x" : 0.092755644499180251,
	"y" : 0.035209362073951644,
	"yaw" : 1.2448121000524712,
	"z" : -0.18020527980903103
}
