{
	"pitch" : 1.4854222860922031,
	"roll" : -1.3563090968467535,
	"x" : 0.1238832512123781,
	"y" : -0.032366722648780523,
	"yaw" : 1.4677296013764367,
	"z" : -0.1687720680255097
}
