{
	"pitch" : 1.4480022038242275,
	"roll" : -1.3673108014391184,
	"x" : -0.011112516993802238,
	"y" : -0.28669448533662528,
	"yaw" : 1.4345049177067661,
	"z" : -0.17234950430934926
}
