{
	"pitch" : 1.4828125465286688,
	"roll" : -1.5853477042932864,
	"x" : 0.076511629422275504,
	"y" : -0.011704333360985582,
	"yaw" : 1.2263698492269879,
	"z" : -0.16976101637920085
}
