{
	"pitch" : 1.4751759221191776,
	"roll" : -1.4362379099495199,
	"x" : 0.078582670208613203,
	"y" : -0.062900400918005528,
	"yaw" : 1.378296759068824,
	"z" : -0.16869523377113252
}
