{
	"pitch" : 1.4887123413950816,
	"roll" : -1.3657661595591264,
	"x" : 0.12410634606302194,
	"y" : -0.027120554917087154,
	"yaw" : 1.4551782447013617,
	"z" : -0.16861450742657946
}
