{
	"pitch" : 1.4933682527322065,
	"roll" : -1.6066286118676267,
	"x" : 0.087011100942609942,
	"y" : 0.019151078634492887,
	"yaw" : 1.2104636743674069,
	"z" : -0.13142152662421897
}
