{
	"pitch" : 1.4646405815259405,
	"roll" : -1.307479650157092,
	"x" : 0.01517931509279679,
	"y" : -0.20879240620983791,
	"yaw" : 1.5042683188891501,
	"z" : -0.27028603063761902
}
