{
	"pitch" : 1.4896458181992822,
	"roll" : -1.3049690222300079,
	"x" : 0.12489051081425215,
	"y" : -0.02306454601072043,
	"yaw" : 1.5179859288829116,
	"z" : -0.16851053648525346
}
