{
	"pitch" : 1.4797172540204377,
	"roll" : -1.5604439117471227,
	"x" : 0.081724917812123335,
	"y" : -0.0032146729845353422,
	"yaw" : 1.2517903753168682,
	"z" : -0.21954007178835805
}
