{
	"pitch" : 1.4876961503073547,
	"roll" : -1.3196806037708908,
	"x" : 0.12447412856857165,
	"y" : -0.024266645030411264,
	"yaw" : 1.5039289801880744,
	"z" : -0.1683920291585132
}
