{
	"pitch" : 1.4776296561609343,
	"roll" : -1.5444204840997484,
	"x" : 0.066406820413092635,
	"y" : -0.043444926268601407,
	"yaw" : 1.26812353477328,
	"z" : -0.13064512129744021
}
