{
	"pitch" : 1.4934044191707343,
	"roll" : -1.6266344142882854,
	"x" : 0.091118156341822895,
	"y" : 0.029367135483079003,
	"yaw" : 1.1940354778534823,
	"z" : -0.14538959236576132
}
