{
	"pitch" : 1.4728625893897571,
	"roll" : -1.4350145011219086,
	"x" : 0.105288580174977,
	"y" : -0.16399711362484068,
	"yaw" : 1.3543390794981123,
	"z" : -0.16877497955239842
}
