{
	"pitch" : 1.4925433926331726,
	"roll" : -1.3325979244906534,
	"x" : 0.12887100746313515,
	"y" : -0.0073324768814415856,
	"yaw" : 1.4896207478076204,
	"z" : -0.16873180239033764
}
