{
	"pitch" : 1.4866556121749415,
	"roll" : -1.5479460471350952,
	"x" : 0.077506603835389279,
	"y" : -0.01128995878862178,
	"yaw" : 1.2674705701779747,
	"z" : -0.11915090271179644
}
