{
	"pitch" : 1.4692851185420195,
	"roll" : -1.4523883772424366,
	"x" : 0.073215675826205889,
	"y" : -0.15173748907269333,
	"yaw" : 1.3536694711612776,
	"z" : -0.16914547110794889
}
