{
	"pitch" : 1.4851556752138395,
	"roll" : -1.6414576168818853,
	"x" : 0.041083688070840625,
	"y" : 0.024298312404775139,
	"yaw" : 1.1852149585437712,
	"z" : -0.17127813829272764
}
