{
	"pitch" : 1.4842370664343276,
	"roll" : -1.6368022821624053,
	"x" : 0.029832090450335642,
	"y" : 0.0066626052908374533,
	"yaw" : 1.1862017643866714,
	"z" : -0.17095135924977664
}
