{
	"pitch" : 1.4553136961527531,
	"roll" : -1.4348053008707231,
	"x" : 0.020808401444794136,
	"y" : -0.18616405172894721,
	"yaw" : 1.367940599891865,
	"z" : -0.17011237424148246
}
