{
	"pitch" : 1.4674422718481548,
	"roll" : -1.4780537741559443,
	"x" : 0.052261696037080155,
	"y" : -0.057048288857596795,
	"yaw" : 1.3338083012372732,
	"z" : -0.16891877472874989
}
