{
	"pitch" : 1.4881378004790315,
	"roll" : -1.410085181252996,
	"x" : 0.12446703881989082,
	"y" : -0.029378489908752435,
	"yaw" : 1.4104883840580331,
	"z" : -0.16904141191210026
}
