{
	"pitch" : 1.4508351533813428,
	"roll" : -1.301282985905716,
	"x" : 0.060755716765260176,
	"y" : -0.30180216643588936,
	"yaw" : 1.5018412852187268,
	"z" : -0.17027875711267546
}
