{
	"pitch" : 1.483871113442186,
	"roll" : -1.5375096062561531,
	"x" : 0.091075374162027975,
	"y" : 0.029535888074146491,
	"yaw" : 1.2793819657883401,
	"z" : -0.19574027851517026
}
