{
	"pitch" : 1.4946758957697768,
	"roll" : -1.6051558555128713,
	"x" : 0.092401503517042585,
	"y" : 0.035319920375237096,
	"yaw" : 1.2162756695948966,
	"z" : -0.1614523859153838
}
