{
	"pitch" : 1.4931747124556385,
	"roll" : -1.6110469032653456,
	"x" : 0.08714161089443713,
	"y" : 0.019048527244414096,
	"yaw" : 1.2060519953380004,
	"z" : -0.1313712225787857
}
