{
	"pitch" : 1.4819147056590192,
	"roll" : -1.5015291079306832,
	"x" : 0.065290349304056972,
	"y" : -0.053093097901086767,
	"yaw" : 1.3212428585717206,
	"z" : -0.16813525620458344
}
