{
	"pitch" : 1.4707506977191707,
	"roll" : -1.6361508669017539,
	"x" : 0.029419232667353357,
	"y" : -0.025044530904871042,
	"yaw" : 1.178697404579611,
	"z" : -0.1701086917743975
}
