{
	"pitch" : 1.4937696978891777,
	"roll" : -1.560539205951019,
	"x" : 0.084109482937404223,
	"y" : 0.039000631889701036,
	"yaw" : 1.2703574187036542,
	"z" : -0.17090120016369625
}
