{
	"pitch" : 1.4703423012431538,
	"roll" : -1.5122264269907884,
	"x" : 0.054077337107936163,
	"y" : -0.056458630382798206,
	"yaw" : 1.3040510961531977,
	"z" : -0.16925129100549471
}
