{
	"pitch" : 1.4747747142519927,
	"roll" : -1.498549909912688,
	"x" : 0.060733242664977594,
	"y" : -0.061013119340712949,
	"yaw" : 1.3147947576448777,
	"z" : -0.16106530789165407
}
