{
	"pitch" : 1.4813001325988415,
	"roll" : -1.3427992834679696,
	"x" : 0.027255660062389164,
	"y" : -0.17018585327965047,
	"yaw" : 1.4686252901357351,
	"z" : -0.24977191398138732
}
