{
	"pitch" : 1.4788451948457251,
	"roll" : -1.6018797448715669,
	"x" : 0.027112240899001522,
	"y" : -0.0062715934071039588,
	"yaw" : 1.2192043700314747,
	"z" : -0.17083767443094694
}
