{
	"pitch" : 1.4729913891030133,
	"roll" : -1.5465297258787849,
	"x" : 0.077021508737679295,
	"y" : -0.013759618447969364,
	"yaw" : 1.2539668820579724,
	"z" : -0.17016130846891486
}
