{
	"pitch" : 1.4736091797737649,
	"roll" : -1.5265104004165377,
	"x" : 0.026101841707111439,
	"y" : -0.1681318640997452,
	"yaw" : 1.2841815587360408,
	"z" : -0.1140934805752592
}
