{
	"pitch" : 1.486204854495293,
	"roll" : -1.387566048385996,
	"x" : 0.11684794204650024,
	"y" : -0.043279643849614781,
	"yaw" : 1.4299504864838897,
	"z" : -0.1684151238291885
}
