{
	"pitch" : 1.4750403491156059,
	"roll" : -1.5641230632945806,
	"x" : 0.065201870311466598,
	"y" : -0.050168405187597229,
	"yaw" : 1.2489848240679573,
	"z" : -0.13713858870466733
}
