{
	"pitch" : 1.4718109654170957,
	"roll" : -1.5899811334415064,
	"x" : 0.03437911375151273,
	"y" : -0.039766277391217852,
	"yaw" : 1.2269851764006807,
	"z" : -0.16960954033964804
}
