{
	"pitch" : 1.4926340177170869,
	"roll" : -1.511565552021745,
	"x" : 0.041669389836849181,
	"y" : -0.049401603633400216,
	"yaw" : 1.3117113417021133,
	"z" : -0.16931727609822383
}
