{
	"pitch" : 1.4573635703400498,
	"roll" : -1.55512900831663,
	"x" : -0.051865786558105864,
	"y" : -0.16190031018064896,
	"yaw" : 1.2519590743878426,
	"z" : -0.17253684577056533
}
