{
	"pitch" : 1.4701823324246024,
	"roll" : -1.6188051533700165,
	"x" : 0.029776741858877749,
	"y" : -0.030081177263491736,
	"yaw" : 1.1972730429100955,
	"z" : -0.16957522886133458
}
