{
	"pitch" : 1.4909958760244244,
	"roll" : -1.5502094512715767,
	"x" : 0.092023302820035346,
	"y" : 0.033203400975263447,
	"yaw" : 1.2690570618869492,
	"z" : -0.18796971563391879
}
