{
	"pitch" : 1.4918642288995849,
	"roll" : -1.5712366341088846,
	"x" : 0.050496923750152779,
	"y" : -0.099401924437393291,
	"yaw" : 1.2339690606083522,
	"z" : -0.21335722335257032
}
