{
	"pitch" : 1.4563709661427797,
	"roll" : -1.4464065049479933,
	"x" : 0.034998830606760616,
	"y" : -0.14384620424934902,
	"yaw" : 1.3586639798940274,
	"z" : -0.16977214510968683
}
