{
	"pitch" : 1.4453096933672516,
	"roll" : -1.4176181315321996,
	"x" : -0.016499170354163775,
	"y" : -0.30915745132729244,
	"yaw" : 1.3837852204498369,
	"z" : -0.17407052455498578
}
