{
	"pitch" : 1.497577251864852,
	"roll" : -1.4622856957712671,
	"x" : 0.11509629186648776,
	"y" : 0.022007730211259818,
	"yaw" : 1.3662764731864214,
	"z" : -0.16993165520741904
}
