{
	"pitch" : 1.4661390811043986,
	"roll" : -1.4722608660032719,
	"x" : 0.062503160652724793,
	"y" : -0.057547286925222887,
	"yaw" : 1.335456966703924,
	"z" : -0.18657012258754832
}
