{
	"pitch" : 1.4948284611250873,
	"roll" : -1.6142405311247738,
	"x" : 0.0526324028787057,
	"y" : -0.08712521155813259,
	"yaw" : 1.1946294585695936,
	"z" : -0.20770808046467082
}
