{
	"pitch" : 1.4693960745228236,
	"roll" : -1.4365065669458768,
	"x" : 0.060734887019037849,
	"y" : -0.060984147586817146,
	"yaw" : 1.3697891161016571,
	"z" : -0.16901634415013195
}
