{
	"pitch" : 1.4546732003629022,
	"roll" : -1.4089020790550157,
	"x" : -0.012033245075719914,
	"y" : -0.29055358139771365,
	"yaw" : 1.4050216583452111,
	"z" : -0.15455027749955486
}
