{
	"pitch" : 1.4459949631565217,
	"roll" : -1.4419880049958271,
	"x" : -0.016402048462893296,
	"y" : -0.30961205806444969,
	"yaw" : 1.359135433146055,
	"z" : -0.17357168549584703
}
