{
	"pitch" : 1.4519623017900791,
	"roll" : -1.3927119106054213,
	"x" : -0.002896581695210565,
	"y" : -0.26308379477255012,
	"yaw" : 1.4095815773740041,
	"z" : -0.17219240640097724
}
