{
	"pitch" : 1.4977228521682431,
	"roll" : -1.4323764370889855,
	"x" : 0.12032260079630633,
	"y" : 0.014172817652468575,
	"yaw" : 1.3911760014931149,
	"z" : -0.16981071294119543
}
