{
	"pitch" : 1.4545713229398709,
	"roll" : -1.5893148659277279,
	"x" : -0.080375670384335865,
	"y" : -0.17755815794669624,
	"yaw" : 1.2234307270996228,
	"z" : -0.17392816795945118
}
