{
	"pitch" : 1.4830532507953871,
	"roll" : -1.4957614229165852,
	"x" : 0.063768076711670965,
	"y" : -0.056692672264813712,
	"yaw" : 1.3273525436323677,
	"z" : -0.16813871607110759
}
