{
	"pitch" : 1.4855564827199896,
	"roll" : -1.319101079533294,
	"x" : 0.11949505212287306,
	"y" : -0.039279899019359951,
	"yaw" : 1.5027975475407025,
	"z" : -0.16857117461574664
}
