{
	"pitch" : 1.4802218746362539,
	"roll" : -1.3518371077327473,
	"x" : 0.091362600029297608,
	"y" : -0.060459264852070052,
	"yaw" : 1.4730441008432971,
	"z" : -0.16814613074161694
}
