{
	"pitch" : 1.4845813645052797,
	"roll" : -1.5863758775961414,
	"x" : 0.084327325969526745,
	"y" : 0.0047744110350476099,
	"yaw" : 1.2297016456310867,
	"z" : -0.21731598888758674
}
