{
	"pitch" : 1.4761705437446371,
	"roll" : -1.5810570694453692,
	"x" : 0.026649898490837889,
	"y" : -0.018119415948694373,
	"yaw" : 1.2381286216140615,
	"z" : -0.17058380685478999
}
