{
	"pitch" : 1.4593375663194008,
	"roll" : -1.5074926180117365,
	"x" : 0.011590100994330832,
	"y" : -0.21133555535737367,
	"yaw" : 1.3006312890579164,
	"z" : -0.070165778632641021
}
