{
	"pitch" : 1.4950886261493426,
	"roll" : -1.5886306700905475,
	"x" : 0.091427216597383634,
	"y" : 0.033448724907203971,
	"yaw" : 1.2315155589218758,
	"z" : -0.1526901933405139
}
