{
	"pitch" : 1.4687640672318536,
	"roll" : -1.5092786622194139,
	"x" : 0.039993898324187795,
	"y" : -0.047870019658567645,
	"yaw" : 1.2993006433393128,
	"z" : -0.16977206092382829
}
