{
	"pitch" : 1.4885434698886169,
	"roll" : -1.5073791551364637,
	"x" : 0.076141183942317767,
	"y" : -0.012861484355469422,
	"yaw" : 1.3100228440693851,
	"z" : -0.169750081082604
}
