{
	"pitch" : 1.4580679097515761,
	"roll" : -1.5853828659528202,
	"x" : -0.02424817239906539,
	"y" : -0.14712030236450049,
	"yaw" : 1.2202295792664626,
	"z" : -0.17265969490940722
}
