{
	"pitch" : 1.4725514727418683,
	"roll" : -1.5865568503947691,
	"x" : 0.029378011668380132,
	"y" : -0.03097644793041919,
	"yaw" : 1.2294675733361233,
	"z" : -0.16946824121077295
}
