{
	"pitch" : 1.494978388848899,
	"roll" : -1.5616746007979905,
	"x" : 0.067543360804074498,
	"y" : 0.038465607169352295,
	"yaw" : 1.2701516540156348,
	"z" : -0.17121151140088056
}
