{
	"pitch" : 1.4506328145979319,
	"roll" : -1.4648618429312981,
	"x" : -0.073892334228688253,
	"y" : -0.25629132734408844,
	"yaw" : 1.338193563671094,
	"z" : -0.17425341002633624
}
