{
	"pitch" : 1.4854652997820432,
	"roll" : -1.3164368601537768,
	"x" : 0.11935650266626549,
	"y" : -0.039453104350819813,
	"yaw" : 1.5054066458690378,
	"z" : -0.16844902737755676
}
