{
	"pitch" : 1.4541615419976897,
	"roll" : -1.4612654441341362,
	"x" : 0.023209805200571601,
	"y" : -0.18044116622524761,
	"yaw" : 1.3449855244220501,
	"z" : -0.17018691068696956
}
