{
	"pitch" : 1.4771945631230936,
	"roll" : -1.5319553865566764,
	"x" : 0.069377152087044508,
	"y" : -0.033935177178762321,
	"yaw" : 1.2776771414362358,
	"z" : -0.17000088978429434
}
