{
	"pitch" : 1.4768415569486026,
	"roll" : -1.5023378269481311,
	"x" : 0.044788660118463303,
	"y" : -0.11239749442504073,
	"yaw" : 1.3128969682279081,
	"z" : -0.16985933636652165
}
