{
	"pitch" : 1.4670259349237598,
	"roll" : -1.5958329695263356,
	"x" : -0.032530903814154771,
	"y" : -0.11793160168780281,
	"yaw" : 1.2121326262432113,
	"z" : -0.17188990251250832
}
