{
	"pitch" : 1.4964476109960438,
	"roll" : -1.4422742242903641,
	"x" : 0.079611479100773958,
	"y" : 0.039845747741417262,
	"yaw" : 1.3949584676295514,
	"z" : -0.17105959748328384
}
