{
	"pitch" : 1.4755959818745457,
	"roll" : -1.4251546196360105,
	"x" : 0.066233818990016416,
	"y" : -0.046032112744923914,
	"yaw" : 1.3849933241598154,
	"z" : -0.16950722702277915
}
