{
	"pitch" : 1.4940694188202763,
	"roll" : -1.6003385012311169,
	"x" : 0.090114605804762146,
	"y" : 0.027863231457193001,
	"yaw" : 1.2190656210593751,
	"z" : -0.14229530455704775
}
