{
	"pitch" : 1.4588188053547364,
	"roll" : -1.5764824958418744,
	"x" : -0.083591862000532036,
	"y" : -0.17970284740148987,
	"yaw" : 1.2330226245419438,
	"z" : -0.17373038131085267
}
