{
	"pitch" : 1.4899925913907919,
	"roll" : -1.3263241208256626,
	"x" : 0.12582450756925573,
	"y" : -0.022970146043063064,
	"yaw" : 1.4970202570993534,
	"z" : -0.16901429521005037
}
