{
	"pitch" : 1.4691744391133867,
	"roll" : -1.4352680221239391,
	"x" : 0.065448995347011929,
	"y" : -0.062062607843370809,
	"yaw" : 1.3806311981938613,
	"z" : -0.1690332285787321
}
