{
	"pitch" : 1.4900080014527357,
	"roll" : -1.5846269423744002,
	"x" : 0.076807663446773158,
	"y" : -0.013080251572251636,
	"yaw" : 1.2326370827963677,
	"z" : -0.17020454893633954
}
