{
	"pitch" : 1.4792576745501145,
	"roll" : -1.5417174304760146,
	"x" : 0.078603987142167542,
	"y" : -0.013678702209787497,
	"yaw" : 1.2680728717260819,
	"z" : -0.22089358782119425
}
