{
	"pitch" : 1.4920838284199698,
	"roll" : -1.3786700323962211,
	"x" : 0.12697906037244144,
	"y" : -0.019059253111676781,
	"yaw" : 1.4422760929239204,
	"z" : -0.16857732381936744
}
