{
	"pitch" : 1.4560795433494855,
	"roll" : -1.4382249681577524,
	"x" : -0.015664207161557323,
	"y" : -0.30475041837211486,
	"yaw" : 1.368752380417174,
	"z" : -0.1677423619986137
}
