{
	"pitch" : 1.4895037700078411,
	"roll" : -1.5082244236461047,
	"x" : 0.036276871051791032,
	"y" : -0.056144434002351126,
	"yaw" : 1.3160721602823258,
	"z" : -0.16904372967347878
}
