{
	"pitch" : 1.4809603169695054,
	"roll" : -1.5583056619131841,
	"x" : 0.029946860048183595,
	"y" : 0.0088414120304156352,
	"yaw" : 1.2636592435931746,
	"z" : -0.17057003824397099
}
