{
	"pitch" : 1.5021795212611422,
	"roll" : -1.5174522604935603,
	"x" : 0.058966764781740448,
	"y" : -0.062557903954661001,
	"yaw" : 1.2926184767949467,
	"z" : -0.19505456874152918
}
