{
	"pitch" : 1.4939444836525049,
	"roll" : -1.6157011593479378,
	"x" : 0.075265261290603666,
	"y" : 0.039598477689462397,
	"yaw" : 1.2132552806346328,
	"z" : -0.17100279564033063
}
