{
	"pitch" : 1.4704412271646474,
	"roll" : -1.6524805158502704,
	"x" : 0.02869376952641587,
	"y" : -0.022638539281335114,
	"yaw" : 1.1618320427448234,
	"z" : -0.17051609980366567
}
