{
	"pitch" : 1.4907796176659271,
	"roll" : -1.5029091111852,
	"x" : 0.075740950595439574,
	"y" : -0.013899686285492383,
	"yaw" : 1.3149732199723876,
	"z" : -0.17019888716624154
}
