{
	"pitch" : 1.4483592815967965,
	"roll" : -1.5365749666577588,
	"x" : -0.056744059312524756,
	"y" : -0.24676110121881878,
	"yaw" : 1.2651974433302009,
	"z" : -0.1733574467959012
}
