{
	"pitch" : 1.4691998995583841,
	"roll" : -1.4909360496783526,
	"x" : -0.055429199881012123,
	"y" : -0.14984685692014293,
	"yaw" : 1.3290598531481941,
	"z" : -0.17333072507030081
}
