{
	"pitch" : 1.4945652488032519,
	"roll" : -1.5811876504589786,
	"x" : 0.091713569649486404,
	"y" : 0.03174676601596968,
	"yaw" : 1.239316201970512,
	"z" : -0.14984828109957804
}
