{
	"pitch" : 1.4711354053924983,
	"roll" : -1.6517489801885459,
	"x" : 0.026816407757995736,
	"y" : -0.01392681996571042,
	"yaw" : 1.1639756279941269,
	"z" : -0.17150953830883905
}
