{
	"pitch" : 1.4755451557809047,
	"roll" : -1.4460222482126182,
	"x" : 0.074983913024399565,
	"y" : -0.062581036762599046,
	"yaw" : 1.3670886710459436,
	"z" : -0.16878835406254444
}
