{
	"pitch" : 1.4823303778289454,
	"roll" : -1.4467500909964963,
	"x" : 0.098996222460543057,
	"y" : -0.058108709514551798,
	"yaw" : 1.3695978426500215,
	"z" : -0.16892801312475256
}
