{
	"pitch" : 1.4679156350129325,
	"roll" : -1.5195712441648725,
	"x" : 0.01011798775834466,
	"y" : -0.21666929531150964,
	"yaw" : 1.2952504067747397,
	"z" : -0.076171027568656499
}
