{
	"pitch" : 1.493498299482759,
	"roll" : -1.5765345754205735,
	"x" : 0.067512778736887435,
	"y" : -0.023356897725724093,
	"yaw" : 1.2405713563912415,
	"z" : -0.17019144374455855
}
