{
	"pitch" : 1.4802277646399136,
	"roll" : -1.5290872486413596,
	"x" : 0.044369197298321283,
	"y" : -0.1128112046625058,
	"yaw" : 1.2890483323250073,
	"z" : -0.16847680362562162
}
