{
	"pitch" : 1.4968211902815038,
	"roll" : -1.4050909473187589,
	"x" : 0.12534112975951606,
	"y" : 0.0059178791143079754,
	"yaw" : 1.4171584275061251,
	"z" : -0.16948699522665989
}
