{
	"pitch" : 1.4590182094326283,
	"roll" : -1.3252190594050441,
	"x" : 0.049796928910396887,
	"y" : -0.27358295931810656,
	"yaw" : 1.4854177506366011,
	"z" : -0.16993224636193258
}
