{
	"pitch" : 1.4835277583516073,
	"roll" : -1.629038775967292,
	"x" : 0.037940858438871246,
	"y" : 0.020511494833274663,
	"yaw" : 1.1940239678638427,
	"z" : -0.17137983334114151
}
