{
	"pitch" : 1.469447352568185,
	"roll" : -1.581125532748398,
	"x" : 0.031766165479573491,
	"y" : -0.035858056841400386,
	"yaw" : 1.2269749501826448,
	"z" : -0.17028286791099287
}
