{
	"pitch" : 1.4665377075809491,
	"roll" : -1.4534232907945599,
	"x" : 0.060733490590381807,
	"y" : -0.060052390760204855,
	"yaw" : 1.3533599357326955,
	"z" : -0.1686730949544098
}
