{
	"pitch" : 1.4650745397518394,
	"roll" : -1.4366031645886688,
	"x" : -0.0072844087020545595,
	"y" : -0.27554308352352352,
	"yaw" : 1.3816229208430835,
	"z" : -0.1380248269873301
}
