{
	"pitch" : 1.4687988906624989,
	"roll" : -1.5037308586916354,
	"x" : 0.062206636270263363,
	"y" : -0.059656752925776407,
	"yaw" : 1.3083825536723976,
	"z" : -0.1765492728062576
}
