{
	"pitch" : 1.4599281988140496,
	"roll" : -1.5965135199232117,
	"x" : -0.083301626722412425,
	"y" : -0.18004124322842474,
	"yaw" : 1.2117870278195275,
	"z" : -0.17397381472804957
}
