{
	"pitch" : 1.4834836264183824,
	"roll" : -1.442013666983569,
	"x" : 0.06781088489280912,
	"y" : -0.016364567099644099,
	"yaw" : 1.3744223548980925,
	"z" : -0.16895283959484422
}
