{
	"pitch" : 1.4682221475982788,
	"roll" : -1.5578604157904203,
	"x" : 0.020068581670037167,
	"y" : -0.18403216243470746,
	"yaw" : 1.2518483152241182,
	"z" : -0.097020539748496393
}
