{
	"pitch" : 1.494096446296737,
	"roll" : -1.6367912942167824,
	"x" : 0.092966850288585187,
	"y" : 0.033649219230734689,
	"yaw" : 1.1842965243381094,
	"z" : -0.15544584044665238
}
