{
	"pitch" : 1.4688678659410295,
	"roll" : -1.439262995057927,
	"x" : 0.057377556597652882,
	"y" : -0.059477349364298833,
	"yaw" : 1.3750278695199236,
	"z" : -0.16920674114926035
}
