{
	"pitch" : 1.5302812884882286,
	"roll" : -1.2283296990366899,
	"x" : 0.10187312674301308,
	"y" : -0.17097872712282852,
	"yaw" : 1.5409014070040588,
	"z" : -0.16682820147804223
}
