{
	"pitch" : 1.4693541991422447,
	"roll" : -1.5233033658280144,
	"x" : 0.036270682107506023,
	"y" : -0.042563283548594968,
	"yaw" : 1.2857197656922268,
	"z" : -0.17035636122667061
}
