{
	"pitch" : 1.4509493990788547,
	"roll" : -1.444124633186108,
	"x" : -0.072877278024863004,
	"y" : -0.25526005685451369,
	"yaw" : 1.3590902531496156,
	"z" : -0.17402749800899989
}
