{
	"pitch" : 1.4776784657413111,
	"roll" : -1.522585435435174,
	"x" : 0.066374987682525088,
	"y" : -0.043898861944103418,
	"yaw" : 1.2897544975990791,
	"z" : -0.13105560617582646
}
