{
	"pitch" : 1.4753455207426731,
	"roll" : -1.5509964326000663,
	"x" : 0.065138330064082747,
	"y" : -0.05202803345316101,
	"yaw" : 1.2616818857247987,
	"z" : -0.14045958671384429
}
