{
	"pitch" : 1.4457596298081008,
	"roll" : -1.3557905389422871,
	"x" : -0.013604308601657053,
	"y" : -0.30340801933192252,
	"yaw" : 1.4460135277548551,
	"z" : -0.1736476582542513
}
