{
	"pitch" : 1.4967037828401482,
	"roll" : -1.4358307791738865,
	"x" : 0.12468516862227273,
	"y" : 0.0073808381697073287,
	"yaw" : 1.3868135491653208,
	"z" : -0.16938364646675097
}
