{
	"pitch" : 1.4617926535216741,
	"roll" : -1.380662528074686,
	"x" : 0.025115133798043782,
	"y" : -0.17874650256003119,
	"yaw" : 1.4311490592325662,
	"z" : -0.23987040277310995
}
