{
	"pitch" : 1.4819282962264748,
	"roll" : -1.3910569666948622,
	"x" : 0.099484447955848529,
	"y" : -0.05729597249972887,
	"yaw" : 1.4312932918842776,
	"z" : -0.1685987048028012
}
