{
	"pitch" : 1.4860513575855592,
	"roll" : -1.6492836000294437,
	"x" : 0.041383900834912044,
	"y" : 0.024636314076787638,
	"yaw" : 1.1784318563615157,
	"z" : -0.17128166267465642
}
