{
	"pitch" : 1.4848460466014775,
	"roll" : -1.5533521809838149,
	"x" : 0.075918223170295701,
	"y" : -0.014262662431891733,
	"yaw" : 1.2621079757364513,
	"z" : -0.17007203731312542
}
