{
	"pitch" : 1.4701363973303394,
	"roll" : -1.5601473044239926,
	"x" : 0.067966020908361346,
	"y" : -0.044227643420152771,
	"yaw" : 1.2464596265143042,
	"z" : -0.20835446776285899
}
