{
	"pitch" : 1.4539858441740128,
	"roll" : -1.4269866334938284,
	"x" : 0.014387544765889916,
	"y" : -0.20770880154237095,
	"yaw" : 1.3735894557495276,
	"z" : -0.17056205725113732
}
