{
	"pitch" : 1.459303958533742,
	"roll" : -1.4916151515352707,
	"x" : 0.011746437704011861,
	"y" : -0.21127414400244865,
	"yaw" : 1.3160410620563006,
	"z" : -0.070190608576780791
}
