{
	"pitch" : 1.4961202926952799,
	"roll" : -1.4929313397561528,
	"x" : 0.079043995536214537,
	"y" : 0.039885266801167066,
	"yaw" : 1.34190099964837,
	"z" : -0.17087592847475333
}
