{
	"pitch" : 1.4695917798198321,
	"roll" : -1.5805045995703106,
	"x" : 0.015978479760785896,
	"y" : -0.1332579810881159,
	"yaw" : 1.2316993397107681,
	"z" : -0.17105994607690914
}
