{
	"pitch" : 1.4586683699204861,
	"roll" : -1.3180801851091901,
	"x" : 0.077644741479765161,
	"y" : -0.24448164784034332,
	"yaw" : 1.4863539148885774,
	"z" : -0.16905861708498179
}
