{
	"pitch" : 1.4923600701696662,
	"roll" : -1.4617699756967015,
	"x" : 0.074715182463488211,
	"y" : -0.016225961113855616,
	"yaw" : 1.3510534984688198,
	"z" : -0.16938943730396067
}
