{
	"pitch" : 1.4866620598308029,
	"roll" : -1.6626923398699514,
	"x" : 0.045121353396694125,
	"y" : 0.027982899414815281,
	"yaw" : 1.159755438500998,
	"z" : -0.17137204673911849
}
