{
	"pitch" : 1.4661611272234258,
	"roll" : -1.5187984306862317,
	"x" : 0.017772540500327158,
	"y" : -0.19465076338550011,
	"yaw" : 1.2882397470669187,
	"z" : -0.088057619083878144
}
