{
	"pitch" : 1.4677001124214544,
	"roll" : -1.5175250984434794,
	"x" : 0.062998755680437446,
	"y" : -0.059331926483359096,
	"yaw" : 1.2956601211074905,
	"z" : -0.17844964710291317
}
