{
	"pitch" : 1.4726425965295626,
	"roll" : -1.4085971201749732,
	"x" : 0.070558034688232574,
	"y" : -0.062965659240807312,
	"yaw" : 1.4092471128108788,
	"z" : -0.16893487128395127
}
