{
	"pitch" : 1.4800564856626164,
	"roll" : -1.4360227264229246,
	"x" : 0.10184275201339503,
	"y" : -0.056614930188898641,
	"yaw" : 1.386437031337058,
	"z" : -0.16890839113836345
}
