{
	"pitch" : 1.4958847469104795,
	"roll" : -1.502483170185424,
	"x" : 0.098513403993365195,
	"y" : 0.034995527145291264,
	"yaw" : 1.3275169904633903,
	"z" : -0.17113807256501154
}
