{
	"pitch" : 1.4948349713607054,
	"roll" : -1.3673694789910891,
	"x" : 0.12879804462864738,
	"y" : -0.005603031005340842,
	"yaw" : 1.4552291689946693,
	"z" : -0.16874681623289053
}
