{
	"pitch" : 1.4869206284752898,
	"roll" : -1.4557632173538579,
	"x" : 0.032767115302402033,
	"y" : -0.055222014575282551,
	"yaw" : 1.3656051486832304,
	"z" : -0.16983806994855
}
