{
	"pitch" : 1.473648785485369,
	"roll" : -1.4810794007621868,
	"x" : 0.060900894421025288,
	"y" : -0.061713831743924148,
	"yaw" : 1.3309395719330142,
	"z" : -0.16687975019641207
}
