{
	"pitch" : 1.4711021313054771,
	"roll" : -1.5482166599957368,
	"x" : 0.076451946477736538,
	"y" : -0.014392506557174167,
	"yaw" : 1.2523487417020041,
	"z" : -0.16994456149936982
}
