{
	"pitch" : 1.4928244616060409,
	"roll" : -1.5131993931760772,
	"x" : 0.067850657565114075,
	"y" : -0.020012850109333586,
	"yaw" : 1.3039782557413453,
	"z" : -0.16988210999909883
}
