{
	"pitch" : 1.4753692545389214,
	"roll" : -1.4511304905178013,
	"x" : 0.0084149909817703844,
	"y" : -0.076698895784594656,
	"yaw" : 1.3738242598330455,
	"z" : -0.17108612384054314
}
