{
	"pitch" : 1.4596635818190953,
	"roll" : -1.5269852463135514,
	"x" : 0.012164602882656528,
	"y" : -0.21147369046024878,
	"yaw" : 1.2819012968515997,
	"z" : -0.070553727904309874
}
