{
	"pitch" : 1.4819951101632003,
	"roll" : -1.5155849153044403,
	"x" : 0.070207128627355175,
	"y" : -0.032240073052719941,
	"yaw" : 1.2962999564964195,
	"z" : -0.12389746434620449
}
