{
	"pitch" : 1.4868112293447222,
	"roll" : -1.5308024579620412,
	"x" : 0.054177458751707749,
	"y" : 0.035299581288091464,
	"yaw" : 1.301936595775308,
	"z" : -0.17128032952648745
}
