{
	"pitch" : 1.4541683592322927,
	"roll" : -1.4300272911477507,
	"x" : 0.055185534154704258,
	"y" : -0.078422640757098691,
	"yaw" : 1.3719442579903209,
	"z" : -0.16917702551320574
}
