{
	"pitch" : 1.4567541005107345,
	"roll" : -1.58268259050763,
	"x" : -0.083608775978356337,
	"y" : -0.17967746926409356,
	"yaw" : 1.2292746551993483,
	"z" : -0.17364711084491555
}
