{
	"pitch" : 1.4474360775773913,
	"roll" : -1.3506951292825633,
	"x" : -0.012844624924048642,
	"y" : -0.29089855943393816,
	"yaw" : 1.4522204063507302,
	"z" : -0.1719904110084195
}
