{
	"pitch" : 1.4690182288972384,
	"roll" : -1.585561895856801,
	"x" : 0.031554839682658965,
	"y" : -0.035913600493205605,
	"yaw" : 1.2223754446382373,
	"z" : -0.17023687650084571
}
