{
	"pitch" : 1.4871247632983462,
	"roll" : -1.6419635079097723,
	"x" : 0.050137323297424638,
	"y" : 0.031222524147400094,
	"yaw" : 1.1824190402280892,
	"z" : -0.17110273897581504
}
