{
	"pitch" : 1.4976448251976557,
	"roll" : -1.5544966601837704,
	"x" : 0.066342547241352287,
	"y" : 0.038618969554108692,
	"yaw" : 1.2754381827522037,
	"z" : -0.17126017508857205
}
