{
	"pitch" : 1.4701656512276045,
	"roll" : -1.5428808983270275,
	"x" : 0.036344419556548366,
	"y" : -0.043529800981124661,
	"yaw" : 1.2649551814608408,
	"z" : -0.17069114767098542
}
