{
	"pitch" : 1.4886863654018136,
	"roll" : -1.601829491519462,
	"x" : 0.063678125518562029,
	"y" : 0.037440094610613019,
	"yaw" : 1.2347845880602153,
	"z" : -0.1719539161449645
}
