{
	"pitch" : 1.4487307664622857,
	"roll" : -1.369898040826135,
	"x" : -0.0095106130975263908,
	"y" : -0.28309607481450827,
	"yaw" : 1.4329694777340725,
	"z" : -0.17269796571342921
}
