{
	"pitch" : 1.4881610855457232,
	"roll" : -1.585928573957303,
	"x" : 0.087715142885240738,
	"y" : 0.019442825417530028,
	"yaw" : 1.2318407825957329,
	"z" : -0.20822195426086021
}
