{
	"pitch" : 1.4536799436767582,
	"roll" : -1.4103312936244221,
	"x" : 0.016832712180682011,
	"y" : -0.19971774225805849,
	"yaw" : 1.3903099571077797,
	"z" : -0.17026906150501167
}
