{
	"pitch" : 1.4850211694787081,
	"roll" : -1.5939732164036342,
	"x" : 0.090854998385749702,
	"y" : 0.026582594357567768,
	"yaw" : 1.22329974667384,
	"z" : -0.20027732534738518
}
