{
	"pitch" : 1.4945705333000243,
	"roll" : -1.5727702988513332,
	"x" : 0.082676908718952627,
	"y" : 0.039112452266709612,
	"yaw" : 1.2574360743190811,
	"z" : -0.17080190825815494
}
