{
	"pitch" : 1.471936123850657,
	"roll" : -1.5779895370707744,
	"x" : 0.046668057288681314,
	"y" : -0.052000377628417638,
	"yaw" : 1.240264967324205,
	"z" : -0.16935972873479002
}
