{
	"pitch" : 1.4947865974293741,
	"roll" : -1.4163792123143335,
	"x" : 0.12598553150857975,
	"y" : 0.0028042328621679536,
	"yaw" : 1.4097556442461303,
	"z" : -0.17006656789660018
}
