{
	"pitch" : 1.4711132780104366,
	"roll" : -1.4916756060858289,
	"x" : 0.064597745289861744,
	"y" : -0.051305946514665891,
	"yaw" : 1.317693766312076,
	"z" : -0.16955968826354023
}
