{
	"pitch" : 1.4995135616102808,
	"roll" : -1.4525845427899693,
	"x" : 0.10140330283160939,
	"y" : 0.032984647773228057,
	"yaw" : 1.3772138092953832,
	"z" : -0.17026931046931282
}
