{
	"pitch" : 1.47691649634405,
	"roll" : -1.6642420583931692,
	"x" : 0.027512808416885498,
	"y" : -0.01186323330323014,
	"yaw" : 1.1557717202799644,
	"z" : -0.17098118633533557
}
