{
	"pitch" : 1.4709513422139706,
	"roll" : -1.525201192273439,
	"x" : -0.025724471602265986,
	"y" : -0.11050733779734714,
	"yaw" : 1.2847344540025478,
	"z" : -0.17202497395086699
}
