{
	"pitch" : 1.4962437820783583,
	"roll" : -1.4920819040125104,
	"x" : 0.078130375933808061,
	"y" : 0.039726946660937949,
	"yaw" : 1.3412289005576676,
	"z" : -0.17080741559890869
}
