{
	"pitch" : 1.4748181045872502,
	"roll" : -1.4511463676915008,
	"x" : 0.063809276501155185,
	"y" : -0.054203888160529401,
	"yaw" : 1.3541755028926599,
	"z" : -0.16968882353893866
}
