{
	"pitch" : 1.4906958369045527,
	"roll" : -1.6224766933907557,
	"x" : 0.084707183869568187,
	"y" : 0.011001602454921587,
	"yaw" : 1.1939226636279725,
	"z" : -0.12646162610963296
}
