{
	"pitch" : 1.4802884899094795,
	"roll" : -1.5053863501091562,
	"x" : 0.080473887416783352,
	"y" : -0.0049221188070109542,
	"yaw" : 1.3061634096483641,
	"z" : -0.2193040312080653
}
