{
	"pitch" : 1.4718261773582859,
	"roll" : -1.500071453848085,
	"x" : 0.043648679903305787,
	"y" : -0.11474792700906564,
	"yaw" : 1.3118537724379868,
	"z" : -0.17245800748366882
}
