{
	"pitch" : 1.4940136101180088,
	"roll" : -1.529099589591437,
	"x" : 0.074428032720691789,
	"y" : -0.014844533751066716,
	"yaw" : 1.2940352769090631,
	"z" : -0.16984163155898363
}
