{
	"pitch" : 1.4769422502924594,
	"roll" : -1.6451394751842403,
	"x" : 0.02644948494142936,
	"y" : -0.0085389271881760181,
	"yaw" : 1.1723416759055472,
	"z" : -0.17104461380429642
}
