{
	"pitch" : 1.4842397595755201,
	"roll" : -1.461273893059128,
	"x" : 0.10396580790439483,
	"y" : -0.056154623217836319,
	"yaw" : 1.3583416662225907,
	"z" : -0.16833238461949954
}
