{
	"pitch" : 1.4591787971618926,
	"roll" : -1.4081512630512263,
	"x" : 0.019670308698451135,
	"y" : -0.19427784543607421,
	"yaw" : 1.4075408736831412,
	"z" : -0.25777452230317033
}
