{
	"pitch" : 1.4845340919264713,
	"roll" : -1.6104797822029273,
	"x" : 0.053828292092383184,
	"y" : 0.033204170750714621,
	"yaw" : 1.2152356483251225,
	"z" : -0.17139805304913305
}
