{
	"pitch" : 1.4957268149237721,
	"roll" : -1.5635440591711078,
	"x" : 0.092828458766754329,
	"y" : 0.035288344057887111,
	"yaw" : 1.2568269700565553,
	"z" : -0.17933250112605395
}
