{
	"pitch" : 1.486560183534875,
	"roll" : -1.6338607380943821,
	"x" : 0.040803396592050761,
	"y" : 0.024005919555293593,
	"yaw" : 1.1886210719715644,
	"z" : -0.17105556167667943
}
