{
	"pitch" : 1.4674312543755075,
	"roll" : -1.5038823606708613,
	"x" : 0.063027835019271422,
	"y" : -0.059185900960345067,
	"yaw" : 1.3103733564074536,
	"z" : -0.17857213172113381
}
