{
	"pitch" : 1.4891183475119718,
	"roll" : -1.5498597074384104,
	"x" : 0.091566647386768923,
	"y" : 0.031325971944293242,
	"yaw" : 1.266977231862273,
	"z" : -0.19175537940910994
}
