{
	"pitch" : 1.4714318497069832,
	"roll" : -1.552685363383838,
	"x" : 0.07646861305884288,
	"y" : -0.014319376846791191,
	"yaw" : 1.247754242882406,
	"z" : -0.16998767522442049
}
