{
	"pitch" : 1.4843927492323226,
	"roll" : -1.6319817783756265,
	"x" : 0.038969655596319784,
	"y" : 0.021255055345648526,
	"yaw" : 1.1914558173672614,
	"z" : -0.17163360353104498
}
