{
	"pitch" : 1.4768686158661182,
	"roll" : -1.6580380827102423,
	"x" : 0.027402618761285712,
	"y" : -0.012760000854644751,
	"yaw" : 1.1613001867246335,
	"z" : -0.17097393884556905
}
