{
	"pitch" : 1.4692256647669333,
	"roll" : -1.5181635679839358,
	"x" : 0.062194324867734269,
	"y" : -0.061214889335422067,
	"yaw" : 1.2876031598361546,
	"z" : -0.16950106994814232
}
