{
	"pitch" : 1.4821646462749709,
	"roll" : -1.5291448019555602,
	"x" : 0.070519973402758923,
	"y" : -0.032049402565383953,
	"yaw" : 1.2825970243542084,
	"z" : -0.12390031680555599
}
