{
	"pitch" : 1.4554626361185092,
	"roll" : -1.4855618700019602,
	"x" : 0.038177345768095589,
	"y" : -0.13742769372118549,
	"yaw" : 1.3119649018151809,
	"z" : -0.16948407598443141
}
