{
	"pitch" : 1.4922698396886787,
	"roll" : -1.5031217346638071,
	"x" : 0.092925329838283527,
	"y" : 0.037605937798967433,
	"yaw" : 1.3253644029877774,
	"z" : -0.17147508947466644
}
