{
	"pitch" : 1.4690871014336377,
	"roll" : -1.5696947881677368,
	"x" : 0.022342578763751508,
	"y" : -0.1351822650599771,
	"yaw" : 1.2412180306788552,
	"z" : -0.17090996265202718
}
