{
	"pitch" : 1.4847005028880598,
	"roll" : -1.583556931735205,
	"x" : 0.039155635192785976,
	"y" : -0.032286293537739083,
	"yaw" : 1.240157140515513,
	"z" : -0.16946916318647876
}
