{
	"pitch" : 1.4794573727087577,
	"roll" : -1.6406591287951626,
	"x" : 0.032679157252255682,
	"y" : 0.013730312511761843,
	"yaw" : 1.176271937148196,
	"z" : -0.17021911262734968
}
