{
	"pitch" : 1.4548821431629217,
	"roll" : -1.3200890151584768,
	"x" : 0.043731771007971092,
	"y" : -0.29701872784320743,
	"yaw" : 1.4850796936606647,
	"z" : -0.17019025721385042
}
