{
	"pitch" : 1.4895314683067242,
	"roll" : -1.5570975502432076,
	"x" : 0.07864698723068099,
	"y" : -0.0055846966409394128,
	"yaw" : 1.2558565942929056,
	"z" : -0.11879987350690424
}
