{
	"pitch" : 1.4725346442932625,
	"roll" : -1.4981045445244432,
	"x" : 0.024435000385379824,
	"y" : -0.17272560542725579,
	"yaw" : 1.3134935144070443,
	"z" : -0.10912250598735297
}
