{
	"pitch" : 1.461229889715487,
	"roll" : -1.3063102186909794,
	"x" : 0.082141791323967941,
	"y" : -0.25772875801809947,
	"yaw" : 1.5028938065002009,
	"z" : -0.1687877349067711
}
