{
	"pitch" : 1.4771764140141395,
	"roll" : -1.662226431468057,
	"x" : 0.027491114189162863,
	"y" : -0.011323414166542868,
	"yaw" : 1.1579259770887846,
	"z" : -0.17087692858416484
}
