{
	"pitch" : 1.449332468870234,
	"roll" : -1.4031889007174529,
	"x" : -0.016910721387682875,
	"y" : -0.3088741514803986,
	"yaw" : 1.3982031568083209,
	"z" : -0.17269847405637584
}
