{
	"pitch" : 1.4798673721095132,
	"roll" : -1.4997178735044783,
	"x" : 0.062715335610634235,
	"y" : -0.058352601517453251,
	"yaw" : 1.3210158406435806,
	"z" : -0.16845214215019813
}
