{
	"pitch" : 1.4799330807638285,
	"roll" : -1.527644010006507,
	"x" : 0.044255725315551928,
	"y" : -0.11534768589781574,
	"yaw" : 1.293199296823859,
	"z" : -0.16651696960432838
}
