{
	"pitch" : 1.4891817644600338,
	"roll" : -1.3431945661042546,
	"x" : 0.12529644912854748,
	"y" : -0.023598805066460914,
	"yaw" : 1.4773669858416811,
	"z" : -0.16853092858979665
}
