{
	"pitch" : 1.4827231364826332,
	"roll" : -1.624326201149574,
	"x" : 0.090630073684705159,
	"y" : 0.024411883133846582,
	"yaw" : 1.1935206889526366,
	"z" : -0.20335591408710604
}
