{
	"pitch" : 1.4823859447458581,
	"roll" : -1.5132404098638923,
	"x" : 0.085796055130372348,
	"y" : 0.011787355201524541,
	"yaw" : 1.2988553367270597,
	"z" : -0.21400681724308995
}
