{
	"pitch" : 1.4985373146257608,
	"roll" : -1.3969626065130214,
	"x" : 0.10600960143397915,
	"y" : 0.030209518642376199,
	"yaw" : 1.4325665774394372,
	"z" : -0.16995630162935441
}
