{
	"pitch" : 1.4588461115261189,
	"roll" : -1.5002961717611969,
	"x" : 0.011584086492563747,
	"y" : -0.21156300647627768,
	"yaw" : 1.3073911096488673,
	"z" : -0.070415623260067284
}
