{
	"pitch" : 1.4947591400450242,
	"roll" : -1.3300318440541852,
	"x" : 0.12724501361045215,
	"y" : -0.0098006015314187154,
	"yaw" : 1.491611923369371,
	"z" : -0.1682119003190353
}
