{
	"pitch" : 1.4929952558381017,
	"roll" : -1.5457095411087098,
	"x" : 0.076435392548116224,
	"y" : -0.013288154671964468,
	"yaw" : 1.2719795709715391,
	"z" : -0.1701842235563929
}
