{
	"pitch" : 1.484840108394198,
	"roll" : -1.6024893872679731,
	"x" : 0.089897221949008399,
	"y" : 0.024312872474709639,
	"yaw" : 1.2149346698650865,
	"z" : -0.20336614841335443
}
