{
	"pitch" : 1.4705424665234597,
	"roll" : -1.5746282385363244,
	"x" : 0.048626328290430842,
	"y" : -0.053073704159716906,
	"yaw" : 1.242535239590858,
	"z" : -0.16953871438928295
}
