{
	"pitch" : 1.4857228386303267,
	"roll" : -1.3320415565566406,
	"x" : 0.11956729614839576,
	"y" : -0.039046933960993999,
	"yaw" : 1.489937798979952,
	"z" : -0.16858291714717669
}
