{
	"pitch" : 1.488595085409363,
	"roll" : -1.365609120710461,
	"x" : 0.013427335403103306,
	"y" : -0.079908570892306435,
	"yaw" : 1.4616105515682498,
	"z" : -0.16788783950528779
}
