{
	"pitch" : 1.4633126496478488,
	"roll" : -1.4346614066104428,
	"x" : -0.0091653758176750144,
	"y" : -0.28115935080105675,
	"yaw" : 1.3830683862273769,
	"z" : -0.14372469080409958
}
