{
	"pitch" : 1.4767747974066847,
	"roll" : -1.4397000284897352,
	"x" : 0.0092461318139691329,
	"y" : -0.07590005604975758,
	"yaw" : 1.385401456901592,
	"z" : -0.17116854011263305
}
