{
	"pitch" : 1.4871577912014733,
	"roll" : -1.6251688959070962,
	"x" : 0.04656572281481032,
	"y" : 0.028776857019277766,
	"yaw" : 1.204306415601708,
	"z" : -0.17153353472049226
}
