{
	"pitch" : 1.4524295677303578,
	"roll" : -1.469754501130101,
	"x" : 0.033423317959664023,
	"y" : -0.14917688090264955,
	"yaw" : 1.3307276145062767,
	"z" : -0.16968722871791625
}
