{
	"pitch" : 1.486248613654356,
	"roll" : -1.5048546252183279,
	"x" : 0.07618046642808167,
	"y" : -0.01265461834355322,
	"yaw" : 1.310247542264922,
	"z" : -0.11883944672336061
}
