{
	"pitch" : 1.4684416566938534,
	"roll" : -1.5037490790234409,
	"x" : 0.067283524925972685,
	"y" : -0.042613663542891297,
	"yaw" : 1.3033987060995869,
	"z" : -0.2092534198190138
}
