{
	"pitch" : 1.4941693760138104,
	"roll" : -1.5792870112389508,
	"x" : 0.091826695442623202,
	"y" : 0.031989394556855164,
	"yaw" : 1.2408432665221194,
	"z" : -0.1504147478481194
}
