{
	"pitch" : 1.4794234894899005,
	"roll" : -1.4237212582613925,
	"x" : 0.09614951611815209,
	"y" : -0.059552053622878867,
	"yaw" : 1.3928708696769139,
	"z" : -0.16866812451899746
}
