{
	"pitch" : 1.4807395268386032,
	"roll" : -1.4867599285306896,
	"x" : 0.069824726729922251,
	"y" : -0.030962633419066406,
	"yaw" : 1.3257905177468219,
	"z" : -0.1697716468993252
}
