{
	"pitch" : 1.4792009106561226,
	"roll" : -1.5282683258311882,
	"x" : 0.073589872010165994,
	"y" : -0.020406486549887873,
	"yaw" : 1.2839257611074493,
	"z" : -0.1698092079026095
}
