{
	"pitch" : 1.4706380536099175,
	"roll" : -1.4820298997703896,
	"x" : 0.05271112182245101,
	"y" : -0.055924382274374441,
	"yaw" : 1.3350086168756667,
	"z" : -0.16888872809167213
}
