{
	"pitch" : 1.460681334538916,
	"roll" : -1.3033326281320592,
	"x" : 0.014482474897524841,
	"y" : -0.20916312366107837,
	"yaw" : 1.5079741555121458,
	"z" : -0.27119323443388166
}
