{
	"pitch" : 1.4564256614693147,
	"roll" : -1.5607904085901279,
	"x" : -0.049408487061829015,
	"y" : -0.16042629216537152,
	"yaw" : 1.2451881129974063,
	"z" : -0.17222392033489145
}
