{
	"pitch" : 1.4804940129458912,
	"roll" : -1.5183265599164144,
	"x" : 0.080466125738706679,
	"y" : -0.0038889218704469628,
	"yaw" : 1.2934417737859427,
	"z" : -0.21907238467824228
}
