{
	"pitch" : 1.4934951791639945,
	"roll" : -1.6118549940081821,
	"x" : 0.090930788786675848,
	"y" : 0.029460932531983459,
	"yaw" : 1.2088586665342298,
	"z" : -0.1453248544519847
}
