{
	"pitch" : 1.4455132100858867,
	"roll" : -1.4241880340292923,
	"x" : -0.016307415442080836,
	"y" : -0.30932774609629382,
	"yaw" : 1.3770153941726011,
	"z" : -0.17410292824205795
}
