{
	"pitch" : 1.4894465025348116,
	"roll" : -1.560918382376471,
	"x" : 0.082559636399319236,
	"y" : 0.0047725547463705643,
	"yaw" : 1.2533758784600886,
	"z" : -0.1230015178233719
}
