{
	"pitch" : 1.4999778603027203,
	"roll" : -1.3418339024915924,
	"x" : 0.10367332180051445,
	"y" : -0.16276359974265892,
	"yaw" : 1.4290136398763373,
	"z" : -0.1665888917992368
}
