{
	"pitch" : 1.4946977406882782,
	"roll" : -1.5601510472788425,
	"x" : 0.088302650236623717,
	"y" : 0.024947616719245044,
	"yaw" : 1.2578295763908649,
	"z" : -0.13757231030004066
}
