{
	"pitch" : 1.4732991743068393,
	"roll" : -1.5055062393374317,
	"x" : 0.073829201828815208,
	"y" : -0.021383777061773815,
	"yaw" : 1.2948937596034535,
	"z" : -0.16927438654204852
}
