{
	"pitch" : 1.4787896566729091,
	"roll" : -1.6117481812924486,
	"x" : 0.067310893620170439,
	"y" : -0.047996894995324335,
	"yaw" : 1.2046638879187832,
	"z" : -0.16915677861209039
}
