{
	"pitch" : 1.483235407646996,
	"roll" : -1.3575630859352577,
	"x" : 0.11567968919463423,
	"y" : -0.043062366061985484,
	"yaw" : 1.4633105841501657,
	"z" : -0.16800678440515149
}
