{
	"pitch" : 1.4902733719125552,
	"roll" : -1.516788751519881,
	"x" : 0.076219616601917492,
	"y" : -0.013338691954525649,
	"yaw" : 1.2961492750372285,
	"z" : -0.16982295973508565
}
