{
	"pitch" : 1.4761942488985891,
	"roll" : -1.5428950264028918,
	"x" : 0.03941498379806109,
	"y" : -0.13157725616479254,
	"yaw" : 1.2707794028723474,
	"z" : -0.15004772733027583
}
