{
	"pitch" : 1.4840199816094821,
	"roll" : -1.5598381433292297,
	"x" : 0.077179390412012785,
	"y" : -0.012274601997814641,
	"yaw" : 1.2584064277655724,
	"z" : -0.16960435583984523
}
