{
	"pitch" : 1.4970197152861908,
	"roll" : -1.5158185236454536,
	"x" : 0.092342908788231579,
	"y" : 0.036322891583522254,
	"yaw" : 1.3054017235396269,
	"z" : -0.17021595333156286
}
