{
	"pitch" : 1.468303627287211,
	"roll" : -1.3628066501986076,
	"x" : 0.016877375969224159,
	"y" : -0.20427865053792102,
	"yaw" : 1.4502634768744607,
	"z" : -0.26824818516942922
}
