{
	"pitch" : 1.4541272332701889,
	"roll" : -1.4118004482435946,
	"x" : 0.014140114744848581,
	"y" : -0.20768259475742945,
	"yaw" : 1.3898428268785668,
	"z" : -0.17055868316821723
}
