{
	"pitch" : 1.4855891719747025,
	"roll" : -1.6013989310005639,
	"x" : 0.089802258036525126,
	"y" : 0.024005500878103742,
	"yaw" : 1.215765825338661,
	"z" : -0.20358648059214013
}
