{
	"pitch" : 1.4864231190482329,
	"roll" : -1.5591409652869899,
	"x" : 0.073689830591184682,
	"y" : -0.021323404445464079,
	"yaw" : 1.2541519849255625,
	"z" : -0.11993402400986397
}
