{
	"pitch" : 1.4724183592905973,
	"roll" : -1.3161511449018448,
	"x" : 0.019794123968803298,
	"y" : -0.1934232850392511,
	"yaw" : 1.4967361826181775,
	"z" : -0.2614226397445138
}
