{
	"pitch" : 1.4547619697870235,
	"roll" : -1.4397099629293979,
	"x" : 0.012975165069729927,
	"y" : -0.21239778776831561,
	"yaw" : 1.3622194180495311,
	"z" : -0.17036543652515193
}
