{
	"pitch" : 1.4579225307685504,
	"roll" : -1.3166087090490439,
	"x" : 0.078543077871715244,
	"y" : -0.24243203268855146,
	"yaw" : 1.4854968730048137,
	"z" : -0.16936638484688776
}
