{
	"pitch" : 1.4751997284609435,
	"roll" : -1.5001081522901187,
	"x" : 0.06058281046598582,
	"y" : -0.061069451510698577,
	"yaw" : 1.3126188066489197,
	"z" : -0.16077610668318909
}
