{
	"pitch" : 1.488277059270704,
	"roll" : -1.3848874932619635,
	"x" : 0.038876844185472825,
	"y" : -0.12930118551162065,
	"yaw" : 1.4207474800014621,
	"z" : -0.22791430727041434
}
