{
	"pitch" : 1.4976314644872313,
	"roll" : -1.4027291776568929,
	"x" : 0.10542879860927108,
	"y" : 0.030652802140407158,
	"yaw" : 1.4258325262493889,
	"z" : -0.17011248721626882
}
