{
	"pitch" : 1.4898047114591877,
	"roll" : -1.5719233129481991,
	"x" : 0.076503687335989418,
	"y" : -0.013114522274003688,
	"yaw" : 1.2450651244714659,
	"z" : -0.16999610377506949
}
