{
	"pitch" : 1.4766570330424627,
	"roll" : -1.4931493061255636,
	"x" : 0.060839991880599339,
	"y" : -0.060819611348919236,
	"yaw" : 1.3195340495211958,
	"z" : -0.15949741055592939
}
