{
	"pitch" : 1.4884188364615498,
	"roll" : -1.5404611225013514,
	"x" : 0.058727726243654237,
	"y" : 0.036847432309278894,
	"yaw" : 1.2898823956460548,
	"z" : -0.17179511401510603
}
