{
	"pitch" : 1.4760272173361606,
	"roll" : -1.5094191040769727,
	"x" : -0.013958000366683432,
	"y" : -0.10594180171056859,
	"yaw" : 1.3081972173391236,
	"z" : -0.17081898776318008
}
