{
	"pitch" : 1.4779197528800319,
	"roll" : -1.5212688998407491,
	"x" : 0.06539375890914971,
	"y" : -0.046718218034263473,
	"yaw" : 1.2916830160947299,
	"z" : -0.1335414330261486
}
