{
	"pitch" : 1.4666162682465507,
	"roll" : -1.4795164091268782,
	"x" : 0.041825937255001687,
	"y" : -0.12310078198649083,
	"yaw" : 1.3308697615625376,
	"z" : -0.18167341010821619
}
