{
	"pitch" : 1.4496685389523225,
	"roll" : -1.3708704060146266,
	"x" : -0.0081831077371000982,
	"y" : -0.27915648311597774,
	"yaw" : 1.4304926832684488,
	"z" : -0.17283952414803538
}
