{
	"pitch" : 1.489351879246007,
	"roll" : -1.3675552370594346,
	"x" : 0.12613867525775785,
	"y" : -0.021848005852264134,
	"yaw" : 1.456893022974437,
	"z" : -0.16890404510556462
}
