{
	"pitch" : 1.4924456139373175,
	"roll" : -1.6161949330700585,
	"x" : 0.062046844816350345,
	"y" : 0.036560490200487614,
	"yaw" : 1.216914122161483,
	"z" : -0.1715460774306885
}
