{
	"pitch" : 1.4944716153900575,
	"roll" : -1.5700173828846176,
	"x" : 0.092805324877046888,
	"y" : 0.035217788258468267,
	"yaw" : 1.2513275849620746,
	"z" : -0.1793969164818684
}
