{
	"pitch" : 1.4532805365307926,
	"roll" : -1.4657816455731711,
	"x" : 0.0095670921915280149,
	"y" : -0.21062646379369199,
	"yaw" : 1.334707841859863,
	"z" : -0.17075373467208557
}
