{
	"pitch" : 1.4652426299824264,
	"roll" : -1.5911666958839028,
	"x" : -0.0029415964311882703,
	"y" : -0.12803870660911493,
	"yaw" : 1.2201241297939074,
	"z" : -0.17182007033524044
}
