{
	"pitch" : 1.4931560000689441,
	"roll" : -1.5200423606807509,
	"x" : 0.080655143064238793,
	"y" : 0.0043621257625047379,
	"yaw" : 1.293697623349082,
	"z" : -0.1219350690682196
}
