{
	"pitch" : 1.4621513235695844,
	"roll" : -1.5038318989161881,
	"x" : 0.013358109523708306,
	"y" : -0.2050372606417864,
	"yaw" : 1.302337282487587,
	"z" : -0.077131172081939495
}
