{
	"pitch" : 1.4899412773397103,
	"roll" : -1.5834593347123507,
	"x" : 0.086049677326705015,
	"y" : 0.014474576143191715,
	"yaw" : 1.2332855082247092,
	"z" : -0.12858882358722756
}
