{
	"pitch" : 1.4681253195231152,
	"roll" : -1.3722987817858809,
	"x" : 0.029317200508987097,
	"y" : -0.15717694478780961,
	"yaw" : 1.4439764800102879,
	"z" : -0.21608815970387024
}
