{
	"pitch" : 1.4799203055929668,
	"roll" : -1.4048227382171041,
	"x" : 0.094240452076633036,
	"y" : -0.059664030224716266,
	"yaw" : 1.4189245501321086,
	"z" : -0.16848833547845016
}
