{
	"pitch" : 1.4780344399562904,
	"roll" : -1.4732423906644763,
	"x" : 0.079844061595650898,
	"y" : -0.062945177555266324,
	"yaw" : 1.3408362045405839,
	"z" : -0.16847199496192938
}
