{
	"pitch" : 1.4792888808577547,
	"roll" : -1.3615699248378892,
	"x" : 0.089687863006648716,
	"y" : -0.060741980106987219,
	"yaw" : 1.4635226912553858,
	"z" : -0.1682156960879245
}
