{
	"pitch" : 1.4589313163082804,
	"roll" : -1.4196896980607627,
	"x" : 0.049290406072852816,
	"y" : -0.097529179434595381,
	"yaw" : 1.3766117335816725,
	"z" : -0.16972051224329943
}
