{
	"pitch" : 1.486730554583769,
	"roll" : -1.5039019413708659,
	"x" : 0.075992088219590789,
	"y" : -0.012900683369982078,
	"yaw" : 1.312817101481681,
	"z" : -0.1696103293809075
}
