{
	"pitch" : 1.4815353986178346,
	"roll" : -1.460137924782025,
	"x" : 0.098443582647125563,
	"y" : -0.058522969409778219,
	"yaw" : 1.3553189551757669,
	"z" : -0.16892866720943037
}
