{
	"pitch" : 1.4708915649244829,
	"roll" : -1.660667935604409,
	"x" : 0.026702228990654574,
	"y" : -0.013976513988332339,
	"yaw" : 1.155179839783302,
	"z" : -0.1715093669911599
}
