{
	"pitch" : 1.49413685560322,
	"roll" : -1.5562779842544923,
	"x" : 0.068873117051581681,
	"y" : -0.021300967209978556,
	"yaw" : 1.2615440854744864,
	"z" : -0.17006857851162188
}
