{
	"pitch" : 1.4540749138520224,
	"roll" : -1.3913608300958356,
	"x" : 0.024337518197836874,
	"y" : -0.17822572062545472,
	"yaw" : 1.4113608084047136,
	"z" : -0.16946520693877906
}
