{
	"pitch" : 1.4951046184491177,
	"roll" : -1.5438963919921544,
	"x" : 0.09720957858314408,
	"y" : 0.035418854372649952,
	"yaw" : 1.2873753115780362,
	"z" : -0.17143389731966319
}
