{
	"pitch" : 1.4580227621792623,
	"roll" : -1.6004546780168867,
	"x" : -0.022602521161914579,
	"y" : -0.14634992557000553,
	"yaw" : 1.2062683295517187,
	"z" : -0.17267324075173152
}
