{
	"pitch" : 1.4640443357874682,
	"roll" : -1.603176528415899,
	"x" : -0.082233519030987787,
	"y" : -0.17761365020728015,
	"yaw" : 1.2047453082473272,
	"z" : -0.17252032412907536
}
