{
	"pitch" : 1.4798396374106662,
	"roll" : -1.4918127886431256,
	"x" : 0.075565888821888569,
	"y" : -0.015956543582033397,
	"yaw" : 1.32257215719001,
	"z" : -0.16989363197385535
}
