{
	"pitch" : 1.4910242100280295,
	"roll" : -1.5179275654309747,
	"x" : 0.075326723199533138,
	"y" : -0.014188194516903173,
	"yaw" : 1.3001601391655042,
	"z" : -0.17031637835690511
}
