{
	"pitch" : 1.4544057212047119,
	"roll" : -1.4374291367291507,
	"x" : -0.013509203128525826,
	"y" : -0.30641972310285259,
	"yaw" : 1.366759697804796,
	"z" : -0.17307855723053062
}
