{
	"pitch" : 1.4926841661645438,
	"roll" : -1.3298612370934826,
	"x" : 0.12881056816281561,
	"y" : -0.0074889411438654827,
	"yaw" : 1.4922719214368472,
	"z" : -0.16871920015435746
}
