{
	"pitch" : 1.4548667200844934,
	"roll" : -1.4224905794797169,
	"x" : 0.0055384307646687697,
	"y" : -0.23689105356823081,
	"yaw" : 1.3805667050693302,
	"z" : -0.17104863466563547
}
