{
	"pitch" : 1.4803422913326951,
	"roll" : -1.6322123471910341,
	"x" : 0.026462289323632385,
	"y" : -0.0054536722859161689,
	"yaw" : 1.1865842747308442,
	"z" : -0.17081813638115648
}
