{
	"pitch" : 1.4783270555341699,
	"roll" : -1.5055768800408813,
	"x" : 0.065801385053450567,
	"y" : -0.045070760911332552,
	"yaw" : 1.3059376931085749,
	"z" : -0.13221389671903414
}
