{
	"pitch" : 1.4722175486815305,
	"roll" : -1.3662200722411511,
	"x" : 0.072926790193560423,
	"y" : -0.063162839046737543,
	"yaw" : 1.452752206420084,
	"z" : -0.16877744429256367
}
