{
	"pitch" : 1.4931830706678555,
	"roll" : -1.3822727949364779,
	"x" : 0.12408683292793084,
	"y" : 0.0055198157299032741,
	"yaw" : 1.4430798264654106,
	"z" : -0.16918202278382058
}
