{
	"pitch" : 1.4455087744786992,
	"roll" : -1.411092765824679,
	"x" : -0.016758182699818533,
	"y" : -0.30891847103557024,
	"yaw" : 1.3895736498968563,
	"z" : -0.17392107377659685
}
