{
	"pitch" : 1.4863759537108072,
	"roll" : -1.2738541311587452,
	"x" : 0.11837065594395374,
	"y" : -0.039714218654496508,
	"yaw" : 1.5471007362403524,
	"z" : -0.16806176073632026
}
