{
	"pitch" : 1.4948076282692553,
	"roll" : -1.4182932462091518,
	"x" : 0.12596360950386176,
	"y" : 0.0028124138821373386,
	"yaw" : 1.4078106822810548,
	"z" : -0.17008144844877737
}
