{
	"pitch" : 1.4687093748513094,
	"roll" : -1.432135797660345,
	"x" : 0.061672925536633678,
	"y" : -0.060964735087675942,
	"yaw" : 1.3834676857791381,
	"z" : -0.16907558678125337
}
