{
	"pitch" : 1.4732224361933313,
	"roll" : -1.5430649371604044,
	"x" : 0.062382344680383964,
	"y" : -0.059467521231741059,
	"yaw" : 1.2690396791145331,
	"z" : -0.16936045238388284
}
