{
	"pitch" : 1.4909527454504428,
	"roll" : -1.5460116752649169,
	"x" : 0.091948629835607754,
	"y" : 0.033082757780607541,
	"yaw" : 1.2730884463629892,
	"z" : -0.1880494576006273
}
