{
	"pitch" : 1.4602561873872704,
	"roll" : -1.4012530507913847,
	"x" : 0.05521176919428486,
	"y" : -0.077700179147258908,
	"yaw" : 1.400353652790866,
	"z" : -0.17009678961003019
}
