{
	"pitch" : 1.4930806255662354,
	"roll" : -1.6426166732873546,
	"x" : 0.094106661048091247,
	"y" : 0.034354017551357724,
	"yaw" : 1.1796223794833713,
	"z" : -0.15995160171273223
}
