{
	"pitch" : 1.4945432733159956,
	"roll" : -1.3650430920402603,
	"x" : 0.12866994718623234,
	"y" : -0.0057663034536429691,
	"yaw" : 1.4571752341551523,
	"z" : -0.16866380355267754
}
