{
	"pitch" : 1.4676287280142435,
	"roll" : -1.3962065642582251,
	"x" : 0.037805891971509513,
	"y" : -0.13308568921179958,
	"yaw" : 1.4292603904055863,
	"z" : -0.19227340141952623
}
