{
	"pitch" : 1.482677658548456,
	"roll" : -1.4012041016738068,
	"x" : 0.099622271443196436,
	"y" : -0.057208674663190628,
	"yaw" : 1.4211754330988111,
	"z" : -0.1687168439659929
}
