{
	"pitch" : 1.4775611290228849,
	"roll" : -1.5105012122811869,
	"x" : 0.070138246878815744,
	"y" : -0.030652017073299592,
	"yaw" : 1.2991233517844074,
	"z" : -0.16967643396796336
}
