{
	"pitch" : 1.4868542943094043,
	"roll" : -1.55668371437425,
	"x" : 0.053219308781502259,
	"y" : 0.034096407847525816,
	"yaw" : 1.2752799155923962,
	"z" : -0.17123477195393955
}
