{
	"pitch" : 1.4821799766679649,
	"roll" : -1.3898481696803366,
	"x" : 0.099525736220596808,
	"y" : -0.057310735419404374,
	"yaw" : 1.4324577627445008,
	"z" : -0.16862245049932365
}
