{
	"pitch" : 1.4671159564510163,
	"roll" : -1.6076898836506974,
	"x" : -0.020563545375861553,
	"y" : -0.12304564762290607,
	"yaw" : 1.2034459186829942,
	"z" : -0.17180899340375294
}
