{
	"pitch" : 1.4554846391030829,
	"roll" : -1.4304237089654341,
	"x" : 0.020471220277257909,
	"y" : -0.18686405860586799,
	"yaw" : 1.3725239153690294,
	"z" : -0.16999740099746224
}
