{
	"pitch" : 1.4968666784744915,
	"roll" : -1.4975057139840653,
	"x" : 0.093029462188564768,
	"y" : 0.036987771827395786,
	"yaw" : 1.3330713734575783,
	"z" : -0.17101600920503865
}
