{
	"pitch" : 1.4901708166097316,
	"roll" : -1.4197641067667,
	"x" : 0.075271647922310406,
	"y" : -0.011996224242754637,
	"yaw" : 1.3978448190618629,
	"z" : -0.16900256258182278
}
