{
	"pitch" : 1.4832307404253851,
	"roll" : -1.5546533731308168,
	"x" : 0.070167404126578917,
	"y" : -0.029047249703472194,
	"yaw" : 1.258276227543581,
	"z" : -0.12208817028948551
}
