{
	"pitch" : 1.4887976065047761,
	"roll" : -1.3140095136616292,
	"x" : 0.1246203277375609,
	"y" : -0.02334494278821686,
	"yaw" : 1.5090186043611746,
	"z" : -0.16838458365552159
}
