{
	"pitch" : 1.4549770388406338,
	"roll" : -1.4628315013273581,
	"x" : 0.014005273358529066,
	"y" : -0.20888409317985987,
	"yaw" : 1.3391776574681296,
	"z" : -0.17057221312104209
}
