{
	"pitch" : 1.4891852655881295,
	"roll" : -1.3614127135999858,
	"x" : 0.12618479521701276,
	"y" : -0.020033843303220493,
	"yaw" : 1.4625936124706704,
	"z" : -0.16867998212564489
}
