{
	"pitch" : 1.4935911395124324,
	"roll" : -1.4792580512390794,
	"x" : 0.088140770985808067,
	"y" : 0.038770808321218056,
	"yaw" : 1.3568525907034847,
	"z" : -0.17106420920996421
}
