{
	"pitch" : 1.4760963780806813,
	"roll" : -1.5573729975326678,
	"x" : 0.032036608919791307,
	"y" : -0.035092839797331639,
	"yaw" : 1.2630064930038352,
	"z" : -0.17009670914794123
}
