{
	"pitch" : 1.4633444526950654,
	"roll" : -1.5310447207881397,
	"x" : 0.010353824590427121,
	"y" : -0.20834928806791628,
	"yaw" : 1.2744237350482395,
	"z" : -0.072352944704478298
}
