{
	"pitch" : 1.4772510911866159,
	"roll" : -1.482008930316995,
	"x" : 0.074395062484801711,
	"y" : -0.020441023077183727,
	"yaw" : 1.3235329534889984,
	"z" : -0.22032424087227764
}
