{
	"pitch" : 1.4841936402965181,
	"roll" : -1.6159668823775863,
	"x" : 0.035012194399205769,
	"y" : 0.017472101603543469,
	"yaw" : 1.2051929561965626,
	"z" : -0.17090915496597422
}
