{
	"pitch" : 1.4552302012334002,
	"roll" : -1.4648449957836187,
	"x" : 0.0047213351203983234,
	"y" : -0.2136556136892841,
	"yaw" : 1.3360064013400963,
	"z" : -0.17103020439285593
}
