{
	"pitch" : 1.4881922294867145,
	"roll" : -1.4823713376199164,
	"x" : 0.048061163790280845,
	"y" : -0.025672466503408542,
	"yaw" : 1.3426568655839852,
	"z" : -0.16838416548829699
}
