{
	"pitch" : 1.4717507681703539,
	"roll" : -1.5979131292350381,
	"x" : 0.034118967010464296,
	"y" : -0.039207173642669083,
	"yaw" : 1.2198283864472375,
	"z" : -0.16932506839182307
}
