{
	"pitch" : 1.4762918467201067,
	"roll" : -1.5040896313254966,
	"x" : 0.06110457184404082,
	"y" : -0.060486092729237682,
	"yaw" : 1.3085889480368786,
	"z" : -0.15845489827344159
}
