{
	"pitch" : 1.4899652479742513,
	"roll" : -1.5855218254912267,
	"x" : 0.076655224099401134,
	"y" : -0.013083556751570921,
	"yaw" : 1.231623910431054,
	"z" : -0.17013949711082815
}
