{
	"pitch" : 1.4878745083891776,
	"roll" : -1.6096481919620294,
	"x" : 0.056532318109280666,
	"y" : 0.03498935043505913,
	"yaw" : 1.215965349656297,
	"z" : -0.17136012564087022
}
