{
	"pitch" : 1.4712185330979339,
	"roll" : -1.493160828415528,
	"x" : 0.051510450500127258,
	"y" : -0.055113823926567634,
	"yaw" : 1.3236545678653364,
	"z" : -0.16901079715256384
}
