{
	"pitch" : 1.4809821605288136,
	"roll" : -1.5899283913719151,
	"x" : 0.026869774822172995,
	"y" : -0.00036460334287067436,
	"yaw" : 1.2301406247761355,
	"z" : -0.17060193106199442
}
