{
	"pitch" : 1.4710733436463588,
	"roll" : -1.4818865026471653,
	"x" : 0.060377035261664803,
	"y" : -0.062132484291314224,
	"yaw" : 1.328615715569093,
	"z" : -0.16859559759676507
}
