{
	"pitch" : 1.4747396190343152,
	"roll" : -1.4009912423467608,
	"x" : 0.024370245381907026,
	"y" : -0.1802965591014713,
	"yaw" : 1.4123392107807118,
	"z" : -0.2556825979013031
}
