{
	"pitch" : 1.4735236048988727,
	"roll" : -1.3874966104002457,
	"x" : 0.083047110082017345,
	"y" : -0.18572044143320235,
	"yaw" : 1.4232829078745697,
	"z" : -0.16807398011743208
}
