{
	"pitch" : 1.5015701773350796,
	"roll" : -1.4777346083164089,
	"x" : 0.1101477209444181,
	"y" : 0.02734627177286501,
	"yaw" : 1.3533742520518821,
	"z" : -0.16987649429372498
}
