{
	"pitch" : 1.4488085587507094,
	"roll" : -1.3412970045425074,
	"x" : -0.014473357336777681,
	"y" : -0.29788840685600404,
	"yaw" : 1.458650777185218,
	"z" : -0.1725271517732338
}
