{
	"pitch" : 1.4547890194836126,
	"roll" : -1.4140635443130065,
	"x" : -0.012694194254961849,
	"y" : -0.29263107554206136,
	"yaw" : 1.3977812430370009,
	"z" : -0.15592446011004157
}
