{
	"pitch" : 1.4719941211089493,
	"roll" : -1.5085036286716917,
	"x" : 0.051106907880896002,
	"y" : -0.054806982249920241,
	"yaw" : 1.3081286036232742,
	"z" : -0.16898283348408669
}
