{
	"pitch" : 1.4838461163970575,
	"roll" : -1.4877091657040282,
	"x" : 0.076017732850115427,
	"y" : -0.013871098381587951,
	"yaw" : 1.3295147561744776,
	"z" : -0.16973388467156131
}
