{
	"pitch" : 1.4776217113447894,
	"roll" : -1.4666288813404427,
	"x" : 0.081880188888920707,
	"y" : -0.06299627489299911,
	"yaw" : 1.3489288521650113,
	"z" : -0.16864961634069831
}
