{
	"pitch" : 1.4737477946924422,
	"roll" : -1.5356778142904433,
	"x" : 0.067449852512827993,
	"y" : -0.042428255941046739,
	"yaw" : 1.2699307340541566,
	"z" : -0.16995642797542032
}
