{
	"pitch" : 1.4697752813406471,
	"roll" : -1.4707109649891683,
	"x" : 0.057574098090027108,
	"y" : -0.059727747739447341,
	"yaw" : 1.3434533910458983,
	"z" : -0.16902971725912683
}
