{
	"pitch" : 1.4953622175093508,
	"roll" : -1.6205923865389706,
	"x" : 0.052625057242425118,
	"y" : -0.086644748805348365,
	"yaw" : 1.1883354431045132,
	"z" : -0.20754025998741008
}
