{
	"pitch" : 1.4742741054671358,
	"roll" : -1.5706907286598955,
	"x" : 0.032819975022858772,
	"y" : -0.1532609566129115,
	"yaw" : 1.2453867211405338,
	"z" : -0.12935798947517954
}
