{
	"pitch" : 1.4757828466266008,
	"roll" : -1.4435945550065916,
	"x" : 0.078977048089998989,
	"y" : -0.063164648547339608,
	"yaw" : 1.3703918717648911,
	"z" : -0.16866209251413664
}
