{
	"pitch" : 1.4537723402826566,
	"roll" : -1.446033034643861,
	"x" : -0.014033421654757183,
	"y" : -0.30696507780669396,
	"yaw" : 1.3584132925552728,
	"z" : -0.17311436457454171
}
