{
	"pitch" : 1.4692658858773737,
	"roll" : -1.4363363563916407,
	"x" : 0.065436413698034879,
	"y" : -0.062056913930654087,
	"yaw" : 1.3795198266777402,
	"z" : -0.16897376614184581
}
