{
	"pitch" : 1.4785226938779297,
	"roll" : -1.5112494582556704,
	"x" : 0.0019567135362352633,
	"y" : -0.089492156011212007,
	"yaw" : 1.3099847645965668,
	"z" : -0.17005435421064358
}
