{
	"pitch" : 1.4420429763052551,
	"roll" : -1.3565426824886035,
	"x" : -0.014204037722820764,
	"y" : -0.29750655324450831,
	"yaw" : 1.4471537629484528,
	"z" : -0.17318495207499326
}
