{
	"pitch" : 1.4833652490778664,
	"roll" : -1.5729144962591495,
	"x" : 0.077455935774911111,
	"y" : -0.01222629613766453,
	"yaw" : 1.2454161598486071,
	"z" : -0.16950180004613416
}
