{
	"pitch" : 1.4832874809158278,
	"roll" : -1.5873523822473299,
	"x" : 0.070178504304003311,
	"y" : -0.029182386733309786,
	"yaw" : 1.2253553168192231,
	"z" : -0.1222536778724149
}
