{
	"pitch" : 1.483416144851657,
	"roll" : -1.5683867065355737,
	"x" : 0.077384525205899696,
	"y" : -0.012216975977159877,
	"yaw" : 1.2499171961023827,
	"z" : -0.16952841943574737
}
