{
	"pitch" : 1.471051086712114,
	"roll" : -1.5325976767058809,
	"x" : 0.063011022455754337,
	"y" : -0.060214866304037711,
	"yaw" : 1.2836049187357452,
	"z" : -0.16985655562548369
}
