{
	"pitch" : 1.4877981108123903,
	"roll" : -1.5155188148256604,
	"x" : 0.076646730599728041,
	"y" : -0.012923424591595995,
	"yaw" : 1.3020224135919671,
	"z" : -0.16991228870371097
}
