{
	"pitch" : 1.4753424893720721,
	"roll" : -1.5587764832657554,
	"x" : 0.065007051722259346,
	"y" : -0.052546707622909611,
	"yaw" : 1.2529143980678585,
	"z" : -0.14098009466548561
}
