{
	"pitch" : 1.4801329483186287,
	"roll" : -1.5282389247186967,
	"x" : 0.043999538693736781,
	"y" : -0.11324166188696495,
	"yaw" : 1.2904590595895113,
	"z" : -0.16816263627442865
}
