{
	"pitch" : 1.4683375473745797,
	"roll" : -1.5401745160604001,
	"x" : 0.064811902265193774,
	"y" : -0.054298768186975668,
	"yaw" : 1.2664387685000162,
	"z" : -0.19456885110183297
}
