{
	"pitch" : 1.4844102672388715,
	"roll" : -1.4008669309725055,
	"x" : 0.11390397440491933,
	"y" : -0.046149284031734447,
	"yaw" : 1.4181078340142195,
	"z" : -0.16859658537286662
}
