{
	"pitch" : 1.470310127602654,
	"roll" : -1.509945537277787,
	"x" : 0.053982356370962818,
	"y" : -0.056413325966927066,
	"yaw" : 1.3063957073587649,
	"z" : -0.1691968079165479
}
