{
	"pitch" : 1.4996055169561686,
	"roll" : -1.5635944003872873,
	"x" : 0.10109055809988207,
	"y" : 0.033574766394907862,
	"yaw" : 1.2664329817189923,
	"z" : -0.17090183461426089
}
