{
	"pitch" : 1.4882602658953212,
	"roll" : -1.5623851407016709,
	"x" : 0.055649752151349166,
	"y" : 0.035994051610921708,
	"yaw" : 1.2710571122018757,
	"z" : -0.17128069524790132
}
