{
	"pitch" : 1.4771518921974414,
	"roll" : -1.560175922142635,
	"x" : 0.028095994916461101,
	"y" : -0.025088997529641791,
	"yaw" : 1.2607197230698644,
	"z" : -0.16999948753420144
}
