{
	"pitch" : 1.4800720336075941,
	"roll" : -1.4982424813556749,
	"x" : 0.080467820234944143,
	"y" : -0.0057005289418901994,
	"yaw" : 1.3134908497291755,
	"z" : -0.2195119728690231
}
