{
	"pitch" : 1.4893841976870716,
	"roll" : -1.5832251668739818,
	"x" : 0.076730780862780623,
	"y" : -0.012400263788858664,
	"yaw" : 1.2311009994559825,
	"z" : -0.16985043457851909
}
