{
	"pitch" : 1.4651008470506777,
	"roll" : -1.3627474087266811,
	"x" : 0.022797479365242318,
	"y" : -0.28733517626901778,
	"yaw" : 1.4453370015199143,
	"z" : -0.17156962043859841
}
