{
	"pitch" : 1.47759531006927,
	"roll" : -1.6652924777445739,
	"x" : 0.028011445241842146,
	"y" : -0.00090228498017135526,
	"yaw" : 1.1533872753922256,
	"z" : -0.17082800927944986
}
