{
	"pitch" : 1.544464166415044,
	"roll" : -0.96078646320812755,
	"x" : 0.10014923019390221,
	"y" : -0.17682880015791919,
	"yaw" : 1.8071615151248803,
	"z" : -0.16677202769359178
}
