{
	"pitch" : 1.4780582298090137,
	"roll" : -1.5278115366463398,
	"x" : 0.074568349157109484,
	"y" : -0.017795317795903043,
	"yaw" : 1.286667152471894,
	"z" : -0.16968881741900102
}
