{
	"pitch" : 1.492337811339062,
	"roll" : -1.4131042347202323,
	"x" : 0.060045554100162282,
	"y" : -0.020965996929206282,
	"yaw" : 1.4080974777331177,
	"z" : -0.16927380817442084
}
