{
	"pitch" : 1.4939881231811314,
	"roll" : -1.6235550378660604,
	"x" : 0.090964950757390445,
	"y" : 0.029312907625198417,
	"yaw" : 1.197159929795877,
	"z" : -0.14534656776214347
}
