{
	"pitch" : 1.474866444930703,
	"roll" : -1.5444595171604363,
	"x" : 0.064790547332658724,
	"y" : -0.052598249134272065,
	"yaw" : 1.2670432883475584,
	"z" : -0.14117887039064192
}
