{
	"pitch" : 1.4787738266787225,
	"roll" : -1.5240007984558182,
	"x" : 0.068460376121203551,
	"y" : -0.036876225235410079,
	"yaw" : 1.2873600860630388,
	"z" : -0.1255434203264508
}
