{
	"pitch" : 1.4805102023312393,
	"roll" : -1.5015196013546221,
	"x" : 0.080557808840804837,
	"y" : -0.0042474019486861154,
	"yaw" : 1.3103657882649398,
	"z" : -0.21922975452528842
}
