{
	"pitch" : 1.4697967498779057,
	"roll" : -1.4621293084963201,
	"x" : 0.064548827920408294,
	"y" : -0.049533173677246217,
	"yaw" : 1.3439228203414522,
	"z" : -0.20156988722782976
}
