{
	"pitch" : 1.4713024986066869,
	"roll" : -1.4957572498578446,
	"x" : 0.062320793965605019,
	"y" : -0.059907867903487066,
	"yaw" : 1.3197123730240943,
	"z" : -0.17145278146495047
}
