{
	"pitch" : 1.4919743562001779,
	"roll" : -1.3844225627343711,
	"x" : 0.12700918545853465,
	"y" : -0.019101613836332139,
	"yaw" : 1.4362497433814696,
	"z" : -0.16857382455235756
}
