{
	"pitch" : 1.494412798078975,
	"roll" : -1.5909990101180527,
	"x" : 0.091744643856920369,
	"y" : 0.031576614692402159,
	"yaw" : 1.229358157918454,
	"z" : -0.14936559988320344
}
