{
	"pitch" : 1.492819969273443,
	"roll" : -1.4994400388717342,
	"x" : 0.075244955109469713,
	"y" : -0.013274217265750047,
	"yaw" : 1.3223359688831124,
	"z" : -0.16927314931452198
}
