{
	"pitch" : 1.4770234176142254,
	"roll" : -1.4910853876382304,
	"x" : 0.074517037357293689,
	"y" : -0.020524702146938769,
	"yaw" : 1.3145655703269814,
	"z" : -0.22030739486230599
}
