{
	"pitch" : 1.4880618050535437,
	"roll" : -1.4959561665534107,
	"x" : 0.075247023851417461,
	"y" : -0.013314383082255009,
	"yaw" : 1.3189101211516909,
	"z" : -0.11844180520516753
}
