{
	"pitch" : 1.493439635691884,
	"roll" : -1.5526844956930175,
	"x" : 0.092964272165885986,
	"y" : 0.03565390789354464,
	"yaw" : 1.2699348735297205,
	"z" : -0.17698075430570445
}
