{
	"pitch" : 1.453206232272519,
	"roll" : -1.4470898744606722,
	"x" : 0.014399849365954308,
	"y" : -0.20847038299351517,
	"yaw" : 1.3534570354648696,
	"z" : -0.17094016257310871
}
