{
	"pitch" : 1.4766135554656237,
	"roll" : -1.5315606380909139,
	"x" : 0.06488288330606011,
	"y" : -0.048715572653693195,
	"yaw" : 1.2805513791848129,
	"z" : -0.13535662793040479
}
