{
	"pitch" : 1.4703645518855861,
	"roll" : -1.6635347635233151,
	"x" : 0.028597451156346196,
	"y" : -0.02262685417740418,
	"yaw" : 1.1511047292670478,
	"z" : -0.17038420418127515
}
