{
	"pitch" : 1.4567663008859164,
	"roll" : -1.5825169946683824,
	"x" : -0.083517531583746543,
	"y" : -0.17964239121517364,
	"yaw" : 1.2295522530869902,
	"z" : -0.1736362195663477
}
