{
	"pitch" : 1.483053409886004,
	"roll" : -1.5727148163434221,
	"x" : 0.077473647149786648,
	"y" : -0.01217370826153555,
	"yaw" : 1.2456130783570862,
	"z" : -0.16950178944844713
}
