{
	"pitch" : 1.4697801166343885,
	"roll" : -1.5757801236024023,
	"x" : 0.031191190264892144,
	"y" : -0.035725232970211858,
	"yaw" : 1.2318801062248124,
	"z" : -0.17000904036503414
}
