{
	"pitch" : 1.4579403045742476,
	"roll" : -1.4662501895957687,
	"x" : -0.031893715015795007,
	"y" : -0.27244624044753357,
	"yaw" : 1.3439952910748711,
	"z" : -0.17328783574422321
}
