{
	"pitch" : 1.4772969153946653,
	"roll" : -1.4898292868594589,
	"x" : 0.074332884418124925,
	"y" : -0.020265122018642914,
	"yaw" : 1.3225805527413743,
	"z" : -0.16998964767275671
}
