{
	"pitch" : 1.4531095406172967,
	"roll" : -1.4332019142329178,
	"x" : -0.017000038326400388,
	"y" : -0.30710575503578524,
	"yaw" : 1.370287583920258,
	"z" : -0.17085219902374985
}
