{
	"pitch" : 1.4808400297139821,
	"roll" : -1.3985272574941938,
	"x" : 0.087165642230346771,
	"y" : -0.062410849253529029,
	"yaw" : 1.426097692371904,
	"z" : -0.16849209841329305
}
