{
	"pitch" : 1.4600347223852561,
	"roll" : -1.5965950389184791,
	"x" : -0.083161554305629048,
	"y" : -0.17998872581612113,
	"yaw" : 1.2115873961844317,
	"z" : -0.17395011378027231
}
