{
	"pitch" : 1.4711574917961836,
	"roll" : -1.4827824417831859,
	"x" : 0.060375069098301315,
	"y" : -0.061981739034447286,
	"yaw" : 1.327141120904668,
	"z" : -0.16916094442772789
}
