{
	"pitch" : 1.4509849241026507,
	"roll" : -1.3937618438564627,
	"x" : 0.01639068290614798,
	"y" : -0.19815556348017024,
	"yaw" : 1.4083242990653584,
	"z" : -0.17004943147203597
}
