{
	"pitch" : 1.497023056869587,
	"roll" : -1.3575375664060958,
	"x" : 0.12251145296830968,
	"y" : 0.01110560388534201,
	"yaw" : 1.4665325487696979,
	"z" : -0.16946645863128165
}
