{
	"pitch" : 1.488114789918487,
	"roll" : -1.5800560404667714,
	"x" : 0.081497220392005076,
	"y" : -0.00055727119425776246,
	"yaw" : 1.2336632880112852,
	"z" : -0.12068956239470896
}
