{
	"pitch" : 1.4755275338841471,
	"roll" : -1.5101662062614336,
	"x" : 0.062049702521650915,
	"y" : -0.058484063837084904,
	"yaw" : 1.3045951669642644,
	"z" : -0.15158475079623021
}
