{
	"pitch" : 1.4656404332665143,
	"roll" : -1.4683582557491037,
	"x" : -0.00010199139816112479,
	"y" : -0.25258763655770539,
	"yaw" : 1.3461855794156794,
	"z" : -0.11371516532216734
}
