{
	"pitch" : 1.4968408003150542,
	"roll" : -1.512855475421824,
	"x" : 0.071716349835892312,
	"y" : -0.027647928486562161,
	"yaw" : 1.3085182067309897,
	"z" : -0.17785129544131287
}
