{
	"pitch" : 1.4752340439654841,
	"roll" : -1.4287981926864146,
	"x" : 0.10606796028128972,
	"y" : -0.16431261564212341,
	"yaw" : 1.3548764182762401,
	"z" : -0.16882508476509772
}
