{
	"pitch" : 1.49625929661093,
	"roll" : -1.3648752532039217,
	"x" : 0.12238410259322459,
	"y" : 0.011530235950974119,
	"yaw" : 1.4594719141301864,
	"z" : -0.16952018445173017
}
