{
	"pitch" : 1.4639055278455582,
	"roll" : -1.3985377174917586,
	"x" : 0.10305803498304664,
	"y" : -0.22139973238488025,
	"yaw" : 1.4100444797187859,
	"z" : -0.16902506624444702
}
