{
	"pitch" : 1.4766343227045786,
	"roll" : -1.5503130383378381,
	"x" : 0.031093536258197649,
	"y" : -0.03407606236173559,
	"yaw" : 1.2700113359886345,
	"z" : -0.16979134972631735
}
