{
	"pitch" : 1.4888124379420462,
	"roll" : -1.3735553455519187,
	"x" : 0.1242302980508852,
	"y" : -0.027698319191855093,
	"yaw" : 1.4473708593054055,
	"z" : -0.16859025964357788
}
