{
	"pitch" : 1.4609979880849775,
	"roll" : -1.2948008154556301,
	"x" : 0.1120856099624212,
	"y" : -0.24077260182605303,
	"yaw" : 1.5161189318058195,
	"z" : -0.1679727992955051
}
