{
	"pitch" : 1.4840203281085622,
	"roll" : -1.557266197807883,
	"x" : 0.08493220716637663,
	"y" : 0.0082893282255609903,
	"yaw" : 1.2585646468997604,
	"z" : -0.21537575938673018
}
