{
	"pitch" : 1.4811078947705236,
	"roll" : -1.5907404026673084,
	"x" : 0.026846206100674917,
	"y" : -0.00035565258058191558,
	"yaw" : 1.2292624239246053,
	"z" : -0.17062366521495267
}
