{
	"pitch" : 1.4877234738610432,
	"roll" : -1.6584939929717213,
	"x" : 0.043030108506971379,
	"y" : 0.02588231316489429,
	"yaw" : 1.1701149796967114,
	"z" : -0.17113886318576782
}
