{
	"pitch" : 1.4841711137932878,
	"roll" : -1.6060712891028242,
	"x" : 0.084623518626463529,
	"y" : 0.0038783471775733092,
	"yaw" : 1.210703980803524,
	"z" : -0.21797921008772314
}
