{
	"pitch" : 1.4680379170388493,
	"roll" : -1.4907543428247283,
	"x" : 0.060905594114024242,
	"y" : -0.061077395391938107,
	"yaw" : 1.3180597033593717,
	"z" : -0.16936022695640612
}
