{
	"pitch" : 1.4724400322386297,
	"roll" : -1.633191030843165,
	"x" : 0.026371482731024291,
	"y" : -0.012551381123963425,
	"yaw" : 1.1817985128009778,
	"z" : -0.1715171372145512
}
