{
	"pitch" : 1.4853956888364854,
	"roll" : -1.6035673175223459,
	"x" : 0.046642386414073735,
	"y" : 0.029118421807965651,
	"yaw" : 1.2270313996204782,
	"z" : -0.17153647255440224
}
