{
	"pitch" : 1.4969601353158852,
	"roll" : -1.3615200391991105,
	"x" : 0.1204452687187009,
	"y" : 0.014819345428337521,
	"yaw" : 1.4635633505496857,
	"z" : -0.16970518710741028
}
