{
	"pitch" : 1.4563356133981382,
	"roll" : -1.4629780261693777,
	"x" : 0.0036701755209250231,
	"y" : -0.21439058993396734,
	"yaw" : 1.3374555453258374,
	"z" : -0.17103710527613025
}
