{
	"pitch" : 1.4696742561769305,
	"roll" : -1.4486184225563614,
	"x" : 0.074934744811855733,
	"y" : -0.1523594319797002,
	"yaw" : 1.3555520269431911,
	"z" : -0.16908192507659553
}
