{
	"pitch" : 1.4564378367225914,
	"roll" : -1.5995411964911934,
	"x" : -0.079223032890614095,
	"y" : -0.17737429028126014,
	"yaw" : 1.2144553814410208,
	"z" : -0.1737270793409762
}
