{
	"pitch" : 1.4800151355278737,
	"roll" : -1.570759285718407,
	"x" : 0.082028804804036626,
	"y" : -0.0022348176894067626,
	"yaw" : 1.2423134121790476,
	"z" : -0.21932407028110076
}
