{
	"pitch" : 1.4585904299421264,
	"roll" : -1.4994420039201415,
	"x" : 0.01163986647455427,
	"y" : -0.21157243703912185,
	"yaw" : 1.308361633206492,
	"z" : -0.070459640893615519
}
