{
	"pitch" : 1.4902840929032684,
	"roll" : -1.5081805208696391,
	"x" : 0.057378643226734777,
	"y" : -0.030563275384811579,
	"yaw" : 1.3105264446927942,
	"z" : -0.17013986051197669
}
