{
	"pitch" : 1.4707757484476567,
	"roll" : -1.5188653142869544,
	"x" : 0.066054890800659988,
	"y" : -0.050527781138995573,
	"yaw" : 1.2871837100188939,
	"z" : -0.20140768997141012
}
