{
	"pitch" : 1.4547538260733681,
	"roll" : -1.4452671219922102,
	"x" : 0.021749272329851299,
	"y" : -0.18906228739190284,
	"yaw" : 1.3586809693726667,
	"z" : -0.17006128391467712
}
