{
	"pitch" : 1.4953710292545574,
	"roll" : -1.4089370314801068,
	"x" : 0.12484963164091786,
	"y" : 0.0038760849613904708,
	"yaw" : 1.4180266436924984,
	"z" : -0.16942133972559112
}
