{
	"pitch" : 1.4449691634441495,
	"roll" : -1.3973168725520879,
	"x" : -0.012410342771894733,
	"y" : -0.28932051038970963,
	"yaw" : 1.4078223593140706,
	"z" : -0.17279277631477472
}
