{
	"pitch" : 1.4746887938604889,
	"roll" : -1.5459106345748068,
	"x" : 0.077657049451457322,
	"y" : -0.013743865873323522,
	"yaw" : 1.2539602538554309,
	"z" : -0.17037924157285816
}
