{
	"pitch" : 1.4792052257209691,
	"roll" : -1.5277556171747884,
	"x" : 0.073623423852100606,
	"y" : -0.020270340039668655,
	"yaw" : 1.2845252555574607,
	"z" : -0.16979089104953574
}
