{
	"pitch" : 1.4979579355812691,
	"roll" : -1.361307005322475,
	"x" : 0.11028729746198335,
	"y" : 0.026276503359601366,
	"yaw" : 1.4665238100271518,
	"z" : -0.16969874479717409
}
