{
	"pitch" : 1.4709223019944133,
	"roll" : -1.4458239520754326,
	"x" : 0.050509123173612232,
	"y" : -0.099925301209144626,
	"yaw" : 1.3593632310447203,
	"z" : -0.16920480496281276
}
