{
	"pitch" : 1.4695313756728106,
	"roll" : -1.4682695463226969,
	"x" : 0.057865631723443001,
	"y" : -0.059785056174197979,
	"yaw" : 1.3460828451756817,
	"z" : -0.16908644013600804
}
