{
	"pitch" : 1.4824713885620626,
	"roll" : -1.6066936588277536,
	"x" : 0.026917946380991653,
	"y" : 0.00048638353687751809,
	"yaw" : 1.2131925011807332,
	"z" : -0.17067738972550356
}
