{
	"pitch" : 1.4962930537580257,
	"roll" : -1.4235824245350122,
	"x" : 0.12220512162239286,
	"y" : 0.011147416112430491,
	"yaw" : 1.3989286765631765,
	"z" : -0.16994295822727848
}
