{
	"pitch" : 1.4512390330991836,
	"roll" : -1.3082295688616556,
	"x" : 0.061252017526957192,
	"y" : -0.30178928978222508,
	"yaw" : 1.4949066375658919,
	"z" : -0.17039145003097436
}
