{
	"pitch" : 1.4479696998635505,
	"roll" : -1.4845852409622615,
	"x" : -0.077899282098339601,
	"y" : -0.2579628946916398,
	"yaw" : 1.3185763061007383,
	"z" : -0.17437519499562873
}
