{
	"pitch" : 1.4945398059370611,
	"roll" : -1.4045425155788691,
	"x" : 0.12589153073307091,
	"y" : 0.0007727393330957278,
	"yaw" : 1.4208451193042646,
	"z" : -0.16942797356121192
}
