{
	"pitch" : 1.4892663535744466,
	"roll" : -1.4918926704198892,
	"x" : 0.076411624365628525,
	"y" : -0.012685378260835599,
	"yaw" : 1.3263931273296692,
	"z" : -0.16963292778822966
}
