{
	"pitch" : 1.4648571649933559,
	"roll" : -1.5725044016522371,
	"x" : 0.070107091016595541,
	"y" : -0.034251777357195472,
	"yaw" : 1.2329992385052548,
	"z" : -0.17082553551790669
}
