{
	"pitch" : 1.4554877818291632,
	"roll" : -1.4408519661360597,
	"x" : 0.013178316867452217,
	"y" : -0.21182890932003426,
	"yaw" : 1.361155020441982,
	"z" : -0.17023274543219219
}
