{
	"pitch" : 1.4730982304323357,
	"roll" : -1.5989435446254772,
	"x" : 0.041482361582737791,
	"y" : -0.047408147994118549,
	"yaw" : 1.2203547671336896,
	"z" : -0.17017109436488209
}
