{
	"pitch" : 1.4657366761592487,
	"roll" : -1.4725535182238518,
	"x" : 0.061701112154057006,
	"y" : -0.05815302218874549,
	"yaw" : 1.3332925180855528,
	"z" : -0.16866541672358362
}
