{
	"pitch" : 1.4758166314824912,
	"roll" : -1.5670095509122919,
	"x" : 0.039995852806876647,
	"y" : -0.13034092164074923,
	"yaw" : 1.2479000421421149,
	"z" : -0.15134274136136217
}
