{
	"pitch" : 1.4711524348869214,
	"roll" : -1.6240107525355465,
	"x" : 0.028718519791205578,
	"y" : -0.022569705446416947,
	"yaw" : 1.1901504357741399,
	"z" : -0.17037629464280496
}
