{
	"pitch" : 1.4478175076165603,
	"roll" : -1.2790570294615802,
	"x" : 0.051468453271952312,
	"y" : -0.29955816872942292,
	"yaw" : 1.5308943379171773,
	"z" : -0.16988986720398366
}
