{
	"pitch" : 1.4921656328262864,
	"roll" : -1.3785770449297277,
	"x" : 0.12692865626519653,
	"y" : -0.018833311654449653,
	"yaw" : 1.4425535922796535,
	"z" : -0.16866834657228502
}
