{
	"pitch" : 1.4692914883633756,
	"roll" : -1.4983659938628708,
	"x" : 0.064548051584736227,
	"y" : -0.052346452563677801,
	"yaw" : 1.3111385830201949,
	"z" : -0.16965151110133611
}
