{
	"pitch" : 1.4898757362932225,
	"roll" : -1.5238953356594422,
	"x" : 0.078517588959729032,
	"y" : -0.0039061833771767956,
	"yaw" : 1.2893495576905178,
	"z" : -0.11880343639238458
}
