{
	"pitch" : 1.4705635311393626,
	"roll" : -1.5995748042600944,
	"x" : 0.03345519045659149,
	"y" : -0.035211531802251686,
	"yaw" : 1.2097031035955237,
	"z" : -0.17026615782189536
}
