{
	"pitch" : 1.4529187489796362,
	"roll" : -1.3761799337364271,
	"x" : -0.012067936370709645,
	"y" : -0.27956730873499214,
	"yaw" : 1.4355286655976476,
	"z" : -0.17220074920854758
}
