{
	"pitch" : 1.4795899098606831,
	"roll" : -1.641806757284539,
	"x" : 0.026339056839651154,
	"y" : -0.0049967614344746288,
	"yaw" : 1.1764458319050621,
	"z" : -0.17063920353765522
}
