{
	"pitch" : 1.4785838199603867,
	"roll" : -1.6069948234263207,
	"x" : 0.026303269298369063,
	"y" : -0.009479705890909863,
	"yaw" : 1.2131399126530642,
	"z" : -0.17066734972277334
}
