{
	"pitch" : 1.4779981967474818,
	"roll" : -1.4968770766713442,
	"x" : -0.017659914865538112,
	"y" : -0.10991052049099539,
	"yaw" : 1.3217050079109167,
	"z" : -0.17076248143850706
}
