{
	"pitch" : 1.4621518250795065,
	"roll" : -1.5030368025151766,
	"x" : 0.065220392331307317,
	"y" : -0.047065780188554562,
	"yaw" : 1.2998384643977998,
	"z" : -0.16951212203204313
}
