{
	"pitch" : 1.4793433610938245,
	"roll" : -1.5519166461579383,
	"x" : 0.076190673700939737,
	"y" : -0.017905202894864108,
	"yaw" : 1.2570441420324958,
	"z" : -0.22051892835828171
}
