{
	"pitch" : 1.4857439339141754,
	"roll" : -1.5954377725921156,
	"x" : 0.089684811073527423,
	"y" : 0.023854228717142784,
	"yaw" : 1.2214202897214659,
	"z" : -0.20370745376855093
}
