{
	"pitch" : 1.4876644335253564,
	"roll" : -1.4916416025050343,
	"x" : 0.075539629035227068,
	"y" : -0.012765562820440769,
	"yaw" : 1.3228759175624158,
	"z" : -0.11844489782265932
}
