{
	"pitch" : 1.4629652852041604,
	"roll" : -1.5739812186460271,
	"x" : -0.0063017508962264213,
	"y" : -0.13776292254377701,
	"yaw" : 1.2336457731220147,
	"z" : -0.17239377454521537
}
