{
	"pitch" : 1.4900648174885238,
	"roll" : -1.3860451876429991,
	"x" : 0.12742006050681468,
	"y" : -0.017939373661326297,
	"yaw" : 1.4352806860916369,
	"z" : -0.16869268138921675
}
