{
	"pitch" : 1.4820511222815518,
	"roll" : -1.612852575275407,
	"x" : 0.051309643887159612,
	"y" : 0.032608357281692604,
	"yaw" : 1.2123952287955044,
	"z" : -0.17156384796391427
}
