{
	"pitch" : 1.4557279978279061,
	"roll" : -1.431452935913172,
	"x" : 0.013442431864600722,
	"y" : -0.20840871204054598,
	"yaw" : 1.368245488496449,
	"z" : -0.17037381111409128
}
