{
	"pitch" : 1.4830692724031163,
	"roll" : -1.4576157278313788,
	"x" : 0.10020472345756701,
	"y" : -0.057883076714519852,
	"yaw" : 1.3592061374852278,
	"z" : -0.16890983638915949
}
