{
	"pitch" : 1.4562870457992116,
	"roll" : -1.4079390432453465,
	"x" : 0.0081943401787172437,
	"y" : -0.22852900021609787,
	"yaw" : 1.3913015253472976,
	"z" : -0.17046647001709639
}
