{
	"pitch" : 1.4700143658389817,
	"roll" : -1.6221271678069005,
	"x" : 0.03548508342096357,
	"y" : -0.03444615337581397,
	"yaw" : 1.1863056967710615,
	"z" : -0.17055801776033006
}
