{
	"pitch" : 1.4957171311701638,
	"roll" : -1.5620884617764412,
	"x" : 0.092675064016491782,
	"y" : 0.035262834072348551,
	"yaw" : 1.2586766090463828,
	"z" : -0.17983960866935642
}
