{
	"pitch" : 1.4830035793958278,
	"roll" : -1.5521230577083676,
	"x" : 0.031231719175785197,
	"y" : 0.011342341889526887,
	"yaw" : 1.2683903191838071,
	"z" : -0.17051237122557902
}
