{
	"pitch" : 1.4536322636614538,
	"roll" : -1.3984656267068123,
	"x" : 0.017241279449799821,
	"y" : -0.19502082955313491,
	"yaw" : 1.4031329682639035,
	"z" : -0.17002569238362578
}
