{
	"pitch" : 1.4756312594296359,
	"roll" : -1.4427698574796624,
	"x" : 0.078975008668231289,
	"y" : -0.063086124820462608,
	"yaw" : 1.3713605048176596,
	"z" : -0.16865971389498272
}
