{
	"pitch" : 1.4724789500675421,
	"roll" : -1.4838116775051013,
	"x" : 0.044231380724881038,
	"y" : -0.11350440737279074,
	"yaw" : 1.3287676452410884,
	"z" : -0.17112513691886197
}
