{
	"pitch" : 1.4707429945274029,
	"roll" : -1.5106301199207421,
	"x" : 0.065775799903443399,
	"y" : -0.050375433462415936,
	"yaw" : 1.2953576271870963,
	"z" : -0.20151457605650241
}
