{
	"pitch" : 1.4754876262043555,
	"roll" : -1.5435796627360399,
	"x" : 0.075676282135627396,
	"y" : -0.022160722226378528,
	"yaw" : 1.2623997517703405,
	"z" : -0.22038099381098228
}
