{
	"pitch" : 1.4704517361551173,
	"roll" : -1.4839307546611225,
	"x" : 0.05308781712718938,
	"y" : -0.055999210722585055,
	"yaw" : 1.3329076694425843,
	"z" : -0.16890678513878971
}
