{
	"pitch" : 1.4562880939661342,
	"roll" : -1.3701183856767563,
	"x" : 0.067012334859781114,
	"y" : -0.28528903734298272,
	"yaw" : 1.4346896555665203,
	"z" : -0.17031290568011995
}
