{
	"pitch" : 1.478414647272789,
	"roll" : -1.5304402303914402,
	"x" : 0.074330589570802533,
	"y" : -0.018470516125781468,
	"yaw" : 1.2834813715241238,
	"z" : -0.16966589455424963
}
