{
	"pitch" : 1.4700769662707927,
	"roll" : -1.4857136151736292,
	"x" : 0.062169968034218273,
	"y" : -0.059658016836668763,
	"yaw" : 1.3291792599090873,
	"z" : -0.1717836674307672
}
