{
	"pitch" : 1.4678874534111628,
	"roll" : -1.5264180043678699,
	"x" : 0.06474022483037839,
	"y" : -0.054079603282971352,
	"yaw" : 1.2801086239916708,
	"z" : -0.19488370047231507
}
