{
	"pitch" : 1.4801639464571403,
	"roll" : -1.6846802588709135,
	"x" : 0.029883765612628843,
	"y" : 0.0050624143966538099,
	"yaw" : 1.1364263457408936,
	"z" : -0.17074670605129777
}
