{
	"pitch" : 1.479175614319167,
	"roll" : -1.6220941654087078,
	"x" : 0.03185670500671231,
	"y" : 0.011787513263140457,
	"yaw" : 1.1960801466911557,
	"z" : -0.17048490220975648
}
