{
	"pitch" : 1.4914387789861816,
	"roll" : -1.5654526770145749,
	"x" : 0.076951617349202431,
	"y" : -0.013171996005802438,
	"yaw" : 1.251984495329314,
	"z" : -0.17037364735040897
}
