{
	"pitch" : 1.4948992357999495,
	"roll" : -1.5679911829785103,
	"x" : 0.092525834982062197,
	"y" : 0.035647974535894945,
	"yaw" : 1.2525172591885381,
	"z" : -0.16216354534446789
}
