{
	"pitch" : 1.4683794180623939,
	"roll" : -1.5222075832902309,
	"x" : 0.010045045838702304,
	"y" : -0.21730987040575922,
	"yaw" : 1.292382041200562,
	"z" : -0.076746384394316719
}
