{
	"pitch" : 1.4945377760670651,
	"roll" : -1.4957308621412342,
	"x" : 0.073051377513710047,
	"y" : -0.021915348288427394,
	"yaw" : 1.324928674643445,
	"z" : -0.17486528012438649
}
