{
	"pitch" : 1.4837097231209606,
	"roll" : -1.6452207828551235,
	"x" : 0.043636183752922893,
	"y" : 0.027027203244671352,
	"yaw" : 1.1765610672592983,
	"z" : -0.17161673874788422
}
