{
	"pitch" : 1.4951896626746617,
	"roll" : -1.5992627138054363,
	"x" : 0.091129979071302186,
	"y" : 0.030285343734916724,
	"yaw" : 1.2221029878981222,
	"z" : -0.14709544404124406
}
