{
	"pitch" : 1.4579025583791259,
	"roll" : -1.41280695442153,
	"x" : 0.048568941459464596,
	"y" : -0.096146811876641064,
	"yaw" : 1.3908471218762863,
	"z" : -0.1691310919329469
}
