{
	"pitch" : 1.4965420574445156,
	"roll" : -1.5048352453526619,
	"x" : 0.074949095603331808,
	"y" : -0.015933750507004078,
	"yaw" : 1.3154133380459601,
	"z" : -0.17137701092961291
}
