{
	"pitch" : 1.491877608346639,
	"roll" : -1.5006888650700112,
	"x" : 0.073547829002852935,
	"y" : -0.015433964627173696,
	"yaw" : 1.3178096627500393,
	"z" : -0.17022821913475122
}
