{
	"pitch" : 1.4518776613668078,
	"roll" : -1.3981474628130524,
	"x" : -0.0019517596919516739,
	"y" : -0.25945694295238558,
	"yaw" : 1.4055219443688247,
	"z" : -0.17188097544717212
}
