{
	"pitch" : 1.4963666756916842,
	"roll" : -1.4435969996982114,
	"x" : 0.11196393174452487,
	"y" : 0.024664943715803567,
	"yaw" : 1.3825688123961022,
	"z" : -0.16997575666118733
}
