{
	"pitch" : 1.4906710422265221,
	"roll" : -1.5690961862078827,
	"x" : 0.077070507724413331,
	"y" : -0.013165928962459186,
	"yaw" : 1.2482608805988322,
	"z" : -0.17033885516084002
}
