{
	"pitch" : 1.4707067176958109,
	"roll" : -1.4763269300728237,
	"x" : 0.065246925068946887,
	"y" : -0.049992691723347804,
	"yaw" : 1.3294266239219805,
	"z" : -0.20144956255544294
}
