{
	"pitch" : 1.4574910802594589,
	"roll" : -1.3792644426848795,
	"x" : 0.016338275695286959,
	"y" : -0.20558857659809859,
	"yaw" : 1.4332038265890958,
	"z" : -0.26826628889956605
}
