{
	"pitch" : 1.4951692903288545,
	"roll" : -1.4673490758908934,
	"x" : 0.072539309018456705,
	"y" : 0.039500898139627649,
	"yaw" : 1.3681123432374069,
	"z" : -0.17151409435142975
}
