{
	"pitch" : 1.497466116360973,
	"roll" : -1.3572062740297115,
	"x" : 0.1205564024449997,
	"y" : 0.014547854482234364,
	"yaw" : 1.4681839140607122,
	"z" : -0.16958626742281507
}
