{
	"pitch" : 1.4888421242121486,
	"roll" : -1.514553858132462,
	"x" : 0.079307286689901862,
	"y" : -0.0033804952305815771,
	"yaw" : 1.2986526903919424,
	"z" : -0.11897817573768005
}
