{
	"pitch" : 1.4750941580161565,
	"roll" : -1.5104996215817883,
	"x" : 0.063613680034421374,
	"y" : -0.054911408774422424,
	"yaw" : 1.3025247687008199,
	"z" : -0.14433896819376746
}
