{
	"pitch" : 1.4967054338384262,
	"roll" : -1.5039507236776315,
	"x" : 0.083490410412665611,
	"y" : 0.039075811167551738,
	"yaw" : 1.3299218195551916,
	"z" : -0.17084908311000233
}
