{
	"pitch" : 1.4915557842948173,
	"roll" : -1.6031677427678588,
	"x" : 0.088071712059154553,
	"y" : 0.02148919967191764,
	"yaw" : 1.2142335787337815,
	"z" : -0.1345578108092739
}
