{
	"pitch" : 1.4936349586204374,
	"roll" : -1.5424155833713227,
	"x" : 0.061728630701629247,
	"y" : 0.037624875749875192,
	"yaw" : 1.2835830391096341,
	"z" : -0.17079406258432858
}
