{
	"pitch" : 1.485503124647777,
	"roll" : -1.4232903573324822,
	"x" : 0.018412616358935957,
	"y" : -0.073926993760527304,
	"yaw" : 1.404696847537626,
	"z" : -0.16873087661889596
}
