{
	"pitch" : 1.4825769029653977,
	"roll" : -1.6123670946917996,
	"x" : 0.083632570006313675,
	"y" : 0.0034065358946670284,
	"yaw" : 1.2043351532565938,
	"z" : -0.21778813041770595
}
