{
	"pitch" : 1.4957544363170774,
	"roll" : -1.5596375612056599,
	"x" : 0.092641931419526563,
	"y" : 0.035272159193209335,
	"yaw" : 1.2610309847105448,
	"z" : -0.17987911745749446
}
