{
	"pitch" : 1.4820469076677774,
	"roll" : -1.5915364799979426,
	"x" : 0.071510103353808085,
	"y" : -0.029700889801852013,
	"yaw" : 1.2216007066084327,
	"z" : -0.12274231288206845
}
