{
	"pitch" : 1.4999766943631523,
	"roll" : -1.55749056993742,
	"x" : 0.096961114527876133,
	"y" : 0.034903623844249207,
	"yaw" : 1.2734414344748797,
	"z" : -0.1704160041302879
}
