{
	"pitch" : 1.496058548725222,
	"roll" : -1.5290622156027418,
	"x" : 0.092235889370187785,
	"y" : 0.036419191689475848,
	"yaw" : 1.2928555169732119,
	"z" : -0.16975904217590268
}
