{
	"pitch" : 1.4863047983127837,
	"roll" : -1.5538515999173708,
	"x" : 0.091222465301034131,
	"y" : 0.0290919882855055,
	"yaw" : 1.2638156511783456,
	"z" : -0.19601299811323908
}
