{
	"pitch" : 1.4827409389617725,
	"roll" : -1.3609283076736294,
	"x" : 0.11431264232639918,
	"y" : -0.0467611072466598,
	"yaw" : 1.4622305680634762,
	"z" : -0.16841935839560013
}
