{
	"pitch" : 1.4899048405902255,
	"roll" : -1.5801636218074073,
	"x" : 0.053813099892515058,
	"y" : 0.03350061233664639,
	"yaw" : 1.2504373374941196,
	"z" : -0.17133717955038838
}
