{
	"pitch" : 1.4977503430341077,
	"roll" : -1.4493530319745176,
	"x" : 0.11758236241440626,
	"y" : 0.019220453319302121,
	"yaw" : 1.3790163149584034,
	"z" : -0.17008118759490157
}
