{
	"pitch" : 1.4690465309037017,
	"roll" : -1.4337730579687453,
	"x" : 0.060274927093758222,
	"y" : -0.060558310560888756,
	"yaw" : 1.3724087675005097,
	"z" : -0.16858374488675604
}
