{
	"pitch" : 1.47283113213538,
	"roll" : -1.4798746711123985,
	"x" : 0.060719422752257723,
	"y" : -0.061847516884295184,
	"yaw" : 1.3319798759225727,
	"z" : -0.16746931931849043
}
