{
	"pitch" : 1.4691981669744261,
	"roll" : -1.5149856055696695,
	"x" : 0.06551082444434593,
	"y" : -0.061556026727172496,
	"yaw" : 1.292932823401991,
	"z" : -0.16920002636791245
}
