{
	"pitch" : 1.4990952834902187,
	"roll" : -1.3815267049096844,
	"x" : 0.10845676281401634,
	"y" : 0.027716462377688801,
	"yaw" : 1.4477049860619247,
	"z" : -0.16984943640666447
}
