{
	"pitch" : 1.4916978917441612,
	"roll" : -1.5179083931371098,
	"x" : 0.081942725464276597,
	"y" : 0.0044333820125000336,
	"yaw" : 1.2958383006495187,
	"z" : -0.12244847612190954
}
