{
	"pitch" : 1.4946455805047167,
	"roll" : -1.5964666436921633,
	"x" : 0.092156106236686353,
	"y" : 0.03198240415423656,
	"yaw" : 1.2235321136303758,
	"z" : -0.15074616520111503
}
