{
	"pitch" : 1.4755366857718732,
	"roll" : -1.5563322262992456,
	"x" : 0.030248845228061802,
	"y" : -0.032873355527961293,
	"yaw" : 1.263853044493257,
	"z" : -0.16965389471882097
}
