{
	"pitch" : 1.4630229094227514,
	"roll" : -1.547408634951968,
	"x" : 0.077179693475289621,
	"y" : -0.01314554373709519,
	"yaw" : 1.2576469003867241,
	"z" : -0.1706478300247479
}
