{
	"pitch" : 1.496493145601272,
	"roll" : -1.427881948391255,
	"x" : 0.12144971274417182,
	"y" : 0.012445879939613123,
	"yaw" : 1.3952119830541174,
	"z" : -0.17001299127334471
}
