{
	"pitch" : 1.4780340468672006,
	"roll" : -1.5348893694439401,
	"x" : 0.076300297917957019,
	"y" : -0.011266392273844803,
	"yaw" : 1.2733738524349734,
	"z" : -0.16800495588283051
}
