{
	"pitch" : 1.4910894834559181,
	"roll" : -1.4975357549310622,
	"x" : 0.066117786294352762,
	"y" : -0.02229948358391862,
	"yaw" : 1.3192083021018235,
	"z" : -0.16969359439797493
}
