{
	"pitch" : 1.4848334369442044,
	"roll" : -1.6007126384732704,
	"x" : 0.084397648490746741,
	"y" : 0.0042749807442932358,
	"yaw" : 1.2156604825314876,
	"z" : -0.21765164229175904
}
