{
	"pitch" : 1.474802386173323,
	"roll" : -1.5298088940724166,
	"x" : 0.044991196707955955,
	"y" : -0.11081083215364845,
	"yaw" : 1.2867340283428199,
	"z" : -0.16929012504693211
}
