{
	"pitch" : 1.4856343922627566,
	"roll" : -1.4598608671232953,
	"x" : 0.052006542489781753,
	"y" : -0.036596298152250531,
	"yaw" : 1.3605899552931389,
	"z" : -0.16998212882855684
}
