{
	"pitch" : 1.4852169265488298,
	"roll" : -1.3059053944243388,
	"x" : 0.11926937337668334,
	"y" : -0.039516274501094573,
	"yaw" : 1.515834748535166,
	"z" : -0.16843022977337849
}
