{
	"pitch" : 1.489695609775521,
	"roll" : -1.5720302222781779,
	"x" : 0.076487994592903424,
	"y" : -0.013139277570104699,
	"yaw" : 1.2449537359765757,
	"z" : -0.17000541815046344
}
