{
	"pitch" : 1.4708335593121939,
	"roll" : -1.537660841040553,
	"x" : 0.063033082914408303,
	"y" : -0.060226304485241688,
	"yaw" : 1.2781467521841068,
	"z" : -0.16982818805394387
}
