{
	"pitch" : 1.4681085259423798,
	"roll" : -1.4288018018653974,
	"x" : 0.065125937124118599,
	"y" : -0.061599891206230079,
	"yaw" : 1.387698123488925,
	"z" : -0.16931763162635627
}
