{
	"pitch" : 1.4752766359403915,
	"roll" : -1.5044751564152123,
	"x" : 0.062084111192593973,
	"y" : -0.058799619544670764,
	"yaw" : 1.3105975250578541,
	"z" : -0.15219052821220588
}
