{
	"pitch" : 1.4877497315033217,
	"roll" : -1.438774555189519,
	"x" : 0.040528719981609729,
	"y" : -0.12275123253394145,
	"yaw" : 1.3706082121143939,
	"z" : -0.22539819227971505
}
