{
	"pitch" : 1.4836832433596199,
	"roll" : -1.3602316165143817,
	"x" : 0.11295389140593198,
	"y" : -0.047449747987929211,
	"yaw" : 1.4638992528441839,
	"z" : -0.16849666512784897
}
