{
	"pitch" : 1.4894730688228575,
	"roll" : -1.3728978346301126,
	"x" : 0.014126624821038131,
	"y" : -0.079505612018589189,
	"yaw" : 1.4543408991945006,
	"z" : -0.16779923002138886
}
