{
	"pitch" : 1.4809683504744262,
	"roll" : -1.5948894558443751,
	"x" : 0.034947556245199032,
	"y" : -0.034719797078409331,
	"yaw" : 1.2261257526782583,
	"z" : -0.17018092134190549
}
