{
	"pitch" : 1.4798858585774313,
	"roll" : -1.5321910529331833,
	"x" : 0.074371259921801519,
	"y" : -0.019021568774832437,
	"yaw" : 1.2755302763046867,
	"z" : -0.2199935380175829
}
