{
	"pitch" : 1.4637732985358916,
	"roll" : -1.3342232970392203,
	"x" : 0.015553072035198366,
	"y" : -0.29236090845028972,
	"yaw" : 1.4781615317381898,
	"z" : -0.17128564454002043
}
