{
	"pitch" : 1.4677215832397854,
	"roll" : -1.5153982209178471,
	"x" : 0.063162739649819125,
	"y" : -0.059271498121125935,
	"yaw" : 1.2983176722143843,
	"z" : -0.17852221759692607
}
