{
	"pitch" : 1.4542548980691405,
	"roll" : -1.4311721673188087,
	"x" : 0.014420233016221834,
	"y" : -0.20599510464977444,
	"yaw" : 1.3699341604160997,
	"z" : -0.17048516508989209
}
