{
	"pitch" : 1.4803553719367861,
	"roll" : -1.5307102631066754,
	"x" : 0.068367960537956449,
	"y" : -0.036982002885609724,
	"yaw" : 1.2803577690403678,
	"z" : -0.12566218495922477
}
