{
	"pitch" : 1.456108521362047,
	"roll" : -1.4377826304272869,
	"x" : 0.013530757421407795,
	"y" : -0.20853455097239951,
	"yaw" : 1.3618248385473946,
	"z" : -0.17055956579806397
}
