{
	"pitch" : 1.4984401708634465,
	"roll" : -1.3728944899449409,
	"x" : 0.1100335289022516,
	"y" : 0.026172201212604093,
	"yaw" : 1.4547585388637945,
	"z" : -0.1694239123718391
}
