{
	"pitch" : 1.4422702018338072,
	"roll" : -1.3557809049547778,
	"x" : -0.014300166206068055,
	"y" : -0.29790958718251248,
	"yaw" : 1.4478649081706296,
	"z" : -0.17320748573110664
}
