{
	"pitch" : 1.4847057052073855,
	"roll" : -1.6558154894816028,
	"x" : 0.042460648032569916,
	"y" : 0.025512155011620602,
	"yaw" : 1.1663238267878595,
	"z" : -0.17128507055576028
}
