{
	"pitch" : 1.489847664914548,
	"roll" : -1.5756531281518389,
	"x" : 0.076552098137008764,
	"y" : -0.013100561862507748,
	"yaw" : 1.2414079760483767,
	"z" : -0.1700455347467825
}
