{
	"pitch" : 1.4802693141041738,
	"roll" : -1.5507178851323182,
	"x" : 0.075399858646262335,
	"y" : -0.016858331709467322,
	"yaw" : 1.2607041248438062,
	"z" : -0.17036967177720422
}
