{
	"pitch" : 1.4650823890533493,
	"roll" : -1.4934250291731694,
	"x" : 0.045677628558931621,
	"y" : -0.1128909787045911,
	"yaw" : 1.3082907806232242,
	"z" : -0.169472354340754
}
