{
	"pitch" : 1.4546717284637594,
	"roll" : -1.4415507868571211,
	"x" : 0.013038864702138053,
	"y" : -0.2120180410615646,
	"yaw" : 1.3569004494437564,
	"z" : -0.17023826573960638
}
