{
	"pitch" : 1.4731218292935593,
	"roll" : -1.5331030751538475,
	"x" : 0.074994678882887633,
	"y" : -0.018534819220760033,
	"yaw" : 1.2673397210982771,
	"z" : -0.16976168964197025
}
