{
	"pitch" : 1.4948405579094353,
	"roll" : -1.5681961056507183,
	"x" : 0.092537129403271634,
	"y" : 0.035644516214619754,
	"yaw" : 1.2523137582498729,
	"z" : -0.16211283482552535
}
