{
	"pitch" : 1.4718665427492374,
	"roll" : -1.5203513309431049,
	"x" : 0.037723936218760544,
	"y" : -0.043854569091373877,
	"yaw" : 1.2983411271341527,
	"z" : -0.16985847416734834
}
