{
	"pitch" : 1.4579312566790243,
	"roll" : -1.4536253600797215,
	"x" : -0.015739797394155416,
	"y" : -0.30053944710896197,
	"yaw" : 1.3533153416642101,
	"z" : -0.16387578358520877
}
