{
	"pitch" : 1.4697899589888959,
	"roll" : -1.6085684355667069,
	"x" : -0.031762634187624983,
	"y" : -0.11922893469251185,
	"yaw" : 1.2024459849504299,
	"z" : -0.1715861242867506
}
