{
	"pitch" : 1.4962472581331656,
	"roll" : -1.451985960394516,
	"x" : 0.079366392905462546,
	"y" : 0.040005620847541279,
	"yaw" : 1.3848272338523679,
	"z" : -0.17107015427552083
}
