{
	"pitch" : 1.4823240924343297,
	"roll" : -1.4950006099776014,
	"x" : 0.074968503769183722,
	"y" : -0.013932967391988401,
	"yaw" : 1.3206398807491893,
	"z" : -0.16927048117841884
}
