{
	"pitch" : 1.4937429052142552,
	"roll" : -1.4033435669763696,
	"x" : 0.12813539584644038,
	"y" : -0.0032325887802090725,
	"yaw" : 1.4219870568592101,
	"z" : -0.16934743783665956
}
