{
	"pitch" : 1.4703926331521142,
	"roll" : -1.4875965791125585,
	"x" : 0.05324849250911378,
	"y" : -0.056144910975461565,
	"yaw" : 1.3290167897635072,
	"z" : -0.16893540689495448
}
