{
	"pitch" : 1.4800114201714039,
	"roll" : -1.5238591536036605,
	"x" : 0.044251325124310542,
	"y" : -0.11489077592330234,
	"yaw" : 1.2969462545855399,
	"z" : -0.16685874326359959
}
