{
	"pitch" : 1.4766295251287309,
	"roll" : -1.5327626435484525,
	"x" : 0.069218340374098297,
	"y" : -0.034564914246602949,
	"yaw" : 1.2775312290905465,
	"z" : -0.17003436117068355
}
