{
	"pitch" : 1.4846078158311691,
	"roll" : -1.5763783174309454,
	"x" : 0.041413194890043817,
	"y" : -0.030941551346903504,
	"yaw" : 1.2472202898687721,
	"z" : -0.16934417427871282
}
