{
	"pitch" : 1.4937743473813869,
	"roll" : -1.4033614068395737,
	"x" : 0.12614823483955934,
	"y" : 0.00016711147852354648,
	"yaw" : 1.4219363944211143,
	"z" : -0.16925178488396422
}
