{
	"pitch" : 1.4713609815719215,
	"roll" : -1.5200879402357093,
	"x" : -0.060365892322833625,
	"y" : -0.15534044321584062,
	"yaw" : 1.3016752864906416,
	"z" : -0.17319977466769132
}
