{
	"pitch" : 1.474837651897053,
	"roll" : -1.5567014030053004,
	"x" : 0.064954381832288285,
	"y" : -0.049974662287685073,
	"yaw" : 1.255544294165194,
	"z" : -0.13707385899088756
}
