{
	"pitch" : 1.4615267711905739,
	"roll" : -1.3105245243732599,
	"x" : 0.083385415919796521,
	"y" : -0.25725264173747825,
	"yaw" : 1.4992163353925441,
	"z" : -0.16881741206203479
}
