{
	"pitch" : 1.4684126942315079,
	"roll" : -1.508931905367237,
	"x" : 0.04259303177437769,
	"y" : -0.050253553127756853,
	"yaw" : 1.3013964418036601,
	"z" : -0.1698858409287089
}
