{
	"pitch" : 1.4788134781033664,
	"roll" : -1.4396877741444092,
	"x" : 0.091169729001635696,
	"y" : -0.061076384097746704,
	"yaw" : 1.3775039722955724,
	"z" : -0.16876002055352482
}
