{
	"pitch" : 1.4888751931620976,
	"roll" : -1.4299489989019667,
	"x" : 0.070945800014833985,
	"y" : -0.014845907340446565,
	"yaw" : 1.3877307151543115,
	"z" : -0.16885668300117398
}
