{
	"pitch" : 1.4935638523906369,
	"roll" : -1.5719531428277786,
	"x" : 0.070909370674291733,
	"y" : 0.039455659005341488,
	"yaw" : 1.2563593906118289,
	"z" : -0.17096212388384144
}
