{
	"pitch" : 1.4751922960728205,
	"roll" : -1.5647286053909149,
	"x" : 0.028512204719958925,
	"y" : -0.026911374860867809,
	"yaw" : 1.2549114609354888,
	"z" : -0.1702677411757503
}
