{
	"pitch" : 1.4668794023365646,
	"roll" : -1.5917375328923613,
	"x" : -0.032827727352182479,
	"y" : -0.11887963806273134,
	"yaw" : 1.2182422268253126,
	"z" : -0.17118887698776974
}
