{
	"pitch" : 1.467672192057627,
	"roll" : -1.4766705412499146,
	"x" : 0.049080417686894723,
	"y" : -0.055631365998394591,
	"yaw" : 1.3344987210651702,
	"z" : -0.16916700945728697
}
