{
	"pitch" : 1.4634389596663506,
	"roll" : -1.5444364788352438,
	"x" : 0.068629479875031291,
	"y" : -0.037775057448419747,
	"yaw" : 1.2609638024254568,
	"z" : -0.17077826572186861
}
