{
	"pitch" : 1.4773663052080184,
	"roll" : -1.5862443731603155,
	"x" : 0.037433063519827531,
	"y" : -0.13616227988888102,
	"yaw" : 1.2291174402969893,
	"z" : -0.14525291534644652
}
