{
	"pitch" : 1.4879038993624805,
	"roll" : -1.5773591720256412,
	"x" : 0.088724152252305177,
	"y" : 0.021050838359335432,
	"yaw" : 1.2394807801487153,
	"z" : -0.2068115362623692
}
