{
	"pitch" : 1.4743903209745162,
	"roll" : -1.5592094683301581,
	"x" : 0.029232512937106041,
	"y" : -0.031279257113609939,
	"yaw" : 1.2562652961858312,
	"z" : -0.16928750242157037
}
