{
	"pitch" : 1.469834412058145,
	"roll" : -1.4456524896069172,
	"x" : 0.081189312989348117,
	"y" : -0.15440207342411233,
	"yaw" : 1.3556596725249044,
	"z" : -0.16875732190578055
}
