{
	"pitch" : 1.4953218062398743,
	"roll" : -1.4369374408618669,
	"x" : 0.068330621597855398,
	"y" : -0.038162858426408174,
	"yaw" : 1.3797237392360566,
	"z" : -0.18174321486968248
}
