{
	"pitch" : 1.4711571706625557,
	"roll" : -1.597370351620041,
	"x" : 0.034297641297111936,
	"y" : -0.039213982821323587,
	"yaw" : 1.2205243105833754,
	"z" : -0.16937236006316894
}
