{
	"pitch" : 1.4902565727505885,
	"roll" : -1.5448051806613039,
	"x" : 0.076983806320287951,
	"y" : -0.012700186548947936,
	"yaw" : 1.2684336336905111,
	"z" : -0.17009850917138331
}
