{
	"pitch" : 1.4846999066245745,
	"roll" : -1.5801328739071512,
	"x" : 0.073277016534124689,
	"y" : -0.022916924085910697,
	"yaw" : 1.2332783444465272,
	"z" : -0.12084325189152428
}
