{
	"pitch" : 1.456176927805086,
	"roll" : -1.5987488511314492,
	"x" : -0.061975388269372003,
	"y" : -0.16889045440511474,
	"yaw" : 1.2083637081684651,
	"z" : -0.17345163959222687
}
