{
	"pitch" : 1.46904347940478,
	"roll" : -1.5052522520646034,
	"x" : 0.062173833626643769,
	"y" : -0.059919019905716013,
	"yaw" : 1.3063673597825418,
	"z" : -0.17530907267492302
}
