{
	"pitch" : 1.4694657600779568,
	"roll" : -1.5789494866532172,
	"x" : 0.031269791724458249,
	"y" : -0.035787177916084358,
	"yaw" : 1.2289240675266606,
	"z" : -0.1700949266598803
}
