{
	"pitch" : 1.4852529058052728,
	"roll" : -1.3672247241796165,
	"x" : 0.11614990651800877,
	"y" : -0.044128564280258978,
	"yaw" : 1.4511902710434939,
	"z" : -0.16866792254163665
}
