{
	"pitch" : 1.479556873773533,
	"roll" : -1.6202095169437254,
	"x" : 0.052685037090737394,
	"y" : -0.12633835125683446,
	"yaw" : 1.1866678746245931,
	"z" : -0.17008676751884966
}
