{
	"pitch" : 1.4555312899961352,
	"roll" : -1.3544022913929077,
	"x" : 0.017422144241998463,
	"y" : -0.20315321852310739,
	"yaw" : 1.4578020060244696,
	"z" : -0.26517938708167932
}
