{
	"pitch" : 1.4778558333050527,
	"roll" : -1.5292411989758821,
	"x" : 0.074223880949012278,
	"y" : -0.018599412073728727,
	"yaw" : 1.2846342484500548,
	"z" : -0.16966053145119878
}
