{
	"pitch" : 1.454308185869728,
	"roll" : -1.4171176471038429,
	"x" : 0.016430723423849963,
	"y" : -0.20126880621106458,
	"yaw" : 1.3829101671872139,
	"z" : -0.17038528726715993
}
