{
	"pitch" : 1.4858468910732736,
	"roll" : -1.5622738570300212,
	"x" : 0.073795252622408658,
	"y" : -0.021892810335564214,
	"yaw" : 1.250747380706384,
	"z" : -0.12036535899530168
}
