{
	"pitch" : 1.491397747112873,
	"roll" : -1.5191207752649898,
	"x" : 0.09231291788569318,
	"y" : 0.034113953212616073,
	"yaw" : 1.3017811941776192,
	"z" : -0.18611665724017215
}
