{
	"pitch" : 1.4735390157292183,
	"roll" : -1.5007115526179333,
	"x" : 0.071609540319231363,
	"y" : -0.027773081084393424,
	"yaw" : 1.3015875588707861,
	"z" : -0.16981460585589558
}
