{
	"pitch" : 1.4766916930794414,
	"roll" : -1.5152049292542995,
	"x" : 0.072539235349571574,
	"y" : -0.029164624044426785,
	"yaw" : 1.2916538993879432,
	"z" : -0.21701761937223632
}
