{
	"pitch" : 1.4694460927912172,
	"roll" : -1.552896873911092,
	"x" : 0.067787220766686918,
	"y" : -0.044922137887414615,
	"yaw" : 1.2539326465892668,
	"z" : -0.20744964691700318
}
