{
	"pitch" : 1.4840237060014205,
	"roll" : -1.5568792488508758,
	"x" : 0.07713532038708884,
	"y" : -0.012261963760317058,
	"yaw" : 1.261351765419048,
	"z" : -0.16962168990110135
}
