{
	"pitch" : 1.4604650777305661,
	"roll" : -1.325212752442263,
	"x" : 0.061664078104870956,
	"y" : -0.2669607211539004,
	"yaw" : 1.4841878310982066,
	"z" : -0.16996788640150223
}
