{
	"pitch" : 1.4959991532441976,
	"roll" : -1.4847770908819922,
	"x" : 0.094075382043829148,
	"y" : 0.036518568555894096,
	"yaw" : 1.3463754035006503,
	"z" : -0.17094110257467052
}
