{
	"pitch" : 1.4963359888913657,
	"roll" : -1.3810014375476827,
	"x" : 0.1223378049361348,
	"y" : 0.011680534661029538,
	"yaw" : 1.4436990948107282,
	"z" : -0.16950593823809074
}
