{
	"pitch" : 1.4541803562085631,
	"roll" : -1.5159467250434069,
	"x" : -0.033907299395408846,
	"y" : -0.23485596343016385,
	"yaw" : 1.2855968559199222,
	"z" : -0.17281970148915335
}
