{
	"pitch" : 1.4791936972643038,
	"roll" : -1.5231728104147357,
	"x" : 0.066662167150651402,
	"y" : -0.042400456806709584,
	"yaw" : 1.2892921718106654,
	"z" : -0.12951148289054992
}
