{
	"pitch" : 1.47150938136029,
	"roll" : -1.53415035724857,
	"x" : 0.030146127768290815,
	"y" : -0.036370100865670142,
	"yaw" : 1.2733018190806777,
	"z" : -0.16994908742789303
}
