{
	"pitch" : 1.4774647663064744,
	"roll" : -1.5258871397563607,
	"x" : 0.066441227253845297,
	"y" : -0.043823088047408684,
	"yaw" : 1.2865805500255194,
	"z" : -0.13098178648541187
}
