{
	"pitch" : 1.472215329179984,
	"roll" : -1.4688168202055545,
	"x" : 0.099045267344621421,
	"y" : -0.18108581084410708,
	"yaw" : 1.3437521865835222,
	"z" : -0.16853628292508419
}
