{
	"pitch" : 1.4563887381070229,
	"roll" : -1.4067505534032108,
	"x" : 0.0082969477822419507,
	"y" : -0.22826693029157044,
	"yaw" : 1.392479090532319,
	"z" : -0.17052112285756876
}
