{
	"pitch" : 1.4839513967091482,
	"roll" : -1.6568755885224475,
	"x" : 0.039985924403861284,
	"y" : 0.022666723651118534,
	"yaw" : 1.1679221797643753,
	"z" : -0.17145650458022454
}
