{
	"pitch" : 1.4718538919865647,
	"roll" : -1.519613220202275,
	"x" : 0.06842898763239387,
	"y" : -0.037030833245048619,
	"yaw" : 1.2799271969587027,
	"z" : -0.17033429352372312
}
