{
	"pitch" : 1.4933276943844094,
	"roll" : -1.5632590818039946,
	"x" : 0.070548442034322936,
	"y" : 0.039289864884428025,
	"yaw" : 1.2645529089084058,
	"z" : -0.17106483429784872
}
