{
	"pitch" : 1.4702492073235343,
	"roll" : -1.6265148962270022,
	"x" : 0.029599239661313753,
	"y" : -0.025356731436578493,
	"yaw" : 1.188615317146186,
	"z" : -0.17009423549646446
}
