{
	"pitch" : 1.4680047787939166,
	"roll" : -1.5235739457497117,
	"x" : 0.064707456469733221,
	"y" : -0.054131973925672247,
	"yaw" : 1.2829444934645462,
	"z" : -0.19475668694515993
}
