{
	"pitch" : 1.4727872581173274,
	"roll" : -1.551112166791464,
	"x" : 0.036582334550574878,
	"y" : -0.042500080912192956,
	"yaw" : 1.2661302283160862,
	"z" : -0.16964253358977255
}
