{
	"pitch" : 1.4881226979003563,
	"roll" : -1.5890569059117032,
	"x" : 0.08136342215093878,
	"y" : -6.4755906046595063e-05,
	"yaw" : 1.2249455026109262,
	"z" : -0.12075206536743462
}
