{
	"pitch" : 1.4488241072640051,
	"roll" : -1.4596701780521046,
	"x" : -0.07873306561545404,
	"y" : -0.25805975390264463,
	"yaw" : 1.3433822464854999,
	"z" : -0.17437576492691775
}
