{
	"pitch" : 1.4683605320047568,
	"roll" : -1.5216206916647477,
	"x" : -0.06617741393857611,
	"y" : -0.16281643558227787,
	"yaw" : 1.2883779959020012,
	"z" : -0.17256554937101592
}
