{
	"pitch" : 1.473471302683339,
	"roll" : -1.5545693464712544,
	"x" : 0.071172184816109513,
	"y" : -0.036555720027158574,
	"yaw" : 1.2546173215926115,
	"z" : -0.21434390179517748
}
