{
	"pitch" : 1.4800683022045462,
	"roll" : -1.5040582025275269,
	"x" : 0.068280922169167632,
	"y" : -0.03817278440038515,
	"yaw" : 1.3074482421566263,
	"z" : -0.126289742132596
}
