{
	"pitch" : 1.4714087740027013,
	"roll" : -1.5044806348990001,
	"x" : 0.0626942038396128,
	"y" : -0.060247940692129381,
	"yaw" : 1.3133843871511552,
	"z" : -0.170437190445655
}
