{
	"pitch" : 1.4648143705631564,
	"roll" : -1.5965000199529138,
	"x" : -0.082139064907228193,
	"y" : -0.1770261925113093,
	"yaw" : 1.2111846714050327,
	"z" : -0.17251537726824631
}
