{
	"pitch" : 1.4752292149386312,
	"roll" : -1.3830186758214,
	"x" : 0.023636998163497659,
	"y" : -0.18223731465015064,
	"yaw" : 1.428618487474753,
	"z" : -0.2565249784892768
}
