{
	"pitch" : 1.4950576441758725,
	"roll" : -1.5542561728994055,
	"x" : 0.070521800395906123,
	"y" : 0.0391054013294245,
	"yaw" : 1.2807074798216758,
	"z" : -0.17162794217084185
}
