{
	"pitch" : 1.4539376647106652,
	"roll" : -1.399783173240678,
	"x" : 0.019052616631968493,
	"y" : -0.19094210587848737,
	"yaw" : 1.4048635093497877,
	"z" : -0.1699937556746072
}
