{
	"pitch" : 1.4692469084561479,
	"roll" : -1.4993308067533875,
	"x" : 0.04343067602223135,
	"y" : -0.11924425462775667,
	"yaw" : 1.312397679530755,
	"z" : -0.17761525080994822
}
