{
	"pitch" : 1.4983959512061908,
	"roll" : -1.5076348659095911,
	"x" : 0.091755426510135574,
	"y" : 0.03691555312374295,
	"yaw" : 1.319009445116639,
	"z" : -0.17042627137893013
}
