{
	"pitch" : 1.4513702548827492,
	"roll" : -1.4092169481701773,
	"x" : 0.0057047832656305641,
	"y" : -0.23490936616905692,
	"yaw" : 1.3904485637654314,
	"z" : -0.17057588752609709
}
