{
	"pitch" : 1.4532587107861601,
	"roll" : -1.4132994631508466,
	"x" : 0.014720881308865244,
	"y" : -0.20608421129518353,
	"yaw" : 1.3877485694798961,
	"z" : -0.17059740642876597
}
