{
	"pitch" : 1.4894358442365006,
	"roll" : -1.5807535497088931,
	"x" : 0.076858293376939835,
	"y" : -0.012560479322606056,
	"yaw" : 1.2335656447613703,
	"z" : -0.16990244452047379
}
