{
	"pitch" : 1.4698253682638338,
	"roll" : -1.5920619818041679,
	"x" : 0.035155688304594063,
	"y" : -0.037877737993075825,
	"yaw" : 1.2240684704606177,
	"z" : -0.17026660463689677
}
