{
	"pitch" : 1.4837537404858152,
	"roll" : -1.3868557141144644,
	"x" : 0.11003701907207825,
	"y" : -0.050603110044874944,
	"yaw" : 1.4316196242391603,
	"z" : -0.16819640291537216
}
