{
	"pitch" : 1.467204246932603,
	"roll" : -1.5054705219770497,
	"x" : 0.039191790746301629,
	"y" : -0.046862662671493374,
	"yaw" : 1.3027600054134285,
	"z" : -0.17017510036432482
}
