{
	"pitch" : 1.4925945272166488,
	"roll" : -1.3863751583329729,
	"x" : 0.12751662558253915,
	"y" : -0.013729780070564935,
	"yaw" : 1.4387431981099745,
	"z" : -0.16888094561387509
}
