{
	"pitch" : 1.4717269865755223,
	"roll" : -1.5972684993017272,
	"x" : 0.034194164358829396,
	"y" : -0.039194584730160319,
	"yaw" : 1.2205559879339387,
	"z" : -0.16934293292356023
}
