{
	"pitch" : 1.4802090679541731,
	"roll" : -1.4293046781297611,
	"x" : 0.095730058777416194,
	"y" : -0.059552780185026515,
	"yaw" : 1.3879039572883405,
	"z" : -0.16856847520165685
}
