{
	"pitch" : 1.4613495868172883,
	"roll" : -1.577639595373783,
	"x" : -0.011986630166944512,
	"y" : -0.14075181535343967,
	"yaw" : 1.2314756372178277,
	"z" : -0.17268343975626868
}
