{
	"pitch" : 1.4804657099323082,
	"roll" : -1.3621812115359346,
	"x" : 0.081826245236218648,
	"y" : -0.062982369868738591,
	"yaw" : 1.4657375444015932,
	"z" : -0.1687723264300065
}
