{
	"pitch" : 1.4845914343454674,
	"roll" : -1.5873375782525425,
	"x" : 0.090812250464167021,
	"y" : 0.026295345759160135,
	"yaw" : 1.2304396007470961,
	"z" : -0.20092854101898833
}
