{
	"pitch" : 1.4665614280373072,
	"roll" : -1.5159678522119084,
	"x" : 0.018285453286203388,
	"y" : -0.19328725307286226,
	"yaw" : 1.2911419707933576,
	"z" : -0.089604883773799951
}
