{
	"pitch" : 1.4826701821947108,
	"roll" : -1.5689520813307456,
	"x" : 0.071416978349040566,
	"y" : -0.030687987562535705,
	"yaw" : 1.2433172532673111,
	"z" : -0.12356023092649485
}
