{
	"pitch" : 1.4723031112175644,
	"roll" : -1.5204587338705386,
	"x" : 0.03806938324907088,
	"y" : -0.044405390494074576,
	"yaw" : 1.2986442559857212,
	"z" : -0.16987883324823569
}
