{
	"pitch" : 1.4687162653700707,
	"roll" : -1.5458099051394931,
	"x" : 0.0430138044954817,
	"y" : -0.050400718296141615,
	"yaw" : 1.2650144494232407,
	"z" : -0.16975870859697287
}
