{
	"pitch" : 1.4693702081521895,
	"roll" : -1.3734946595474009,
	"x" : 0.016978826664980733,
	"y" : -0.20235073557649402,
	"yaw" : 1.4382719761557428,
	"z" : -0.26695383192284305
}
