{
	"pitch" : 1.4679002783304296,
	"roll" : -1.5761720259905343,
	"x" : -0.04376663343610511,
	"y" : -0.13816529388622723,
	"yaw" : 1.2472909628494544,
	"z" : -0.17259147691413382
}
