{
	"pitch" : 1.4907079181427207,
	"roll" : -1.4644482863272092,
	"x" : 0.076024713859659143,
	"y" : -0.012389507751144113,
	"yaw" : 1.354677152166756,
	"z" : -0.1693609296003491
}
