{
	"pitch" : 1.4898898687036384,
	"roll" : -1.5247894198779388,
	"x" : 0.078539842429193957,
	"y" : -0.0039558076645049255,
	"yaw" : 1.2884476096562778,
	"z" : -0.11883991042467772
}
