{
	"pitch" : 1.4671825194269965,
	"roll" : -1.362981341251442,
	"x" : 0.029126088207176444,
	"y" : -0.15788364420969717,
	"yaw" : 1.4533318531078252,
	"z" : -0.21696758732513391
}
