{
	"pitch" : 1.4847105068550543,
	"roll" : -1.3167996421262238,
	"x" : 0.1167202972799592,
	"y" : -0.041175461913902492,
	"yaw" : 1.5046554037155819,
	"z" : -0.1679669273008681
}
