{
	"pitch" : 1.4697367456638026,
	"roll" : -1.5309965235584433,
	"x" : 0.036580760745966598,
	"y" : -0.043881047045462848,
	"yaw" : 1.2768360876450631,
	"z" : -0.17040301944349201
}
