{
	"pitch" : 1.4533749202910378,
	"roll" : -1.430621359100684,
	"x" : 0.028358034258698782,
	"y" : -0.16004580465881152,
	"yaw" : 1.3714587432793113,
	"z" : -0.1690696569818565
}
