{
	"pitch" : 1.4518092035511581,
	"roll" : -1.4056809245483513,
	"x" : 0.0070110450064613528,
	"y" : -0.23074708360590379,
	"yaw" : 1.3939236618415207,
	"z" : -0.17046492792161805
}
