{
	"pitch" : 1.4827946379067711,
	"roll" : -1.5656945296936347,
	"x" : 0.071261196984214487,
	"y" : -0.030823329282036994,
	"yaw" : 1.2464027863568763,
	"z" : -0.12352008870983654
}
