{
	"pitch" : 1.4799446698075525,
	"roll" : -1.6143796800336911,
	"x" : 0.027127993170054876,
	"y" : -0.0037069301945752524,
	"yaw" : 1.2067251559847294,
	"z" : -0.17079171868786638
}
