{
	"pitch" : 1.4812876863134288,
	"roll" : -1.5978637626203367,
	"x" : 0.026762420148428737,
	"y" : -8.7526656052189233e-05,
	"yaw" : 1.2218265017626255,
	"z" : -0.17061773979967859
}
