{
	"pitch" : 1.4783111131689468,
	"roll" : -1.6596361886880131,
	"x" : 0.027265235416560021,
	"y" : -0.0022099256684998906,
	"yaw" : 1.1602013535809248,
	"z" : -0.17070138689922987
}
