{
	"pitch" : 1.4991433431868668,
	"roll" : -1.4453521916672374,
	"x" : 0.056658121116781882,
	"y" : -0.069693055903156803,
	"yaw" : 1.3634381453216253,
	"z" : -0.19834113996852643
}
