{
	"pitch" : 1.4912248825286896,
	"roll" : -1.6022604003587886,
	"x" : 0.084768255520867586,
	"y" : 0.012113773228391307,
	"yaw" : 1.2135915347019721,
	"z" : -0.12661472401281032
}
