{
	"pitch" : 1.4827181706861485,
	"roll" : -1.3517369072413403,
	"x" : 0.113892712984532,
	"y" : -0.046885037127891709,
	"yaw" : 1.4720335546382173,
	"z" : -0.16839884658806248
}
