{
	"pitch" : 1.4532234158378672,
	"roll" : -1.6241313636640089,
	"x" : -0.074993862069627215,
	"y" : -0.17537069373229569,
	"yaw" : 1.1902740389219439,
	"z" : -0.17383313134681941
}
