{
	"pitch" : 1.4867529454228596,
	"roll" : -1.5012401358089642,
	"x" : 0.075949111901392682,
	"y" : -0.012695542583215071,
	"yaw" : 1.3136822211796,
	"z" : -0.1187594962267666
}
