{
	"pitch" : 1.4558881412173532,
	"roll" : -1.3564124264766668,
	"x" : 0.017725146736111953,
	"y" : -0.20263265412843065,
	"yaw" : 1.4554917585876972,
	"z" : -0.26461131942734845
}
