{
	"pitch" : 1.4756777146464213,
	"roll" : -1.5441700847069417,
	"x" : 0.07496133596644855,
	"y" : -0.02357406797428923,
	"yaw" : 1.2617255832718597,
	"z" : -0.21946050743497769
}
