{
	"pitch" : 1.4765582727142541,
	"roll" : -1.5806727337868529,
	"x" : 0.026750071845633785,
	"y" : -0.018219835848080974,
	"yaw" : 1.2387910322301998,
	"z" : -0.17061625814460737
}
