{
	"pitch" : 1.4678283103036749,
	"roll" : -1.4754519492256832,
	"x" : 0.0049839094984646809,
	"y" : -0.23637459306518366,
	"yaw" : 1.3320807564149573,
	"z" : -0.096534389777255925
}
