{
	"pitch" : 1.4898279668796528,
	"roll" : -1.4417703503790025,
	"x" : 0.076939424026004427,
	"y" : -0.010826819907201255,
	"yaw" : 1.3740182985827123,
	"z" : -0.16874944154952018
}
