{
	"pitch" : 1.4937737450342705,
	"roll" : -1.6036461383641512,
	"x" : 0.08763383495873675,
	"y" : 0.019336330759872011,
	"yaw" : 1.2134573636616066,
	"z" : -0.13199660875566108
}
