{
	"pitch" : 1.4977270940922172,
	"roll" : -1.4631893663272535,
	"x" : 0.054590785525805069,
	"y" : -0.075689852461104185,
	"yaw" : 1.3465001114178199,
	"z" : -0.20061412321680938
}
