{
	"pitch" : 1.4811141288876359,
	"roll" : -1.4223897681096938,
	"x" : 0.10361404587120673,
	"y" : -0.055473003248249747,
	"yaw" : 1.3975542003301957,
	"z" : -0.16797124582260783
}
