{
	"pitch" : 1.4810269125461939,
	"roll" : -1.3692938543759696,
	"x" : 0.090496613021819147,
	"y" : -0.060674499009292407,
	"yaw" : 1.4555275720754506,
	"z" : -0.16814967367203895
}
