{
	"pitch" : 1.497035445957557,
	"roll" : -1.5257741948133277,
	"x" : 0.092195090983619138,
	"y" : 0.036335312170118192,
	"yaw" : 1.2956979942498315,
	"z" : -0.17007575062132899
}
