{
	"pitch" : 1.4477987103722936,
	"roll" : -1.4212248606421563,
	"x" : -0.015589008695760839,
	"y" : -0.30889934722562151,
	"yaw" : 1.3803395313347324,
	"z" : -0.17332658304832904
}
