{
	"pitch" : 1.4790377989436334,
	"roll" : -1.6402218543428371,
	"x" : 0.027703170053086479,
	"y" : -0.010009678357961259,
	"yaw" : 1.1802985400275279,
	"z" : -0.17110218452612636
}
