{
	"pitch" : 1.4914761443291413,
	"roll" : -1.4232156904843185,
	"x" : 0.076854173970582931,
	"y" : -0.010902711231960575,
	"yaw" : 1.3929245893930333,
	"z" : -0.16864964686881431
}
