{
	"pitch" : 1.4552192878705192,
	"roll" : -1.4536114393762576,
	"x" : 0.013744568980179644,
	"y" : -0.20867714394433062,
	"yaw" : 1.3482526904745431,
	"z" : -0.17043251252441211
}
