{
	"pitch" : 1.455908910599067,
	"roll" : -1.4244663435472906,
	"x" : 0.013225503878820245,
	"y" : -0.20840099542031892,
	"yaw" : 1.3751258481135467,
	"z" : -0.17027817735896186
}
