{
	"pitch" : 1.4760685358513284,
	"roll" : -1.5899010411876047,
	"x" : 0.031965816675794193,
	"y" : -0.035341121443207689,
	"yaw" : 1.2309681106993884,
	"z" : -0.17000514370339004
}
