{
	"pitch" : 1.4764504429371064,
	"roll" : -1.4585314282254711,
	"x" : 0.078917146914720404,
	"y" : -0.063021391814929467,
	"yaw" : 1.3552041385421449,
	"z" : -0.16861868370669666
}
