{
	"pitch" : 1.4532786447688839,
	"roll" : -1.432249586000562,
	"x" : 0.0095793954933070247,
	"y" : -0.22219830449833874,
	"yaw" : 1.3660616822631291,
	"z" : -0.17077828246246335
}
