{
	"pitch" : 1.4850405902146424,
	"roll" : -1.3859944268711064,
	"x" : 0.11739538097198292,
	"y" : -0.042066751174154295,
	"yaw" : 1.4313247917729264,
	"z" : -0.16840714208227506
}
