{
	"pitch" : 1.4658504870865261,
	"roll" : -1.4872607669477362,
	"x" : 0.062736064070611913,
	"y" : -0.056497725154062386,
	"yaw" : 1.3206202508244804,
	"z" : -0.16898926194688213
}
