{
	"pitch" : 1.4827397696572027,
	"roll" : -1.3873298471697781,
	"x" : 0.1089342467106717,
	"y" : -0.052000684931796284,
	"yaw" : 1.4312911594706861,
	"z" : -0.16821900525537395
}
