{
	"pitch" : 1.494193682300321,
	"roll" : -1.5882559881159997,
	"x" : 0.07561148785233214,
	"y" : 0.039486013402553484,
	"yaw" : 1.241709143682552,
	"z" : -0.17108281524937843
}
