{
	"pitch" : 1.4795759157445014,
	"roll" : -1.5011762670535813,
	"x" : 0.044680539329344196,
	"y" : -0.11202556184471933,
	"yaw" : 1.3160121614447546,
	"z" : -0.16921906276727919
}
