{
	"pitch" : 1.4840703814710468,
	"roll" : -1.5402508517268758,
	"x" : 0.07227574393668687,
	"y" : -0.025618354874666703,
	"yaw" : 1.272783534927417,
	"z" : -0.12114042011647981
}
