{
	"pitch" : 1.4873945999443574,
	"roll" : -1.35791442239187,
	"x" : 0.1039519612426784,
	"y" : -0.16290775573659849,
	"yaw" : 1.414592358113903,
	"z" : -0.16710008314133104
}
