{
	"pitch" : 1.4726630558312783,
	"roll" : -1.6350400814997319,
	"x" : 0.028173735194837672,
	"y" : -0.021895346008190496,
	"yaw" : 1.1784866765285336,
	"z" : -0.17043782690756046
}
