{
	"pitch" : 1.4937216158779318,
	"roll" : -1.5329677168399405,
	"x" : 0.080561871910632382,
	"y" : 0.0042113297630275246,
	"yaw" : 1.2808500262035778,
	"z" : -0.1218931435315769
}
