{
	"pitch" : 1.4594761870666468,
	"roll" : -1.5259358780634646,
	"x" : 0.012063316158395995,
	"y" : -0.2114308907423591,
	"yaw" : 1.2829115876392376,
	"z" : -0.070469542773722138
}
