{
	"pitch" : 1.4825825464671727,
	"roll" : -1.3461794729736782,
	"x" : 0.11425158864973345,
	"y" : -0.046776304956068118,
	"yaw" : 1.4772218966932023,
	"z" : -0.16837242012353382
}
