{
	"pitch" : 1.4660580088206023,
	"roll" : -1.4615150217318134,
	"x" : 0.061310496773389601,
	"y" : -0.058746003064203342,
	"yaw" : 1.3449420917982713,
	"z" : -0.16864991394177814
}
