{
	"pitch" : 1.4963130263496176,
	"roll" : -1.4870869254228418,
	"x" : 0.093955286145450637,
	"y" : 0.0365476406212209,
	"yaw" : 1.3439989540192006,
	"z" : -0.17090318567840324
}
