{
	"pitch" : 1.4798367878764811,
	"roll" : -1.5123806369240917,
	"x" : 0.044424223864914222,
	"y" : -0.11219140253614059,
	"yaw" : 1.3053569266146832,
	"z" : -0.16917963496422794
}
