{
	"pitch" : 1.4527392109542292,
	"roll" : -1.4272653971212121,
	"x" : 0.014274812425421328,
	"y" : -0.20816734997527686,
	"yaw" : 1.3740746262727663,
	"z" : -0.17082880113088339
}
