{
	"pitch" : 1.4532695049868449,
	"roll" : -1.4525766950103007,
	"x" : 0.027483202920156324,
	"y" : -0.1733698601881718,
	"yaw" : 1.3552496661963482,
	"z" : -0.17016499612617078
}
