{
	"pitch" : 1.4887507069687009,
	"roll" : -1.5595385537012967,
	"x" : 0.078452343424404491,
	"y" : -0.0063815931678399447,
	"yaw" : 1.2540609246863847,
	"z" : -0.1187884635808802
}
