{
	"pitch" : 1.4445573884041256,
	"roll" : -1.3693402267202299,
	"x" : -0.013709090659043341,
	"y" : -0.29435055818061123,
	"yaw" : 1.4336737999655749,
	"z" : -0.17293986793596464
}
