{
	"pitch" : 1.4725507804932956,
	"roll" : -1.6334376107427211,
	"x" : 0.027969562713874449,
	"y" : -0.021573160683906564,
	"yaw" : 1.1801708452283159,
	"z" : -0.17045664606150526
}
