{
	"pitch" : 1.4921448683147758,
	"roll" : -1.3779237283247243,
	"x" : 0.12699830444318816,
	"y" : -0.019040830447264533,
	"yaw" : 1.4430496118880238,
	"z" : -0.16861176359819297
}
