{
	"pitch" : 1.4941344668284608,
	"roll" : -1.3657456181225553,
	"x" : 0.12877438375472441,
	"y" : -0.0054051614302548096,
	"yaw" : 1.4575016898275688,
	"z" : -0.16868138295362126
}
