{
	"pitch" : 1.4736555210465445,
	"roll" : -1.5633607439651482,
	"x" : -0.036998388439045432,
	"y" : -0.13172524042325962,
	"yaw" : 1.2575339067207412,
	"z" : -0.17157401525363877
}
