{
	"pitch" : 1.4676591936670347,
	"roll" : -1.4982960581827336,
	"x" : -0.058662941847428735,
	"y" : -0.1523756516346953,
	"yaw" : 1.3256570735296527,
	"z" : -0.17302377819406983
}
