{
	"pitch" : 1.4903063703358443,
	"roll" : -1.4413771785698635,
	"x" : 0.077010633831456482,
	"y" : -0.010894223504403517,
	"yaw" : 1.3744989252228801,
	"z" : -0.16878674031017879
}
