{
	"pitch" : 1.4777457531420783,
	"roll" : -1.5301994459111745,
	"x" : 0.075412163633710227,
	"y" : -0.021236938971356718,
	"yaw" : 1.2754780058524953,
	"z" : -0.22061994648149008
}
