{
	"pitch" : 1.4705445319711696,
	"roll" : -1.5828099253769938,
	"x" : 0.033091127333539402,
	"y" : -0.035925165329877731,
	"yaw" : 1.2328465480963169,
	"z" : -0.17033187372706804
}
