{
	"pitch" : 1.4716166858116766,
	"roll" : -1.5476038871000168,
	"x" : 0.062206281525150578,
	"y" : -0.05976474767878498,
	"yaw" : 1.2649232976908669,
	"z" : -0.16945334635032439
}
