{
	"pitch" : 1.4556195222417398,
	"roll" : -1.3465630218083091,
	"x" : 0.030471663313963761,
	"y" : -0.29300576542692203,
	"yaw" : 1.4586293854042822,
	"z" : -0.17121937105635213
}
