{
	"pitch" : 1.488022876123605,
	"roll" : -1.6147727873566846,
	"x" : 0.05681116425727601,
	"y" : 0.035096223685219495,
	"yaw" : 1.2108634410597121,
	"z" : -0.17121632593704936
}
