{
	"pitch" : 1.4701278577012147,
	"roll" : -1.56659991371025,
	"x" : 0.031051380567123039,
	"y" : -0.035747229207955408,
	"yaw" : 1.2410015113867996,
	"z" : -0.16995524620924779
}
