{
	"pitch" : 1.4703426226243499,
	"roll" : -1.5220441315131636,
	"x" : 0.066401779759611812,
	"y" : -0.051075301680157933,
	"yaw" : 1.2842145053842267,
	"z" : -0.200796117708616
}
