{
	"pitch" : 1.4914539784980256,
	"roll" : -1.6116194776862216,
	"x" : 0.084578109137330298,
	"y" : 0.012001928480274333,
	"yaw" : 1.2042134560211308,
	"z" : -0.12647638364534267
}
