{
	"pitch" : 1.4884340564017779,
	"roll" : -1.6235941129342568,
	"x" : 0.057671939107741731,
	"y" : 0.03556389881233743,
	"yaw" : 1.2036118993060758,
	"z" : -0.17138643765066536
}
