{
	"pitch" : 1.4948716230353574,
	"roll" : -1.5266778783444614,
	"x" : 0.095789933656619738,
	"y" : 0.035953543873142271,
	"yaw" : 1.3041026279104828,
	"z" : -0.17079894684220409
}
