{
	"pitch" : 1.4865949113162915,
	"roll" : -1.5727585975261908,
	"x" : 0.058250831722890896,
	"y" : 0.036025755444091763,
	"yaw" : 1.2561688016437442,
	"z" : -0.17209652970002184
}
