{
	"pitch" : 1.4822308915473412,
	"roll" : -1.4509278866297592,
	"x" : 0.09888686245869148,
	"y" : -0.058199525956760735,
	"yaw" : 1.3654399509996864,
	"z" : -0.1688916762718238
}
