{
	"pitch" : 1.479126023804098,
	"roll" : -1.4286738377936279,
	"x" : 0.086818000889877525,
	"y" : -0.061947889493560289,
	"yaw" : 1.3889274476954498,
	"z" : -0.16854516265919733
}
