{
	"pitch" : 1.5018634887907081,
	"roll" : -1.456073381855725,
	"x" : 0.10534683016224117,
	"y" : 0.030676690575277644,
	"yaw" : 1.3730186286677306,
	"z" : -0.16999244653963513
}
