{
	"pitch" : 1.4649086387390549,
	"roll" : -1.5423952389695295,
	"x" : 0.074056058546690257,
	"y" : -0.022535851663095803,
	"yaw" : 1.2632764133396528,
	"z" : -0.17026933308438166
}
