{
	"pitch" : 1.4690020018492636,
	"roll" : -1.5747511076134413,
	"x" : -0.032822066889795179,
	"y" : -0.11891784507202113,
	"yaw" : 1.2364238783067201,
	"z" : -0.17145925326733943
}
