{
	"pitch" : 1.4771284854807252,
	"roll" : -1.4741219866820163,
	"x" : 0.013779806670735528,
	"y" : -0.072288841036872123,
	"yaw" : 1.3525765923383466,
	"z" : -0.17104935065845836
}
