{
	"pitch" : 1.4726304665875984,
	"roll" : -1.5185339661493071,
	"x" : 0.068830158447598488,
	"y" : -0.035606726253896076,
	"yaw" : 1.2804841535117575,
	"z" : -0.17034708031886653
}
