{
	"pitch" : 1.496532797330471,
	"roll" : -1.5273700513917756,
	"x" : 0.092045291889380682,
	"y" : 0.036442630646845928,
	"yaw" : 1.2945693273308785,
	"z" : -0.16997345944133985
}
