{
	"pitch" : 1.452727753484806,
	"roll" : -1.5295239544709727,
	"x" : -0.036848873606002364,
	"y" : -0.23753966287149456,
	"yaw" : 1.2705583798164772,
	"z" : -0.17351942297073006
}
