{
	"pitch" : 1.4529824596385519,
	"roll" : -1.4205069641919583,
	"x" : 0.024063343455251886,
	"y" : -0.18199081409978024,
	"yaw" : 1.3855570835746505,
	"z" : -0.17003053660382819
}
