{
	"pitch" : 1.4917289471631223,
	"roll" : -1.6169924512771425,
	"x" : 0.087805001170376762,
	"y" : 0.020304170502327017,
	"yaw" : 1.2003336272952951,
	"z" : -0.13313206800157493
}
