{
	"pitch" : 1.4746807215097097,
	"roll" : -1.5723297990933347,
	"x" : 0.070255407343652584,
	"y" : -0.038269321014162097,
	"yaw" : 1.2362066712142306,
	"z" : -0.21275260935724996
}
