{
	"pitch" : 1.4532577997811662,
	"roll" : -1.4591030296384819,
	"x" : 0.030083807364528113,
	"y" : -0.16481024949111434,
	"yaw" : 1.3452397269789687,
	"z" : -0.16989683754060192
}
