{
	"pitch" : 1.4769206482240884,
	"roll" : -1.4042443112266998,
	"x" : 0.076820511159824009,
	"y" : -0.063570408192499372,
	"yaw" : 1.4152641639361929,
	"z" : -0.16836597433248518
}
