{
	"pitch" : 1.494494420927023,
	"roll" : -1.599056619544408,
	"x" : 0.091787887572461757,
	"y" : 0.031449013856347199,
	"yaw" : 1.2213225051564205,
	"z" : -0.14918387242753048
}
