{
	"pitch" : 1.4713387927578165,
	"roll" : -1.4265522938600725,
	"x" : 0.06767466204751682,
	"y" : -0.062481052733066422,
	"yaw" : 1.3900403006580999,
	"z" : -0.16895452777916031
}
