{
	"pitch" : 1.4741602493383494,
	"roll" : -1.4056322813421371,
	"x" : 0.074413700998055249,
	"y" : -0.063367980766570089,
	"yaw" : 1.4141986045815489,
	"z" : -0.1687588456069011
}
