{
	"pitch" : 1.4922524158788866,
	"roll" : -1.4886348425216327,
	"x" : 0.047615275825224387,
	"y" : -0.044160917471069962,
	"yaw" : 1.330855077518645,
	"z" : -0.1694978241658297
}
