{
	"pitch" : 1.4561268389382773,
	"roll" : -1.4377844807763012,
	"x" : 0.013536806254650771,
	"y" : -0.20853208093000009,
	"yaw" : 1.3618018824782838,
	"z" : -0.1705410133367756
}
