{
	"pitch" : 1.472955403258045,
	"roll" : -1.4101352698251608,
	"x" : 0.10138108952871891,
	"y" : -0.16217103087881457,
	"yaw" : 1.3853961468981648,
	"z" : -0.16821995620287938
}
