{
	"pitch" : 1.4792472156535312,
	"roll" : -1.382820758738325,
	"x" : 0.088289102909370032,
	"y" : -0.061632886975386714,
	"yaw" : 1.4435563592397729,
	"z" : -0.16841646900898299
}
