{
	"pitch" : 1.484064312266667,
	"roll" : -1.4096899690100202,
	"x" : 0.11194537468388661,
	"y" : -0.04854154017146918,
	"yaw" : 1.4089901722792755,
	"z" : -0.16862469948573464
}
