{
	"pitch" : 1.4951434432289135,
	"roll" : -1.4141553742117181,
	"x" : 0.11923022425948011,
	"y" : 0.016939996648991807,
	"yaw" : 1.4128061027111849,
	"z" : -0.17016536612168154
}
