{
	"pitch" : 1.4699087209974377,
	"roll" : -1.4492063040658578,
	"x" : 0.065307022644624443,
	"y" : -0.062055898746586902,
	"yaw" : 1.3660212363506281,
	"z" : -0.1690669085711976
}
