{
	"pitch" : 1.4840767610837944,
	"roll" : -1.556870785641653,
	"x" : 0.077132292360151455,
	"y" : -0.012270671371384018,
	"yaw" : 1.2613573573923582,
	"z" : -0.16962340095734235
}
