{
	"pitch" : 1.4707193962928318,
	"roll" : -1.408804028717026,
	"x" : 0.091990233927119011,
	"y" : -0.20473022881830386,
	"yaw" : 1.4042371560602167,
	"z" : -0.16883400142992294
}
