{
	"pitch" : 1.4825503113176735,
	"roll" : -1.3555529785183529,
	"x" : 0.11435750844494205,
	"y" : -0.046761821064005955,
	"yaw" : 1.467725967981647,
	"z" : -0.16844881107954621
}
