{
	"pitch" : 1.4817125001037024,
	"roll" : -1.5370520031758639,
	"x" : 0.080055323387895533,
	"y" : -0.0081040769198817402,
	"yaw" : 1.2756111587266372,
	"z" : -0.22023472750356354
}
