{
	"pitch" : 1.4542841122283785,
	"roll" : -1.4705356352263603,
	"x" : 0.0054039354764925523,
	"y" : -0.21322439889168363,
	"yaw" : 1.3295595437531864,
	"z" : -0.17101683555845418
}
