{
	"pitch" : 1.470983018148708,
	"roll" : -1.5745683186559323,
	"x" : 0.033491310892049889,
	"y" : -0.036445742324287073,
	"yaw" : 1.2414143708084058,
	"z" : -0.17018718404697197
}
