{
	"pitch" : 1.4752855887838678,
	"roll" : -1.5564213933242881,
	"x" : 0.064672235623532096,
	"y" : -0.049462164274115476,
	"yaw" : 1.2556627863378256,
	"z" : -0.13637222626269543
}
