{
	"pitch" : 1.4592932869840152,
	"roll" : -1.5720415807129182,
	"x" : -0.028078267388799608,
	"y" : -0.14884450630493132,
	"yaw" : 1.2312014462909198,
	"z" : -0.17237861105277633
}
