{
	"pitch" : 1.4508673582986122,
	"roll" : -1.5240639361309056,
	"x" : -0.040195917892909078,
	"y" : -0.23927501501624718,
	"yaw" : 1.2739682200953266,
	"z" : -0.17326289547237991
}
