{
	"pitch" : 1.4674062444527607,
	"roll" : -1.4754479875571855,
	"x" : 0.0051108868392953921,
	"y" : -0.23610390751095439,
	"yaw" : 1.3319512277539751,
	"z" : -0.096350471236259394
}
