{
	"pitch" : 1.4939756871776584,
	"roll" : -1.5884269312319992,
	"x" : 0.09001312841577834,
	"y" : 0.026289989693095914,
	"yaw" : 1.2302549508584983,
	"z" : -0.14029909040260266
}
