{
	"pitch" : 1.4759922796561946,
	"roll" : -1.5497797895506655,
	"x" : 0.04507697125016747,
	"y" : -0.11033160445721603,
	"yaw" : 1.2676986270055015,
	"z" : -0.16945871750192495
}
