{
	"pitch" : 1.4629595566384708,
	"roll" : -1.4498605160601696,
	"x" : -0.0096327849438812563,
	"y" : -0.28288717842258004,
	"yaw" : 1.3680355750976558,
	"z" : -0.14598831240403515
}
