{
	"pitch" : 1.4600265732077342,
	"roll" : -1.3964609989168149,
	"x" : 0.023178076856986765,
	"y" : -0.18487516401135651,
	"yaw" : 1.425111604735487,
	"z" : -0.24647099452132687
}
