{
	"pitch" : 1.4792687950551129,
	"roll" : -1.4932002557087101,
	"x" : 0.044795551148666193,
	"y" : -0.11216473170597273,
	"yaw" : 1.3237963548693532,
	"z" : -0.1692503986410889
}
