{
	"pitch" : 1.4617690691389791,
	"roll" : -1.3576058266665225,
	"x" : 0.031933627844584846,
	"y" : -0.28288349724080963,
	"yaw" : 1.4477348800722172,
	"z" : -0.17143652729477293
}
