{
	"pitch" : 1.4541901866189633,
	"roll" : -1.4917828489591305,
	"x" : 0.012641249293429524,
	"y" : -0.20899380534999443,
	"yaw" : 1.3084520321000426,
	"z" : -0.17061900767000862
}
