{
	"pitch" : 1.4615989169151358,
	"roll" : -1.4374131150459002,
	"x" : 0.04076535625877812,
	"y" : -0.12735972563039777,
	"yaw" : 1.3651517170178105,
	"z" : -0.16865804699764753
}
