{
	"pitch" : 1.4719251209284046,
	"roll" : -1.5892665672232247,
	"x" : 0.034515533317242511,
	"y" : -0.039844332332520147,
	"yaw" : 1.2276901165875607,
	"z" : -0.16964843565858093
}
