{
	"pitch" : 1.4798028479743419,
	"roll" : -1.6022105464095535,
	"x" : 0.058918501762913286,
	"y" : -0.13780278197789417,
	"yaw" : 1.2045331722912982,
	"z" : -0.16987331213623005
}
