{
	"pitch" : 1.4922751994906729,
	"roll" : -1.3764053535112764,
	"x" : 0.12699582885840296,
	"y" : -0.01893905766841894,
	"yaw" : 1.4445780915081892,
	"z" : -0.16864369310733357
}
