{
	"pitch" : 1.4795595030777429,
	"roll" : -1.4162662629616334,
	"x" : 0.086646385729290482,
	"y" : -0.061821338065009744,
	"yaw" : 1.400731117385466,
	"z" : -0.16859392373917326
}
