{
	"pitch" : 1.4927263676077613,
	"roll" : -1.5404524735537868,
	"x" : 0.091294137629354816,
	"y" : 0.03237844556319712,
	"yaw" : 1.2771693122255789,
	"z" : -0.1890813317765406
}
