{
	"pitch" : 1.4687206999803351,
	"roll" : -1.5299486119418408,
	"x" : 0.043007993470146576,
	"y" : -0.050344724758615969,
	"yaw" : 1.2804808810302044,
	"z" : -0.16987556509546428
}
