{
	"pitch" : 1.4805659710689354,
	"roll" : -1.5017930298612348,
	"x" : 0.080558030917722886,
	"y" : -0.0041811942182210481,
	"yaw" : 1.3100415765212299,
	"z" : -0.21922267400017298
}
