{
	"pitch" : 1.4533612503350157,
	"roll" : -1.4232244316938536,
	"x" : 0.0022901381669571536,
	"y" : -0.29828372558574989,
	"yaw" : 1.384937050279639,
	"z" : -0.17299970260632455
}
