{
	"pitch" : 1.4667382816974761,
	"roll" : -1.4193165390171851,
	"x" : 0.095906001485726533,
	"y" : -0.20983997701328722,
	"yaw" : 1.3890961082998516,
	"z" : -0.1686565542505237
}
