{
	"pitch" : 1.4708295909923812,
	"roll" : -1.4983116925135884,
	"x" : 0.062206968138054007,
	"y" : -0.059759097681478072,
	"yaw" : 1.3145171265492903,
	"z" : -0.17311913470972107
}
