{
	"pitch" : 1.488244408548633,
	"roll" : -1.4988504035967101,
	"x" : 0.076776240138712593,
	"y" : -0.012969111544598308,
	"yaw" : 1.3186106148898793,
	"z" : -0.16990364711024461
}
