{
	"pitch" : 1.4604653268984364,
	"roll" : -1.3026957125736685,
	"x" : 0.11224957034757205,
	"y" : -0.24024195566384202,
	"yaw" : 1.5059815432686434,
	"z" : -0.168187904083339
}
