{
	"pitch" : 1.4787831777131386,
	"roll" : -1.5382882470034998,
	"x" : 0.078643998021659126,
	"y" : -0.013513030924391019,
	"yaw" : 1.2714534026209479,
	"z" : -0.22087571504973777
}
