{
	"pitch" : 1.4864916119646046,
	"roll" : -1.389513280472596,
	"x" : 0.11698477067561065,
	"y" : -0.042950110232022151,
	"yaw" : 1.4281329392894551,
	"z" : -0.16844246162999929
}
