{
	"pitch" : 1.4902459825886791,
	"roll" : -1.5613547495272666,
	"x" : 0.064732403852197987,
	"y" : 0.038396655008551953,
	"yaw" : 1.2760616907987052,
	"z" : -0.17177641125740406
}
