{
	"pitch" : 1.4944545895109478,
	"roll" : -1.5416354298856834,
	"x" : 0.093181331993006211,
	"y" : 0.03575767616260038,
	"yaw" : 1.2790255719647823,
	"z" : -0.17560195044549687
}
