{
	"pitch" : 1.4885918143944814,
	"roll" : -1.6203038533686152,
	"x" : 0.057455498139856197,
	"y" : 0.035508237361963485,
	"yaw" : 1.20647429677463,
	"z" : -0.17129974919804841
}
