{
	"pitch" : 1.4771597355016441,
	"roll" : -1.5145556306858166,
	"x" : 0.075024565106063562,
	"y" : -0.020855538870449657,
	"yaw" : 1.2913731115638385,
	"z" : -0.22041046914214008
}
