{
	"pitch" : 1.494950241139688,
	"roll" : -1.5482310816018836,
	"x" : 0.070495158863754737,
	"y" : 0.039136583236755944,
	"yaw" : 1.2869544433236348,
	"z" : -0.17166389811407679
}
