{
	"pitch" : 1.4586397442309558,
	"roll" : -1.2982721784770814,
	"x" : 0.053283003944592469,
	"y" : -0.27144975364502538,
	"yaw" : 1.5096879116090745,
	"z" : -0.16974256493151221
}
