{
	"pitch" : 1.482587736608874,
	"roll" : -1.3377766003671323,
	"x" : 0.10746107473932279,
	"y" : -0.052319601514310934,
	"yaw" : 1.4845408990673177,
	"z" : -0.16789102398805336
}
