{
	"pitch" : 1.4811854938992288,
	"roll" : -1.5356478753560019,
	"x" : 0.076287790504100561,
	"y" : -0.014827849546077021,
	"yaw" : 1.2814616880170806,
	"z" : -0.16988402891629281
}
