{
	"pitch" : 1.4774485624987697,
	"roll" : -1.4757059446709551,
	"x" : 0.013544660981854736,
	"y" : -0.07262385765968353,
	"yaw" : 1.3514421386720017,
	"z" : -0.17103088620989615
}
