{
	"pitch" : 1.492633433508751,
	"roll" : -1.6051435602956887,
	"x" : 0.088010057256696375,
	"y" : 0.021006301850536951,
	"yaw" : 1.2116778777134896,
	"z" : -0.13398227000721891
}
