{
	"pitch" : 1.4563110067527383,
	"roll" : -1.4369849749983798,
	"x" : 0.013485851066558252,
	"y" : -0.20860914891905213,
	"yaw" : 1.3625621134363952,
	"z" : -0.17048918319546455
}
