{
	"pitch" : 1.4897986954978995,
	"roll" : -1.5777627701694119,
	"x" : 0.053798204334568403,
	"y" : 0.033572229363121368,
	"yaw" : 1.2530780545422746,
	"z" : -0.17135135116403841
}
