{
	"pitch" : 1.4680123437886166,
	"roll" : -1.5220660938235844,
	"x" : 0.034669112584579012,
	"y" : -0.040876258810039298,
	"yaw" : 1.2858881366354438,
	"z" : -0.17098243124329821
}
