{
	"pitch" : 1.4709908831988689,
	"roll" : -1.5053114538694774,
	"x" : 0.065622301715267686,
	"y" : -0.049071031365747038,
	"yaw" : 1.2999327183371259,
	"z" : -0.16937293705718098
}
