{
	"pitch" : 1.4809057036347983,
	"roll" : -1.4058615505640639,
	"x" : 0.096914177149591579,
	"y" : -0.058837419869714455,
	"yaw" : 1.4157372873581282,
	"z" : -0.16856453584524375
}
