{
	"pitch" : 1.4897265055347684,
	"roll" : -1.4867001412449501,
	"x" : 0.076260356819798564,
	"y" : -0.012491070882815774,
	"yaw" : 1.3316668218996899,
	"z" : -0.16964899633304428
}
