{
	"pitch" : 1.4567897771711604,
	"roll" : -1.4648665882090577,
	"x" : -0.015725688497696302,
	"y" : -0.29867359438700192,
	"yaw" : 1.3402458313681713,
	"z" : -0.16230388363092915
}
