{
	"pitch" : 1.4907367769666091,
	"roll" : -1.6614581073880266,
	"x" : 0.093867250971096092,
	"y" : 0.034817091562811826,
	"yaw" : 1.1618596881180556,
	"z" : -0.16111103076032682
}
