{
	"pitch" : 1.4742118599940985,
	"roll" : -1.4687542125899531,
	"x" : 0.063167095757227038,
	"y" : -0.055029145402972865,
	"yaw" : 1.3437681977988405,
	"z" : -0.14438770054994968
}
