{
	"pitch" : 1.4772226714446357,
	"roll" : -1.5096733968235949,
	"x" : 0.06958470433408144,
	"y" : -0.032332823601133424,
	"yaw" : 1.299593733662765,
	"z" : -0.16985347490876745
}
