{
	"pitch" : 1.4927144815863393,
	"roll" : -1.4980762390191915,
	"x" : 0.092945856570334745,
	"y" : 0.037521023383732366,
	"yaw" : 1.3304808642899162,
	"z" : -0.1715009679302423
}
