{
	"pitch" : 1.4655616014310664,
	"roll" : -1.4952417469170725,
	"x" : 0.010998936900324371,
	"y" : -0.21183968560817878,
	"yaw" : 1.3157521423371064,
	"z" : -0.070683269265367082
}
