{
	"pitch" : 1.4704434107392004,
	"roll" : -1.5149084145801759,
	"x" : 0.065972112204838368,
	"y" : -0.061639762419502017,
	"yaw" : 1.294691646670348,
	"z" : -0.16883521749631974
}
