{
	"pitch" : 1.4813162522413206,
	"roll" : -1.6059665876511413,
	"x" : 0.050739004245321968,
	"y" : 0.032134190988466621,
	"yaw" : 1.218812033838883,
	"z" : -0.17149489790445796
}
