{
	"pitch" : 1.4963803077366289,
	"roll" : -1.5002801799120229,
	"x" : 0.074928456173354516,
	"y" : -0.016178319087085353,
	"yaw" : 1.3203984991165176,
	"z" : -0.17148077700417261
}
