{
	"pitch" : 1.4597660122860714,
	"roll" : -1.5141109287320575,
	"x" : 0.011839022418234257,
	"y" : -0.21128381553056921,
	"yaw" : 1.2940774888575315,
	"z" : -0.070173804559677047
}
