{
	"pitch" : 1.4590507959423922,
	"roll" : -1.3979858875781279,
	"x" : 0.053340643232504495,
	"y" : -0.082653958199120844,
	"yaw" : 1.4045155785614074,
	"z" : -0.17024158555399929
}
