{
	"pitch" : 1.4842371456695047,
	"roll" : -1.3248337639195114,
	"x" : 0.11648831800456391,
	"y" : -0.041213442263048183,
	"yaw" : 1.4967649904507829,
	"z" : -0.16785535084798683
}
