{
	"pitch" : 1.47893357238935,
	"roll" : -1.5971293423277724,
	"x" : 0.066254756351044247,
	"y" : -0.052235126740157442,
	"yaw" : 1.2172575321123107,
	"z" : -0.16918959004494916
}
