{
	"pitch" : 1.4893022367537745,
	"roll" : -1.4405740155119646,
	"x" : 0.076909945354173448,
	"y" : -0.010762110350293074,
	"yaw" : 1.3750148334846573,
	"z" : -0.16874894782866279
}
