{
	"pitch" : 1.4591405131730726,
	"roll" : -1.4964544070401691,
	"x" : -0.0038175280864720523,
	"y" : -0.21934536869357713,
	"yaw" : 1.3056555208438914,
	"z" : -0.17173782877703989
}
