{
	"pitch" : 1.4706782031662577,
	"roll" : -1.4835715590979328,
	"x" : 0.065549218982212248,
	"y" : -0.050176680481243859,
	"yaw" : 1.3222887369469689,
	"z" : -0.20153039613582616
}
