{
	"pitch" : 1.4742279888378287,
	"roll" : -1.5390739626636172,
	"x" : 0.056123640706529525,
	"y" : -0.02312225080628694,
	"yaw" : 1.2743089870481328,
	"z" : -0.17031334190671776
}
