{
	"pitch" : 1.4678163018410848,
	"roll" : -1.4302102797187017,
	"x" : 0.056923936420348153,
	"y" : -0.059271311762178105,
	"yaw" : 1.3842012515628745,
	"z" : -0.16906287010672261
}
