{
	"pitch" : 1.4799697476426183,
	"roll" : -1.6314862134776351,
	"x" : 0.026109191572128043,
	"y" : -0.0050770913408817141,
	"yaw" : 1.1870954806842076,
	"z" : -0.17058441711224115
}
