{
	"pitch" : 1.4543628744536519,
	"roll" : -1.43856159714811,
	"x" : 0.011681193836838161,
	"y" : -0.21734515323017511,
	"yaw" : 1.3631038031508746,
	"z" : -0.17074718006621523
}
