{
	"pitch" : 1.488074267955972,
	"roll" : -1.6048610722977468,
	"x" : 0.083286401536454627,
	"y" : 0.0074672210600660437,
	"yaw" : 1.2107906419856485,
	"z" : -0.12460311550252681
}
