{
	"pitch" : 1.4597989609953737,
	"roll" : -1.3293297583020653,
	"x" : 0.044376745438681475,
	"y" : -0.27632393304183112,
	"yaw" : 1.4773949807493629,
	"z" : -0.17011497411870874
}
