{
	"pitch" : 1.4973244734148252,
	"roll" : -1.4458350946002296,
	"x" : 0.057234418974386782,
	"y" : -0.066587473795837779,
	"yaw" : 1.3657270182349812,
	"z" : -0.19687910223696428
}
