{
	"pitch" : 1.4770645968164633,
	"roll" : -1.5105847267589907,
	"x" : -0.002988952934766545,
	"y" : -0.09541219912997044,
	"yaw" : 1.3067602079390124,
	"z" : -0.17004123161477366
}
