{
	"pitch" : 1.4541423701479597,
	"roll" : -1.4281757952113647,
	"x" : 0.014359287380559013,
	"y" : -0.2077520387916065,
	"yaw" : 1.3723016087574988,
	"z" : -0.17058385056165365
}
