{
	"pitch" : 1.4763032122554944,
	"roll" : -1.484262187001852,
	"x" : 0.061923152232073154,
	"y" : -0.056963963524756737,
	"yaw" : 1.3308430013502945,
	"z" : -0.14822500414998968
}
