{
	"pitch" : 1.4926687125142846,
	"roll" : -1.4986504801921141,
	"x" : 0.04458342276643764,
	"y" : -0.046749318657870263,
	"yaw" : 1.3221941823434125,
	"z" : -0.16948969900154004
}
