{
	"pitch" : 1.4866261524618523,
	"roll" : -1.5795699801651408,
	"x" : 0.087342095087992302,
	"y" : 0.018523532120954173,
	"yaw" : 1.2381861269704284,
	"z" : -0.20921422210377696
}
