{
	"pitch" : 1.4693907089329703,
	"roll" : -1.5795369417881155,
	"x" : 0.031330807281757314,
	"y" : -0.035814123532292449,
	"yaw" : 1.2283296133451065,
	"z" : -0.17010564648667864
}
