{
	"pitch" : 1.4706498738918343,
	"roll" : -1.4820831754546666,
	"x" : 0.065519668462604888,
	"y" : -0.050134911531141982,
	"yaw" : 1.3238324529418608,
	"z" : -0.20152000590349706
}
