{
	"pitch" : 1.4671428994642342,
	"roll" : -1.4900776832272047,
	"x" : 0.0059439190520431118,
	"y" : -0.23294060682243398,
	"yaw" : 1.3166751851884915,
	"z" : -0.092866346286052462
}
