{
	"pitch" : 1.4707064895720734,
	"roll" : -1.4759985752951561,
	"x" : 0.052381659219379068,
	"y" : -0.055779109603063412,
	"yaw" : 1.3411299266931804,
	"z" : -0.16883078731076009
}
