{
	"pitch" : 1.4491003062557026,
	"roll" : -1.4492819110462494,
	"x" : -0.07830373601170118,
	"y" : -0.25830689815900604,
	"yaw" : 1.353093390771944,
	"z" : -0.17447307647372323
}
