{
	"pitch" : 1.4653956623203344,
	"roll" : -1.4956744841060901,
	"x" : 0.011073626458768304,
	"y" : -0.21177423480686206,
	"yaw" : 1.3152891712251757,
	"z" : -0.070629635293131043
}
