{
	"pitch" : 1.4927951280869394,
	"roll" : -1.3760145764627327,
	"x" : 0.12797182314889496,
	"y" : -0.0051186684464883236,
	"yaw" : 1.4475183207953155,
	"z" : -0.16887474330569477
}
