{
	"pitch" : 1.481847781872158,
	"roll" : -1.6111119491318926,
	"x" : 0.027332712771258261,
	"y" : -0.00081544508022267544,
	"yaw" : 1.2101997744847577,
	"z" : -0.17063340122076198
}
