{
	"pitch" : 1.4919646483687046,
	"roll" : -1.4930813966222156,
	"x" : 0.075446479729828014,
	"y" : -0.012795555991959464,
	"yaw" : 1.3280694144661873,
	"z" : -0.16925992732742462
}
