{
	"pitch" : 1.484827275339565,
	"roll" : -1.5707219568004098,
	"x" : 0.09097865444140589,
	"y" : 0.027557547791421316,
	"yaw" : 1.2466880175145576,
	"z" : -0.19858128529567784
}
