{
	"pitch" : 1.4625402537434793,
	"roll" : -1.3243731293876215,
	"x" : 0.11133064977167177,
	"y" : -0.2412416296569268,
	"yaw" : 1.4883775157087964,
	"z" : -0.16794762480395187
}
