{
	"pitch" : 1.4600940444241186,
	"roll" : -1.5983400165002166,
	"x" : -0.083099937206807473,
	"y" : -0.17997209704424194,
	"yaw" : 1.2097042997414564,
	"z" : -0.17390915441748581
}
