{
	"pitch" : 1.4865013245992615,
	"roll" : -1.3903445653643216,
	"x" : 0.11652814921197827,
	"y" : -0.043677574643743125,
	"yaw" : 1.4273657695822901,
	"z" : -0.16850611558601467
}
