{
	"pitch" : 1.4875759776270714,
	"roll" : -1.4925600158841845,
	"x" : 0.075554828401061272,
	"y" : -0.012739425239696537,
	"yaw" : 1.3220467332206356,
	"z" : -0.11852750000229456
}
