{
	"pitch" : 1.4782396833317937,
	"roll" : -1.5021726209389141,
	"x" : 0.078219754958993193,
	"y" : -0.010887508211546087,
	"yaw" : 1.3080223324878515,
	"z" : -0.16933589377298836
}
