{
	"pitch" : 1.4715905169010171,
	"roll" : -1.4794283985991181,
	"x" : 0.060457496801714361,
	"y" : -0.061787481882773103,
	"yaw" : 1.3298236927976332,
	"z" : -0.16952308440621139
}
