{
	"pitch" : 1.4855569300057079,
	"roll" : -1.5831673518593083,
	"x" : 0.03333868573442543,
	"y" : 0.01482305954248676,
	"yaw" : 1.2392949540728575,
	"z" : -0.17056843465819599
}
