{
	"pitch" : 1.4714332063832798,
	"roll" : -1.4821088813498873,
	"x" : -0.062669825431565851,
	"y" : -0.15813501528145546,
	"yaw" : 1.3334118306771614,
	"z" : -0.17298188772458159
}
