{
	"pitch" : 1.472726373336237,
	"roll" : -1.5410530161079634,
	"x" : 0.039626374275114049,
	"y" : -0.046231409404595303,
	"yaw" : 1.2785854028151582,
	"z" : -0.16982661363425064
}
