{
	"pitch" : 1.486151382309769,
	"roll" : -1.3868466784504452,
	"x" : 0.1168297026720659,
	"y" : -0.043304367681560832,
	"yaw" : 1.4306345427036151,
	"z" : -0.16843971828202389
}
