{
	"pitch" : 1.471285138820609,
	"roll" : -1.5119468898867283,
	"x" : 0.062680945558429665,
	"y" : -0.06030004782146374,
	"yaw" : 1.3050956709381005,
	"z" : -0.16996641971795315
}
