{
	"pitch" : 1.4948487128870944,
	"roll" : -1.5679944848616212,
	"x" : 0.084031767710841448,
	"y" : 0.039045912449649875,
	"yaw" : 1.2624898294729268,
	"z" : -0.17086286273366563
}
