{
	"pitch" : 1.4870810966724382,
	"roll" : -1.3044320989929401,
	"x" : 0.12108606192595356,
	"y" : -0.035891880499655568,
	"yaw" : 1.5134410934102098,
	"z" : -0.16801218987177685
}
