{
	"pitch" : 1.4761776855092095,
	"roll" : -1.4792706613226341,
	"x" : 0.061083613251382278,
	"y" : -0.060961849241649019,
	"yaw" : 1.3341522399573806,
	"z" : -0.16437180144218286
}
