{
	"pitch" : 1.4534272042634169,
	"roll" : -1.6122530674393367,
	"x" : -0.076511049733536035,
	"y" : -0.17606324732243037,
	"yaw" : 1.2035376267383939,
	"z" : -0.17374742885829392
}
