{
	"pitch" : 1.4978630687571082,
	"roll" : -1.389418285318162,
	"x" : 0.12368773262370826,
	"y" : 0.0091049791225589274,
	"yaw" : 1.4337182171356682,
	"z" : -0.16949652208853785
}
