{
	"pitch" : 1.4931147478726832,
	"roll" : -1.4867843213107557,
	"x" : 0.075311868395144949,
	"y" : -0.01442113231547165,
	"yaw" : 1.3260903181024166,
	"z" : -0.16955875190840855
}
