{
	"pitch" : 1.4628179898573552,
	"roll" : -1.534358032875929,
	"x" : 0.010332918176295336,
	"y" : -0.20848567929407491,
	"yaw" : 1.2713194734366389,
	"z" : -0.072129718980967233
}
