{
	"pitch" : 1.4642901597587881,
	"roll" : -1.3422142057013007,
	"x" : 0.033139008112143049,
	"y" : -0.28267570972976641,
	"yaw" : 1.4622292976605213,
	"z" : -0.17115055897226353
}
