{
	"pitch" : 1.4736316930317752,
	"roll" : -1.4882172174188457,
	"x" : 0.054445304892949561,
	"y" : -0.084917678501541707,
	"yaw" : 1.3216132000546481,
	"z" : -0.16940274489212664
}
