{
	"pitch" : 1.4617690972347965,
	"roll" : -1.5913410467101463,
	"x" : -0.082593156765493295,
	"y" : -0.17981926739887377,
	"yaw" : 1.2183750669876752,
	"z" : -0.17275543199178345
}
