{
	"pitch" : 1.4700416175536974,
	"roll" : -1.4594558236583768,
	"x" : 0.073897505641143418,
	"y" : -0.15199674155560691,
	"yaw" : 1.3458824560926357,
	"z" : -0.16910994232009885
}
