{
	"pitch" : 1.4685846793460029,
	"roll" : -1.5297477534353492,
	"x" : -0.078674200982569373,
	"y" : -0.17473641890724487,
	"yaw" : 1.2802876098024818,
	"z" : -0.17274013715025205
}
