{
	"pitch" : 1.4953796704691154,
	"roll" : -1.5168873340011184,
	"x" : 0.074207249725120661,
	"y" : -0.019242075585083403,
	"yaw" : 1.3042009927177982,
	"z" : -0.17336567224731167
}
