{
	"pitch" : 1.4846072474470255,
	"roll" : -1.3879593564088852,
	"x" : 0.11017419825746508,
	"y" : -0.050140127695085801,
	"yaw" : 1.4306080541288857,
	"z" : -0.16823585812960107
}
