{
	"pitch" : 1.4530496857501884,
	"roll" : -1.3419541925622953,
	"x" : 0.062266367235764578,
	"y" : -0.29893111354415403,
	"yaw" : 1.4616451226379075,
	"z" : -0.17003221590218154
}
