{
	"pitch" : 1.4776953738901855,
	"roll" : -1.5732523335832069,
	"x" : 0.027948219255356184,
	"y" : -0.024627176804588272,
	"yaw" : 1.2476194767865796,
	"z" : -0.17002753595396414
}
