{
	"pitch" : 1.4782744786239792,
	"roll" : -1.6057679143075823,
	"x" : 0.026954110424241035,
	"y" : -0.0078718941064801207,
	"yaw" : 1.2149659129280057,
	"z" : -0.1707717319009702
}
