{
	"pitch" : 1.4724039985997501,
	"roll" : -1.5631783003131523,
	"x" : -0.070145946557235772,
	"y" : -0.16620010230292137,
	"yaw" : 1.2444625332940291,
	"z" : -0.17272370307236487
}
