{
	"pitch" : 1.4813585803178277,
	"roll" : -1.4234749170519829,
	"x" : 0.1039263621310247,
	"y" : -0.055215097893001136,
	"yaw" : 1.3963397338508672,
	"z" : -0.16815300303707892
}
