{
	"pitch" : 1.4926618930486337,
	"roll" : -1.3904923385556616,
	"x" : 0.12787811412454636,
	"y" : -0.014455808698335399,
	"yaw" : 1.4339818945650238,
	"z" : -0.16912297106910937
}
