{
	"pitch" : 1.4587059256752637,
	"roll" : -1.5965592944357077,
	"x" : -0.021432298733737268,
	"y" : -0.14563255609235909,
	"yaw" : 1.2107580749347053,
	"z" : -0.17268656443590935
}
