{
	"pitch" : 1.4829992872484183,
	"roll" : -1.5119248714681595,
	"x" : 0.065999677143107963,
	"y" : -0.051577911295488728,
	"yaw" : 1.3110612577438712,
	"z" : -0.16822762784427026
}
