{
	"pitch" : 1.4697311538667819,
	"roll" : -1.4754609490683392,
	"x" : 0.061285282814351777,
	"y" : -0.060870118318583258,
	"yaw" : 1.3308357242124496,
	"z" : -0.16932444390912449
}
