{
	"pitch" : 1.461851889023879,
	"roll" : -1.5472166833029219,
	"x" : 0.075552643722772428,
	"y" : -0.017654435560358145,
	"yaw" : 1.2581497160337234,
	"z" : -0.17039522307290358
}
