{
	"pitch" : 1.471503341132284,
	"roll" : -1.4983630097302953,
	"x" : 0.066227827548441282,
	"y" : -0.04525807894567644,
	"yaw" : 1.3120927951981822,
	"z" : -0.16963117503802413
}
