{
	"pitch" : 1.4463038976224356,
	"roll" : -1.4364660088517882,
	"x" : -0.01725315433564921,
	"y" : -0.30934507261480887,
	"yaw" : 1.3645843171287131,
	"z" : -0.17332146950423535
}
