{
	"pitch" : 1.4869785997157705,
	"roll" : -1.5032684409686845,
	"x" : 0.075956084294688114,
	"y" : -0.012864843678279066,
	"yaw" : 1.3134866784753927,
	"z" : -0.16959685560693327
}
