{
	"pitch" : 1.4751656518482943,
	"roll" : -1.5744967691173153,
	"x" : 0.06551569064073684,
	"y" : -0.050182457658289777,
	"yaw" : 1.2384674808229617,
	"z" : -0.13751253657689422
}
