{
	"pitch" : 1.4757850441234437,
	"roll" : -1.4437959821269892,
	"x" : 0.078833404214420796,
	"y" : -0.0630061623020432,
	"yaw" : 1.3703310163996323,
	"z" : -0.16871994668989482
}
