{
	"pitch" : 1.4842872844012212,
	"roll" : -1.6296762687151307,
	"x" : 0.039217467843655977,
	"y" : 0.021469257003127441,
	"yaw" : 1.1933719798724971,
	"z" : -0.1716153849241962
}
