{
	"pitch" : 1.4489448698069529,
	"roll" : -1.5412171050405779,
	"x" : -0.056102112969124401,
	"y" : -0.24677777753072652,
	"yaw" : 1.2600819413190012,
	"z" : -0.17336669817614037
}
