{
	"pitch" : 1.4718140160848496,
	"roll" : -1.5792023313706562,
	"x" : 0.046797272754074984,
	"y" : -0.051804818603184553,
	"yaw" : 1.2395829115477057,
	"z" : -0.16933967559194874
}
