{
	"pitch" : 1.4533604600347685,
	"roll" : -1.431418533818025,
	"x" : 0.014516033024613267,
	"y" : -0.20855695002640279,
	"yaw" : 1.3704552983331559,
	"z" : -0.17104025597954667
}
