{
	"pitch" : 1.4790995753967771,
	"roll" : -1.4323648997621343,
	"x" : 0.10314306182328563,
	"y" : -0.05601467306074237,
	"yaw" : 1.3906101426183457,
	"z" : -0.16864496497676557
}
