{
	"pitch" : 1.4745902575285001,
	"roll" : -1.5071755487452421,
	"x" : -0.013536304737359048,
	"y" : -0.099376893587946991,
	"yaw" : 1.3070470472274438,
	"z" : -0.17209024926195035
}
