{
	"pitch" : 1.4928578897385081,
	"roll" : -1.3809677435034102,
	"x" : 0.12799353351270129,
	"y" : -0.004993344023876814,
	"yaw" : 1.442691537729536,
	"z" : -0.16904086859328671
}
