{
	"pitch" : 1.4517823001261694,
	"roll" : -1.3980631443173799,
	"x" : 0.022777026142638858,
	"y" : -0.1776611637745093,
	"yaw" : 1.4012537394055857,
	"z" : -0.16861679818253483
}
