{
	"pitch" : 1.4861774797822735,
	"roll" : -1.5823849661364564,
	"x" : 0.034125416802215564,
	"y" : 0.016110429872185694,
	"yaw" : 1.2388929851546051,
	"z" : -0.17075005487815625
}
