{
	"pitch" : 1.4544954687360785,
	"roll" : -1.4076613150954083,
	"x" : 0.014070920674815912,
	"y" : -0.20712397427056939,
	"yaw" : 1.3948278266104541,
	"z" : -0.1704133407502926
}
