{
	"pitch" : 1.4724182897439606,
	"roll" : 1.5923685105884151,
	"x" : 0.090923603783413326,
	"y" : -0.20298875047299564,
	"yaw" : -1.9916428863302233,
	"z" : -0.16615944837164282
}
