{
	"pitch" : 1.4654412211162806,
	"roll" : -1.4843970720084749,
	"x" : 0.063394944792291241,
	"y" : -0.055843155266403884,
	"yaw" : 1.3239700169600452,
	"z" : -0.18894367941758156
}
