{
	"pitch" : 1.4615186394494231,
	"roll" : -1.3086948407999697,
	"x" : 0.081538122359957596,
	"y" : -0.25801859970332131,
	"yaw" : 1.5001083073858663,
	"z" : -0.16875249744301959
}
