{
	"pitch" : 1.4856441313362325,
	"roll" : -1.4842771187760697,
	"x" : 0.031102547109118944,
	"y" : -0.056460830416085128,
	"yaw" : 1.3386811522145754,
	"z" : -0.16996976165853223
}
