{
	"pitch" : 1.463635188648944,
	"roll" : -1.3468337590398283,
	"x" : 0.027489928683553232,
	"y" : -0.16650710200680341,
	"yaw" : 1.4688219033788739,
	"z" : -0.22688311122045818
}
