{
	"pitch" : 1.4574590087757404,
	"roll" : -1.3286177456358057,
	"x" : 0.01448554900079848,
	"y" : -0.20896782122046018,
	"yaw" : 1.4838407364464752,
	"z" : -0.27092599680140295
}
