{
	"pitch" : 1.4957579223653545,
	"roll" : -1.5056313803525807,
	"x" : 0.07083495205337148,
	"y" : 0.039613052228936491,
	"yaw" : 1.3308899360247013,
	"z" : -0.17190836311891461
}
