{
	"pitch" : 1.4547528434986643,
	"roll" : -1.4410992150062654,
	"x" : 0.012909057183523739,
	"y" : -0.21274221771742963,
	"yaw" : 1.3609242319281025,
	"z" : -0.17043838719035706
}
