{
	"pitch" : 1.4766698444420896,
	"roll" : -1.4884555679589262,
	"x" : 0.060423607815823122,
	"y" : -0.021062687525507287,
	"yaw" : 1.3247149681573929,
	"z" : -0.16999086665964055
}
