{
	"pitch" : 1.471058797143014,
	"roll" : -1.640346236829842,
	"x" : 0.028794320028629403,
	"y" : -0.024137721757758017,
	"yaw" : 1.1740544049547099,
	"z" : -0.1701413018719953
}
