{
	"pitch" : 1.4816350238531681,
	"roll" : -1.4929943104840815,
	"x" : 0.068966590350897541,
	"y" : -0.03393842058105017,
	"yaw" : 1.3182845705293196,
	"z" : -0.12409829507318471
}
