{
	"pitch" : 1.4774232086702537,
	"roll" : -1.4878987267886723,
	"x" : 0.074634548973614614,
	"y" : -0.019530595794901594,
	"yaw" : 1.3246013818773612,
	"z" : -0.16994530194401866
}
