{
	"pitch" : 1.4914320175216547,
	"roll" : -1.4775585875468606,
	"x" : 0.071392095183337168,
	"y" : -0.018164240492175885,
	"yaw" : 1.3397916326894825,
	"z" : -0.16994420175523492
}
