{
	"pitch" : 1.4907215761223447,
	"roll" : -1.4957560096452127,
	"x" : 0.051401833143364481,
	"y" : -0.039089691930949577,
	"yaw" : 1.3254769734184912,
	"z" : -0.16949606749891691
}
