{
	"pitch" : 1.4752850898328744,
	"roll" : -1.5743164650631758,
	"x" : 0.028573113650180004,
	"y" : -0.027180010491573432,
	"yaw" : 1.2450789857816145,
	"z" : -0.17037226403882577
}
