{
	"pitch" : 1.4900603531354841,
	"roll" : -1.3887345994568325,
	"x" : 0.12748575969369252,
	"y" : -0.017827202923117437,
	"yaw" : 1.4326674995144002,
	"z" : -0.16872038888245139
}
