{
	"pitch" : 1.4770322336652775,
	"roll" : -1.5374075106470557,
	"x" : 0.077170008436955026,
	"y" : -0.013293628119475419,
	"yaw" : 1.2608282174483298,
	"z" : -0.17043220314688584
}
