{
	"pitch" : 1.4703303647227335,
	"roll" : -1.4900791342164845,
	"x" : 0.057972542436611617,
	"y" : -0.059888727876670322,
	"yaw" : 1.3239336708179543,
	"z" : -0.1692214597602075
}
