{
	"pitch" : 1.496944723599724,
	"roll" : -1.514463351993343,
	"x" : 0.10153297725134283,
	"y" : 0.033356133862390391,
	"yaw" : 1.3160798089533892,
	"z" : -0.17053587733625861
}
