{
	"pitch" : 1.4560075728724851,
	"roll" : -1.5155977271243553,
	"x" : -0.0094797159230127076,
	"y" : -0.22253081984371018,
	"yaw" : 1.2839886383657599,
	"z" : -0.17196063379269308
}
