{
	"pitch" : 1.4860136025348178,
	"roll" : -1.3770654300099212,
	"x" : 0.11641178968254931,
	"y" : -0.044056009265437984,
	"yaw" : 1.441127473810792,
	"z" : -0.16863181277333525
}
