{
	"pitch" : 1.452090876383759,
	"roll" : -1.4696320674787329,
	"x" : 0.029976700790227795,
	"y" : -0.1586328824085857,
	"yaw" : 1.3312581242727208,
	"z" : -0.16976569780687875
}
