{
	"pitch" : 1.466120372797963,
	"roll" : -1.566156221206316,
	"x" : -0.045107835264992416,
	"y" : -0.13948293325332531,
	"yaw" : 1.2549344862069967,
	"z" : -0.17258862176841852
}
