{
	"pitch" : 1.4750374526921213,
	"roll" : -1.460024375184114,
	"x" : 0.062713370545190938,
	"y" : -0.054783456856268134,
	"yaw" : 1.3523141127877958,
	"z" : -0.14486412063662285
}
