{
	"pitch" : 1.4883270882338615,
	"roll" : -1.407280519715749,
	"x" : 0.12451582206043996,
	"y" : -0.029318359247421918,
	"yaw" : 1.4132317937523116,
	"z" : -0.1690785407054578
}
