{
	"pitch" : 1.4728703220516359,
	"roll" : -1.5649945868276229,
	"x" : 0.035896496893726315,
	"y" : -0.041442116245104646,
	"yaw" : 1.2534777811463256,
	"z" : -0.16959927837156755
}
