{
	"pitch" : 1.4672407566298267,
	"roll" : -1.4980827635404115,
	"x" : 0.063021262146664883,
	"y" : -0.059144779599202654,
	"yaw" : 1.3167563765530306,
	"z" : -0.1788721337391837
}
