{
	"pitch" : 1.479712264491988,
	"roll" : -1.537895408390386,
	"x" : 0.07570628638312292,
	"y" : -0.015869577023890791,
	"yaw" : 1.2782189857939252,
	"z" : -0.16976351598422351
}
