{
	"pitch" : 1.4856783526976665,
	"roll" : -1.609739389135951,
	"x" : 0.047118295584264905,
	"y" : 0.029378512090822699,
	"yaw" : 1.2210476338014593,
	"z" : -0.17150316197710844
}
