{
	"pitch" : 1.456791926269797,
	"roll" : -1.5839341559937279,
	"x" : -0.08333533512669343,
	"y" : -0.17956022079286865,
	"yaw" : 1.228152800127577,
	"z" : -0.17360737586764494
}
