{
	"pitch" : 1.4737991538003818,
	"roll" : -1.4638183872667478,
	"x" : 0.06170747336259462,
	"y" : -0.064808637011480597,
	"yaw" : 1.3396951386692513,
	"z" : -0.16930818504264239
}
