{
	"pitch" : 1.4773325389705325,
	"roll" : -1.5541557408287907,
	"x" : 0.076168815155698746,
	"y" : -0.011446867836550923,
	"yaw" : 1.2497853395629608,
	"z" : -0.16876756220274439
}
