{
	"pitch" : 1.4992054773151726,
	"roll" : -1.471207021015605,
	"x" : 0.057991712432455642,
	"y" : -0.063581780518463901,
	"yaw" : 1.3376477450872903,
	"z" : -0.19579509611411644
}
