{
	"pitch" : 1.4742410238918555,
	"roll" : -1.5299282702304566,
	"x" : 0.044268023497329438,
	"y" : -0.11102963206763369,
	"yaw" : 1.2841981150984558,
	"z" : -0.1694345919892308
}
