{
	"pitch" : 1.495667683497794,
	"roll" : -1.3775492852704094,
	"x" : 0.12551000798626427,
	"y" : 0.0037077189918433857,
	"yaw" : 1.445389011642696,
	"z" : -0.16933926495323556
}
