{
	"pitch" : 1.4940284530068537,
	"roll" : -1.5472081052159337,
	"x" : 0.038817055548766861,
	"y" : -0.053152783148674311,
	"yaw" : 1.2757163045712889,
	"z" : -0.16936800950926048
}
