{
	"pitch" : 1.4787793574311627,
	"roll" : -1.3640909073536835,
	"x" : 0.09160013892528876,
	"y" : -0.060366794042067073,
	"yaw" : 1.4596399913826783,
	"z" : -0.16818955584052597
}
