{
	"pitch" : 1.4533642966135478,
	"roll" : -1.4152285784690755,
	"x" : 0.01481693592088882,
	"y" : -0.20630709029821917,
	"yaw" : 1.3859025414379083,
	"z" : -0.17064186677061041
}
