{
	"pitch" : 1.4686193540786041,
	"roll" : -1.518824790577554,
	"x" : 0.0092269860214739818,
	"y" : -0.22483753577511509,
	"yaw" : 1.2899005697881527,
	"z" : -0.083909790917123445
}
