{
	"pitch" : 1.4617624347294542,
	"roll" : -1.5165655488979075,
	"x" : 0.010332189957469359,
	"y" : -0.20919267142535108,
	"yaw" : 1.289554970502651,
	"z" : -0.071356320722995359
}
