{
	"pitch" : 1.4749344550091059,
	"roll" : -1.5643151349337714,
	"x" : 0.065100446898511591,
	"y" : -0.050218586237250201,
	"yaw" : 1.2483422734916469,
	"z" : -0.13705795337501137
}
