{
	"pitch" : 1.4944307999287709,
	"roll" : -1.3649380516659178,
	"x" : 0.12879879551185805,
	"y" : -0.0054251012467104471,
	"yaw" : 1.4581838422400411,
	"z" : -0.16861805552667844
}
