{
	"pitch" : 1.4470599880360762,
	"roll" : -1.3972946523639687,
	"x" : -0.014138829817761239,
	"y" : -0.30569177955893118,
	"yaw" : 1.4043731363150216,
	"z" : -0.17418641273745206
}
