{
	"pitch" : 1.4533046041397004,
	"roll" : -1.3451132255492511,
	"x" : 0.062393237821216981,
	"y" : -0.29836507031647952,
	"yaw" : 1.4582576460623564,
	"z" : -0.17005926858852524
}
