{
	"pitch" : 1.4687298830388142,
	"roll" : -1.447609422728086,
	"x" : 0.071819084903069833,
	"y" : -0.1512683874889513,
	"yaw" : 1.3588458653507973,
	"z" : -0.16918708256106804
}
