{
	"pitch" : 1.4849659072436123,
	"roll" : -1.3168820314812471,
	"x" : 0.12098572332231244,
	"y" : -0.036184100047269872,
	"yaw" : 1.5055450605063725,
	"z" : -0.16849294799420977
}
