{
	"pitch" : 1.4922013111792036,
	"roll" : -1.631118423927711,
	"x" : 0.062600445594043083,
	"y" : 0.036955473355462259,
	"yaw" : 1.2031905654962269,
	"z" : -0.17165999336372637
}
