{
	"pitch" : 1.44858201180459,
	"roll" : -1.4819807885634668,
	"x" : -0.078126607957402616,
	"y" : -0.25797806391470851,
	"yaw" : 1.3211987020630012,
	"z" : -0.17437282623612713
}
