{
	"pitch" : 1.4991565831294427,
	"roll" : -1.393165487851818,
	"x" : 0.10872635627762535,
	"y" : 0.027569701140098803,
	"yaw" : 1.4359472676169247,
	"z" : -0.16979933877033385
}
