{
	"pitch" : 1.4945369909935904,
	"roll" : -1.5673771091074675,
	"x" : 0.092813684215202807,
	"y" : 0.035167650074587581,
	"yaw" : 1.2540764960698136,
	"z" : -0.17941289552772074
}
