{
	"pitch" : 1.467769102387851,
	"roll" : -1.5553693766846237,
	"x" : -0.079421443028896824,
	"y" : -0.17520642710517395,
	"yaw" : 1.2538170222722245,
	"z" : -0.17261467354434862
}
