{
	"pitch" : 1.4556072821479624,
	"roll" : -1.4725042069323517,
	"x" : 0.035713809718470602,
	"y" : -0.14649999724099622,
	"yaw" : 1.3284237513700832,
	"z" : -0.16979832858045388
}
