{
	"pitch" : 1.4739296656432117,
	"roll" : -1.4236286126498618,
	"x" : 0.074278788301572668,
	"y" : -0.063251766739253923,
	"yaw" : 1.3957591192288619,
	"z" : -0.16872812737845067
}
