{
	"pitch" : 1.4788986144748588,
	"roll" : -1.6090633065614941,
	"x" : 0.026732499317566043,
	"y" : -0.0095271484942205352,
	"yaw" : 1.2110796084168196,
	"z" : -0.17074465736191355
}
