{
	"pitch" : 1.4951035080013859,
	"roll" : -1.570547881568287,
	"x" : 0.092546318331047206,
	"y" : 0.035622414859313972,
	"yaw" : 1.2499683412729254,
	"z" : -0.16228345889787946
}
