{
	"pitch" : 1.4464007214618153,
	"roll" : -1.4232853867644695,
	"x" : -0.017651267429427464,
	"y" : -0.30927022943556653,
	"yaw" : 1.3778535424395961,
	"z" : -0.17316746818598469
}
