{
	"pitch" : 1.4968521336762342,
	"roll" : -1.4959401075337957,
	"x" : 0.073049740777791763,
	"y" : -0.023614220556553989,
	"yaw" : 1.3240693976825793,
	"z" : -0.17556167558052413
}
