{
	"pitch" : 1.4988210339556505,
	"roll" : -1.472700749321014,
	"x" : 0.099804967799892327,
	"y" : 0.034014471320956599,
	"yaw" : 1.3564005924567573,
	"z" : -0.17070270302902998
}
