{
	"pitch" : 1.4716696137746241,
	"roll" : -1.3316005104965571,
	"x" : 0.018853920098725677,
	"y" : -0.19715227238387142,
	"yaw" : 1.4831805679057359,
	"z" : -0.26342370237760548
}
