{
	"pitch" : 1.4642389118354169,
	"roll" : -1.3076805877054567,
	"x" : 0.015125258257678666,
	"y" : -0.20888385122809752,
	"yaw" : 1.5038985272381755,
	"z" : -0.27039319184630767
}
