{
	"pitch" : 1.4944018503241525,
	"roll" : -1.3525878681791659,
	"x" : 0.12624199056550717,
	"y" : -0.0017511258441299318,
	"yaw" : 1.4688692571897257,
	"z" : -0.16884172689791718
}
