{
	"pitch" : 1.4536167050089974,
	"roll" : -1.4331532381677878,
	"x" : 0.0099728001638238056,
	"y" : -0.22110305093604052,
	"yaw" : 1.3659842630107248,
	"z" : -0.17081384710080871
}
