{
	"pitch" : 1.4721962507523783,
	"roll" : -1.5210791631695386,
	"x" : 0.038686262211132402,
	"y" : -0.045667100062781657,
	"yaw" : 1.298900017091098,
	"z" : -0.16958008842006508
}
