{
	"pitch" : 1.46667059779514,
	"roll" : -1.491592603170921,
	"x" : 0.060458232416227983,
	"y" : -0.062116981241396849,
	"yaw" : 1.3092312757923761,
	"z" : -0.16981573812358683
}
