{
	"pitch" : 1.4795876528632381,
	"roll" : -1.524453105731179,
	"x" : 0.044109185283591604,
	"y" : -0.11412760184188273,
	"yaw" : 1.2952620090542879,
	"z" : -0.1674909148478472
}
