{
	"pitch" : 1.4754224844850443,
	"roll" : -1.4896426035237031,
	"x" : 0.061857758025095105,
	"y" : -0.05882196037362393,
	"yaw" : 1.3257759306837498,
	"z" : -0.15228864842393144
}
