{
	"pitch" : 1.4730005701575755,
	"roll" : -1.4849916624102524,
	"x" : 0.062307220374078945,
	"y" : -0.059079080041193541,
	"yaw" : 1.3343377562282206,
	"z" : -0.16893324569628809
}
