{
	"pitch" : 1.4975813116980403,
	"roll" : -1.5298394621597851,
	"x" : 0.092090508730386281,
	"y" : 0.036836302096121668,
	"yaw" : 1.2968042759182634,
	"z" : -0.17063062766423429
}
