{
	"pitch" : 1.4934490582617432,
	"roll" : -1.5450124711493456,
	"x" : 0.066180785897441863,
	"y" : 0.038444631922160959,
	"yaw" : 1.2881891548940654,
	"z" : -0.17147392842797121
}
