{
	"pitch" : 1.4643622404012693,
	"roll" : -1.3950600688971009,
	"x" : 0.10443127488747227,
	"y" : -0.22356414408463607,
	"yaw" : 1.4132791165310501,
	"z" : -0.16915017488732015
}
