{
	"pitch" : 1.4915548986138896,
	"roll" : -1.5199070956853138,
	"x" : 0.082066327264019662,
	"y" : 0.004465814243027515,
	"yaw" : 1.2939027705720993,
	"z" : -0.12251092038496282
}
