{
	"pitch" : 1.4977098962926649,
	"roll" : -1.4007461950893327,
	"x" : 0.12355194938384086,
	"y" : 0.0093672887706796101,
	"yaw" : 1.4219928396019286,
	"z" : -0.16960550077496864
}
