{
	"pitch" : 1.4874363952346419,
	"roll" : -1.656793924972555,
	"x" : 0.049363760335962709,
	"y" : 0.030542404252430065,
	"yaw" : 1.1664057851622567,
	"z" : -0.17129488954125691
}
