{
	"pitch" : 1.4553080229777056,
	"roll" : -1.3120595932789025,
	"x" : 0.0076968355536354005,
	"y" : -0.28589832639826812,
	"yaw" : 1.493478470688042,
	"z" : -0.17160169896453453
}
