{
	"pitch" : 1.4863766665891949,
	"roll" : -1.3892999126811456,
	"x" : 0.11689159855640206,
	"y" : -0.043175225677110289,
	"yaw" : 1.4282999826715008,
	"z" : -0.16843641481576804
}
