{
	"pitch" : 1.4624583966109812,
	"roll" : -1.5963340515135294,
	"x" : -0.082205968022973613,
	"y" : -0.17911106394054771,
	"yaw" : 1.2125650966439252,
	"z" : -0.17258608598321684
}
