{
	"pitch" : 1.4918475489185967,
	"roll" : -1.4883129055264099,
	"x" : 0.075409934182474159,
	"y" : -0.012585349049133773,
	"yaw" : 1.3323572892053552,
	"z" : -0.16922240396014213
}
