{
	"pitch" : 1.4973568786180536,
	"roll" : -1.4102828388161663,
	"x" : 0.10517421603032884,
	"y" : 0.030774018276883766,
	"yaw" : 1.4170886603443609,
	"z" : -0.17012679902610106
}
