{
	"pitch" : 1.4905666432354423,
	"roll" : -1.6168798080531448,
	"x" : 0.083980392703194115,
	"y" : 0.0090585070472618684,
	"yaw" : 1.1991849790420557,
	"z" : -0.12542957536379343
}
