{
	"pitch" : 1.4963799789389614,
	"roll" : -1.5299436216314251,
	"x" : 0.092139565904842402,
	"y" : 0.036419178529715296,
	"yaw" : 1.29201068850668,
	"z" : -0.16992666542164633
}
