{
	"pitch" : 1.4693093867417235,
	"roll" : -1.5030172642371924,
	"x" : 0.040590436574363294,
	"y" : -0.048499576961728671,
	"yaw" : 1.3057319927978452,
	"z" : -0.16966132586196192
}
