{
	"pitch" : 1.4664096334613099,
	"roll" : -1.493724159798649,
	"x" : 0.04259140471368273,
	"y" : -0.12127327760078951,
	"yaw" : 1.3183950470178487,
	"z" : -0.17967283719122285
}
