{
	"pitch" : 1.4957026853884094,
	"roll" : -1.5106604173462219,
	"x" : 0.075727171505088772,
	"y" : -0.014513011962279238,
	"yaw" : 1.3084921337989819,
	"z" : -0.17070043506148538
}
