{
	"pitch" : 1.4893866364913595,
	"roll" : -1.501360665997004,
	"x" : 0.034347965785313878,
	"y" : -0.058661882268961241,
	"yaw" : 1.3243864261682738,
	"z" : -0.16881472657901403
}
