{
	"pitch" : 1.4761529785192899,
	"roll" : -1.5013312111898973,
	"x" : 0.06075469831765392,
	"y" : -0.06097306703598103,
	"yaw" : 1.3114386848407584,
	"z" : -0.16009006462427613
}
