{
	"pitch" : 1.4740881098739651,
	"roll" : -1.5754820061639072,
	"x" : 0.070242207554387093,
	"y" : -0.038937647531718807,
	"yaw" : 1.2333928333074315,
	"z" : -0.21199502057687314
}
