{
	"pitch" : 1.4960924008442888,
	"roll" : -1.4044255133395602,
	"x" : 0.12401579771765081,
	"y" : 0.0077966981124295287,
	"yaw" : 1.4184982604652265,
	"z" : -0.16915740766285936
}
