{
	"pitch" : 1.4645178245633967,
	"roll" : -1.540730194852215,
	"x" : 0.076872346540160397,
	"y" : -0.012668338588870596,
	"yaw" : 1.2645759029961612,
	"z" : -0.17041063127974398
}
