{
	"pitch" : 1.471500682320559,
	"roll" : -1.4874018605011794,
	"x" : 0.043378229144492117,
	"y" : -0.11620770963431806,
	"yaw" : 1.3235825035665445,
	"z" : -0.1744369544278217
}
