{
	"pitch" : 1.4968464547575253,
	"roll" : -1.4459131732489776,
	"x" : 0.069033596816678353,
	"y" : -0.035920204498625971,
	"yaw" : 1.3711840459315947,
	"z" : -0.18079913752505528
}
