{
	"pitch" : 1.4750390166852478,
	"roll" : -1.40819394412941,
	"x" : 0.075134485702340478,
	"y" : -0.06333248555450996,
	"yaw" : 1.4110858001012332,
	"z" : -0.16851797366503063
}
