{
	"pitch" : 1.4845491600842426,
	"roll" : -1.4649638164069938,
	"x" : 0.039843962853974332,
	"y" : -0.048283018535870068,
	"yaw" : 1.3574594368994248,
	"z" : -0.1697035536136009
}
