{
	"pitch" : 1.4975160715391491,
	"roll" : -1.5219850856102912,
	"x" : 0.10129968758431451,
	"y" : 0.033389383677778703,
	"yaw" : 1.3085368517160549,
	"z" : -0.17047263616847916
}
