{
	"pitch" : 1.4950303678461367,
	"roll" : -1.5543155135902016,
	"x" : 0.083447228986526456,
	"y" : 0.038925999760063147,
	"yaw" : 1.2757603393897439,
	"z" : -0.17078936932019551
}
