{
	"pitch" : 1.5018166316829082,
	"roll" : -1.5231030284470268,
	"x" : 0.11550855245016728,
	"y" : 0.022528758028222868,
	"yaw" : 1.3087211819003686,
	"z" : -0.1698384597631277
}
