{
	"pitch" : 1.4959555784400207,
	"roll" : -1.5607639820036838,
	"x" : 0.069397346570277796,
	"y" : 0.038932314799113056,
	"yaw" : 1.2717901466652131,
	"z" : -0.17113903783606163
}
