{
	"pitch" : 1.4776685030969612,
	"roll" : -1.4630579667765751,
	"x" : 0.063661939722096494,
	"y" : -0.018713062443386087,
	"yaw" : 1.3510305097633841,
	"z" : -0.16939475211657862
}
