{
	"pitch" : 1.4536391601619982,
	"roll" : -1.4675212517092937,
	"x" : 0.024806761727682328,
	"y" : -0.1781259226949668,
	"yaw" : 1.3382067880308839,
	"z" : -0.17027118765987065
}
