{
	"pitch" : 1.4872400521077525,
	"roll" : -1.5961700098569913,
	"x" : 0.051938756934765698,
	"y" : 0.032173083545160151,
	"yaw" : 1.2341394288279954,
	"z" : -0.17156810339859899
}
