{
	"pitch" : 1.4702514486839926,
	"roll" : -1.4863524869154925,
	"x" : 0.060416327956418825,
	"y" : -0.062072050083029844,
	"yaw" : 1.3232433918701494,
	"z" : -0.16944894436438088
}
