{
	"pitch" : 1.4797863181875279,
	"roll" : -1.5420408749161596,
	"x" : 0.081062776385884938,
	"y" : -0.0038272641446579804,
	"yaw" : 1.2695726173231254,
	"z" : -0.21928756560028323
}
