{
	"pitch" : 1.4676119091971882,
	"roll" : -1.3771333292750751,
	"x" : 0.033966931381393152,
	"y" : -0.14537079857432519,
	"yaw" : 1.4388399823197353,
	"z" : -0.20567126159039048
}
