{
	"pitch" : 1.4850706457883787,
	"roll" : -1.4671440002592087,
	"x" : 0.035926169599435911,
	"y" : -0.13857746716194955,
	"yaw" : 1.3391697068173121,
	"z" : -0.23284419570782286
}
