{
	"pitch" : 1.4652944622258657,
	"roll" : -1.4373632987587581,
	"x" : -0.0092284204222777971,
	"y" : -0.093528436350579058,
	"yaw" : 1.3829197155576562,
	"z" : -0.17263355689243484
}
