{
	"pitch" : 1.4820687632205369,
	"roll" : -1.6185963477929015,
	"x" : 0.083997605730431593,
	"y" : 0.0034551581329774709,
	"yaw" : 1.1985641562827063,
	"z" : -0.21799353920489348
}
