{
	"pitch" : 1.4930111166712501,
	"roll" : -1.6237645947037498,
	"x" : 0.087446881436056501,
	"y" : 0.018908488930222164,
	"yaw" : 1.1932206741603486,
	"z" : -0.13139132435653728
}
