{
	"pitch" : 1.4706494531755621,
	"roll" : -1.5045289562925781,
	"x" : 0.065626406585680905,
	"y" : -0.050325213422347415,
	"yaw" : 1.3014902226952354,
	"z" : -0.20150039604084669
}
