{
	"pitch" : 1.495063159580085,
	"roll" : -1.5290442303570475,
	"x" : 0.073556139054947844,
	"y" : -0.020772482845711517,
	"yaw" : 1.292118558982432,
	"z" : -0.17436425644624504
}
