{
	"pitch" : 1.4742670102867077,
	"roll" : -1.5315590640345176,
	"x" : 0.044141399390699304,
	"y" : -0.11100817248590039,
	"yaw" : 1.2822581230804546,
	"z" : -0.1694429855118478
}
