{
	"pitch" : 1.4657012782275751,
	"roll" : -1.6070828270789641,
	"x" : -0.016836778426150875,
	"y" : -0.1240717327641194,
	"yaw" : 1.2058053102133552,
	"z" : -0.17204199586666449
}
