{
	"pitch" : 1.4834779409910004,
	"roll" : -1.6072766704743431,
	"x" : 0.084423186526711824,
	"y" : 0.0037510915540396993,
	"yaw" : 1.2099221779742297,
	"z" : -0.21804984874032277
}
