{
	"pitch" : 1.4806161357862111,
	"roll" : -1.5295761938289649,
	"x" : 0.078034352078391947,
	"y" : -0.012317362815367137,
	"yaw" : 1.2804036478333838,
	"z" : -0.22039139813123756
}
