{
	"pitch" : 1.4813667607598093,
	"roll" : -1.5268235510556476,
	"x" : 0.080483519749843038,
	"y" : -0.0070592635373038868,
	"yaw" : 1.2855368225882202,
	"z" : -0.21992113267794644
}
