{
	"pitch" : 1.4934379453351709,
	"roll" : -1.5495663149549694,
	"x" : 0.091682070499830806,
	"y" : 0.032654627310678946,
	"yaw" : 1.2682122755494527,
	"z" : -0.18816404457194563
}
