{
	"pitch" : 1.4917205482602423,
	"roll" : -1.4878352911739618,
	"x" : 0.075442102454758089,
	"y" : -0.012644886153295939,
	"yaw" : 1.3329619956531291,
	"z" : -0.16927242929436059
}
