{
	"pitch" : 1.4765301381708709,
	"roll" : -1.5482596566181912,
	"x" : 0.031517059456425092,
	"y" : -0.034537322255777353,
	"yaw" : 1.271906494155546,
	"z" : -0.16991866826054308
}
