{
	"pitch" : 1.4699377350232763,
	"roll" : -1.492574785513568,
	"x" : 0.032279119096285516,
	"y" : -0.038777191554126164,
	"yaw" : 1.3158558235506781,
	"z" : -0.17080257488508419
}
