{
	"pitch" : 1.4511980172206138,
	"roll" : -1.4416401828148935,
	"x" : 0.015517453260047921,
	"y" : -0.20260832316306404,
	"yaw" : 1.3610247571379805,
	"z" : -0.17016666998795951
}
