{
	"pitch" : 1.4713070470175131,
	"roll" : -1.664633569152856,
	"x" : 0.026860390340944659,
	"y" : -0.013937891396515984,
	"yaw" : 1.151474080773548,
	"z" : -0.17150084208351518
}
