{
	"pitch" : 1.4874438905797074,
	"roll" : -1.5516932465791631,
	"x" : 0.05327520375168493,
	"y" : 0.034019916440157616,
	"yaw" : 1.2801958527301094,
	"z" : -0.17116077028951901
}
