{
	"pitch" : 1.4925590989476514,
	"roll" : -1.5279547989497455,
	"x" : 0.072063101501561908,
	"y" : -0.017361971745898996,
	"yaw" : 1.2934540213797321,
	"z" : -0.16998047537032623
}
