{
	"pitch" : 1.4955171653578216,
	"roll" : -1.5855322139272825,
	"x" : 0.091307703249263628,
	"y" : 0.030738219921732986,
	"yaw" : 1.2355974527921891,
	"z" : -0.14783576415173671
}
