{
	"pitch" : 1.4857116106297934,
	"roll" : -1.3158763557412672,
	"x" : 0.12324608876451941,
	"y" : -0.030871481040744018,
	"yaw" : 1.5079864571694475,
	"z" : -0.16812526836886324
}
