{
	"pitch" : 1.4877953449591663,
	"roll" : -1.565050647279324,
	"x" : 0.058556178917468678,
	"y" : 0.036580654778148758,
	"yaw" : 1.2649630900944961,
	"z" : -0.1719619516007341
}
