{
	"pitch" : 1.4677192544605697,
	"roll" : -1.430071472208218,
	"x" : 0.05703823289099897,
	"y" : -0.059297874281385526,
	"yaw" : 1.3843457349565105,
	"z" : -0.16910720042418592
}
