{
	"pitch" : 1.4441065265590767,
	"roll" : -1.3730604715144952,
	"x" : -0.013451950002123431,
	"y" : -0.2921822349667148,
	"yaw" : 1.4310322547028718,
	"z" : -0.17267273650285031
}
