{
	"pitch" : 1.4977685105494984,
	"roll" : -1.4473073593623142,
	"x" : 0.056514206800272387,
	"y" : -0.070580761915121623,
	"yaw" : 1.36005862187246,
	"z" : -0.19876560639918067
}
