{
	"pitch" : 1.4871535915320464,
	"roll" : -1.3812858769293146,
	"x" : 0.038708293568819184,
	"y" : -0.12949468347759735,
	"yaw" : 1.424648460538974,
	"z" : -0.22801299067684133
}
