{
	"pitch" : 1.467599392261598,
	"roll" : -1.5151193963136054,
	"x" : 0.063098681848098276,
	"y" : -0.059262183636925266,
	"yaw" : 1.2984745843602383,
	"z" : -0.1784455176689983
}
