{
	"pitch" : 1.4787249512806002,
	"roll" : -1.5368453299068183,
	"x" : 0.078642331372918914,
	"y" : -0.013474548463079923,
	"yaw" : 1.2728777819848638,
	"z" : -0.22089796599571912
}
