{
	"pitch" : 1.4697076089180723,
	"roll" : -1.5656405293196516,
	"x" : -0.029769215347079006,
	"y" : -0.11492666562489558,
	"yaw" : 1.2451651307462464,
	"z" : -0.17178509751351567
}
