{
	"pitch" : 1.4947614841681784,
	"roll" : -1.515299650716891,
	"x" : 0.094088845885529099,
	"y" : 0.03732692209250571,
	"yaw" : 1.3164720123061195,
	"z" : -0.17110549489270568
}
