{
	"pitch" : 1.4841591614541099,
	"roll" : -1.3933904330754512,
	"x" : 0.11472348284686534,
	"y" : -0.045464934725172122,
	"yaw" : 1.4255532387532737,
	"z" : -0.16876476055776929
}
