{
	"pitch" : 1.4686822155208734,
	"roll" : -1.5265297441320755,
	"x" : 0.04288909457584781,
	"y" : -0.050362441925681296,
	"yaw" : 1.2837526660915486,
	"z" : -0.16994007542515224
}
