{
	"pitch" : 1.454072006204606,
	"roll" : -1.4197388548876502,
	"x" : 0.053858668263634446,
	"y" : -0.081776786630911466,
	"yaw" : 1.3858958075224364,
	"z" : -0.16914643736548113
}
