{
	"pitch" : 1.4649337352234708,
	"roll" : -1.4757400884344603,
	"x" : 0.062919161410097721,
	"y" : -0.057169005085531202,
	"yaw" : 1.3330271845472872,
	"z" : -0.18689823692156901
}
