{
	"pitch" : 1.4870585474999138,
	"roll" : -1.5017545308613349,
	"x" : 0.07580251475823499,
	"y" : -0.012686068611258464,
	"yaw" : 1.3130575001963192,
	"z" : -0.11870765415278056
}
