{
	"pitch" : 1.4870035739840397,
	"roll" : -1.600516508104425,
	"x" : 0.049006474448578578,
	"y" : 0.030425868079248533,
	"yaw" : 1.2298465636280376,
	"z" : -0.17138065144428172
}
