{
	"pitch" : 1.4750019926811935,
	"roll" : -1.5093792757538411,
	"x" : 0.04477269661173304,
	"y" : -0.11267798231412118,
	"yaw" : 1.3049295642408563,
	"z" : -0.17038958382445737
}
