{
	"pitch" : 1.4963617372674707,
	"roll" : -1.5015014415057375,
	"x" : 0.079138612731856725,
	"y" : 0.039924555455259386,
	"yaw" : 1.3325275183083751,
	"z" : -0.17081901804396366
}
