{
	"pitch" : 1.4898948723793044,
	"roll" : -1.3084220488081248,
	"x" : 0.12535691516521569,
	"y" : -0.022884627681318152,
	"yaw" : 1.514819536344292,
	"z" : -0.16874322646937695
}
