{
	"pitch" : 1.4929324058705811,
	"roll" : -1.6410556390996791,
	"x" : 0.092861462805798517,
	"y" : 0.034995603435117748,
	"yaw" : 1.1815067571133939,
	"z" : -0.16154322925602488
}
