{
	"pitch" : 1.4977350895537169,
	"roll" : -1.4535212137716573,
	"x" : 0.069333265019464616,
	"y" : -0.034728557997546511,
	"yaw" : 1.3640632647883171,
	"z" : -0.18044307451048436
}
