{
	"pitch" : 1.4648104060645561,
	"roll" : -1.5634422104143384,
	"x" : 0.071306139719866199,
	"y" : -0.029912883363381233,
	"yaw" : 1.2441582678896448,
	"z" : -0.17081648292556789
}
