{
	"pitch" : 1.4884066719741595,
	"roll" : -1.5350916823322223,
	"x" : 0.030556300119891848,
	"y" : -0.062966528051632664,
	"yaw" : 1.289555535360321,
	"z" : -0.1691117970135767
}
