{
	"pitch" : 1.478652529407501,
	"roll" : -1.6017247873091862,
	"x" : 0.026721565625902569,
	"y" : -0.0084044499516178657,
	"yaw" : 1.2188470721150004,
	"z" : -0.17066638493149955
}
