{
	"pitch" : 1.4708371797996964,
	"roll" : -1.3776561896728665,
	"x" : 0.072205811768482023,
	"y" : -0.011362300258622128,
	"yaw" : 1.4177934503347374,
	"z" : -0.16768316925974061
}
