{
	"pitch" : 1.4818882092451164,
	"roll" : -1.5825325321176458,
	"x" : 0.071525355226358056,
	"y" : -0.030072471171202417,
	"yaw" : 1.2304921023834721,
	"z" : -0.12301476063415046
}
