{
	"pitch" : 1.4652365374626108,
	"roll" : -1.4915761891589929,
	"x" : -0.004725168094848603,
	"y" : -0.26416322649267737,
	"yaw" : 1.3218349239190994,
	"z" : -0.12825432058678657
}
