{
	"pitch" : 1.4797814384504315,
	"roll" : -1.4401489286635676,
	"x" : 0.10248956741218157,
	"y" : -0.056411829391596821,
	"yaw" : 1.38260685665003,
	"z" : -0.16889568740887931
}
