{
	"pitch" : 1.4898530769167737,
	"roll" : -1.4858466129259058,
	"x" : 0.076224850614737716,
	"y" : -0.012470335556601063,
	"yaw" : 1.3324988331262304,
	"z" : -0.1696235612969082
}
