{
	"pitch" : 1.4674573490393443,
	"roll" : -1.5256925761731628,
	"x" : 0.06467329353190554,
	"y" : -0.054036342972402104,
	"yaw" : 1.2810922035259851,
	"z" : -0.1950299498620548
}
