{
	"pitch" : 1.4793016193348265,
	"roll" : -1.5449827108684429,
	"x" : 0.078549982774687055,
	"y" : -0.013798907211680795,
	"yaw" : 1.2648606363097195,
	"z" : -0.22096142330159091
}
