{
	"pitch" : 1.4721527349692216,
	"roll" : -1.4359133023575803,
	"x" : 0.079650770497242188,
	"y" : -0.17859793035699381,
	"yaw" : 1.3735680965345594,
	"z" : -0.16885533131126748
}
