{
	"pitch" : 1.486791876788446,
	"roll" : -1.5726131214442516,
	"x" : 0.09126935794556984,
	"y" : 0.028793595631878055,
	"yaw" : 1.2451539675970686,
	"z" : -0.19669415623579339
}
