{
	"pitch" : 1.4928077343007444,
	"roll" : -1.3831223010131348,
	"x" : 0.12818818148778893,
	"y" : -0.004549173471200485,
	"yaw" : 1.4414303412549532,
	"z" : -0.16915228924737397
}
