{
	"pitch" : 1.4744274433370261,
	"roll" : -1.5239308832386063,
	"x" : 0.071849198366065473,
	"y" : -0.031536920832622786,
	"yaw" : 1.2829825096978014,
	"z" : -0.21606207136850467
}
