{
	"pitch" : 1.4933669663571136,
	"roll" : -1.3191482210044791,
	"x" : 0.12733947040157564,
	"y" : -0.0057723887163533445,
	"yaw" : 1.5009110169294866,
	"z" : -0.16850396852416344
}
