{
	"pitch" : 1.4840190745331414,
	"roll" : -1.4657823762227602,
	"x" : 0.10354333634525943,
	"y" : -0.056382816890125184,
	"yaw" : 1.3535842582612445,
	"z" : -0.16843913616580208
}
