{
	"pitch" : 1.4621477372581293,
	"roll" : -1.2909390707606783,
	"x" : 0.10850400864833815,
	"y" : -0.23265436986939997,
	"yaw" : 1.517147089423265,
	"z" : -0.16858231746033214
}
