{
	"pitch" : 1.481784616588121,
	"roll" : -1.600013913777756,
	"x" : 0.035817777152054642,
	"y" : -0.034114013044383065,
	"yaw" : 1.2222227868110409,
	"z" : -0.16987009501748307
}
