{
	"pitch" : 1.4699177890260151,
	"roll" : -1.4941729249137137,
	"x" : 0.063384496091621514,
	"y" : -0.058383753455660506,
	"yaw" : 1.3141073188272721,
	"z" : -0.18369747114494114
}
