{
	"pitch" : 1.4816306465146807,
	"roll" : -1.3615226742454236,
	"x" : 0.10965216021007221,
	"y" : -0.050922598649036199,
	"yaw" : 1.4610698269071547,
	"z" : -0.16845205450465758
}
