{
	"pitch" : 1.4607721872304118,
	"roll" : -1.3006875925808985,
	"x" : 0.11227068586306307,
	"y" : -0.24040560539045908,
	"yaw" : 1.5083050494913994,
	"z" : -0.1679868567964648
}
