{
	"pitch" : 1.4943874832983222,
	"roll" : -1.5669504088588682,
	"x" : 0.092848375764251104,
	"y" : 0.035241356589232768,
	"yaw" : 1.2546288463274604,
	"z" : -0.17936124108663742
}
