{
	"pitch" : 1.4608228100241498,
	"roll" : -1.300380140778433,
	"x" : 0.11194836772980427,
	"y" : -0.24051904386547382,
	"yaw" : 1.5090111426577408,
	"z" : -0.167930297132828
}
