{
	"pitch" : 1.4714807129215137,
	"roll" : -1.5077447916429663,
	"x" : 0.062314935838700583,
	"y" : -0.05992196576070493,
	"yaw" : 1.3048760199628966,
	"z" : -0.17271041468672749
}
