{
	"pitch" : 1.4959796991606391,
	"roll" : -1.3732135470772391,
	"x" : 0.12212613181615498,
	"y" : 0.011850766153715603,
	"yaw" : 1.4517623048659287,
	"z" : -0.16926360277088601
}
