{
	"pitch" : 1.490814154852196,
	"roll" : -1.3817103069075465,
	"x" : 0.12704786346475941,
	"y" : -0.019463393624998864,
	"yaw" : 1.4386323752655499,
	"z" : -0.16868035092448036
}
