{
	"pitch" : 1.4567854339135149,
	"roll" : -1.4447792688162286,
	"x" : 0.052296609587827558,
	"y" : -0.086535816541976965,
	"yaw" : 1.3594615238705872,
	"z" : -0.16939293069796749
}
