{
	"pitch" : 1.4895887443270623,
	"roll" : -1.5757369668219214,
	"x" : 0.053731001110994651,
	"y" : 0.033665035566035895,
	"yaw" : 1.2552194771704672,
	"z" : -0.17128724441771698
}
