{
	"pitch" : 1.485607770104002,
	"roll" : -1.5483289084153535,
	"x" : 0.053714285719985488,
	"y" : 0.034760850931319226,
	"yaw" : 1.2852786389129531,
	"z" : -0.17148572263517703
}
