{
	"pitch" : 1.4603812432609635,
	"roll" : -1.3252756234383907,
	"x" : 0.073715503628837956,
	"y" : -0.26060645991678755,
	"yaw" : 1.4790709407114857,
	"z" : -0.1686991070465223
}
