{
	"pitch" : 1.4906508573554933,
	"roll" : -1.3651216808689663,
	"x" : 0.12664549714004214,
	"y" : -0.016580188698297128,
	"yaw" : 1.4594751361431204,
	"z" : -0.16867176009173296
}
