{
	"pitch" : 1.476063709181785,
	"roll" : -1.5889285774681605,
	"x" : 0.032014296100062241,
	"y" : -0.035346090407157721,
	"yaw" : 1.2319468462948631,
	"z" : -0.17008683070916977
}
