{
	"pitch" : 1.502371652232616,
	"roll" : -1.5041016767679918,
	"x" : 0.06025945310714069,
	"y" : -0.06093591795438872,
	"yaw" : 1.3056553728142812,
	"z" : -0.1939370401547387
}
