{
	"pitch" : 1.4693858212143398,
	"roll" : -1.6302118836507529,
	"x" : 0.036851228445628638,
	"y" : -0.033828395138048833,
	"yaw" : 1.179548002169547,
	"z" : -0.17032966437320571
}
