{
	"pitch" : 1.4529490575358253,
	"roll" : -1.4661569472392753,
	"x" : 0.020314214048823089,
	"y" : -0.19107779158473603,
	"yaw" : 1.3371917110949401,
	"z" : -0.1701818695844716
}
