{
	"pitch" : 1.4558743654820332,
	"roll" : -1.4274562621397948,
	"x" : 0.01351517366508527,
	"y" : -0.20830601782242986,
	"yaw" : 1.3723339185381085,
	"z" : -0.17038431470700111
}
