{
	"pitch" : 1.4685098329085939,
	"roll" : -1.5058994851534018,
	"x" : 0.038706016721366088,
	"y" : -0.046290068219884767,
	"yaw" : 1.3021911855353303,
	"z" : -0.17013131342892923
}
