{
	"pitch" : 1.496596515322755,
	"roll" : -1.5043725482613624,
	"x" : 0.072664252485049374,
	"y" : -0.025797171132645198,
	"yaw" : 1.316578131085737,
	"z" : -0.17657809013881365
}
