{
	"pitch" : 1.4821972401626449,
	"roll" : -1.6073334123478025,
	"x" : 0.027035754737535819,
	"y" : -0.00069071823205902119,
	"yaw" : 1.2138842082439167,
	"z" : -0.17065408913598037
}
