{
	"pitch" : 1.4743645971615538,
	"roll" : -1.4388243639230007,
	"x" : 0.10572576187214162,
	"y" : -0.16419561276895048,
	"yaw" : 1.3472427183804163,
	"z" : -0.16858867425537347
}
