{
	"pitch" : 1.4685165177532975,
	"roll" : -1.4124469014536878,
	"x" : 0.063943952367641096,
	"y" : -0.061368522771473089,
	"yaw" : 1.4045640698685879,
	"z" : -0.16914035508189243
}
