{
	"pitch" : 1.4912111052235637,
	"roll" : -1.4372127972900526,
	"x" : 0.069781412973826312,
	"y" : -0.033177621504449105,
	"yaw" : 1.3793502595618266,
	"z" : -0.16793716408512868
}
