{
	"pitch" : 1.4727539929193962,
	"roll" : -1.5462185440475913,
	"x" : 0.039703347861822655,
	"y" : -0.046225597159612136,
	"yaw" : 1.2734567922606663,
	"z" : -0.16983294776720118
}
