{
	"pitch" : 1.4674828102447866,
	"roll" : -1.5455702296882257,
	"x" : 0.019707618967790635,
	"y" : -0.18531698154032472,
	"yaw" : 1.2645011820273986,
	"z" : -0.095760161439506108
}
