{
	"pitch" : 1.4661303870395439,
	"roll" : -1.5051376788998707,
	"x" : 0.063415768594348262,
	"y" : -0.055534666361148455,
	"yaw" : 1.3029778232382963,
	"z" : -0.16933992755792104
}
