{
	"pitch" : 1.458829191993863,
	"roll" : -1.4886742971391647,
	"x" : 0.011753088282785318,
	"y" : -0.21148227768649674,
	"yaw" : 1.3192195098511474,
	"z" : -0.070099974848845892
}
