{
	"pitch" : 1.4702295667444454,
	"roll" : -1.5923440911999376,
	"x" : 0.03275187693428612,
	"y" : -0.035566934536301054,
	"yaw" : 1.2165102598478934,
	"z" : -0.17021098689638717
}
