{
	"pitch" : 1.484073009641607,
	"roll" : -1.4029852334419113,
	"x" : 0.11354145721370998,
	"y" : -0.04644908821031471,
	"yaw" : 1.4161010770144775,
	"z" : -0.16854236810508258
}
