{
	"pitch" : 1.4908946550714643,
	"roll" : -1.4283546858493072,
	"x" : 0.060563395047518565,
	"y" : -0.02054867367657378,
	"yaw" : 1.3933567256067287,
	"z" : -0.16921421463929165
}
