{
	"pitch" : 1.4775992368225908,
	"roll" : -1.6152900079213421,
	"x" : 0.053703121736753935,
	"y" : -0.12785323591616077,
	"yaw" : 1.1917640561479836,
	"z" : -0.17011385581631758
}
