{
	"pitch" : 1.4775324714615834,
	"roll" : -1.5860009621302917,
	"x" : 0.026919940801816332,
	"y" : -0.018402534038559785,
	"yaw" : 1.2335629936288253,
	"z" : -0.17069240957108395
}
