{
	"pitch" : 1.4751765458392612,
	"roll" : -1.5664083940568743,
	"x" : 0.049822240011881881,
	"y" : -0.027171992907850086,
	"yaw" : 1.245926817671362,
	"z" : -0.17038091873949135
}
