{
	"pitch" : 1.4475749330467764,
	"roll" : -1.4254253511530319,
	"x" : -0.016112397857326516,
	"y" : -0.30887259104849701,
	"yaw" : 1.3765951457297585,
	"z" : -0.17322998365542808
}
