{
	"pitch" : 1.4720289497722885,
	"roll" : -1.323238552621401,
	"x" : 0.019236765326488263,
	"y" : -0.19599446760536948,
	"yaw" : 1.4913009744990529,
	"z" : -0.26269941699350652
}
