{
	"pitch" : 1.4756150917032076,
	"roll" : -1.5453188774281996,
	"x" : 0.044984143125649349,
	"y" : -0.11046423103132563,
	"yaw" : 1.2717846039296143,
	"z" : -0.16938308334642974
}
