{
	"pitch" : 1.4857559766012136,
	"roll" : -1.5290458619148379,
	"x" : 0.076720984158256775,
	"y" : -0.012186566071434422,
	"yaw" : 1.2859864818506532,
	"z" : -0.11909408235253857
}
