{
	"pitch" : 1.4980749863311429,
	"roll" : -1.4715102541722915,
	"x" : 0.11549201922042707,
	"y" : 0.021620033296158907,
	"yaw" : 1.3574194879839077,
	"z" : -0.16999381758118881
}
