{
	"pitch" : 1.4685801986249434,
	"roll" : -1.5428888387470485,
	"x" : 0.021325453340932804,
	"y" : -0.18051529980369782,
	"yaw" : 1.2670978861580158,
	"z" : -0.10094456721108033
}
