{
	"pitch" : 1.469868902543646,
	"roll" : -1.6114977681376779,
	"x" : -0.032102034418688696,
	"y" : -0.11916991346120775,
	"yaw" : 1.1996230538151245,
	"z" : -0.17159937189982055
}
