{
	"pitch" : 1.470300072626914,
	"roll" : -1.5471868997780405,
	"x" : 0.06806662431710403,
	"y" : -0.044132870715882483,
	"yaw" : 1.2591984740547906,
	"z" : -0.20883491768409473
}
