{
	"pitch" : 1.4798397886844616,
	"roll" : -1.4336956498893982,
	"x" : 0.095846434686505069,
	"y" : -0.059640950425720332,
	"yaw" : 1.3831696841032575,
	"z" : -0.16854749246471684
}
