{
	"pitch" : 1.4970103343587282,
	"roll" : -1.5196088946099031,
	"x" : 0.092702551936466232,
	"y" : 0.036280689853797114,
	"yaw" : 1.3010921001128231,
	"z" : -0.1706676413462252
}
