{
	"pitch" : 1.4792175762413093,
	"roll" : -1.4207359987180104,
	"x" : 0.087012862767970045,
	"y" : -0.06178079782678525,
	"yaw" : 1.3956222352416394,
	"z" : -0.16896416178921667
}
