{
	"pitch" : 1.4552991567233071,
	"roll" : -1.3501044322606435,
	"x" : 0.017717961299625204,
	"y" : -0.20222882199023567,
	"yaw" : 1.4619633219083699,
	"z" : -0.26426211625841267
}
