{
	"pitch" : 1.4920180165192296,
	"roll" : -1.5205697399141551,
	"x" : 0.071194656155563335,
	"y" : -0.01837406997120004,
	"yaw" : 1.2979233619162351,
	"z" : -0.1699259021182804
}
