{
	"pitch" : 1.4611555806704961,
	"roll" : -1.3323781274497477,
	"x" : 0.11173221966978238,
	"y" : -0.23948152026691871,
	"yaw" : 1.4747887906071693,
	"z" : -0.16860068507530085
}
