{
	"pitch" : 1.493141451903929,
	"roll" : -1.3701797362538346,
	"x" : 0.12802540648362487,
	"y" : -0.005119239109352235,
	"yaw" : 1.4532624914636558,
	"z" : -0.16859635129947007
}
