{
	"pitch" : 1.4699582912484157,
	"roll" : -1.52445697325278,
	"x" : 0.054321329424838506,
	"y" : -0.056532269769978577,
	"yaw" : 1.2920545603584441,
	"z" : -0.16927783152224257
}
