{
	"pitch" : 1.4770051662132295,
	"roll" : -1.6003090769552428,
	"x" : 0.042414899931812904,
	"y" : -0.1228421789359881,
	"yaw" : 1.2175367825427736,
	"z" : -0.15891032279395956
}
