{
	"pitch" : 1.4629231652836876,
	"roll" : -1.2923891109572696,
	"x" : 0.10930570036279498,
	"y" : -0.24239106143446221,
	"yaw" : 1.5220229992943368,
	"z" : -0.16822816644240884
}
