{
	"pitch" : 1.4768474025520546,
	"roll" : -1.5562784014186828,
	"x" : 0.03084796365726452,
	"y" : -0.03390218072246283,
	"yaw" : 1.2641226678628417,
	"z" : -0.16974410105220314
}
