{
	"pitch" : 1.4694918852179539,
	"roll" : -1.4899534861239765,
	"x" : 0.041855801321989308,
	"y" : -0.049613065544550181,
	"yaw" : 1.3199914586418311,
	"z" : -0.16962506593623267
}
