{
	"pitch" : 1.493621959334114,
	"roll" : -1.5552642787052096,
	"x" : 0.077468884398864415,
	"y" : 0.0394958750535013,
	"yaw" : 1.2741008778301053,
	"z" : -0.17101518605139734
}
