{
	"pitch" : 1.4849666796363332,
	"roll" : -1.3919780998753699,
	"x" : 0.11788681541050387,
	"y" : -0.041184221098835828,
	"yaw" : 1.425541774464518,
	"z" : -0.16814095644976113
}
