{
	"pitch" : 1.4732363224706082,
	"roll" : -1.5213155326378582,
	"x" : 0.071185034414173773,
	"y" : -0.033747600288371912,
	"yaw" : 1.2861631455329328,
	"z" : -0.21514745046770128
}
