{
	"pitch" : 1.4980420035926927,
	"roll" : -1.4095171959585671,
	"x" : 0.12341705876373034,
	"y" : 0.0095775529132892459,
	"yaw" : 1.413263877535841,
	"z" : -0.16968976586451701
}
