{
	"pitch" : 1.4866132197357218,
	"roll" : -1.5859147202013353,
	"x" : 0.033927103406088406,
	"y" : 0.01567270182146378,
	"yaw" : 1.2358031403060206,
	"z" : -0.17061854956855632
}
