{
	"pitch" : 1.4884184318683522,
	"roll" : -1.6040764330830388,
	"x" : 0.083168352567538961,
	"y" : 0.0067451946576212538,
	"yaw" : 1.2113708311765552,
	"z" : -0.12429103256271487
}
