{
	"pitch" : 1.4714238145605949,
	"roll" : -1.5453238773815432,
	"x" : 0.030258545452681126,
	"y" : -0.036106753146792882,
	"yaw" : 1.2622372020246118,
	"z" : -0.16988614742138913
}
