{
	"pitch" : 1.4926810824114398,
	"roll" : -1.5442893548406107,
	"x" : 0.092853018083841693,
	"y" : 0.0356446570134724,
	"yaw" : 1.2780493020183741,
	"z" : -0.17763635404531694
}
