{
	"pitch" : 1.4653075427453754,
	"roll" : -1.3749095227832795,
	"x" : 0.030518421789695993,
	"y" : -0.15412524681693279,
	"yaw" : 1.4426267086235991,
	"z" : -0.21345724002811109
}
