{
	"pitch" : 1.4726484962082418,
	"roll" : -1.4987756796216236,
	"x" : 0.071788416842943334,
	"y" : -0.027237110057294567,
	"yaw" : 1.3032251035908338,
	"z" : -0.16978220926628396
}
