{
	"pitch" : 1.4909691306373551,
	"roll" : -1.4109335085658015,
	"x" : 0.059040615942001301,
	"y" : -0.021232881234177152,
	"yaw" : 1.4103150912763831,
	"z" : -0.169133506675999
}
