{
	"pitch" : 1.4514542408220683,
	"roll" : -1.3916839870493829,
	"x" : 0.016375417163229988,
	"y" : -0.19761817106078478,
	"yaw" : 1.4103904293680898,
	"z" : -0.17005761253605925
}
