{
	"pitch" : 1.4721719001584133,
	"roll" : -1.5009642417037319,
	"x" : 0.053624116421206014,
	"y" : -0.088874353785646218,
	"yaw" : 1.3082309295230399,
	"z" : -0.16931289494869661
}
