{
	"pitch" : 1.4891874641558791,
	"roll" : -1.5712152249370839,
	"x" : 0.082707975422879346,
	"y" : 0.0049268607343491162,
	"yaw" : 1.2431413125731581,
	"z" : -0.12324931574172288
}
