{
	"pitch" : 1.480826573316117,
	"roll" : -1.3912441764410521,
	"x" : 0.087492626355693257,
	"y" : -0.062242301469562403,
	"yaw" : 1.4342721422007074,
	"z" : -0.16847676362508485
}
