{
	"pitch" : 1.4613805589345645,
	"roll" : -1.5750705509569716,
	"x" : -0.0048843869802326495,
	"y" : -0.1367315732146076,
	"yaw" : 1.2337514615201617,
	"z" : -0.17218609706279164
}
