{
	"pitch" : 1.4808448373614751,
	"roll" : -1.5417575116000601,
	"x" : 0.046209173277798402,
	"y" : -0.11202626178631177,
	"yaw" : 1.2780685841480575,
	"z" : -0.16973029105118526
}
