{
	"pitch" : 1.4689764799249496,
	"roll" : -1.4440128770439646,
	"x" : 0.065279763677057109,
	"y" : -0.061854360385277259,
	"yaw" : 1.3719205232903764,
	"z" : -0.16916427268638823
}
