{
	"pitch" : 1.4654228806709304,
	"roll" : -1.4820115725973184,
	"x" : -0.0010072238280022655,
	"y" : -0.25496372422470887,
	"yaw" : 1.3328446041298931,
	"z" : -0.11628770315378865
}
