{
	"pitch" : 1.457903042447708,
	"roll" : -1.3802158768437929,
	"x" : 0.0082028524027807637,
	"y" : -0.29624570086161861,
	"yaw" : 1.4309569950093297,
	"z" : -0.17221709914690425
}
