{
	"pitch" : 1.4842908511813451,
	"roll" : -1.3166373990982045,
	"x" : 0.12038610654359327,
	"y" : -0.037002005387833832,
	"yaw" : 1.5053728761152845,
	"z" : -0.16837412194163048
}
