{
	"pitch" : 1.4963589872784322,
	"roll" : -1.3855136697852437,
	"x" : 0.12235761881182154,
	"y" : 0.011746427198600444,
	"yaw" : 1.4392169295865707,
	"z" : -0.169477790463296
}
