{
	"pitch" : 1.4672929303223576,
	"roll" : -1.5105392584469459,
	"x" : 0.011025362897764276,
	"y" : -0.21477212588983868,
	"yaw" : 1.3029560047667246,
	"z" : -0.074082619384902265
}
