{
	"pitch" : 1.4586338127126752,
	"roll" : -1.3819435031679288,
	"x" : 0.046676289945420682,
	"y" : -0.1041084796661958,
	"yaw" : 1.4181663811408631,
	"z" : -0.16843534076529637
}
