{
	"pitch" : 1.488570458426161,
	"roll" : -1.4151801609476291,
	"x" : 0.070335086804691915,
	"y" : -0.015148823221936888,
	"yaw" : 1.4027398627335759,
	"z" : -0.16892917369999896
}
