{
	"pitch" : 1.4924306517735915,
	"roll" : -1.559004340359216,
	"x" : 0.069918789135443832,
	"y" : 0.039276529630188489,
	"yaw" : 1.2697296061976351,
	"z" : -0.17127666044977088
}
