{
	"pitch" : 1.4738721037138407,
	"roll" : -1.5733708888838698,
	"x" : 0.030475836512824275,
	"y" : -0.032298003442332898,
	"yaw" : 1.2409847375145053,
	"z" : -0.16970791630442925
}
