{
	"pitch" : 1.4575680524422008,
	"roll" : -1.3444852588750553,
	"x" : 0.014498542307642227,
	"y" : -0.20882892406182568,
	"yaw" : 1.467831702243507,
	"z" : -0.27095414251019601
}
