{
	"pitch" : 1.476823857173293,
	"roll" : -1.4138748431202046,
	"x" : 0.076709706682741227,
	"y" : -0.063601782225537584,
	"yaw" : 1.4054462554576097,
	"z" : -0.16834662344212148
}
