{
	"pitch" : 1.4928756294336607,
	"roll" : -1.3204207949842912,
	"x" : 0.12772027819973292,
	"y" : -0.0080360469838005825,
	"yaw" : 1.5007229938160467,
	"z" : -0.1682611392091313
}
