{
	"pitch" : 1.4766696753766091,
	"roll" : -1.552100793428826,
	"x" : 0.028102083973120077,
	"y" : -0.025407517536478942,
	"yaw" : 1.2688571845757279,
	"z" : -0.17012163506490741
}
