{
	"pitch" : 1.480227359318367,
	"roll" : -1.6140087510312671,
	"x" : 0.0433509543495081,
	"y" : -0.11871431753061921,
	"yaw" : 1.2038185784844169,
	"z" : -0.1632479349201745
}
