{
	"pitch" : 1.4781940874930137,
	"roll" : -1.3846595477088854,
	"x" : 0.088561776559910765,
	"y" : -0.061373201116242317,
	"yaw" : 1.4416285660714059,
	"z" : -0.16843990643405674
}
