{
	"pitch" : 1.4453184067475824,
	"roll" : -1.3683255379188626,
	"x" : -0.013586935749674303,
	"y" : -0.30412099377854745,
	"yaw" : 1.4343404849047585,
	"z" : -0.17383884931988069
}
