{
	"pitch" : 1.49312825914356,
	"roll" : -1.5518718663360165,
	"x" : 0.092952111079197763,
	"y" : 0.035562919241516291,
	"yaw" : 1.2697392182932894,
	"z" : -0.17887780480585611
}
