{
	"pitch" : 1.4763500405551722,
	"roll" : -1.5560083975317154,
	"x" : 0.031932915221662334,
	"y" : -0.034987701639890026,
	"yaw" : 1.2643010741205376,
	"z" : -0.17007829248213047
}
