{
	"pitch" : 1.4501816865284909,
	"roll" : -1.2720972881354475,
	"x" : 0.05825251368057395,
	"y" : -0.30151045965318157,
	"yaw" : 1.5334332257064864,
	"z" : -0.16955886662246747
}
