{
	"pitch" : 1.4804588212465213,
	"roll" : -1.533322810820599,
	"x" : 0.078581033414799592,
	"y" : -0.011385567622041437,
	"yaw" : 1.2777813795542983,
	"z" : -0.22017169669981404
}
