{
	"pitch" : 1.4919308543267848,
	"roll" : -1.5515625238986623,
	"x" : 0.092029673926987951,
	"y" : 0.032857062617650784,
	"yaw" : 1.2671506414824001,
	"z" : -0.18807856861475231
}
