{
	"pitch" : 1.4686729117848907,
	"roll" : -1.5582994343726033,
	"x" : 0.042950610947326634,
	"y" : -0.050529077790245916,
	"yaw" : 1.2521481263186212,
	"z" : -0.16973389637162722
}
