{
	"pitch" : 1.5031042713687246,
	"roll" : -1.4829088723232733,
	"x" : 0.10818129976639526,
	"y" : 0.029503238834200508,
	"yaw" : 1.3481099726061925,
	"z" : -0.17005592984977619
}
