{
	"pitch" : 1.4734416337511622,
	"roll" : -1.4528000074804519,
	"x" : 0.061008542304048272,
	"y" : -0.058941321756265222,
	"yaw" : 1.3628727937811993,
	"z" : -0.15485928127829576
}
