{
	"pitch" : 1.4786358344195918,
	"roll" : -1.4316821410118792,
	"x" : 0.086744032671750043,
	"y" : -0.061953054499774667,
	"yaw" : 1.3860488805564564,
	"z" : -0.1684871955599328
}
