{
	"pitch" : 1.4932913271110577,
	"roll" : -1.6231109496420615,
	"x" : 0.091132488539868689,
	"y" : 0.02933828274604653,
	"yaw" : 1.1973800458751265,
	"z" : -0.14535175453915308
}
