{
	"pitch" : 1.4772184088961686,
	"roll" : -1.4919613434612824,
	"x" : 0.074094696464932441,
	"y" : -0.020976660327248226,
	"yaw" : 1.3205709335323237,
	"z" : -0.17001552203707518
}
