{
	"pitch" : 1.4677126034092611,
	"roll" : -1.5271669004497972,
	"x" : 0.064714900631444305,
	"y" : -0.054002256840091689,
	"yaw" : 1.2795704087841151,
	"z" : -0.19527341379041202
}
