{
	"pitch" : 1.4757226125315468,
	"roll" : -1.4780155708955287,
	"x" : 0.061077355141583842,
	"y" : -0.060800418743131149,
	"yaw" : 1.3366715508879055,
	"z" : -0.16391516359230252
}
