{
	"pitch" : 1.4622859795162961,
	"roll" : -1.3058691535341374,
	"x" : 0.014803278827431661,
	"y" : -0.20913509103635794,
	"yaw" : 1.5053546969891825,
	"z" : -0.27087909721454279
}
