{
	"pitch" : 1.4921221432136307,
	"roll" : -1.4741694119078546,
	"x" : 0.073248097950520313,
	"y" : -0.022430641922286394,
	"yaw" : 1.3395065834109965,
	"z" : -0.16897252713756108
}
