{
	"pitch" : 1.4854283337540835,
	"roll" : -1.5550947591145827,
	"x" : 0.075974230689837843,
	"y" : -0.014097989214431828,
	"yaw" : 1.2605926372263141,
	"z" : -0.17005618073315576
}
