{
	"pitch" : 1.4847279762333447,
	"roll" : -1.6483324116204479,
	"x" : 0.042831370786895355,
	"y" : 0.026109305224231692,
	"yaw" : 1.1732546537842992,
	"z" : -0.17163517946633805
}
