{
	"pitch" : 1.4936291306481588,
	"roll" : -1.601319097314948,
	"x" : 0.08729166342824593,
	"y" : 0.019190702896274711,
	"yaw" : 1.2157363229245153,
	"z" : -0.13158084806279227
}
