{
	"pitch" : 1.4780643020354765,
	"roll" : -1.5226701944639707,
	"x" : 0.066181161069917602,
	"y" : -0.043882009686410137,
	"yaw" : 1.2891810835104578,
	"z" : -0.13102028712644107
}
