{
	"pitch" : 1.4936829505727356,
	"roll" : -1.5122119462325816,
	"x" : 0.065562806375983496,
	"y" : -0.043823400856848389,
	"yaw" : 1.299106412504478,
	"z" : -0.18575259652258005
}
