{
	"pitch" : 1.4516836852455426,
	"roll" : -1.3872342426066975,
	"x" : 0.016193372995450789,
	"y" : -0.19979503533367007,
	"yaw" : 1.4129191366939182,
	"z" : -0.17008626424124723
}
