{
	"pitch" : 1.500662240202796,
	"roll" : -1.4699368215324569,
	"x" : 0.11360271404324031,
	"y" : 0.02373016235502377,
	"yaw" : 1.3598188812707712,
	"z" : -0.16992839346175695
}
