{
	"pitch" : 1.4691149517124151,
	"roll" : -1.5701369716540943,
	"x" : -0.032734721125164484,
	"y" : -0.11880136514731052,
	"yaw" : 1.2408925908322612,
	"z" : -0.17150650132411563
}
