{
	"pitch" : 1.4799283718583642,
	"roll" : -1.4379696222359948,
	"x" : 0.086617819334121215,
	"y" : -0.061734323017596147,
	"yaw" : 1.3792278999534739,
	"z" : -0.16858407925576324
}
