{
	"pitch" : 1.4867319549427371,
	"roll" : -1.3117300313032441,
	"x" : 0.12116070330703961,
	"y" : -0.035916069475626727,
	"yaw" : 1.5063679538955839,
	"z" : -0.16810204698149089
}
