{
	"pitch" : 1.501243811242281,
	"roll" : -1.508672779083212,
	"x" : 0.11434524487954822,
	"y" : 0.023165794544031781,
	"yaw" : 1.3221766139709021,
	"z" : -0.16961579342664151
}
