{
	"pitch" : 1.4617856186800082,
	"roll" : -1.3188664094982732,
	"x" : 0.086649477037232761,
	"y" : -0.25574787255749415,
	"yaw" : 1.4924880617281757,
	"z" : -0.16869234998769711
}
