{
	"pitch" : 1.4671935333331867,
	"roll" : -1.5451250337551765,
	"x" : 0.02033769312262669,
	"y" : -0.18257986491339823,
	"yaw" : 1.2646140833685529,
	"z" : -0.098427906826518322
}
