{
	"pitch" : 1.4618387330443032,
	"roll" : -1.3624535156725781,
	"x" : 0.031123797901182068,
	"y" : -0.28340319597076125,
	"yaw" : 1.4423445667017698,
	"z" : -0.17159074408911379
}
