{
	"pitch" : 1.4737841588661216,
	"roll" : -1.6597125737689402,
	"x" : 0.027556745789428259,
	"y" : -0.019662657339958929,
	"yaw" : 1.1536698306079058,
	"z" : -0.17082447373673265
}
