{
	"pitch" : 1.4883047502738218,
	"roll" : -1.6176402094084081,
	"x" : 0.057045020431570601,
	"y" : 0.035264530976330463,
	"yaw" : 1.2083932058626019,
	"z" : -0.17122401520305225
}
