{
	"pitch" : 1.4643222457453891,
	"roll" : -1.600882797087974,
	"x" : -0.00053542152122154629,
	"y" : -0.12884493814725662,
	"yaw" : 1.2111727686183558,
	"z" : -0.17182268388683528
}
