{
	"pitch" : 1.4946508237209999,
	"roll" : -1.434730115351136,
	"x" : 0.12592401463136646,
	"y" : 0.0029543827697913611,
	"yaw" : 1.3917090973880639,
	"z" : -0.17000653598595344
}
