{
	"pitch" : 1.4774383403647007,
	"roll" : -1.4561039550630617,
	"x" : 0.076757439086718809,
	"y" : -0.013668249068618856,
	"yaw" : 1.3399912866954291,
	"z" : -0.17065345802311799
}
