{
	"pitch" : 1.4554252867493531,
	"roll" : -1.429257911980816,
	"x" : 0.013480494908774697,
	"y" : -0.21084783662279283,
	"yaw" : 1.3707671909028363,
	"z" : -0.17024687182359932
}
