{
	"pitch" : 1.4528632696880939,
	"roll" : -1.4631069616598711,
	"x" : 0.014877130993057285,
	"y" : -0.20889168830214155,
	"yaw" : 1.3388431190077381,
	"z" : -0.17113446886881176
}
