{
	"pitch" : 1.4687976291549567,
	"roll" : -1.436634161371815,
	"x" : 0.057378891760754891,
	"y" : -0.059473476422989696,
	"yaw" : 1.377706443182614,
	"z" : -0.16922108932820129
}
