{
	"pitch" : 1.454966616792184,
	"roll" : -1.4447455866401624,
	"x" : 0.01378298217213407,
	"y" : -0.2096652787586519,
	"yaw" : 1.357988271420778,
	"z" : -0.17024722191329314
}
