{
	"pitch" : 1.4587551659373972,
	"roll" : -1.4550988892995793,
	"x" : 0.036831984557181147,
	"y" : -0.13894660480766322,
	"yaw" : 1.3500160114739903,
	"z" : -0.1696222410090886
}
