{
	"pitch" : 1.4618345520874929,
	"roll" : -1.4973894371536092,
	"x" : 0.065058909597870723,
	"y" : -0.047665230286333043,
	"yaw" : 1.3054191358688716,
	"z" : -0.16946910909278587
}
