{
	"pitch" : 1.4747951978390466,
	"roll" : -1.4797751882107733,
	"x" : 0.06259036051090229,
	"y" : -0.06166214184453124,
	"yaw" : 1.3252595566647736,
	"z" : -0.16945957747970802
}
