{
	"pitch" : 1.4595537843805266,
	"roll" : -1.4324203621898026,
	"x" : -0.011192702961341922,
	"y" : -0.28640111908152177,
	"yaw" : 1.3854910143610872,
	"z" : -0.15037674967106002
}
