{
	"pitch" : 1.4983921267053488,
	"roll" : -1.5162993301078869,
	"x" : 0.084413321749957249,
	"y" : 0.038748335775388526,
	"yaw" : 1.3176110861187069,
	"z" : -0.17077765100103365
}
