{
	"pitch" : 1.4701241100663129,
	"roll" : -1.5153395965411967,
	"x" : 0.067802207669642997,
	"y" : -0.044070653670251272,
	"yaw" : 1.29070057082685,
	"z" : -0.20878144413229605
}
