{
	"pitch" : 1.4663539075296881,
	"roll" : -1.3340305111973687,
	"x" : 0.096751344100295442,
	"y" : -0.2486796647040169,
	"yaw" : 1.4734444025380093,
	"z" : -0.16820632560442447
}
