{
	"pitch" : 1.4868929840750111,
	"roll" : -1.371740584684513,
	"x" : 0.1229208738342355,
	"y" : -0.03324931269864885,
	"yaw" : 1.4478139893957507,
	"z" : -0.16873328660244036
}
