{
	"pitch" : 1.4676483586696176,
	"roll" : -1.4660302655477733,
	"x" : 0.04893380092392996,
	"y" : -0.05522964937372337,
	"yaw" : 1.344799117115081,
	"z" : -0.16921131380531482
}
