{
	"pitch" : 1.4716976171275187,
	"roll" : -1.4521583747349645,
	"x" : 0.069097648601223624,
	"y" : -0.062116026309127215,
	"yaw" : 1.357280820063562,
	"z" : -0.16862961929106599
}
