{
	"pitch" : 1.4731404632010809,
	"roll" : -1.5459401395904606,
	"x" : 0.077158025386536655,
	"y" : -0.013740398194416976,
	"yaw" : 1.25450242417361,
	"z" : -0.17022197454473151
}
