{
	"pitch" : 1.469177053705734,
	"roll" : -1.5787065144899839,
	"x" : -0.032831309306883591,
	"y" : -0.11892289405848096,
	"yaw" : 1.2325673705948508,
	"z" : -0.1714658753674253
}
