{
	"pitch" : 1.4779087537365714,
	"roll" : -1.4594954235332602,
	"x" : 0.010529696725716853,
	"y" : -0.075053381137004146,
	"yaw" : 1.3666747733025,
	"z" : -0.17105068171286236
}
