{
	"pitch" : 1.4931983756211538,
	"roll" : -1.3704962043831044,
	"x" : 0.12806831008884006,
	"y" : -0.0051338837308739851,
	"yaw" : 1.4529284954929653,
	"z" : -0.16855760009443782
}
