{
	"pitch" : 1.4743789578444784,
	"roll" : -1.524187623932906,
	"x" : 0.044769720745975718,
	"y" : -0.11097796903528158,
	"yaw" : 1.2906028191224956,
	"z" : -0.16952787942971384
}
