{
	"pitch" : 1.4682035445655826,
	"roll" : -1.5492818767714074,
	"x" : 0.064977338708580232,
	"y" : -0.054672668545817614,
	"yaw" : 1.2573211069444243,
	"z" : -0.19358407620571758
}
