{
	"pitch" : 1.4839787185785567,
	"roll" : -1.5980189017766875,
	"x" : 0.083325866485789699,
	"y" : 0.0020380885930146482,
	"yaw" : 1.2177017304501268,
	"z" : -0.21844021179920065
}
