{
	"pitch" : 1.4692247276823265,
	"roll" : -1.4466975559773685,
	"x" : 0.061224209747787736,
	"y" : -0.061065936039184712,
	"yaw" : 1.3599576339188493,
	"z" : -0.16919502435767925
}
