{
	"pitch" : 1.4511132956502131,
	"roll" : -1.359111017150108,
	"x" : -0.0076375003347510656,
	"y" : -0.27666203388607991,
	"yaw" : 1.4405234875215915,
	"z" : -0.17283606317086653
}
