{
	"pitch" : 1.4616501714247987,
	"roll" : -1.3085189888505731,
	"x" : 0.11186191923915476,
	"y" : -0.24114175143086555,
	"yaw" : 1.5046176152860429,
	"z" : -0.16788716725004521
}
