{
	"pitch" : 1.4737946421742303,
	"roll" : -1.5249748134911141,
	"x" : 0.056924961992739428,
	"y" : -0.02260606035209407,
	"yaw" : 1.288282411061594,
	"z" : -0.17035013837351118
}
