{
	"pitch" : 1.4546511084639795,
	"roll" : -1.4326506334136784,
	"x" : -0.013999247822417765,
	"y" : -0.29466354390939886,
	"yaw" : 1.3748498991094757,
	"z" : -0.15785333491166081
}
