{
	"pitch" : 1.4735869668823598,
	"roll" : -1.4411525842544972,
	"x" : 0.10549531149443564,
	"y" : -0.16405025547304997,
	"yaw" : 1.3463288606661015,
	"z" : -0.16871132789033927
}
