{
	"pitch" : 1.4908233350169038,
	"roll" : -1.5344131714150113,
	"x" : 0.082293227756930015,
	"y" : 0.0045303669262444571,
	"yaw" : 1.2794993101951022,
	"z" : -0.12264974426226277
}
