{
	"pitch" : 1.4839542670151362,
	"roll" : -1.4113236993674949,
	"x" : 0.11185500061184166,
	"y" : -0.048656430435198871,
	"yaw" : 1.4074261845109459,
	"z" : -0.16862134809892809
}
