{
	"pitch" : 1.4624205027616353,
	"roll" : -1.5186227801584571,
	"x" : 0.021129244007226419,
	"y" : -0.12125589280774395,
	"yaw" : 1.2859446042456899,
	"z" : -0.17096915292346596
}
