{
	"pitch" : 1.4842551526357419,
	"roll" : -1.3197050075267704,
	"x" : 0.12016377309390611,
	"y" : -0.037410085958478667,
	"yaw" : 1.5021824550979563,
	"z" : -0.16836489431365079
}
