{
	"pitch" : 1.4418981982824628,
	"roll" : -1.3669429835423668,
	"x" : -0.01491815332929991,
	"y" : -0.3011187369178554,
	"yaw" : 1.4370924416843462,
	"z" : -0.17372613150357485
}
