{
	"pitch" : 1.4976290858304473,
	"roll" : -1.4162666341455241,
	"x" : 0.11044715213158506,
	"y" : 0.025831842455227398,
	"yaw" : 1.4114722486335698,
	"z" : -0.16947315435241872
}
