{
	"pitch" : 1.4533989525544784,
	"roll" : -1.4517524881626283,
	"x" : 0.02168843213484252,
	"y" : -0.18352951498906447,
	"yaw" : 1.352961202905774,
	"z" : -0.17025681280469918
}
