{
	"pitch" : 1.4682689098472808,
	"roll" : -1.5397640173486884,
	"x" : 0.020947474390340705,
	"y" : -0.18116855582853725,
	"yaw" : 1.2701104352406234,
	"z" : -0.10019620844060653
}
