{
	"pitch" : 1.4948194560604611,
	"roll" : -1.565132807145198,
	"x" : 0.088351279776797756,
	"y" : 0.024907303207046247,
	"yaw" : 1.2528175572541254,
	"z" : -0.13759643927745902
}
