{
	"pitch" : 1.4541343109022715,
	"roll" : -1.4313049881795505,
	"x" : 0.012275084430910368,
	"y" : -0.21389721792415098,
	"yaw" : 1.3677367325687615,
	"z" : -0.16999676597263336
}
