{
	"pitch" : 1.4542135400519616,
	"roll" : -1.4590337562769089,
	"x" : 0.014753043607956068,
	"y" : -0.20897198146084434,
	"yaw" : 1.3424643991410887,
	"z" : -0.17080761199826852
}
