{
	"pitch" : 1.4750970654515414,
	"roll" : -1.5721726479785165,
	"x" : 0.065477628280144196,
	"y" : -0.050151276037834619,
	"yaw" : 1.2408115302210043,
	"z" : -0.13745571235401072
}
