{
	"pitch" : 1.4883035922215717,
	"roll" : -1.6074320625804484,
	"x" : 0.083330686021758693,
	"y" : 0.0075217937269610319,
	"yaw" : 1.2082489357329489,
	"z" : -0.12467238546281195
}
