{
	"pitch" : 1.4667406310374691,
	"roll" : -1.4779432590940926,
	"x" : 0.041736465714673897,
	"y" : -0.12325062525478589,
	"yaw" : 1.3322033323171947,
	"z" : -0.18185759360826229
}
