{
	"pitch" : 1.455081643394333,
	"roll" : -1.4627059936132414,
	"x" : 0.013718636555713246,
	"y" : -0.20871823194366593,
	"yaw" : 1.3391257577138098,
	"z" : -0.17052791242682647
}
