{
	"pitch" : 1.4444759874705007,
	"roll" : -1.3812262281527103,
	"x" : -0.013173682217081664,
	"y" : -0.29140545235995013,
	"yaw" : 1.4231785845482179,
	"z" : -0.17267868360523267
}
