{
	"pitch" : 1.4610369937014476,
	"roll" : -1.5093215550630379,
	"x" : 0.010712527533687746,
	"y" : -0.20983190882000008,
	"yaw" : 1.2974646547921409,
	"z" : -0.070943663662674988
}
