{
	"pitch" : 1.4847631581217904,
	"roll" : -1.6593508903555911,
	"x" : 0.04260415060254296,
	"y" : 0.025586178726036302,
	"yaw" : 1.1626378727338464,
	"z" : -0.17137218310232258
}
