{
	"pitch" : 1.4844578538747724,
	"roll" : -1.635185842063823,
	"x" : 0.029704070458390699,
	"y" : 0.0062977017772198988,
	"yaw" : 1.187690828344794,
	"z" : -0.17097776574247137
}
