{
	"pitch" : 1.4978375134871558,
	"roll" : -1.434238914121956,
	"x" : 0.11988685575448982,
	"y" : 0.014894147031146235,
	"yaw" : 1.3894333230455786,
	"z" : -0.16966751228003563
}
