{
	"pitch" : 1.468741586797899,
	"roll" : -1.4405517556051557,
	"x" : 0.065217787312674219,
	"y" : -0.061782109392873194,
	"yaw" : 1.3754751703851116,
	"z" : -0.16923196615946828
}
