{
	"pitch" : 1.4705916586519321,
	"roll" : -1.4454075381988396,
	"x" : 0.066361420750644051,
	"y" : -0.062315773274159686,
	"yaw" : 1.3703200629149366,
	"z" : -0.16903952426917221
}
