{
	"pitch" : 1.4936780522925641,
	"roll" : -1.6286828623229297,
	"x" : 0.092670630659207318,
	"y" : 0.035107252461684085,
	"yaw" : 1.1934261537658928,
	"z" : -0.16154120663008975
}
