{
	"pitch" : 1.4787776869321489,
	"roll" : -1.3959760959279761,
	"x" : 0.089024457826174352,
	"y" : -0.061240358911640799,
	"yaw" : 1.4303487127416032,
	"z" : -0.16827693243670197
}
