{
	"pitch" : 1.485373158616458,
	"roll" : -1.6099261874150343,
	"x" : 0.046535729603747765,
	"y" : 0.029004218944349174,
	"yaw" : 1.2207587928942862,
	"z" : -0.17145424048323718
}
