{
	"pitch" : 1.4497646365314421,
	"roll" : -1.4819881917757027,
	"x" : -0.077755479819435189,
	"y" : -0.25857741525743788,
	"yaw" : 1.3201104553218623,
	"z" : -0.17448147110127699
}
