{
	"pitch" : 1.4543485609134561,
	"roll" : -1.4421802598005051,
	"x" : -0.013030602796973323,
	"y" : -0.3062315060321677,
	"yaw" : 1.3618246654091875,
	"z" : -0.17302310511954561
}
