{
	"pitch" : 1.4949187282312173,
	"roll" : -1.597964929987765,
	"x" : 0.092498066023534484,
	"y" : 0.035338958018665281,
	"yaw" : 1.2232940685580815,
	"z" : -0.16146391182749673
}
