{
	"pitch" : 1.4475799889209102,
	"roll" : -1.4173408031737824,
	"x" : -0.015047809926474226,
	"y" : -0.30826902478928442,
	"yaw" : 1.384535549954329,
	"z" : -0.17365458855732224
}
