{
	"pitch" : 1.4721718626944726,
	"roll" : -1.523223849095986,
	"x" : 0.038402516038791551,
	"y" : -0.045184771399085617,
	"yaw" : 1.2954728845184924,
	"z" : -0.16966342024971778
}
