{
	"pitch" : 1.4531606115943125,
	"roll" : -1.4177218248504955,
	"x" : 0.0048845195106299033,
	"y" : -0.2386631361243538,
	"yaw" : 1.3855798060162978,
	"z" : -0.17112511909425146
}
