{
	"pitch" : 1.4819849941351211,
	"roll" : -1.600822722361958,
	"x" : 0.026975996695322711,
	"y" : -0.00070681176352137796,
	"yaw" : 1.2204797426016558,
	"z" : -0.17065352118899338
}
