{
	"pitch" : 1.4833074414328491,
	"roll" : -1.3930627413273946,
	"x" : 0.034154204353292562,
	"y" : -0.14836201019756259,
	"yaw" : 1.4155632754880021,
	"z" : -0.23855459407914031
}
