{
	"pitch" : 1.4743865345971814,
	"roll" : -1.4720232731282208,
	"x" : 0.060863453117164158,
	"y" : -0.059577696511010775,
	"yaw" : 1.3426166644892372,
	"z" : -0.15647192216302611
}
