{
	"pitch" : 1.4818915005912656,
	"roll" : -1.3546864058652293,
	"x" : 0.024922598454575458,
	"y" : -0.17787657529148174,
	"yaw" : 1.4577089490906321,
	"z" : -0.2535463203942333
}
