{
	"pitch" : 1.491616980269256,
	"roll" : -1.4037682470536541,
	"x" : 0.064343837241182131,
	"y" : -0.053134454346763754,
	"yaw" : 1.4105686364146923,
	"z" : -0.19005761012967523
}
