{
	"pitch" : 1.4794223378764608,
	"roll" : -1.4854479218337016,
	"x" : 0.073487829547432229,
	"y" : -0.019779598596067337,
	"yaw" : 1.3209857656214157,
	"z" : -0.21990382940038894
}
