{
	"pitch" : 1.4580917571657199,
	"roll" : -1.4102833930860668,
	"x" : 0.048766029530602432,
	"y" : -0.095314228454179778,
	"yaw" : 1.3934404295361356,
	"z" : -0.16915842717715487
}
