{
	"pitch" : 1.4670335960756313,
	"roll" : -1.5102355569917048,
	"x" : 0.011012414591150585,
	"y" : -0.21474664695148285,
	"yaw" : 1.3033967145468679,
	"z" : -0.074196585017025224
}
