{
	"pitch" : 1.481703281956116,
	"roll" : -1.5465591066850048,
	"x" : 0.075561923822990248,
	"y" : -0.016080194611752297,
	"yaw" : 1.2661340785409858,
	"z" : -0.17028782503616083
}
