{
	"pitch" : 1.4804940984393422,
	"roll" : -1.6026560394666565,
	"x" : 0.043474637929458687,
	"y" : -0.1174649144059885,
	"yaw" : 1.2155887917456218,
	"z" : -0.16440960443187766
}
