{
	"pitch" : 1.4806658805514081,
	"roll" : -1.5930445828529907,
	"x" : 0.033898083411998861,
	"y" : -0.035074938955363184,
	"yaw" : 1.227600258488184,
	"z" : -0.17024553863028263
}
