{
	"pitch" : 1.45142781964573,
	"roll" : -1.3928031054511105,
	"x" : 0.016566730757197216,
	"y" : -0.19674439298137888,
	"yaw" : 1.4086849604153597,
	"z" : -0.17002672104569819
}
