{
	"pitch" : 1.4567307843884156,
	"roll" : -1.4656514773656362,
	"x" : -0.015841369752121096,
	"y" : -0.29916136339166016,
	"yaw" : 1.339448250898529,
	"z" : -0.16276946825460634
}
