{
	"pitch" : 1.4529120732947793,
	"roll" : -1.4158021427521492,
	"x" : 0.014198933172767582,
	"y" : -0.20615208592199114,
	"yaw" : 1.3888602663110918,
	"z" : -0.17042863238455247
}
