{
	"pitch" : 1.4629071319108615,
	"roll" : -1.3499000549787137,
	"x" : 0.10702717432537355,
	"y" : -0.22810206459939256,
	"yaw" : 1.4581091695116095,
	"z" : -0.16913589896989129
}
