{
	"pitch" : 1.4750376740926943,
	"roll" : -1.4319492321679825,
	"x" : 0.10604734024989657,
	"y" : -0.16431622294400716,
	"yaw" : 1.3520589273420525,
	"z" : -0.16877787525396537
}
