{
	"pitch" : 1.4881958392970982,
	"roll" : -1.4267300376195799,
	"x" : 0.070707254923591256,
	"y" : -0.014908114210458656,
	"yaw" : 1.3912156916262997,
	"z" : -0.16884075397234308
}
