{
	"pitch" : 1.4712434702268848,
	"roll" : -1.4918964149715959,
	"x" : 0.04353317322546045,
	"y" : -0.11680960195636508,
	"yaw" : 1.3186444843919953,
	"z" : -0.1750020605540373
}
