{
	"pitch" : 1.4827204385154586,
	"roll" : -1.4056738171802272,
	"x" : 0.10691590210668232,
	"y" : -0.053684377212362272,
	"yaw" : 1.4143632242263522,
	"z" : -0.16835938825368504
}
