{
	"pitch" : 1.4730098772471512,
	"roll" : -1.5845997939641427,
	"x" : 0.046124927651235173,
	"y" : -0.051360920711265565,
	"yaw" : 1.2345362604041885,
	"z" : -0.16955878677506597
}
