{
	"pitch" : 1.4809047953933629,
	"roll" : -1.617998782748824,
	"x" : 0.030577562555734038,
	"y" : 0.0075884044810307846,
	"yaw" : 1.2046704803286234,
	"z" : -0.17111371599327271
}
