{
	"pitch" : 1.4871885382001677,
	"roll" : -1.3439692683466276,
	"x" : 0.12375779776733162,
	"y" : -0.033379675116036747,
	"yaw" : 1.4806190226168194,
	"z" : -0.16890336492588165
}
