{
	"pitch" : 1.4598131607328824,
	"roll" : -1.5239976166910139,
	"x" : 0.01228305327763074,
	"y" : -0.21150615944671058,
	"yaw" : 1.2851698755967045,
	"z" : -0.070660522676638096
}
