{
	"pitch" : 1.4964582730277016,
	"roll" : -1.4962490735961478,
	"x" : 0.08325500839247213,
	"y" : 0.039062499876320295,
	"yaw" : 1.3373073337823946,
	"z" : -0.17090060776947189
}
