{
	"pitch" : 1.4722035972511103,
	"roll" : -1.510189206915753,
	"x" : 0.068089212770046231,
	"y" : -0.040315545243201009,
	"yaw" : 1.3009587673428848,
	"z" : -0.16941028147721895
}
