{
	"pitch" : 1.4780789125366462,
	"roll" : -1.5017519046571741,
	"x" : 0.065531923235042977,
	"y" : -0.045591676543815518,
	"yaw" : 1.3105192323941219,
	"z" : -0.13271399402961709
}
