{
	"pitch" : 1.4889158491616499,
	"roll" : -1.5486946980229281,
	"x" : 0.09156485854785279,
	"y" : 0.031234649385977847,
	"yaw" : 1.2684107303574481,
	"z" : -0.19201780788611297
}
