{
	"pitch" : 1.4974629167000038,
	"roll" : -1.5111463141647459,
	"x" : 0.088319851558610371,
	"y" : 0.038401631121982298,
	"yaw" : 1.3237837351853052,
	"z" : -0.17116918961118005
}
