{
	"pitch" : 1.4787339341565631,
	"roll" : -1.6173832720950878,
	"x" : 0.067236681530663492,
	"y" : -0.048449328742823067,
	"yaw" : 1.1987100645153064,
	"z" : -0.16920426767357205
}
