{
	"pitch" : 1.4452852118026167,
	"roll" : -1.3610697690784508,
	"x" : -0.013618871088814988,
	"y" : -0.30373964316240759,
	"yaw" : 1.441003445967715,
	"z" : -0.17375237282969591
}
