{
	"pitch" : 1.4755207577519647,
	"roll" : -1.5065962560903201,
	"x" : 0.072698877548952684,
	"y" : -0.028499487067879702,
	"yaw" : 1.299963390382429,
	"z" : -0.21716222835467766
}
