{
	"pitch" : 1.4816390852892902,
	"roll" : -1.449794406614173,
	"x" : 0.10383686490814933,
	"y" : -0.055797681048257983,
	"yaw" : 1.370026891349331,
	"z" : -0.16812140941537934
}
