{
	"pitch" : 1.4709171962428698,
	"roll" : -1.5523531549332303,
	"x" : -0.027413673784258324,
	"y" : -0.11236068852208819,
	"yaw" : 1.2568400481481639,
	"z" : -0.17193196529752708
}
