{
	"pitch" : 1.4490247135578584,
	"roll" : -1.4485198529153562,
	"x" : -0.078339171076561298,
	"y" : -0.25830072975032292,
	"yaw" : 1.3538904273774151,
	"z" : -0.17450044407730556
}
