{
	"pitch" : 1.4806595939713487,
	"roll" : -1.5096014665609823,
	"x" : 0.06832182976413019,
	"y" : -0.037478768684554006,
	"yaw" : 1.3018363554657717,
	"z" : -0.12580550557190823
}
