{
	"pitch" : 1.4831938914871639,
	"roll" : -1.590639360217478,
	"x" : 0.070317621002247685,
	"y" : -0.029177551419967002,
	"yaw" : 1.2221094127238976,
	"z" : -0.1223382938092652
}
