{
	"pitch" : 1.4981531513663604,
	"roll" : -1.3653004205591972,
	"x" : 0.11022596158573056,
	"y" : 0.026231551639061268,
	"yaw" : 1.4622421635536635,
	"z" : -0.16956688444704165
}
