{
	"pitch" : 1.4918696228006576,
	"roll" : -1.4459235071671397,
	"x" : 0.074200937270941708,
	"y" : -0.019838630913953437,
	"yaw" : 1.368291659189375,
	"z" : -0.16888367037514701
}
