{
	"pitch" : 1.4909166268042615,
	"roll" : -1.4326370693167187,
	"x" : 0.076970181582566216,
	"y" : -0.010921367127577273,
	"yaw" : 1.3834393786481693,
	"z" : -0.16872661373524225
}
