{
	"pitch" : 1.4867455732527308,
	"roll" : -1.4642899751838256,
	"x" : 0.077600978453111508,
	"y" : -0.010807573433803808,
	"yaw" : 1.3505682051015762,
	"z" : -0.16912714528056105
}
