{
	"pitch" : 1.4559167907227912,
	"roll" : -1.4494629508920183,
	"x" : 0.032567278778583605,
	"y" : -0.15537386090162839,
	"yaw" : 1.353715236870489,
	"z" : -0.16990457231349834
}
