{
	"pitch" : 1.4961523054149635,
	"roll" : -1.4895780264354761,
	"x" : 0.078265407728315167,
	"y" : 0.039743699568237097,
	"yaw" : 1.3436926289355853,
	"z" : -0.17081476260791734
}
