{
	"pitch" : 1.4753044075063777,
	"roll" : -1.4822672291419257,
	"x" : 0.061736901475766923,
	"y" : -0.058773190530888385,
	"yaw" : 1.3332089639160669,
	"z" : -0.15227961385484307
}
