{
	"pitch" : 1.4856510093200703,
	"roll" : -1.6032057494478227,
	"x" : 0.087196821259187693,
	"y" : 0.016796133672959946,
	"yaw" : 1.2116888607637077,
	"z" : -0.21045265804670416
}
