{
	"pitch" : 1.4515507694354226,
	"roll" : -1.3410571894875978,
	"x" : 0.061702438366821162,
	"y" : -0.30170032080579945,
	"yaw" : 1.462929720956675,
	"z" : -0.17046919980111769
}
