{
	"pitch" : 1.4914113889364591,
	"roll" : -1.5833669880600183,
	"x" : 0.079088868114057659,
	"y" : 0.039727088114352181,
	"yaw" : 1.24641658564587,
	"z" : -0.17091205537229379
}
