{
	"pitch" : 1.4897729675099944,
	"roll" : -1.5803216869693892,
	"x" : 0.053832741133744297,
	"y" : 0.03345054178280988,
	"yaw" : 1.2501683933909906,
	"z" : -0.1713563688576005
}
