{
	"pitch" : 1.4936989626579085,
	"roll" : -1.4825519056807204,
	"x" : 0.088361596237637702,
	"y" : 0.038682248315080894,
	"yaw" : 1.3537816253517347,
	"z" : -0.17104039658524048
}
