{
	"pitch" : 1.4992414771493776,
	"roll" : -1.4048911085148317,
	"x" : 0.11912091177180256,
	"y" : 0.015755834482476978,
	"yaw" : 1.4191611021915413,
	"z" : -0.16961640689137211
}
