{
	"pitch" : 1.492717758068608,
	"roll" : -1.3862668546500181,
	"x" : 0.12813827773830616,
	"y" : -0.0047509160786887317,
	"yaw" : 1.4380966617364992,
	"z" : -0.1690973824640829
}
