{
	"pitch" : 1.485494076202871,
	"roll" : -1.6124318943226823,
	"x" : 0.046501776121570013,
	"y" : 0.028939781324264887,
	"yaw" : 1.2182936515905827,
	"z" : -0.17143280637572805
}
