{
	"pitch" : 1.4921765652857377,
	"roll" : -1.6168464781147482,
	"x" : 0.088026939943553595,
	"y" : 0.020650001961335214,
	"yaw" : 1.2004379103914358,
	"z" : -0.13357711548017798
}
