{
	"pitch" : 1.4571731878924152,
	"roll" : -1.355319093857047,
	"x" : 0.072404101115839406,
	"y" : -0.26782445794590348,
	"yaw" : 1.4544103159840398,
	"z" : -0.16959066353280344
}
