{
	"pitch" : 1.4569578773384393,
	"roll" : -1.348430842391487,
	"x" : 0.015458991271587896,
	"y" : -0.20855089111047753,
	"yaw" : 1.4645749549760703,
	"z" : -0.27082415943692201
}
