{
	"pitch" : 1.4713521991087033,
	"roll" : -1.4958216769935384,
	"x" : 0.043946698293655349,
	"y" : -0.11413244273146284,
	"yaw" : 1.3165027527378106,
	"z" : -0.17191198672799654
}
