{
	"pitch" : 1.5008971499533825,
	"roll" : -1.4886551765751359,
	"x" : 0.11601130998841749,
	"y" : 0.021702814744718378,
	"yaw" : 1.3418923364075472,
	"z" : -0.17000288215703543
}
