{
	"pitch" : 1.4651865803725916,
	"roll" : -1.516941317320363,
	"x" : 0.01741406783705092,
	"y" : -0.19515342918510084,
	"yaw" : 1.2895288322449092,
	"z" : -0.087314100995790164
}
