{
	"pitch" : 1.4689426465798296,
	"roll" : -1.5385754146086741,
	"x" : 0.03570535024087302,
	"y" : -0.042826189888591153,
	"yaw" : 1.270881575053699,
	"z" : -0.17021258336344822
}
