{
	"pitch" : 1.4912166708023045,
	"roll" : -1.60238865987937,
	"x" : 0.084801323585429078,
	"y" : 0.012118415257127984,
	"yaw" : 1.2134810695211828,
	"z" : -0.12664376363608831
}
