{
	"pitch" : 1.4820490990040018,
	"roll" : -1.6954053418927766,
	"x" : 0.036583746269893552,
	"y" : 0.017112147830016702,
	"yaw" : 1.1236642340614764,
	"z" : -0.17138926242183544
}
