{
	"pitch" : 1.4927914631600654,
	"roll" : -1.3095147862271006,
	"x" : 0.1276525791960913,
	"y" : -0.0076132244928636579,
	"yaw" : 1.5114461464798252,
	"z" : -0.16819685121049205
}
