{
	"pitch" : 1.4921872814461672,
	"roll" : -1.4575661875796813,
	"x" : 0.075989662289084561,
	"y" : -0.012662915542250396,
	"yaw" : 1.3526938740417813,
	"z" : -0.16841232544676105
}
