{
	"pitch" : 1.4603350278072533,
	"roll" : -1.476520242216256,
	"x" : 0.059083223860781013,
	"y" : -0.064642473402546766,
	"yaw" : 1.3267981900523504,
	"z" : -0.17015129238073598
}
