{
	"pitch" : 1.5029607550009956,
	"roll" : -1.4870886645443111,
	"x" : 0.10786118177598678,
	"y" : 0.029602427251001828,
	"yaw" : 1.3437485164865783,
	"z" : -0.16996096527467483
}
