{
	"pitch" : 1.4814920011681125,
	"roll" : -1.5440800552396559,
	"x" : 0.085817361510002299,
	"y" : 0.01136995873836631,
	"yaw" : 1.2688021795819926,
	"z" : -0.21391062418549131
}
