{
	"pitch" : 1.4837050476913181,
	"roll" : -1.6281182446260709,
	"x" : 0.037544067170101156,
	"y" : 0.020280505963463882,
	"yaw" : 1.1951220627368027,
	"z" : -0.17123922793673821
}
