{
	"pitch" : 1.473374946585329,
	"roll" : -1.5795348746664939,
	"x" : 0.029140822912134864,
	"y" : -0.031004992927517159,
	"yaw" : 1.236195511959852,
	"z" : -0.16936128620326715
}
