{
	"pitch" : 1.4711391909814953,
	"roll" : -1.4828796532587489,
	"x" : 0.060376105343345442,
	"y" : -0.062125657439131628,
	"yaw" : 1.3275071467912591,
	"z" : -0.16880497777925407
}
