{
	"pitch" : 1.491542272088991,
	"roll" : -1.62251838276705,
	"x" : 0.087794215603890918,
	"y" : 0.018074544005568266,
	"yaw" : 1.1944412679442404,
	"z" : -0.13117955733556924
}
