{
	"pitch" : 1.4759487047427711,
	"roll" : -1.4999017157859369,
	"x" : 0.060721100270699296,
	"y" : -0.060977201236836684,
	"yaw" : 1.3129124355452571,
	"z" : -0.16022003675364191
}
