{
	"pitch" : 1.4909976626844232,
	"roll" : -1.6310490797405621,
	"x" : 0.084451851190161437,
	"y" : 0.010260019319087604,
	"yaw" : 1.1847616303332991,
	"z" : -0.12600802857790472
}
