{
	"pitch" : 1.4737956870569409,
	"roll" : -1.5140841353138133,
	"x" : 0.056761821694257142,
	"y" : -0.077968433504776072,
	"yaw" : 1.2969981701671349,
	"z" : -0.16934350456012634
}
