{
	"pitch" : 1.4727045520149771,
	"roll" : -1.5687879454236922,
	"x" : 0.070394426589062573,
	"y" : -0.037069801687278726,
	"yaw" : 1.2404878932702115,
	"z" : -0.21354099783016045
}
