{
	"pitch" : 1.4859327514875336,
	"roll" : -1.5624149105528859,
	"x" : 0.073814514981378726,
	"y" : -0.021873132170708996,
	"yaw" : 1.2505233612704578,
	"z" : -0.12037133603283517
}
