{
	"pitch" : 1.4931195459983029,
	"roll" : -1.532860649804199,
	"x" : 0.06150784377377394,
	"y" : 0.037720889487811132,
	"yaw" : 1.293423358790216,
	"z" : -0.17087390399656396
}
