{
	"pitch" : 1.4516541164399019,
	"roll" : -1.3427905227375434,
	"x" : 0.061596682682939205,
	"y" : -0.30177840937162137,
	"yaw" : 1.4607222785185183,
	"z" : -0.1705933539286083
}
