{
	"pitch" : 1.4899816315075307,
	"roll" : -1.5204688611116701,
	"x" : 0.078558908079180007,
	"y" : -0.0038884743098640592,
	"yaw" : 1.2926960955269071,
	"z" : -0.11884505421252695
}
