{
	"pitch" : 1.4563866363826068,
	"roll" : -1.4039144413634559,
	"x" : 0.00922485930868433,
	"y" : -0.2245852505965851,
	"yaw" : 1.3947046843373223,
	"z" : -0.17058163187198086
}
