{
	"pitch" : 1.4665975132557232,
	"roll" : -1.5909503623474459,
	"x" : -0.033231761577708949,
	"y" : -0.11874654179761115,
	"yaw" : 1.218556294064489,
	"z" : -0.17135778491668283
}
