{
	"pitch" : 1.4779829177368933,
	"roll" : -1.5085888683104238,
	"x" : 0.062504461377450277,
	"y" : -0.058755070596929242,
	"yaw" : 1.311499792561639,
	"z" : -0.16859068406928279
}
