{
	"pitch" : 1.4648827455455544,
	"roll" : -1.2771906199670593,
	"x" : 0.1030375591328911,
	"y" : -0.2453935348991379,
	"yaw" : 1.5360274827549569,
	"z" : -0.16826882836871238
}
