{
	"pitch" : 1.4630308064973185,
	"roll" : -1.4971401613794801,
	"x" : 0.012928329293602728,
	"y" : -0.20622321342660604,
	"yaw" : 1.3091291172080652,
	"z" : -0.075903351376890291
}
