{
	"pitch" : 1.478327993116699,
	"roll" : -1.5532723823871841,
	"x" : 0.078113126065607566,
	"y" : -0.014400506690097577,
	"yaw" : 1.2564859867762337,
	"z" : -0.22066362428209227
}
