{
	"pitch" : 1.4708416389951826,
	"roll" : -1.4318829152454937,
	"x" : 0.10121157585786247,
	"y" : -0.17803450396662765,
	"yaw" : 1.3823250829460823,
	"z" : -0.16858425656487636
}
