{
	"pitch" : 1.4842767914785469,
	"roll" : -1.6255168601219812,
	"x" : 0.028439463651706756,
	"y" : 0.0026990673811705876,
	"yaw" : 1.1952340924884186,
	"z" : -0.17089930458797914
}
