{
	"pitch" : 1.4830797469666055,
	"roll" : -1.4270768487623049,
	"x" : 0.034695185885030011,
	"y" : -0.14618352312664817,
	"yaw" : 1.382434781907331,
	"z" : -0.23761831627361282
}
