{
	"pitch" : 1.4839418680939667,
	"roll" : -1.5259041985976296,
	"x" : 0.09088002825744014,
	"y" : 0.030666555190150054,
	"yaw" : 1.290087053220464,
	"z" : -0.19419422160697805
}
