{
	"pitch" : 1.4814714740585928,
	"roll" : -1.5238131400887009,
	"x" : 0.072499274218486121,
	"y" : -0.023109127324421167,
	"yaw" : 1.2877162869072492,
	"z" : -0.16986597995771455
}
