{
	"pitch" : 1.462076846427659,
	"roll" : -1.5916840605367639,
	"x" : -0.082535769792186783,
	"y" : -0.17970986324175625,
	"yaw" : 1.2178617611660536,
	"z" : -0.17272976488194602
}
