{
	"pitch" : 1.491904904057044,
	"roll" : -1.5116451216870259,
	"x" : 0.081840784746140316,
	"y" : 0.0044585215439032228,
	"yaw" : 1.302021016182223,
	"z" : -0.12237188744909254
}
