{
	"pitch" : 1.4717601324206346,
	"roll" : -1.5048058669006694,
	"x" : 0.067752027358237932,
	"y" : -0.041227176652651687,
	"yaw" : 1.3065528301976022,
	"z" : -0.16940954854083815
}
