{
	"pitch" : 1.4899292831279973,
	"roll" : -1.5465431842552353,
	"x" : 0.091467872804451775,
	"y" : 0.031411630694712228,
	"yaw" : 1.2700176865395814,
	"z" : -0.19140518753598851
}
