{
	"pitch" : 1.4705124233815139,
	"roll" : -1.4781998654788633,
	"x" : 0.0031448846154904925,
	"y" : -0.23981532039132225,
	"yaw" : 1.3304287650054054,
	"z" : -0.099977711075558862
}
