{
	"pitch" : 1.4857941727437025,
	"roll" : -1.2759748818794032,
	"x" : 0.11799383887176118,
	"y" : -0.040085835826903782,
	"yaw" : 1.545054347378169,
	"z" : -0.16796019951178401
}
