{
	"pitch" : 1.4702029490477924,
	"roll" : -1.5434518217115512,
	"x" : 0.043007563975263022,
	"y" : -0.11198821577289116,
	"yaw" : 1.268780267594851,
	"z" : -0.16964015832321749
}
