{
	"pitch" : 1.4838912870948859,
	"roll" : -1.4123091923104252,
	"x" : 0.11167453389050459,
	"y" : -0.048875065351609855,
	"yaw" : 1.4066193126755875,
	"z" : -0.16862956194122944
}
