{
	"pitch" : 1.4709613421428076,
	"roll" : -1.4803233559332312,
	"x" : 0.060329729535808369,
	"y" : -0.06201791589378626,
	"yaw" : 1.3298596229265016,
	"z" : -0.16903665410726623
}
