{
	"pitch" : 1.4909584955975843,
	"roll" : -1.4610572357855114,
	"x" : 0.076017592678932724,
	"y" : -0.012396446439809144,
	"yaw" : 1.3582050592182966,
	"z" : -0.16932852546897809
}
