{
	"pitch" : 1.4936894292371388,
	"roll" : -1.6090172519336097,
	"x" : 0.087195486815025036,
	"y" : 0.019175787064900276,
	"yaw" : 1.2079868827084734,
	"z" : -0.13151777327860301
}
