{
	"pitch" : 1.4702706295205001,
	"roll" : -1.5244421854639845,
	"x" : 0.066568967809354507,
	"y" : -0.051286734023151842,
	"yaw" : 1.2817892822754262,
	"z" : -0.20059579994995208
}
