{
	"pitch" : 1.471768063768718,
	"roll" : -1.6094122167745766,
	"x" : 0.034949099188569095,
	"y" : -0.034703585171020415,
	"yaw" : 1.1991708640864531,
	"z" : -0.17059603769917844
}
