{
	"pitch" : 1.4639653573250961,
	"roll" : -1.6005550521372498,
	"x" : 8.8491695013903637e-05,
	"y" : -0.12892758063224835,
	"yaw" : 1.2112733711458867,
	"z" : -0.17183018716683668
}
