{
	"pitch" : 1.4865260127334461,
	"roll" : -1.5874661559166598,
	"x" : 0.087894039601235346,
	"y" : 0.018259373525001128,
	"yaw" : 1.2292809481554576,
	"z" : -0.20937678962618322
}
