{
	"pitch" : 1.4781485521042648,
	"roll" : -1.6686021091090846,
	"x" : 0.028215358076953481,
	"y" : -0.00055427657492659009,
	"yaw" : 1.1500557639473772,
	"z" : -0.17089528145357352
}
