{
	"pitch" : 1.4958827535806876,
	"roll" : -1.5208933247690339,
	"x" : 0.076337056813728502,
	"y" : -0.013907512804056834,
	"yaw" : 1.2982307083129205,
	"z" : -0.17028618501229822
}
