{
	"pitch" : 1.4948478467723616,
	"roll" : -1.4507780881625447,
	"x" : 0.067496066826054441,
	"y" : -0.040140693398142288,
	"yaw" : 1.3637583540003229,
	"z" : -0.18290552175190128
}
