{
	"pitch" : 1.4739226246604227,
	"roll" : -1.5357601052241856,
	"x" : 0.067686525877385564,
	"y" : -0.041821410208284587,
	"yaw" : 1.2696467649105667,
	"z" : -0.17011454575153995
}
