{
	"pitch" : 1.4799240234932172,
	"roll" : -1.4377216157676131,
	"x" : 0.10199226291126232,
	"y" : -0.056566684849058128,
	"yaw" : 1.3847859956598478,
	"z" : -0.16888481702491887
}
