{
	"pitch" : 1.4605125025459345,
	"roll" : -1.2960301453244232,
	"x" : 0.11205431629575331,
	"y" : -0.24083342468340713,
	"yaw" : 1.5144442380301038,
	"z" : -0.16805865410394816
}
