{
	"pitch" : 1.454892579516863,
	"roll" : -1.4647010519838448,
	"x" : 0.036346226370554943,
	"y" : -0.14431540960204703,
	"yaw" : 1.3358999036094137,
	"z" : -0.16966619430702948
}
