{
	"pitch" : 1.4846928076323265,
	"roll" : -1.3735792831368552,
	"x" : 0.11590198298788032,
	"y" : -0.044447116938474085,
	"yaw" : 1.4446929697019957,
	"z" : -0.16857657986518004
}
