{
	"pitch" : 1.4726146330441054,
	"roll" : -1.4349867322138776,
	"x" : 0.10504381359662793,
	"y" : -0.16380106393923466,
	"yaw" : 1.3552794051335002,
	"z" : -0.16876498486994354
}
