{
	"pitch" : 1.4710836974483035,
	"roll" : -1.500026314172157,
	"x" : 0.043829180587312826,
	"y" : -0.11435847376486291,
	"yaw" : 1.3121372759254917,
	"z" : -0.17217938494346635
}
