{
	"pitch" : 1.4638002857634078,
	"roll" : -1.5143149592954339,
	"x" : 0.014182310928793115,
	"y" : -0.2014444377008589,
	"yaw" : 1.2922989392171349,
	"z" : -0.080277282266228725
}
