{
	"pitch" : 1.4869101471022159,
	"roll" : -1.5035287764894973,
	"x" : 0.075967376480217536,
	"y" : -0.012890416488759278,
	"yaw" : 1.3132013736154211,
	"z" : -0.16960251865752679
}
