{
	"pitch" : 1.4737423080163727,
	"roll" : -1.5294548150404694,
	"x" : 0.067119515850219885,
	"y" : -0.043503639262097105,
	"yaw" : 1.27724473431215,
	"z" : -0.1698085117658881
}
