{
	"pitch" : 1.488254855646598,
	"roll" : -1.4089046274773422,
	"x" : 0.0078471275671345708,
	"y" : -0.084618833677647318,
	"yaw" : 1.414676707818459,
	"z" : -0.16789376862717051
}
