{
	"pitch" : 1.4565787977493529,
	"roll" : -1.4273142669840608,
	"x" : 0.013743689454970974,
	"y" : -0.2102764968873666,
	"yaw" : 1.3725825586642586,
	"z" : -0.17031392688728533
}
