{
	"pitch" : 1.4491317675728377,
	"roll" : -1.4252119883589045,
	"x" : -0.0049612186778160428,
	"y" : -0.27093566379769279,
	"yaw" : 1.3798106239018311,
	"z" : -0.1722309635405444
}
