{
	"pitch" : 1.4844277772881309,
	"roll" : -1.4962876545382584,
	"x" : 0.075921088750662821,
	"y" : -0.013383222612340486,
	"yaw" : 1.3200752785516845,
	"z" : -0.16954093890156988
}
