{
	"pitch" : 1.4692518730246016,
	"roll" : -1.3939448198509843,
	"x" : 0.088742828537646659,
	"y" : -0.21373314163967586,
	"yaw" : 1.4193049644006239,
	"z" : -0.16904709974831988
}
