{
	"pitch" : 1.4797522087345381,
	"roll" : -1.6334003168938676,
	"x" : 0.02603436089014264,
	"y" : -0.0050981322328656053,
	"yaw" : 1.1852209919279972,
	"z" : -0.17057811639060377
}
