{
	"pitch" : 1.4745603408284997,
	"roll" : -1.5810138578155153,
	"x" : 0.029239620091989806,
	"y" : -0.027717360893811001,
	"yaw" : 1.2384390213260217,
	"z" : -0.17047324614503356
}
