{
	"pitch" : 1.4774767010223206,
	"roll" : -1.5257572333640632,
	"x" : 0.066462984961164082,
	"y" : -0.043858333372637545,
	"yaw" : 1.2866087812244886,
	"z" : -0.13095624565920433
}
