{
	"pitch" : 1.4695866952770398,
	"roll" : -1.5405862373449994,
	"x" : 0.06776859629069544,
	"y" : -0.04452106739778762,
	"yaw" : 1.2660691527390691,
	"z" : -0.2079087087085586
}
