{
	"pitch" : 1.4743469704496124,
	"roll" : -1.5603552193427601,
	"x" : 0.028475527913243655,
	"y" : -0.16223216895496251,
	"yaw" : 1.2519744821872016,
	"z" : -0.12012603717383291
}
