{
	"pitch" : 1.4901922273700512,
	"roll" : -1.5414544362309064,
	"x" : 0.082323636029131383,
	"y" : 0.0046464031242025201,
	"yaw" : 1.2724688557769372,
	"z" : -0.12270457694431608
}
