{
	"pitch" : 1.4592917609457625,
	"roll" : -1.4190831352397852,
	"x" : 0.047477200460590299,
	"y" : -0.10138184281241686,
	"yaw" : 1.3820010605303672,
	"z" : -0.1688123845607899
}
