{
	"pitch" : 1.4992680416926207,
	"roll" : -1.5298490964000504,
	"x" : 0.10084216824090289,
	"y" : 0.033626435829131135,
	"yaw" : 1.3004933116077459,
	"z" : -0.17072836941869526
}
