{
	"pitch" : 1.4799114990229301,
	"roll" : -1.5315251076500966,
	"x" : 0.074615231108609098,
	"y" : -0.018933290441827164,
	"yaw" : 1.276471204653215,
	"z" : -0.22007897959898123
}
