{
	"pitch" : 1.4530344441288405,
	"roll" : -1.4293655424004774,
	"x" : 0.013792118439235355,
	"y" : -0.20810237312843582,
	"yaw" : 1.3723640758221887,
	"z" : -0.17094172710456282
}
