{
	"pitch" : 1.4785857408221581,
	"roll" : -1.5511156024283896,
	"x" : 0.078052379451632764,
	"y" : -0.014583256103388915,
	"yaw" : 1.258567782097801,
	"z" : -0.22073178781994504
}
