{
	"pitch" : 1.4678006605243241,
	"roll" : -1.3935021774797072,
	"x" : 0.037700334975704408,
	"y" : -0.13323338562925066,
	"yaw" : 1.4323094223195472,
	"z" : -0.19255601520255675
}
