{
	"pitch" : 1.493586955800688,
	"roll" : -1.4999256977579285,
	"x" : 0.074903526851662933,
	"y" : -0.013765749368202424,
	"yaw" : 1.3228018618820474,
	"z" : -0.16927583320798059
}
