{
	"pitch" : 1.4708084150661578,
	"roll" : -1.6389637764961977,
	"x" : 0.028891088447591792,
	"y" : -0.024261903662589089,
	"yaw" : 1.175432000835499,
	"z" : -0.17012567593478989
}
