{
	"pitch" : 1.4510167051456717,
	"roll" : -1.3849584552789427,
	"x" : -0.0046546466943078874,
	"y" : -0.26788427009937588,
	"yaw" : 1.415764814760327,
	"z" : -0.17287134484896727
}
