{
	"pitch" : 1.4531377264446705,
	"roll" : -1.4320402884612791,
	"x" : 0.010911294746967781,
	"y" : -0.21889760035271641,
	"yaw" : 1.3688538274294471,
	"z" : -0.17074840415148176
}
