{
	"pitch" : 1.4982409137334776,
	"roll" : -1.6591744615093329,
	"x" : 0.052711002147372628,
	"y" : -0.084136741787916025,
	"yaw" : 1.1479197585130085,
	"z" : -0.20625368717800646
}
