{
	"pitch" : 1.488472206846148,
	"roll" : -1.6251050073647768,
	"x" : 0.057710683794098758,
	"y" : 0.035597087265944169,
	"yaw" : 1.2020917040416643,
	"z" : -0.1713872146332435
}
