{
	"pitch" : 1.4811096351727191,
	"roll" : -1.4083035539274447,
	"x" : 0.086549447642865873,
	"y" : -0.062644446990193087,
	"yaw" : 1.4163796391189747,
	"z" : -0.16853213872900441
}
