{
	"pitch" : 1.4823137282873839,
	"roll" : -1.6918052759825726,
	"x" : 0.03803380032201148,
	"y" : 0.019441726022971388,
	"yaw" : 1.1284448640341935,
	"z" : -0.17160739717036161
}
