{
	"pitch" : 1.4989967355026272,
	"roll" : -1.4298291763864908,
	"x" : 0.10277201169906444,
	"y" : 0.032263075477271003,
	"yaw" : 1.3992491323619551,
	"z" : -0.17004069744346209
}
