{
	"pitch" : 1.493791788959826,
	"roll" : -1.6231452744087684,
	"x" : 0.0933417145653819,
	"y" : 0.034026536173800907,
	"yaw" : 1.1987440579012469,
	"z" : -0.15706989960898243
}
