{
	"pitch" : 1.4674733740212575,
	"roll" : -1.391945385283311,
	"x" : 0.088088991264829317,
	"y" : -0.21741085769023,
	"yaw" : 1.421509342674123,
	"z" : -0.16917092566779876
}
