{
	"pitch" : 1.4581724300268197,
	"roll" : -1.4577042158623481,
	"x" : -0.053612475956682198,
	"y" : -0.26535597049750481,
	"yaw" : 1.3532075280370095,
	"z" : -0.17384656753953198
}
