{
	"pitch" : 1.4962310111204271,
	"roll" : -1.417152063087582,
	"x" : 0.12407989792759014,
	"y" : 0.0075929498863397896,
	"yaw" : 1.4055780978509653,
	"z" : -0.16902272631896711
}
