{
	"pitch" : 1.4938090499459784,
	"roll" : -1.6084032939245896,
	"x" : 0.08763114011663875,
	"y" : 0.019533018321585972,
	"yaw" : 1.2087771004055394,
	"z" : -0.13219380543479609
}
