{
	"pitch" : 1.4711384327265808,
	"roll" : -1.4803674988406887,
	"x" : 0.060378369282137467,
	"y" : -0.061896134735850837,
	"yaw" : 1.3294162716050291,
	"z" : -0.16934231453207355
}
