{
	"pitch" : 1.4907466580887148,
	"roll" : -1.3805469847708258,
	"x" : 0.12724324196370279,
	"y" : -0.018326172740245231,
	"yaw" : 1.4412143614548056,
	"z" : -0.16861158087970016
}
