{
	"pitch" : 1.4561856127298423,
	"roll" : -1.478968254303036,
	"x" : -0.069112386428171718,
	"y" : -0.26131125390325388,
	"yaw" : 1.3276994816833942,
	"z" : -0.17438938616003274
}
