{
	"pitch" : 1.496134475486562,
	"roll" : -1.3593635685103145,
	"x" : 0.12130569511020471,
	"y" : 0.0123807235002677,
	"yaw" : 1.4656587245116639,
	"z" : -0.16903903915007157
}
