{
	"pitch" : 1.4841237195905541,
	"roll" : -1.6418303264942058,
	"x" : 0.038619370554770285,
	"y" : 0.020818364746011325,
	"yaw" : 1.1813971248102262,
	"z" : -0.17150231371566615
}
