{
	"pitch" : 1.4949473909210005,
	"roll" : -1.5710844862762481,
	"x" : 0.092572491757175371,
	"y" : 0.035672469508153101,
	"yaw" : 1.2495571389702604,
	"z" : -0.16236880675467819
}
