{
	"pitch" : 1.486025590224108,
	"roll" : -1.6041578616290144,
	"x" : 0.069547813623654323,
	"y" : -0.0329685964976607,
	"yaw" : 1.2091224169019128,
	"z" : -0.16909823566579102
}
