{
	"pitch" : 1.4793498500225148,
	"roll" : -1.485692730122917,
	"x" : 0.073373627813566961,
	"y" : -0.019848099322066021,
	"yaw" : 1.3205512697736517,
	"z" : -0.21984931626575921
}
