{
	"pitch" : 1.4935693429789012,
	"roll" : -1.560161450035044,
	"x" : 0.070651776309387168,
	"y" : 0.039436481240167354,
	"yaw" : 1.2678539956754142,
	"z" : -0.17108018339686373
}
