{
	"pitch" : 1.4920363701457331,
	"roll" : -1.5298206718725338,
	"x" : 0.092412366382727137,
	"y" : 0.034114355781179745,
	"yaw" : 1.2908750126470991,
	"z" : -0.18579653493369502
}
