{
	"pitch" : 1.4653560656409033,
	"roll" : -1.4937814891172054,
	"x" : 0.063016512834569632,
	"y" : -0.056029841368867253,
	"yaw" : 1.3143915540080877,
	"z" : -0.16916659414825114
}
