{
	"pitch" : 1.4958608030847027,
	"roll" : -1.4586524117212114,
	"x" : 0.067196275740085479,
	"y" : -0.040787198922331999,
	"yaw" : 1.3550093902631528,
	"z" : -0.18318790619172218
}
