{
	"pitch" : 1.4610981711221616,
	"roll" : -1.5056044630143661,
	"x" : 0.012465785114774502,
	"y" : -0.21143383404854146,
	"yaw" : 1.3039643054669861,
	"z" : -0.070563297349576462
}
