{
	"pitch" : 1.4721862480643166,
	"roll" : -1.6349071292614499,
	"x" : 0.027764877007882528,
	"y" : -0.021077501682896883,
	"yaw" : 1.1788304669829643,
	"z" : -0.17046980565295802
}
