{
	"pitch" : 1.4934025140791456,
	"roll" : -1.5528512032416497,
	"x" : 0.069519174998880134,
	"y" : -0.020443627126918884,
	"yaw" : 1.2650277248680468,
	"z" : -0.17008862649867565
}
