{
	"pitch" : 1.4799993333306147,
	"roll" : -1.533507933378103,
	"x" : 0.044086882073339141,
	"y" : -0.11383765776969709,
	"yaw" : 1.2856924028671814,
	"z" : -0.16773647946805464
}
