{
	"pitch" : 1.4969756037426794,
	"roll" : -1.524280014119779,
	"x" : 0.092743972658549806,
	"y" : 0.036254159781402784,
	"yaw" : 1.2962752389968237,
	"z" : -0.17098428442552202
}
