{
	"pitch" : 1.4721408366333331,
	"roll" : -1.5900934118530783,
	"x" : 0.034030292265389145,
	"y" : -0.039204907136671512,
	"yaw" : 1.2274566596249363,
	"z" : -0.16935760908946357
}
