{
	"pitch" : 1.4614020780945236,
	"roll" : -1.5973595009781631,
	"x" : -0.082844078644876695,
	"y" : -0.18014764386785209,
	"yaw" : 1.2120956096440334,
	"z" : -0.1729117734012324
}
