{
	"pitch" : 1.4844032815941639,
	"roll" : -1.608893821904952,
	"x" : 0.069387289874513619,
	"y" : -0.035367933815508956,
	"yaw" : 1.2032431736446634,
	"z" : -0.16910195478423898
}
