{
	"pitch" : 1.4677964036697926,
	"roll" : -1.3306801742007515,
	"x" : 0.01649583020394315,
	"y" : -0.20673636051580796,
	"yaw" : 1.4828480535021273,
	"z" : -0.26918734347115908
}
