{
	"pitch" : 1.4763336854072999,
	"roll" : -1.5631354432107507,
	"x" : 0.030648467120549264,
	"y" : -0.033545765774074074,
	"yaw" : 1.2575927028169291,
	"z" : -0.16967988140250048
}
