{
	"pitch" : 1.4757149211438145,
	"roll" : -1.5818439697306041,
	"x" : 0.032283670270509851,
	"y" : -0.035510741623079357,
	"yaw" : 1.2387934238108993,
	"z" : -0.17026996844913775
}
