{
	"pitch" : 1.4784054309962789,
	"roll" : -1.6577653995424717,
	"x" : 0.026908250293515901,
	"y" : -0.0031005196139280208,
	"yaw" : 1.1625027422861147,
	"z" : -0.17073726515086518
}
