{
	"pitch" : 1.4778647271930472,
	"roll" : -1.5116991498770911,
	"x" : 0.066068692922401973,
	"y" : -0.043846988597344774,
	"yaw" : 1.3001382172629432,
	"z" : -0.13099578123699696
}
