{
	"pitch" : 1.47151383466366,
	"roll" : -1.481701488681878,
	"x" : 0.059584235589718926,
	"y" : -0.071186681940309901,
	"yaw" : 1.3266794056169153,
	"z" : -0.16924840946042821
}
