{
	"pitch" : 1.4890157259862222,
	"roll" : -1.3583568676275686,
	"x" : 0.12405514863886857,
	"y" : -0.026613399082389473,
	"yaw" : 1.4627116726363019,
	"z" : -0.16848384226706514
}
