{
	"pitch" : 1.4637875299595413,
	"roll" : -1.5004348665046576,
	"x" : 0.01116216588639958,
	"y" : -0.20745373507867162,
	"yaw" : 1.3043903680569526,
	"z" : -0.073700826521109403
}
