{
	"pitch" : 1.4737128272161659,
	"roll" : -1.4207398597607368,
	"x" : 0.077895783138977173,
	"y" : -0.063022828501099609,
	"yaw" : 1.3940906268112649,
	"z" : -0.16894147767204737
}
