{
	"pitch" : 1.4652917624368218,
	"roll" : -1.4682641882446392,
	"x" : -0.00020655084198942242,
	"y" : -0.25288747327603006,
	"yaw" : 1.3463169337828658,
	"z" : -0.11398539653304174
}
