{
	"pitch" : 1.4713963145377758,
	"roll" : -1.4283387980230713,
	"x" : 0.0675337777252627,
	"y" : -0.062491420531992525,
	"yaw" : 1.3881433929125433,
	"z" : -0.16892371577768733
}
