{
	"pitch" : 1.4898058435244252,
	"roll" : -1.4008496833673798,
	"x" : 0.12459599862171225,
	"y" : -0.028144148465446717,
	"yaw" : 1.4199190298855557,
	"z" : -0.16886637802219492
}
