{
	"pitch" : 1.4967039029917084,
	"roll" : -1.3415365673190753,
	"x" : 0.12098642774942749,
	"y" : 0.01359359768667107,
	"yaw" : 1.4841471210206467,
	"z" : -0.16929287215097244
}
