{
	"pitch" : 1.4532304675775822,
	"roll" : -1.4410729750958575,
	"x" : 0.030700512518568528,
	"y" : -0.16182533788116601,
	"yaw" : 1.3617833253346099,
	"z" : -0.17021473687270103
}
