{
	"pitch" : 1.4732276500304462,
	"roll" : -1.5023350414312435,
	"x" : 0.053848169608774171,
	"y" : -0.087945760955256913,
	"yaw" : 1.3075912137705288,
	"z" : -0.16943150043895325
}
