{
	"pitch" : 1.4585701356732292,
	"roll" : -1.4984044651005346,
	"x" : 0.011706175789518367,
	"y" : -0.21159098619441641,
	"yaw" : 1.309334931530989,
	"z" : -0.070410216517489521
}
