{
	"pitch" : 1.4511056933241582,
	"roll" : -1.3896624012578169,
	"x" : -0.0043266697591233805,
	"y" : -0.26724825032864519,
	"yaw" : 1.4114383711856722,
	"z" : -0.1727308264683578
}
