{
	"pitch" : 1.456822853527791,
	"roll" : -1.5841530222632594,
	"x" : -0.083791543815636013,
	"y" : -0.17972923109725641,
	"yaw" : 1.2276627503373183,
	"z" : -0.17370933856581317
}
