{
	"pitch" : 1.4514740894650648,
	"roll" : -1.3777616384094007,
	"x" : 0.020052163203245224,
	"y" : -0.19009208872414296,
	"yaw" : 1.4226759893175782,
	"z" : -0.16927272753945527
}
