{
	"pitch" : 1.4908354902796097,
	"roll" : -1.6257783216114761,
	"x" : 0.084287470309978074,
	"y" : 0.0099198297019933851,
	"yaw" : 1.1899580682442021,
	"z" : -0.12583639631512758
}
