{
	"pitch" : 1.4834879398556413,
	"roll" : -1.6030480477351485,
	"x" : 0.084461273000418113,
	"y" : 0.0038192956754661209,
	"yaw" : 1.2142046454378703,
	"z" : -0.21803990580941199
}
