{
	"pitch" : 1.4814050594857771,
	"roll" : -1.5255996832456313,
	"x" : -0.02712021899128228,
	"y" : -0.12201263369292016,
	"yaw" : 1.295034044623276,
	"z" : -0.17119225348341532
}
