{
	"pitch" : 1.4792834152100403,
	"roll" : -1.5511080179822392,
	"x" : 0.081496955094394141,
	"y" : -0.0036318282761160225,
	"yaw" : 1.2608512190419359,
	"z" : -0.21936167308515536
}
