{
	"pitch" : 1.4663616090591154,
	"roll" : -1.3760461839878799,
	"x" : 0.032485031065143222,
	"y" : -0.14979657610643912,
	"yaw" : 1.4411173964270492,
	"z" : -0.20953746671918846
}
