{
	"pitch" : 1.478330930201168,
	"roll" : -1.6052952814150487,
	"x" : 0.027622047707381775,
	"y" : -0.019017354415384963,
	"yaw" : 1.2144559702941706,
	"z" : -0.17099482860424567
}
