{
	"pitch" : 1.4483740311297091,
	"roll" : -1.4775500364522383,
	"x" : -0.075083728908621417,
	"y" : -0.25730011202558389,
	"yaw" : 1.3263382952046903,
	"z" : -0.17437543320991997
}
