{
	"pitch" : 1.4784912645399957,
	"roll" : -1.3761682644298059,
	"x" : 0.091677445892113879,
	"y" : -0.060312147960750066,
	"yaw" : 1.4472610986075867,
	"z" : -0.16827354420267254
}
