{
	"pitch" : 1.4964271655949968,
	"roll" : -1.5282645090656712,
	"x" : 0.092127393640631147,
	"y" : 0.036441579230527835,
	"yaw" : 1.2936626588728299,
	"z" : -0.16996474787730864
}
