{
	"pitch" : 1.4784414242535195,
	"roll" : -1.7001089133088956,
	"x" : 0.028962450095976415,
	"y" : 0.0024975018579708186,
	"yaw" : 1.1199205600921693,
	"z" : -0.17115856494760723
}
