{
	"pitch" : 1.4752929447752154,
	"roll" : -1.5766514875998086,
	"x" : 0.028586609301686369,
	"y" : -0.027211594233749463,
	"yaw" : 1.2427605699408066,
	"z" : -0.17041268378737845
}
