{
	"pitch" : 1.4478220250142648,
	"roll" : -1.4211844697445837,
	"x" : -0.015713348987153139,
	"y" : -0.30890739712414983,
	"yaw" : 1.3804441832633731,
	"z" : -0.1734094689267682
}
