{
	"pitch" : 1.4783580110106191,
	"roll" : -1.4592207991142825,
	"x" : 0.080598640805406421,
	"y" : -0.062977546671093926,
	"yaw" : 1.3552170723079777,
	"z" : -0.1685623197652622
}
