{
	"pitch" : 1.4773582191795247,
	"roll" : -1.4748059818141621,
	"x" : 0.073845609806697715,
	"y" : -0.020285266127375429,
	"yaw" : 1.3310188649273884,
	"z" : -0.22015042550704636
}
