{
	"pitch" : 1.4820016074988114,
	"roll" : -1.6334729430325472,
	"x" : 0.03012913691602747,
	"y" : 0.0073962836937162789,
	"yaw" : 1.1896813368913517,
	"z" : -0.17101298310896543
}
