{
	"pitch" : 1.4748475962837313,
	"roll" : -1.5204158390773248,
	"x" : 0.071324126620156386,
	"y" : -0.03293267230633775,
	"yaw" : 1.286752475586546,
	"z" : -0.21550642887756549
}
