{
	"pitch" : 1.4605614746919575,
	"roll" : -1.3967914729187656,
	"x" : 0.055316200413427441,
	"y" : -0.076926011883908157,
	"yaw" : 1.4043389108311821,
	"z" : -0.1700203012617425
}
