{
	"pitch" : 1.471460484771786,
	"roll" : -1.5257757882042897,
	"x" : 0.076658859297614804,
	"y" : -0.012400886785513557,
	"yaw" : 1.2849978871402905,
	"z" : -0.16973002556896274
}
