{
	"pitch" : 1.4721830587590177,
	"roll" : -1.4900275708066559,
	"x" : 0.060667022188981228,
	"y" : -0.062100926211236057,
	"yaw" : 1.3217119319859509,
	"z" : -0.16791054895322077
}
