{
	"pitch" : 1.5577543552736122,
	"roll" : -0.11198236102133979,
	"x" : 0.097364380210256118,
	"y" : -0.18347845553063546,
	"yaw" : 2.6473905624635465,
	"z" : -0.16700098839426686
}
