{
	"pitch" : 1.4760142436446735,
	"roll" : -1.5504081639412941,
	"x" : 0.045115249570455665,
	"y" : -0.11031726448451196,
	"yaw" : 1.2670576260294208,
	"z" : -0.16946943806512349
}
