{
	"pitch" : 1.4849177676383789,
	"roll" : -1.5873147040158997,
	"x" : 0.083345873127757278,
	"y" : 0.0022109160077933426,
	"yaw" : 1.2282192292148759,
	"z" : -0.21836854904432146
}
