{
	"pitch" : 1.464670436399633,
	"roll" : -1.4896243675198331,
	"x" : 0.063333660621117879,
	"y" : -0.056545560646475125,
	"yaw" : 1.319615995082698,
	"z" : -0.18790554786440589
}
