{
	"pitch" : 1.4794561841372655,
	"roll" : -1.6638754039132604,
	"x" : 0.027542305347160081,
	"y" : -0.010571810810179544,
	"yaw" : 1.1563488407157161,
	"z" : -0.17091662689360876
}
