{
	"pitch" : 1.4837475494357015,
	"roll" : -1.3960551557184746,
	"x" : 0.10978001675519033,
	"y" : -0.050945416573211312,
	"yaw" : 1.4224159688623721,
	"z" : -0.16825487636071521
}
