{
	"pitch" : 1.4866740759645123,
	"roll" : -1.3122209518129391,
	"x" : 0.12116055912883623,
	"y" : -0.035891906063293934,
	"yaw" : 1.5058993182151372,
	"z" : -0.16809930961473032
}
