{
	"pitch" : 1.473902371973332,
	"roll" : -1.5606961380508793,
	"x" : 0.02775813899816372,
	"y" : -0.16413359484270032,
	"yaw" : 1.2516892774697741,
	"z" : -0.11831475525043514
}
