{
	"pitch" : 1.4707513683239628,
	"roll" : -1.5189486515296715,
	"x" : 0.06621755264880734,
	"y" : -0.061622810777912845,
	"yaw" : 1.290138217061086,
	"z" : -0.16858877959314592
}
