{
	"pitch" : 1.4960677727963763,
	"roll" : -1.5587930379484585,
	"x" : 0.070334672969167886,
	"y" : 0.039162345570507275,
	"yaw" : 1.275451221619466,
	"z" : -0.17121505237031218
}
