{
	"pitch" : 1.4784950292748129,
	"roll" : -1.607300120959801,
	"x" : 0.026302240134748786,
	"y" : -0.0094932177839837355,
	"yaw" : 1.2128684905604623,
	"z" : -0.17069837740708077
}
