{
	"pitch" : 1.4575351303518242,
	"roll" : -1.5812123926643769,
	"x" : -0.083999564323639295,
	"y" : -0.17975964824658158,
	"yaw" : 1.2300132390122969,
	"z" : -0.17381539265290694
}
