{
	"pitch" : 1.4676932899190696,
	"roll" : -1.4777216783562848,
	"x" : 0.049106209853693863,
	"y" : -0.055625911931669318,
	"yaw" : 1.3333970589458568,
	"z" : -0.16916117984197421
}
