{
	"pitch" : 1.4531012199103526,
	"roll" : -1.4888302724234559,
	"x" : 0.01385406068042043,
	"y" : -0.20890031361481592,
	"yaw" : 1.3128234594572463,
	"z" : -0.17060354261721764
}
