{
	"pitch" : 1.4862409204324361,
	"roll" : -1.2713923176837234,
	"x" : 0.1182746837978883,
	"y" : -0.039827663523942701,
	"yaw" : 1.5495401723658289,
	"z" : -0.1680077248211167
}
