{
	"pitch" : 1.4432667162801087,
	"roll" : -1.3742413788591266,
	"x" : -0.016282228168902235,
	"y" : -0.30536011542753944,
	"yaw" : 1.4276631411498339,
	"z" : -0.17388576051278487
}
