{
	"pitch" : 1.4910754792792937,
	"roll" : -1.4684420503237947,
	"x" : 0.071821080898195125,
	"y" : -0.017827424368624341,
	"yaw" : 1.3495195675358871,
	"z" : -0.16994744394251793
}
