{
	"pitch" : 1.4922555719586248,
	"roll" : -1.6309630522835896,
	"x" : 0.062583390721269949,
	"y" : 0.036973988319953313,
	"yaw" : 1.2034285690560607,
	"z" : -0.17164818500237616
}
