{
	"pitch" : 1.4488614129520536,
	"roll" : -1.4622239408083413,
	"x" : -0.078730076929271503,
	"y" : -0.25804398142939694,
	"yaw" : 1.340871796214264,
	"z" : -0.17435252220929615
}
