{
	"pitch" : 1.4455652662137426,
	"roll" : -1.3443519806942585,
	"x" : -0.013633836508164354,
	"y" : -0.30231222126501472,
	"yaw" : 1.4579087451260799,
	"z" : -0.17344782719275331
}
