{
	"pitch" : 1.4685097919045944,
	"roll" : -1.5667347475520308,
	"x" : 0.065673932792592385,
	"y" : -0.053114562396342033,
	"yaw" : 1.2404533150240256,
	"z" : -0.19721250681874891
}
