{
	"pitch" : 1.4742356351454511,
	"roll" : -1.5671595938584812,
	"x" : 0.070112411456161677,
	"y" : -0.038660619409044389,
	"yaw" : 1.2416176242655159,
	"z" : -0.21230405947442565
}
