{
	"pitch" : 1.4512699443865993,
	"roll" : -1.2870537982724395,
	"x" : 0.059765185149640146,
	"y" : -0.30143098154526909,
	"yaw" : 1.5164133909257691,
	"z" : -0.16979418235342955
}
