{
	"pitch" : 1.4549958057516377,
	"roll" : -1.4482667927773836,
	"x" : 0.013883742863224496,
	"y" : -0.20880347828911838,
	"yaw" : 1.3536788657891596,
	"z" : -0.1703781818757375
}
