{
	"pitch" : 1.4818139088130604,
	"roll" : -1.3927907962537438,
	"x" : 0.099932198403327593,
	"y" : -0.056930080263709257,
	"yaw" : 1.4293610622724433,
	"z" : -0.16861475933089923
}
