{
	"pitch" : 1.4534705312284215,
	"roll" : -1.479834849467847,
	"x" : -0.065544346617112142,
	"y" : -0.25100530598910714,
	"yaw" : 1.3214650623910706,
	"z" : -0.17333230793825877
}
