{
	"pitch" : 1.4531940695277594,
	"roll" : -1.4626651453110446,
	"x" : 0.0229219166381762,
	"y" : -0.18110615184266507,
	"yaw" : 1.3437752535377669,
	"z" : -0.17015516326500649
}
