{
	"pitch" : 1.4879244893002765,
	"roll" : -1.5824662980601187,
	"x" : 0.089189387325713965,
	"y" : 0.022855299314500865,
	"yaw" : 1.2350255256743188,
	"z" : -0.20462384074646955
}
