{
	"pitch" : 1.4504928391183165,
	"roll" : -1.4281887434905118,
	"x" : -0.017121966565824001,
	"y" : -0.30808080634722729,
	"yaw" : 1.3739307145050503,
	"z" : -0.17248646095321152
}
