{
	"pitch" : 1.4843847188349435,
	"roll" : -1.5608931645045507,
	"x" : 0.071109594040505972,
	"y" : -0.027533396373880734,
	"yaw" : 1.252454860773337,
	"z" : -0.12173779951891926
}
