{
	"pitch" : 1.478328934158456,
	"roll" : -1.6098565632372548,
	"x" : 0.02764954980772491,
	"y" : -0.019188763416585687,
	"yaw" : 1.210063142632839,
	"z" : -0.17098607663225951
}
