{
	"pitch" : 1.4697171779373421,
	"roll" : -1.3944946167580885,
	"x" : 0.087334919462564178,
	"y" : -0.19386537108493021,
	"yaw" : 1.4161536871636569,
	"z" : -0.16825055592533683
}
