{
	"pitch" : 1.4702722698587283,
	"roll" : -1.367168468680358,
	"x" : 0.017514158788397863,
	"y" : -0.2004860554918716,
	"yaw" : 1.444682359612721,
	"z" : -0.26579941512848082
}
