{
	"pitch" : 1.4724222780469087,
	"roll" : -1.6340788939012818,
	"x" : 0.02645095068677928,
	"y" : -0.01274812457367475,
	"yaw" : 1.1810985345613976,
	"z" : -0.17151388992740019
}
