{
	"pitch" : 1.4889349271905172,
	"roll" : -1.3756034107281572,
	"x" : 0.010203959876254803,
	"y" : -0.082881664578495745,
	"yaw" : 1.4499441077446893,
	"z" : -0.16783615267443935
}
