{
	"pitch" : 1.4651617076961878,
	"roll" : -1.4582903865204186,
	"x" : 0.040160936046851982,
	"y" : -0.12596966566504522,
	"yaw" : 1.3534704390870218,
	"z" : -0.18545188101324328
}
