{
	"pitch" : 1.4916885150106454,
	"roll" : -1.4384828527127271,
	"x" : 0.12868939047664402,
	"y" : -0.015192029770402082,
	"yaw" : 1.3825530218779305,
	"z" : -0.16920641350602103
}
