{
	"pitch" : 1.4513886694929903,
	"roll" : -1.4056422955158911,
	"x" : -0.00094346731975945841,
	"y" : -0.25610708621147343,
	"yaw" : 1.3974793048448626,
	"z" : -0.17164711700860774
}
