{
	"pitch" : 1.4741087895269276,
	"roll" : -1.4209931756702321,
	"x" : 0.078426159549499844,
	"y" : -0.06304272762094118,
	"yaw" : 1.393751793936306,
	"z" : -0.16875307207646129
}
