{
	"pitch" : 1.4909681897348892,
	"roll" : -1.6330533533931528,
	"x" : 0.062690792509653329,
	"y" : 0.037112646233572577,
	"yaw" : 1.2020008964558098,
	"z" : -0.1715873149555035
}
