{
	"pitch" : 1.4787223418117978,
	"roll" : -1.398725898519132,
	"x" : 0.097093623131046108,
	"y" : -0.058323484287189302,
	"yaw" : 1.422854848179252,
	"z" : -0.16860694308144611
}
