{
	"pitch" : 1.4925901051382109,
	"roll" : -1.5568089595894949,
	"x" : 0.085820096253808112,
	"y" : 0.039445713177507592,
	"yaw" : 1.2756932278139606,
	"z" : -0.17128341550018661
}
