{
	"pitch" : 1.4787575102127386,
	"roll" : -1.6511147550136072,
	"x" : 0.026663382715695384,
	"y" : -0.0041655102530432104,
	"yaw" : 1.1693189700280773,
	"z" : -0.17078683670532474
}
