{
	"pitch" : 1.4901199987050093,
	"roll" : -1.5178281006949272,
	"x" : 0.078626850900920434,
	"y" : -0.0038054810178883482,
	"yaw" : 1.2951904569323101,
	"z" : -0.11884024414702803
}
