{
	"pitch" : 1.4576187978713397,
	"roll" : -1.449515063453934,
	"x" : -0.015416391642061822,
	"y" : -0.30391116395221252,
	"yaw" : 1.3581400469036695,
	"z" : -0.16673000971376911
}
