{
	"pitch" : 1.4888060728968477,
	"roll" : -1.5850618962884875,
	"x" : 0.089082256564529422,
	"y" : 0.022403129142872479,
	"yaw" : 1.2327991993136964,
	"z" : -0.20515729800971902
}
