{
	"pitch" : 1.4662838890732959,
	"roll" : -1.5895634595485471,
	"x" : -0.033187088500860482,
	"y" : -0.11871965896117595,
	"yaw" : 1.219620271097543,
	"z" : -0.17151419511301824
}
