{
	"pitch" : 1.4691335501941025,
	"roll" : -1.4708929880082338,
	"x" : 0.06466479096003204,
	"y" : -0.049314071765322237,
	"yaw" : 1.3352664924399755,
	"z" : -0.20169946567439392
}
