{
	"pitch" : 1.4935932475672753,
	"roll" : -1.6007965050188468,
	"x" : 0.087471814065283135,
	"y" : 0.019203297199713115,
	"yaw" : 1.2163736726170102,
	"z" : -0.13174212784532729
}
