{
	"pitch" : 1.4476650321361262,
	"roll" : -1.4186871496199123,
	"x" : -0.015423838065586337,
	"y" : -0.30882732680389546,
	"yaw" : 1.3829423054450853,
	"z" : -0.17347070936934281
}
