{
	"pitch" : 1.4925011516382729,
	"roll" : -1.3370224695853821,
	"x" : 0.12749308377193636,
	"y" : -0.011100869559708341,
	"yaw" : 1.4865478102771941,
	"z" : -0.16840708385949699
}
