{
	"pitch" : 1.4701666681611496,
	"roll" : -1.4899361001311655,
	"x" : 0.063204010218189638,
	"y" : -0.058618562567203866,
	"yaw" : 1.3190146892996051,
	"z" : -0.18205900795443508
}
