{
	"pitch" : 1.4453384769666018,
	"roll" : -1.4186102861492424,
	"x" : -0.016459986858677181,
	"y" : -0.30921089424222264,
	"yaw" : 1.3828237676758939,
	"z" : -0.17405962843413467
}
