{
	"pitch" : 1.4672923144705032,
	"roll" : -1.5076741377344367,
	"x" : 0.015505550125363858,
	"y" : -0.19890577604178003,
	"yaw" : 1.3005937150133071,
	"z" : -0.082934169584332806
}
