{
	"pitch" : 1.4646415054856838,
	"roll" : -1.4993840423747182,
	"x" : 0.011059332937958105,
	"y" : -0.21241974598814245,
	"yaw" : 1.3120445194243535,
	"z" : -0.071239076527284562
}
