{
	"pitch" : 1.4726123002112341,
	"roll" : -1.5811908837932278,
	"x" : 0.045847107820300256,
	"y" : -0.050993686997407361,
	"yaw" : 1.2372900375920151,
	"z" : -0.16964048482637228
}
