{
	"pitch" : 1.4544383011812529,
	"roll" : -1.348409616130559,
	"x" : 0.06592060818062763,
	"y" : -0.28894779333986609,
	"yaw" : 1.4545438289535253,
	"z" : -0.1703122124048069
}
