{
	"pitch" : 1.4477874191108833,
	"roll" : -1.4199638988702337,
	"x" : -0.01544275775455968,
	"y" : -0.30885408305329676,
	"yaw" : 1.3815067363390487,
	"z" : -0.17351795097838818
}
