{
	"pitch" : 1.4580080248561671,
	"roll" : -1.3829268204781602,
	"x" : 0.018815599841802158,
	"y" : -0.19548340696437716,
	"yaw" : 1.431666402878043,
	"z" : -0.25874092261564496
}
