{
	"pitch" : 1.4518110349416746,
	"roll" : -1.4121311467372282,
	"x" : 0.0078374076751495797,
	"y" : -0.22819782139172329,
	"yaw" : 1.3872467750652797,
	"z" : -0.17048336876882475
}
