{
	"pitch" : 1.4711713383397218,
	"roll" : -1.5272230615717979,
	"x" : 0.062948507725784322,
	"y" : -0.060210842599080494,
	"yaw" : 1.2892828864794137,
	"z" : -0.16992724348800453
}
