{
	"pitch" : 1.4759993963067608,
	"roll" : -1.4647551403734098,
	"x" : 0.061829652035148425,
	"y" : -0.020136925984931272,
	"yaw" : 1.3492693340544624,
	"z" : -0.16975875721783334
}
