{
	"pitch" : 1.4479063579808518,
	"roll" : -1.426626462693579,
	"x" : -0.016256272849373268,
	"y" : -0.30885640891816812,
	"yaw" : 1.3747527213265462,
	"z" : -0.17313297097107744
}
