{
	"pitch" : 1.4738890638176971,
	"roll" : -1.559530186112815,
	"x" : 0.07024535213834672,
	"y" : -0.037322968036994739,
	"yaw" : 1.2495775514765017,
	"z" : -0.21336900849386975
}
