{
	"pitch" : 1.4609966908901164,
	"roll" : -1.440061946820778,
	"x" : 0.051300907490278325,
	"y" : -0.089600826437747222,
	"yaw" : 1.3607739536658778,
	"z" : -0.17019625408465991
}
