{
	"pitch" : 1.4493826167866186,
	"roll" : -1.45465419507333,
	"x" : -0.078181354305432091,
	"y" : -0.25827587695986493,
	"yaw" : 1.3474099300156741,
	"z" : -0.17432694282642075
}
