{
	"pitch" : 1.4876667905854521,
	"roll" : -1.6105492598531463,
	"x" : 0.050074586185378162,
	"y" : 0.030838887239330062,
	"yaw" : 1.2198666590424072,
	"z" : -0.17152746829181065
}
