{
	"pitch" : 1.4679557462354875,
	"roll" : -1.4887602360515986,
	"x" : 0.04997458520781424,
	"y" : -0.055759079496848579,
	"yaw" : 1.3215619975480362,
	"z" : -0.16924711090565209
}
