{
	"pitch" : 1.4537016616402212,
	"roll" : -1.4894171907673277,
	"x" : 0.013547632466062401,
	"y" : -0.20892297641662386,
	"yaw" : 1.3119310077474542,
	"z" : -0.17055623452031241
}
