{
	"pitch" : 1.4885053080368187,
	"roll" : -1.440307095686848,
	"x" : 0.040924437756891668,
	"y" : -0.12159091355491455,
	"yaw" : 1.3680631818236066,
	"z" : -0.22495535527282437
}
