{
	"pitch" : 1.479813693395637,
	"roll" : -1.5485158671593,
	"x" : 0.076612833630037513,
	"y" : -0.017364038778804578,
	"yaw" : 1.2617078276279654,
	"z" : -0.22055238719926734
}
