{
	"pitch" : 1.476447809833517,
	"roll" : -1.5397619067791284,
	"x" : 0.064395860653755313,
	"y" : -0.053923717579905106,
	"yaw" : 1.2727956142557126,
	"z" : -0.14236925070671272
}
