{
	"pitch" : 1.4847201689838772,
	"roll" : -1.4483078072977305,
	"x" : 0.036135301003553638,
	"y" : -0.13761966536515913,
	"yaw" : 1.3608731620449297,
	"z" : -0.23228596026399875
}
