{
	"pitch" : 1.477185548675513,
	"roll" : -1.5066046917162541,
	"x" : 0.06517179423120012,
	"y" : -0.046965995168014876,
	"yaw" : 1.3063081074956315,
	"z" : -0.13387804818923205
}
