{
	"pitch" : 1.4535899567151542,
	"roll" : -1.3719908950208544,
	"x" : -0.011429170354168003,
	"y" : -0.27998116661161004,
	"yaw" : 1.4389903286134313,
	"z" : -0.17227410560280926
}
