{
	"pitch" : 1.485438406180037,
	"roll" : -1.3545616180389108,
	"x" : 0.11838860986312347,
	"y" : -0.039809776487507324,
	"yaw" : 1.4638400475535474,
	"z" : -0.16794854008938626
}
