{
	"pitch" : 1.4746697253389378,
	"roll" : -1.5372255736659854,
	"x" : 0.073754457004741203,
	"y" : -0.025651292944664023,
	"yaw" : 1.2682733599035731,
	"z" : -0.21839034852496475
}
