{
	"pitch" : 1.4670976748057083,
	"roll" : -1.5359009979425668,
	"x" : 0.065149102004747911,
	"y" : -0.053372866455466739,
	"yaw" : 1.2719840985955875,
	"z" : -0.19626780391819929
}
