{
	"pitch" : 1.4948268031250094,
	"roll" : -1.330881310880168,
	"x" : 0.12723478181663173,
	"y" : -0.0098022185774258967,
	"yaw" : 1.4906800010829808,
	"z" : -0.16821736212189584
}
