{
	"pitch" : 1.4967790379383592,
	"roll" : -1.4570291341106112,
	"x" : 0.11744544153006617,
	"y" : 0.019751526897526739,
	"yaw" : 1.3721280812758803,
	"z" : -0.17002760903673117
}
