{
	"pitch" : 1.468712879527571,
	"roll" : -1.466829400332841,
	"x" : 0.064615615529274598,
	"y" : -0.049164981700230953,
	"yaw" : 1.3393492454358467,
	"z" : -0.20179938529013305
}
