{
	"pitch" : 1.4857860003922361,
	"roll" : -1.4680033177495122,
	"x" : 0.038055026920628308,
	"y" : -0.050515864589235425,
	"yaw" : 1.3543688872938826,
	"z" : -0.1696388562041227
}
