{
	"pitch" : 1.4879570937211546,
	"roll" : -1.4344206799246466,
	"x" : 0.040286645457675435,
	"y" : -0.12353040766069755,
	"yaw" : 1.3751097248632509,
	"z" : -0.22572591845763257
}
