{
	"pitch" : 1.4942081270947287,
	"roll" : -1.5177611780747584,
	"x" : 0.092412112159552001,
	"y" : 0.037097774525298582,
	"yaw" : 1.3097624603458513,
	"z" : -0.17124661721573675
}
