{
	"pitch" : 1.4677700543927328,
	"roll" : -1.5151099848069451,
	"x" : 0.010013855675726741,
	"y" : -0.21768313651858745,
	"yaw" : 1.2991955719297679,
	"z" : -0.077032955557540472
}
