{
	"pitch" : 1.4899027244830838,
	"roll" : -1.3286377578650428,
	"x" : 0.1258848950857733,
	"y" : -0.022983565194807778,
	"yaw" : 1.494753945778867,
	"z" : -0.16903178932738835
}
