{
	"pitch" : 1.4763119505189812,
	"roll" : -1.5128180008961349,
	"x" : 0.072546084979478759,
	"y" : -0.028954861852651552,
	"yaw" : 1.2939424778819959,
	"z" : -0.21700841134892962
}
