{
	"pitch" : 1.4923590552285981,
	"roll" : -1.380332232045316,
	"x" : 0.1269202815020985,
	"y" : -0.018881699936889897,
	"yaw" : 1.4406510338384186,
	"z" : -0.16868989114918836
}
