{
	"pitch" : 1.4830312089971087,
	"roll" : -1.5743054093848197,
	"x" : 0.077498579429590181,
	"y" : -0.012177629896625009,
	"yaw" : 1.2440317372457841,
	"z" : -0.16949072999069373
}
