{
	"pitch" : 1.4689885136653793,
	"roll" : -1.5716199745826913,
	"x" : -0.032776881985048245,
	"y" : -0.11888231179321157,
	"yaw" : 1.2395374175764293,
	"z" : -0.17140580929112309
}
