{
	"pitch" : 1.4544191750518298,
	"roll" : -1.4301877225117141,
	"x" : 0.014242121277216468,
	"y" : -0.2078404359083455,
	"yaw" : 1.3701120180486503,
	"z" : -0.17063199282913208
}
