{
	"pitch" : 1.4989113031863002,
	"roll" : -1.3869792504833394,
	"x" : 0.10888850929154238,
	"y" : 0.0273977358078464,
	"yaw" : 1.4421338230960965,
	"z" : -0.16991243976274839
}
