{
	"pitch" : 1.4606649158048746,
	"roll" : -1.3973515195961561,
	"x" : 0.025375949353806077,
	"y" : -0.17605807172145746,
	"yaw" : 1.4204455519292136,
	"z" : -0.23700344536204523
}
