{
	"pitch" : 1.4733441042664053,
	"roll" : -1.5559488657521106,
	"x" : 0.071075992706230606,
	"y" : -0.036710568704923605,
	"yaw" : 1.2532368309719151,
	"z" : -0.21419800197838038
}
