{
	"pitch" : 1.4847249207128626,
	"roll" : -1.3321613534764849,
	"x" : 0.12317439892565635,
	"y" : -0.031902687153369816,
	"yaw" : 1.491612078779083,
	"z" : -0.16831408059007452
}
