{
	"pitch" : 1.4747504762612011,
	"roll" : -1.4920350432238458,
	"x" : 0.063195117228668315,
	"y" : -0.05501083162360576,
	"yaw" : 1.320667675237454,
	"z" : -0.14438565152982924
}
