{
	"pitch" : 1.4563135582218227,
	"roll" : -1.3660611444068345,
	"x" : 0.066831255899857833,
	"y" : -0.28572827663530231,
	"yaw" : 1.4382915428734664,
	"z" : -0.1702970620560606
}
