{
	"pitch" : 1.4961388277022409,
	"roll" : -1.3489686950901594,
	"x" : 0.12128672291505102,
	"y" : 0.012493034368736894,
	"yaw" : 1.4762845358262189,
	"z" : -0.16900291520517302
}
