{
	"pitch" : 1.4523596583275644,
	"roll" : -1.650336028754271,
	"x" : -0.072456231689488837,
	"y" : -0.17444799496582192,
	"yaw" : 1.1612271292025829,
	"z" : -0.17391762956307982
}
