{
	"pitch" : 1.475102572116705,
	"roll" : -1.5543421960322599,
	"x" : 0.028690130268298704,
	"y" : -0.027134744441453543,
	"yaw" : 1.265060300065179,
	"z" : -0.17018845452528378
}
