{
	"pitch" : 1.4615843014991452,
	"roll" : -1.3483220899843591,
	"x" : 0.023599924835378074,
	"y" : -0.18226641720398815,
	"yaw" : 1.4714009110732122,
	"z" : -0.24328126930365576
}
