{
	"pitch" : 1.4697737788327383,
	"roll" : -1.5437299383031668,
	"x" : 0.067792898288457068,
	"y" : -0.044364990009649066,
	"yaw" : 1.262895887241273,
	"z" : -0.20796279579304974
}
