{
	"pitch" : 1.4943577037074214,
	"roll" : -1.6033085600635888,
	"x" : 0.09078211204320405,
	"y" : 0.029261917744625436,
	"yaw" : 1.2171344044264596,
	"z" : -0.14522522158507575
}
