{
	"pitch" : 1.4869721904726119,
	"roll" : -1.5008914153993516,
	"x" : 0.075835285738255501,
	"y" : -0.012682789478235843,
	"yaw" : 1.313959181941724,
	"z" : -0.1187141160254947
}
