{
	"pitch" : 1.4946492542302667,
	"roll" : -1.5321456732365091,
	"x" : 0.09208634027175043,
	"y" : 0.036437893095863018,
	"yaw" : 1.2904822747985618,
	"z" : -0.16897930845288897
}
