{
	"pitch" : 1.490581317405052,
	"roll" : -1.4210403768418982,
	"x" : 0.063175998437789996,
	"y" : -0.019125861549774532,
	"yaw" : 1.3999035541450096,
	"z" : -0.1691976202098385
}
