{
	"pitch" : 1.4604451541645418,
	"roll" : -1.5132622309326571,
	"x" : 0.012555702083378709,
	"y" : -0.21144617600515678,
	"yaw" : 1.296372995574939,
	"z" : -0.070629067057365588
}
