{
	"pitch" : 1.4673431822464391,
	"roll" : -1.3669570288331911,
	"x" : 0.034369319003024659,
	"y" : -0.14328053426087051,
	"yaw" : 1.4500498832970101,
	"z" : -0.20399128817672213
}
