{
	"pitch" : 1.4774281030664111,
	"roll" : -1.5524196962085619,
	"x" : 0.073735952382320363,
	"y" : -0.020720912361231796,
	"yaw" : 1.2581149132765215,
	"z" : -0.17003495650273376
}
