{
	"pitch" : 1.492863246566918,
	"roll" : -1.4611635632438027,
	"x" : 0.071913552872241771,
	"y" : -0.025409776559619613,
	"yaw" : 1.3541483096767435,
	"z" : -0.16884223905488854
}
