{
	"pitch" : 1.4497668565456681,
	"roll" : -1.2853566566975105,
	"x" : 0.054803186960861353,
	"y" : -0.30067274521724729,
	"yaw" : 1.5231038601935152,
	"z" : -0.16996946566120505
}
