{
	"pitch" : 1.4780984128567896,
	"roll" : -1.4969988109411805,
	"x" : 0.044604551473984337,
	"y" : -0.1123239617670046,
	"yaw" : 1.3197949916923313,
	"z" : -0.1694346956368159
}
