{
	"pitch" : 1.4948534648289402,
	"roll" : -1.5960517118559308,
	"x" : 0.09146456218072832,
	"y" : 0.033380077390862718,
	"yaw" : 1.2243183576933132,
	"z" : -0.1526494012455078
}
