{
	"pitch" : 1.4770748416440553,
	"roll" : -1.5752670467362735,
	"x" : 0.040580788935348083,
	"y" : -0.12765506869481899,
	"yaw" : 1.2424514727823603,
	"z" : -0.15385973687252305
}
