{
	"pitch" : 1.4967214550839747,
	"roll" : -1.4573639446572464,
	"x" : 0.11840106600140715,
	"y" : 0.018001516019508002,
	"yaw" : 1.3706555987402325,
	"z" : -0.17003486103251811
}
