{
	"pitch" : 1.4766532757696131,
	"roll" : -1.5499379264059572,
	"x" : -0.032588319326548543,
	"y" : -0.12763741490341654,
	"yaw" : 1.272002330631443,
	"z" : -0.17179268681583681
}
