{
	"pitch" : 1.4691243603099726,
	"roll" : -1.4514552447211284,
	"x" : 0.057576169880629288,
	"y" : -0.059517979602738552,
	"yaw" : 1.3627543789042329,
	"z" : -0.16931784881471715
}
