{
	"pitch" : 1.490996496982532,
	"roll" : -1.5617951473406153,
	"x" : 0.066632872437599994,
	"y" : -0.024503153213192692,
	"yaw" : 1.256071915859859,
	"z" : -0.17028549259991194
}
