{
	"pitch" : 1.4571328653839177,
	"roll" : -1.3741125700201715,
	"x" : 0.016277650343767394,
	"y" : -0.20573012128540105,
	"yaw" : 1.4383560169656868,
	"z" : -0.26835929664188179
}
