{
	"pitch" : 1.4726442372176236,
	"roll" : -1.5701114527569662,
	"x" : 0.070502388222687493,
	"y" : -0.03706877809491492,
	"yaw" : 1.2392151264157576,
	"z" : -0.21355925085538738
}
