{
	"pitch" : 1.4935829655609241,
	"roll" : -1.6030879463694383,
	"x" : 0.087549636580878276,
	"y" : 0.019239877500428285,
	"yaw" : 1.2140719976861503,
	"z" : -0.13180881239939657
}
