{
	"pitch" : 1.4742322677629756,
	"roll" : -1.4797104869853837,
	"x" : 0.060926255614802104,
	"y" : -0.061630288452299176,
	"yaw" : 1.3325682906703442,
	"z" : -0.16659239070391818
}
