{
	"pitch" : 1.4801478952464202,
	"roll" : -1.5176737893527763,
	"x" : 0.044597137827290544,
	"y" : -0.11267468979625556,
	"yaw" : 1.3000259488073318,
	"z" : -0.16865237157361204
}
