{
	"pitch" : 1.4836940875717219,
	"roll" : -1.6897887789665746,
	"x" : 0.037293672902268357,
	"y" : 0.018338015953406044,
	"yaw" : 1.1297112031800063,
	"z" : -0.17152056870172863
}
