{
	"pitch" : 1.4741071823872183,
	"roll" : -1.4816422922014214,
	"x" : 0.098235368801738818,
	"y" : -0.18314632228603459,
	"yaw" : 1.3324111965750445,
	"z" : -0.16862503991649774
}
