{
	"pitch" : 1.4862381597363463,
	"roll" : -1.6002770817630774,
	"x" : 0.087919617060794375,
	"y" : 0.018044777276940205,
	"yaw" : 1.2159914111192163,
	"z" : -0.20960644616598315
}
