{
	"pitch" : 1.4832739031647288,
	"roll" : -1.5455162148038744,
	"x" : 0.07668022846877047,
	"y" : -0.013434090887216463,
	"yaw" : 1.2717814156673095,
	"z" : -0.16979107061773913
}
