{
	"pitch" : 1.4978177747532848,
	"roll" : -1.6545623722366385,
	"x" : 0.053066121682400248,
	"y" : -0.081844563398091374,
	"yaw" : 1.1519278400761084,
	"z" : -0.20479708379588973
}
