{
	"pitch" : 1.4699545081867675,
	"roll" : -1.5513031978820393,
	"x" : 0.062922128498163032,
	"y" : -0.060459401526362672,
	"yaw" : 1.2640142356568616,
	"z" : -0.16985055630984325
}
