{
	"pitch" : 1.4799212789165397,
	"roll" : -1.4518144550396515,
	"x" : 0.097751885326280041,
	"y" : -0.058857529258059552,
	"yaw" : 1.3642269971682723,
	"z" : -0.16895788577022883
}
