{
	"pitch" : 1.4418882223102325,
	"roll" : -1.3689738996581962,
	"x" : -0.01503474357621426,
	"y" : -0.30168641420019393,
	"yaw" : 1.4354777392483364,
	"z" : -0.17377127065922959
}
