{
	"pitch" : 1.4807754463858607,
	"roll" : -1.367939872259152,
	"x" : 0.081750555602073199,
	"y" : -0.063108125480111549,
	"yaw" : 1.4598852735037096,
	"z" : -0.16870134930367547
}
