{
	"pitch" : 1.5035448491048327,
	"roll" : -1.4882896136613135,
	"x" : 0.10866843737262358,
	"y" : 0.02891234561021834,
	"yaw" : 1.3446872770307481,
	"z" : -0.16995307404810117
}
