{
	"pitch" : 1.4797073291643876,
	"roll" : -1.5283503542025703,
	"x" : 0.044117353128617219,
	"y" : -0.11405172389658884,
	"yaw" : 1.2912287616977169,
	"z" : -0.16756816882904876
}
