{
	"pitch" : 1.4820974962155731,
	"roll" : -1.5098875096598057,
	"x" : 0.085528417897467568,
	"y" : 0.013400084248621333,
	"yaw" : 1.3017222896484233,
	"z" : -0.21278326024925615
}
