{
	"pitch" : 1.4776292509725288,
	"roll" : -1.487163893108659,
	"x" : 0.07475805689152859,
	"y" : -0.019192213678330662,
	"yaw" : 1.3253481716684927,
	"z" : -0.1699486851117043
}
