{
	"pitch" : 1.4905658964332325,
	"roll" : -1.5805498659365456,
	"x" : 0.077369206080502892,
	"y" : -0.012269814626204894,
	"yaw" : 1.2330312512089077,
	"z" : -0.17027852795761339
}
