{
	"pitch" : 1.4835946972818981,
	"roll" : -1.5680665271509564,
	"x" : 0.077297851483614774,
	"y" : -0.012327346906257754,
	"yaw" : 1.2501843106382482,
	"z" : -0.16960895862509726
}
