{
	"pitch" : 1.4761130143194294,
	"roll" : -1.451335005597953,
	"x" : 0.078884906191783552,
	"y" : -0.063076837834232485,
	"yaw" : 1.3624596741964874,
	"z" : -0.16859357802700289
}
