{
	"pitch" : 1.4544283940794827,
	"roll" : -1.3448229913624021,
	"x" : 0.031049097954974243,
	"y" : -0.29313377787039285,
	"yaw" : 1.4606664220178762,
	"z" : -0.17121585541548062
}
