{
	"pitch" : 1.5034257750689923,
	"roll" : -1.4937113187511177,
	"x" : 0.10931832318747611,
	"y" : 0.028397154304047899,
	"yaw" : 1.3386133760124552,
	"z" : -0.16996776884763706
}
