{
	"pitch" : 1.4570227299157126,
	"roll" : -1.3557483429132382,
	"x" : 0.071921947518893831,
	"y" : -0.26911754530549431,
	"yaw" : 1.4538260648691987,
	"z" : -0.16962066178477372
}
