{
	"pitch" : 1.4693738438796895,
	"roll" : -1.4607131968126874,
	"x" : 0.057820070726130136,
	"y" : -0.059613732363963515,
	"yaw" : 1.353489086952766,
	"z" : -0.16936316702562998
}
