{
	"pitch" : 1.4690376976431609,
	"roll" : -1.4126452263747769,
	"x" : 0.037464311925318378,
	"y" : -0.13468142342079553,
	"yaw" : 1.4116446419983901,
	"z" : -0.19383503320615553
}
