{
	"pitch" : 1.4872938765691266,
	"roll" : -1.4990305431253503,
	"x" : 0.075928663282125872,
	"y" : -0.012836613935546862,
	"yaw" : 1.3178497956672088,
	"z" : -0.16951099538799505
}
