{
	"pitch" : 1.4807753151148315,
	"roll" : -1.5082948502024331,
	"x" : 0.064033050142184939,
	"y" : -0.14851084478860818,
	"yaw" : 1.296687307908823,
	"z" : -0.1691738325247911
}
