{
	"pitch" : 1.4515536388572901,
	"roll" : -1.3165254051504525,
	"x" : 0.061707579858531779,
	"y" : -0.30180615012839901,
	"yaw" : 1.4865564007697825,
	"z" : -0.17055206084416025
}
