{
	"pitch" : 1.4906573331733759,
	"roll" : -1.5635949314854509,
	"x" : 0.065219181397534964,
	"y" : 0.038397920962815794,
	"yaw" : 1.2733303812485923,
	"z" : -0.17178406401612697
}
