{
	"pitch" : 1.4712134551018621,
	"roll" : -1.5236795961312699,
	"x" : 0.030182567040618363,
	"y" : -0.036542204263279213,
	"yaw" : 1.2836660639080206,
	"z" : -0.17002280166396014
}
