{
	"pitch" : 1.4912127107587358,
	"roll" : -1.6123182287324356,
	"x" : 0.088054448725714579,
	"y" : 0.021819569745739634,
	"yaw" : 1.205221970664021,
	"z" : -0.13501118464686027
}
