{
	"pitch" : 1.4797344829236647,
	"roll" : -1.4487249093596841,
	"x" : 0.097605025848573931,
	"y" : -0.05892807558016732,
	"yaw" : 1.3674919403352694,
	"z" : -0.16896560378299968
}
