{
	"pitch" : 1.485721130597784,
	"roll" : -1.3355245582713493,
	"x" : 0.11959763676032982,
	"y" : -0.038951391246454969,
	"yaw" : 1.4864941396108333,
	"z" : -0.1685766712763607
}
