{
	"pitch" : 1.4830223414887806,
	"roll" : -1.5979216116735977,
	"x" : 0.070536972845659379,
	"y" : -0.02927754322395933,
	"yaw" : 1.214746080212038,
	"z" : -0.12246453041769464
}
