{
	"pitch" : 1.4916157759365818,
	"roll" : -1.4095405676909953,
	"x" : 0.064410906548757196,
	"y" : -0.052807405905113333,
	"yaw" : 1.4048105680502176,
	"z" : -0.18988947683415916
}
