{
	"pitch" : 1.4532108477716823,
	"roll" : -1.4387372668366298,
	"x" : 0.014744813116750882,
	"y" : -0.20870650885749806,
	"yaw" : 1.3632109616408743,
	"z" : -0.17107308195325824
}
