{
	"pitch" : 1.4889897568604367,
	"roll" : -1.5556175239830359,
	"x" : 0.0787218867758019,
	"y" : -0.0053562626459914744,
	"yaw" : 1.2574406191406149,
	"z" : -0.11880208985369597
}
