{
	"pitch" : 1.5003673786036944,
	"roll" : -1.4825236421532324,
	"x" : 0.11426287780739397,
	"y" : 0.023111483510184848,
	"yaw" : 1.3478059394632154,
	"z" : -0.16957187840679841
}
