{
	"pitch" : 1.4615343720746119,
	"roll" : -1.3081199966890809,
	"x" : 0.080906573354088962,
	"y" : -0.25824796951047096,
	"yaw" : 1.5003613963506455,
	"z" : -0.1688024159631642
}
