{
	"pitch" : 1.4719288517850722,
	"roll" : -1.458682869554649,
	"x" : 0.069232342613986614,
	"y" : -0.062135102758695077,
	"yaw" : 1.3506792230765292,
	"z" : -0.16861763119685058
}
