{
	"pitch" : 1.4486746384503995,
	"roll" : -1.3411350980344674,
	"x" : -0.014443540946323066,
	"y" : -0.29808438451044589,
	"yaw" : 1.4587734077517946,
	"z" : -0.17255108738087283
}
