{
	"pitch" : 1.446292501897636,
	"roll" : -1.4324236175726293,
	"x" : -0.017289712820719408,
	"y" : -0.30933166720491401,
	"yaw" : 1.3686264922327109,
	"z" : -0.17328312348495004
}
