{
	"pitch" : 1.4679287156502336,
	"roll" : -1.4902294256389399,
	"x" : 0.063013257137723946,
	"y" : -0.058929856818928372,
	"yaw" : 1.3250838934322886,
	"z" : -0.17945277784226754
}
