{
	"pitch" : 1.4749206716554584,
	"roll" : -1.5100988694331854,
	"x" : 0.071647794234843229,
	"y" : -0.032052091916506056,
	"yaw" : 1.2997284713386568,
	"z" : -0.16940185927190771
}
