{
	"pitch" : 1.454855972859614,
	"roll" : -1.4502887094367971,
	"x" : 0.033177319843915712,
	"y" : -0.15210918463579523,
	"yaw" : 1.3555100086480234,
	"z" : -0.17005991921160304
}
