{
	"pitch" : 1.4603807689040484,
	"roll" : -1.4855493261020394,
	"x" : 0.058396339659911915,
	"y" : -0.06757171910445503,
	"yaw" : 1.317095554671964,
	"z" : -0.16999854446400667
}
