{
	"pitch" : 1.480858019090324,
	"roll" : -1.6229128437048665,
	"x" : 0.030584069441334912,
	"y" : 0.0074641134985963618,
	"yaw" : 1.1999826356927734,
	"z" : -0.17111291583662289
}
