{
	"pitch" : 1.4490659539470485,
	"roll" : -1.4098619117276212,
	"x" : -0.016928969519034831,
	"y" : -0.30885442246977851,
	"yaw" : 1.3916221091967789,
	"z" : -0.17285436687943548
}
