{
	"pitch" : 1.4776793054779183,
	"roll" : -1.5371688447592948,
	"x" : 0.070901524090362891,
	"y" : -0.028658569064152727,
	"yaw" : 1.272760144951538,
	"z" : -0.16975843998154833
}
