{
	"pitch" : 1.4960587575228033,
	"roll" : -1.5326889474827494,
	"x" : 0.092407208759676562,
	"y" : 0.036895848925928926,
	"yaw" : 1.2944490394359043,
	"z" : -0.17088894115468575
}
