{
	"pitch" : 1.4815982050316727,
	"roll" : -1.4109991764151775,
	"x" : 0.028748255321993696,
	"y" : -0.16133486971044425,
	"yaw" : 1.3992469778760395,
	"z" : -0.24579558422133399
}
