{
	"pitch" : 1.4915272510547801,
	"roll" : -1.6240331055737887,
	"x" : 0.084672096596382543,
	"y" : 0.011765355052651961,
	"yaw" : 1.1917466464385205,
	"z" : -0.12645055366177685
}
