{
	"pitch" : 1.4757153130575267,
	"roll" : -1.5283268569922559,
	"x" : 0.064670672108018259,
	"y" : -0.048949268838480997,
	"yaw" : 1.283794120084218,
	"z" : -0.13572325885591843
}
