{
	"pitch" : 1.4840516628202638,
	"roll" : -1.5533589080764161,
	"x" : 0.075886346151232589,
	"y" : -0.014475944114301989,
	"yaw" : 1.2620570646073126,
	"z" : -0.17007750892317822
}
