{
	"pitch" : 1.4866325425482769,
	"roll" : -1.3193380353843398,
	"x" : 0.1214023816086682,
	"y" : -0.035600775214003406,
	"yaw" : 1.4988913834613309,
	"z" : -0.16797061855908746
}
