{
	"pitch" : 1.4882377554547339,
	"roll" : -1.6640081659629673,
	"x" : 0.047365904416753729,
	"y" : 0.029193226019343665,
	"yaw" : 1.158244941573441,
	"z" : -0.17135638404246956
}
