{
	"pitch" : 1.4918448883344331,
	"roll" : -1.3566052705633451,
	"x" : 0.12744895064072218,
	"y" : -0.012056572170031624,
	"yaw" : 1.4675207903788317,
	"z" : -0.16844313029161331
}
