{
	"pitch" : 1.4667436904271256,
	"roll" : -1.3794558885734505,
	"x" : 0.033553762801377146,
	"y" : -0.14680714741983944,
	"yaw" : 1.4364512926630237,
	"z" : -0.2069659150625992
}
