{
	"pitch" : 1.4730342564348078,
	"roll" : -1.5221594612730271,
	"x" : 0.071204695391073838,
	"y" : -0.033905181551914652,
	"yaw" : 1.2854893626923813,
	"z" : -0.21505174649540038
}
