{
	"pitch" : 1.4920592392223644,
	"roll" : -1.4584651468421803,
	"x" : 0.073943435200740079,
	"y" : -0.020823237073243815,
	"yaw" : 1.3554738334045193,
	"z" : -0.16882557677997215
}
