{
	"pitch" : 1.4726626815408295,
	"roll" : -1.5352089701612199,
	"x" : 0.071053313648525046,
	"y" : -0.03566028085153268,
	"yaw" : 1.2728184546781496,
	"z" : -0.21467725624362607
}
