{
	"pitch" : 1.4682983952877267,
	"roll" : -1.4905657538504518,
	"x" : 0.0609446700712288,
	"y" : -0.061050859552460673,
	"yaw" : 1.3181409848499943,
	"z" : -0.16935514736814256
}
