{
	"pitch" : 1.4751903251370191,
	"roll" : -1.6491877885282447,
	"x" : 0.027373449773280795,
	"y" : -0.013655435528128174,
	"yaw" : 1.1696864781336782,
	"z" : -0.17108446268620134
}
