{
	"pitch" : 1.4720210645859504,
	"roll" : -1.5782555143223744,
	"x" : 0.046629527519380945,
	"y" : -0.051973881906483492,
	"yaw" : 1.2400464155115636,
	"z" : -0.16931775972056054
}
