{
	"pitch" : 1.4791268293842288,
	"roll" : -1.6187668546879614,
	"x" : 0.031936060264976411,
	"y" : 0.012037178575564781,
	"yaw" : 1.1990695494279451,
	"z" : -0.17036681047621893
}
