{
	"pitch" : 1.44829055373964,
	"roll" : -1.3625868680582551,
	"x" : -0.010109231162300808,
	"y" : -0.28416162972976589,
	"yaw" : 1.4395973141171925,
	"z" : -0.17258500608483873
}
