{
	"pitch" : 1.4964232127141832,
	"roll" : -1.562174324324243,
	"x" : 0.064285359295726166,
	"y" : 0.038194405498882075,
	"yaw" : 1.2653985548852174,
	"z" : -0.17071246671933996
}
