{
	"pitch" : 1.4817781886680186,
	"roll" : -1.5912268758357282,
	"x" : 0.071574661658164659,
	"y" : -0.029769521855932117,
	"yaw" : 1.222013384868764,
	"z" : -0.12286396319650582
}
