{
	"pitch" : 1.4749303828187066,
	"roll" : -1.5216671523567387,
	"x" : 0.072173987961491895,
	"y" : -0.029710855191110021,
	"yaw" : 1.2851874191617123,
	"z" : -0.21660868639487446
}
