{
	"pitch" : 1.4451513497042761,
	"roll" : -1.4065254555000146,
	"x" : -0.016661874047448566,
	"y" : -0.30878069757560195,
	"yaw" : 1.3950160177628337,
	"z" : -0.17402349317817872
}
