{
	"pitch" : 1.4919376596021017,
	"roll" : -1.4454200085836977,
	"x" : 0.12887249791557892,
	"y" : -0.014196005557922059,
	"yaw" : 1.3758182206875662,
	"z" : -0.16925985386121195
}
