{
	"pitch" : 1.4785174368422798,
	"roll" : -1.3801407518319235,
	"x" : 0.091710828687591395,
	"y" : -0.060307434480592975,
	"yaw" : 1.4431928989600951,
	"z" : -0.16829357131141157
}
