{
	"pitch" : 1.4764569920835822,
	"roll" : -1.5653149323697912,
	"x" : 0.065469514770981688,
	"y" : -0.051342554756082709,
	"yaw" : 1.2469043322704574,
	"z" : -0.13932670247482465
}
