{
	"pitch" : 1.495157909637971,
	"roll" : -1.5951221412607746,
	"x" : 0.09243197245038684,
	"y" : 0.033490866764938947,
	"yaw" : 1.2248280577763271,
	"z" : -0.15369960337679045
}
