{
	"pitch" : 1.4941779662237193,
	"roll" : -1.6186599303534173,
	"x" : 0.092500979375302564,
	"y" : 0.03520675963268128,
	"yaw" : 1.2033041556238264,
	"z" : -0.16151227664881523
}
