{
	"pitch" : 1.4761853283734589,
	"roll" : -1.6153371522617919,
	"x" : 0.041643541600994816,
	"y" : -0.12448577316850243,
	"yaw" : 1.2006552571198841,
	"z" : -0.15716280325402879
}
