{
	"pitch" : 1.4635193117559364,
	"roll" : -1.4875159859163414,
	"x" : 0.058397299537578738,
	"y" : -0.069897953194324541,
	"yaw" : 1.3175037616022094,
	"z" : -0.16997047268845011
}
