{
	"pitch" : 1.4864234590336474,
	"roll" : -1.5573214101871298,
	"x" : 0.05327970373798379,
	"y" : 0.034210349008601662,
	"yaw" : 1.2750132384084449,
	"z" : -0.17132907001671416
}
