{
	"pitch" : 1.4865506023095174,
	"roll" : -1.6303024474898085,
	"x" : 0.040874907539888178,
	"y" : 0.024136379844837637,
	"yaw" : 1.1920832306392959,
	"z" : -0.17104581204944366
}
