{
	"pitch" : 1.4513566815424861,
	"roll" : -1.3385831070874252,
	"x" : 0.061788423427005912,
	"y" : -0.30167996437796957,
	"yaw" : 1.4657068024900726,
	"z" : -0.17028289018775153
}
