{
	"pitch" : 1.4834115047040684,
	"roll" : -1.6513461550570108,
	"x" : 0.043497179402957893,
	"y" : 0.026841802973176732,
	"yaw" : 1.1705293425998775,
	"z" : -0.17165063213144183
}
