{
	"pitch" : 1.4743281210280568,
	"roll" : -1.4689111065383067,
	"x" : 0.060823429541623501,
	"y" : -0.059660516019201526,
	"yaw" : 1.3459041386206858,
	"z" : -0.15668879889335016
}
