{
	"pitch" : 1.4823590330590342,
	"roll" : -1.3443677911387806,
	"x" : 0.10694335408648381,
	"y" : -0.052685423094554401,
	"yaw" : 1.4781929493630555,
	"z" : -0.16774682414777994
}
