{
	"pitch" : 1.4889335019614429,
	"roll" : -1.5628689134364968,
	"x" : 0.053570507227240279,
	"y" : 0.033894556937875971,
	"yaw" : 1.2683019314715178,
	"z" : -0.17123743485745582
}
