{
	"pitch" : 1.448154367587557,
	"roll" : -1.3465806093034853,
	"x" : -0.013183830100070806,
	"y" : -0.29189486906649986,
	"yaw" : 1.4560860856529239,
	"z" : -0.17191187521816464
}
