{
	"pitch" : 1.467095985647658,
	"roll" : -1.5932246943886672,
	"x" : -0.032415025175329237,
	"y" : -0.11905518114363331,
	"yaw" : 1.2169336217694164,
	"z" : -0.17125652308923009
}
