{
	"pitch" : 1.4489932430467751,
	"roll" : -1.4482493099916682,
	"x" : -0.078374651202404361,
	"y" : -0.25829514320578623,
	"yaw" : 1.3541579895173639,
	"z" : -0.17448759391580174
}
