{
	"pitch" : 1.4949009809718934,
	"roll" : -1.5195932814543538,
	"x" : 0.095671359696776037,
	"y" : 0.035995487022608165,
	"yaw" : 1.3111976303087358,
	"z" : -0.17075188913029254
}
