{
	"pitch" : 1.4750040663442014,
	"roll" : -1.5680153502438343,
	"x" : 0.065767590899626915,
	"y" : -0.050672972403177974,
	"yaw" : 1.2447010867655286,
	"z" : -0.13855242696298084
}
