{
	"pitch" : 1.493667957444291,
	"roll" : -1.5181283829682721,
	"x" : 0.093767842510738275,
	"y" : 0.037556519998367885,
	"yaw" : 1.3131400361767274,
	"z" : -0.17120378442494139
}
