{
	"pitch" : 1.4832741491186185,
	"roll" : -1.5557706395218158,
	"x" : 0.070185675470578385,
	"y" : -0.028975565453677694,
	"yaw" : 1.2570937417478913,
	"z" : -0.12209484703174693
}
