{
	"pitch" : 1.4835349952966101,
	"roll" : -1.4971980632759814,
	"x" : 0.048032890598349552,
	"y" : -0.11864728303679462,
	"yaw" : 1.3154037248343493,
	"z" : -0.17016706320059868
}
