{
	"pitch" : 1.4756149616313101,
	"roll" : -1.509323048668427,
	"x" : 0.044808808117101931,
	"y" : -0.11255306056581769,
	"yaw" : 1.3051865352934251,
	"z" : -0.17024163147530458
}
