{
	"pitch" : 1.4675070979363134,
	"roll" : -1.5230300877565015,
	"x" : 0.062869823615548187,
	"y" : -0.059549807379487743,
	"yaw" : 1.2896039615422326,
	"z" : -0.17840496521672014
}
