{
	"pitch" : 1.4722177761695054,
	"roll" : -1.6303998219063334,
	"x" : 0.026589776613564577,
	"y" : -0.012976259494614659,
	"yaw" : 1.1852886232661188,
	"z" : -0.17155066813079584
}
