{
	"pitch" : 1.4525145998559055,
	"roll" : -1.6496549705620076,
	"x" : -0.073755712148503474,
	"y" : -0.17499700937323817,
	"yaw" : 1.1633321144973305,
	"z" : -0.173717512939283
}
