{
	"pitch" : 1.4797996958482469,
	"roll" : -1.553810634672351,
	"x" : 0.077544275612616703,
	"y" : -0.015962719182912626,
	"yaw" : 1.2570314332759971,
	"z" : -0.22069508266484811
}
