{
	"pitch" : 1.4962963203246593,
	"roll" : -1.3824908729566012,
	"x" : 0.12233536165440267,
	"y" : 0.011763258503748089,
	"yaw" : 1.4423729078711995,
	"z" : -0.16942145226862143
}
