{
	"pitch" : 1.4711464445995102,
	"roll" : -1.4893760219732022,
	"x" : 0.067042497329789646,
	"y" : -0.042425056625066335,
	"yaw" : 1.3211175519163254,
	"z" : -0.16953222241538735
}
