{
	"pitch" : 1.45526193409133,
	"roll" : -1.6050013567368453,
	"x" : -0.063408347068404189,
	"y" : -0.17009185646315589,
	"yaw" : 1.2037693974770802,
	"z" : -0.17366443724534858
}
