{
	"pitch" : 1.4683100877291368,
	"roll" : -1.5056064723039131,
	"x" : 0.045148459020157038,
	"y" : -0.05237949461299831,
	"yaw" : 1.3037791822768929,
	"z" : -0.16960370730184018
}
