{
	"pitch" : 1.4884692707213463,
	"roll" : -1.3485342615038691,
	"x" : 0.12415560089842435,
	"y" : -0.026180779984785629,
	"yaw" : 1.472725527074884,
	"z" : -0.16843728991010287
}
