{
	"pitch" : 1.4849045385168196,
	"roll" : -1.604773013134638,
	"x" : 0.069309841620659104,
	"y" : -0.038218270009161691,
	"yaw" : 1.2061770788782127,
	"z" : -0.16910074051675159
}
