{
	"pitch" : 1.459992583036585,
	"roll" : -1.446549730026484,
	"x" : 0.056971556236357163,
	"y" : -0.074075276250146566,
	"yaw" : 1.35521081663319,
	"z" : -0.16949936045562458
}
