{
	"pitch" : 1.4685961634824021,
	"roll" : -1.5765515854908414,
	"x" : -0.032580938941917451,
	"y" : -0.11885985556977324,
	"yaw" : 1.2338016162532348,
	"z" : -0.17160395676004042
}
