{
	"pitch" : 1.4815570958289075,
	"roll" : -1.5554283072876669,
	"x" : 0.079250687753064014,
	"y" : -0.0097709950686615827,
	"yaw" : 1.257499256130066,
	"z" : -0.2201520504777533
}
