{
	"pitch" : 1.4778628155791782,
	"roll" : -1.5094976781652867,
	"x" : 0.066091310835132852,
	"y" : -0.043942097568754127,
	"yaw" : 1.3025399710291041,
	"z" : -0.13097610476195704
}
