{
	"pitch" : 1.4789735421388388,
	"roll" : -1.4253234878249408,
	"x" : 0.06744591626548424,
	"y" : -0.039298826208659307,
	"yaw" : 1.3786315876656383,
	"z" : -0.16923016933908863
}
