{
	"pitch" : 1.4654862934544419,
	"roll" : -1.4849458694174862,
	"x" : -0.0012340158606167634,
	"y" : -0.25553982967542976,
	"yaw" : 1.3300954654446069,
	"z" : -0.11694091654382474
}
