{
	"pitch" : 1.4781096202974642,
	"roll" : -1.4734541722764047,
	"x" : 0.064042934277286551,
	"y" : -0.018497240525787807,
	"yaw" : 1.3410478711275604,
	"z" : -0.16924862284591916
}
