{
	"pitch" : 1.4704619206357363,
	"roll" : -1.3882177979448616,
	"x" : 0.072088541100189626,
	"y" : -0.01258931630127047,
	"yaw" : 1.3998530044376765,
	"z" : -0.16847039027663291
}
