{
	"pitch" : 1.4834711489320707,
	"roll" : -1.6106091708572836,
	"x" : 0.090815697463654449,
	"y" : 0.024487706335308557,
	"yaw" : 1.2074282972011394,
	"z" : -0.20332841891888678
}
