{
	"pitch" : 1.4593888489572149,
	"roll" : -1.3824232273479011,
	"x" : 0.045448415479664113,
	"y" : -0.11150777846401752,
	"yaw" : 1.4174091167378517,
	"z" : -0.16865488783405302
}
