{
	"pitch" : 1.484635200772312,
	"roll" : -1.6162359446177417,
	"x" : 0.053991019782311606,
	"y" : 0.033251963477485602,
	"yaw" : 1.2090536422090106,
	"z" : -0.1713891257852217
}
