{
	"pitch" : 1.4792824761851644,
	"roll" : -1.3636998904775119,
	"x" : 0.09159431336301832,
	"y" : -0.060406779840772883,
	"yaw" : 1.4602216794603899,
	"z" : -0.16815511803171568
}
