{
	"pitch" : 1.4817179868714525,
	"roll" : -1.5931252176841744,
	"x" : 0.026959720504726115,
	"y" : -0.00070591386733661644,
	"yaw" : 1.2279516228547402,
	"z" : -0.17062231502157896
}
