{
	"pitch" : 1.482801491157385,
	"roll" : -1.4096376554414369,
	"x" : 0.10669791063373514,
	"y" : -0.053762466895159497,
	"yaw" : 1.4105377723976398,
	"z" : -0.16832985495465361
}
