{
	"pitch" : 1.478222788569874,
	"roll" : -1.5179246805565685,
	"x" : 0.065584560535323036,
	"y" : -0.046237556553334155,
	"yaw" : 1.294659261350763,
	"z" : -0.13311481244551993
}
