{
	"pitch" : 1.4737311744670822,
	"roll" : -1.5351198900643452,
	"x" : 0.044066918139110525,
	"y" : -0.11108922572967703,
	"yaw" : 1.2782538508483701,
	"z" : -0.16951863275879436
}
