{
	"pitch" : 1.4724998008030246,
	"roll" : -1.4982768770609538,
	"x" : -0.062244964901772157,
	"y" : -0.15773067554270923,
	"yaw" : 1.3190133037389848,
	"z" : -0.17288059978206452
}
