{
	"pitch" : 1.4679240360614709,
	"roll" : -1.6239624208181016,
	"x" : 0.038173962951764201,
	"y" : -0.033070675795572005,
	"yaw" : 1.1867978190741006,
	"z" : -0.17051140409168691
}
