{
	"pitch" : 1.4928323238604722,
	"roll" : -1.455483982291738,
	"x" : 0.075610168866177593,
	"y" : -0.014379668097737485,
	"yaw" : 1.3567071506151291,
	"z" : -0.16823940166847579
}
