{
	"pitch" : 1.499914135961794,
	"roll" : -1.5688731001376308,
	"x" : 0.098934286038353469,
	"y" : 0.034143315323289312,
	"yaw" : 1.2612998392507166,
	"z" : -0.17049481197207342
}
