{
	"pitch" : 1.4879119095444211,
	"roll" : -1.5299000490010142,
	"x" : 0.076440144436273033,
	"y" : -0.012843369196654296,
	"yaw" : 1.2874122983263021,
	"z" : -0.16977955041527151
}
