{
	"pitch" : 1.4893430292347556,
	"roll" : -1.5389713876068782,
	"x" : 0.078611487947701314,
	"y" : -0.004190268854964669,
	"yaw" : 1.2741808711900651,
	"z" : -0.11884743035508133
}
