{
	"pitch" : 1.4842762638769,
	"roll" : -1.7065753040273419,
	"x" : 0.03696893101922518,
	"y" : 0.019187568439199006,
	"yaw" : 1.11325827240472,
	"z" : -0.17126540374843846
}
