{
	"pitch" : 1.4460483879465709,
	"roll" : -1.4448959390870995,
	"x" : -0.016495283272473724,
	"y" : -0.30958383673356238,
	"yaw" : 1.3561228837233501,
	"z" : -0.17361473136134359
}
