{
	"pitch" : 1.4686953677357422,
	"roll" : -1.4762391339821856,
	"x" : 0.050014565809532528,
	"y" : -0.10247258619244197,
	"yaw" : 1.3315312129488683,
	"z" : -0.16929891347011861
}
