{
	"pitch" : 1.4683364995119454,
	"roll" : -1.5272203758769054,
	"x" : 0.062651351566339622,
	"y" : -0.059556811476724605,
	"yaw" : 1.284699217280981,
	"z" : -0.17762128074722311
}
