{
	"pitch" : 1.4717192690964163,
	"roll" : -1.5144564667122165,
	"x" : 0.067819774317817313,
	"y" : -0.039240158514738652,
	"yaw" : 1.2864015193165803,
	"z" : -0.17041931696185475
}
