{
	"pitch" : 1.4720982475110365,
	"roll" : -1.6314323415004601,
	"x" : 0.026680992166013474,
	"y" : -0.013315122091091661,
	"yaw" : 1.1845123085071922,
	"z" : -0.17148786550993544
}
