{
	"pitch" : 1.4742686788201258,
	"roll" : -1.4388900904938016,
	"x" : 0.10566645139511194,
	"y" : -0.16416116540936551,
	"yaw" : 1.3474626693815082,
	"z" : -0.16855471093041624
}
