{
	"pitch" : 1.4716377181181324,
	"roll" : -1.4622201547788771,
	"x" : 0.069633091961129975,
	"y" : -0.062385440697791686,
	"yaw" : 1.3472277422800911,
	"z" : -0.16873870979114938
}
