{
	"pitch" : 1.491973026791519,
	"roll" : -1.5086807858651217,
	"x" : 0.073658244796129618,
	"y" : -0.015423264469620571,
	"yaw" : 1.3096750049293073,
	"z" : -0.17021524547077388
}
