{
	"pitch" : 1.4747430914076223,
	"roll" : -1.5166782049359051,
	"x" : 0.072044917028578903,
	"y" : -0.029973001536552475,
	"yaw" : 1.2898928654246182,
	"z" : -0.21647279515394124
}
