{
	"pitch" : 1.4615503045322817,
	"roll" : -1.3042275306103017,
	"x" : 0.11169946845624784,
	"y" : -0.24055950730210923,
	"yaw" : 1.5068728776481859,
	"z" : -0.16789965795460116
}
