{
	"pitch" : 1.4915257786937772,
	"roll" : -1.4705202908079522,
	"x" : 0.075874395867031749,
	"y" : -0.012427829668365243,
	"yaw" : 1.3492178506290722,
	"z" : -0.1692564942624166
}
