{
	"pitch" : 1.4901686815840265,
	"roll" : -1.3646744020930637,
	"x" : 0.12696696916111316,
	"y" : -0.015633804652194244,
	"yaw" : 1.459801821812267,
	"z" : -0.16873245720535093
}
