{
	"pitch" : 1.4911709624584772,
	"roll" : -1.5699674104658643,
	"x" : 0.077045511992501481,
	"y" : -0.013177986682267162,
	"yaw" : 1.2474726033627621,
	"z" : -0.17040291042700295
}
