{
	"pitch" : 1.4934795454723078,
	"roll" : -1.5440514308580036,
	"x" : 0.09154169745450938,
	"y" : 0.03260822755781069,
	"yaw" : 1.2734909953202345,
	"z" : -0.18842347684285632
}
