{
	"pitch" : 1.456626925963258,
	"roll" : -1.433620888664644,
	"x" : 0.013511398387003021,
	"y" : -0.20898998495260013,
	"yaw" : 1.3662997749577668,
	"z" : -0.17036374645473873
}
