{
	"pitch" : 1.4934367966056141,
	"roll" : -1.3227733470876781,
	"x" : 0.12844431460672273,
	"y" : -0.0084303769069441915,
	"yaw" : 1.4994707637926039,
	"z" : -0.16863928584075702
}
