{
	"pitch" : 1.4600075647602224,
	"roll" : -1.3053680597406101,
	"x" : 0.014051975981379153,
	"y" : -0.20901092601526083,
	"yaw" : 1.506118020401245,
	"z" : -0.27095735508776209
}
