{
	"pitch" : 1.4552896926332821,
	"roll" : -1.5819662239744803,
	"x" : -0.079879206834727601,
	"y" : -0.17730020534388294,
	"yaw" : 1.2313451456385001,
	"z" : -0.17383125196215871
}
