{
	"pitch" : 1.4580888668235348,
	"roll" : -1.4941297155721165,
	"x" : 0.043751200307993288,
	"y" : -0.12060378008408602,
	"yaw" : 1.3068945197545332,
	"z" : -0.17038155630444984
}
