{
	"pitch" : 1.4669318593929446,
	"roll" : -1.5417579038993132,
	"x" : 0.019682363038406078,
	"y" : -0.18606714327026413,
	"yaw" : 1.2686289808113471,
	"z" : -0.095069563669883284
}
