{
	"pitch" : 1.5413607982601416,
	"roll" : -1.0346019360529692,
	"x" : 0.10078073681162109,
	"y" : -0.17476981998250232,
	"yaw" : 1.7339987432803661,
	"z" : -0.16665331109895401
}
