{
	"pitch" : 1.4854801325195095,
	"roll" : -1.3382371637980235,
	"x" : 0.11968641206346067,
	"y" : -0.038727114860426383,
	"yaw" : 1.4836808607349916,
	"z" : -0.16860444377713132
}
