{
	"pitch" : 1.4815110446097546,
	"roll" : -1.5345083454643711,
	"x" : 0.046454732914794614,
	"y" : -0.11236411215986281,
	"yaw" : 1.2858043285102498,
	"z" : -0.16975159164556691
}
