{
	"pitch" : 1.4610174421006121,
	"roll" : -1.3859775682877697,
	"x" : 0.022521615656193872,
	"y" : -0.18632993751933224,
	"yaw" : 1.4369438028224946,
	"z" : -0.24798991993083025
}
