{
	"pitch" : 1.4783679362494546,
	"roll" : -1.5751341341334193,
	"x" : 0.037081486797960708,
	"y" : -0.13655799388487636,
	"yaw" : 1.2405264499904436,
	"z" : -0.14478457927932845
}
