{
	"pitch" : 1.4553252475590894,
	"roll" : -1.431306679103326,
	"x" : 0.0019940058603414856,
	"y" : -0.24862697088460883,
	"yaw" : 1.3712734598730982,
	"z" : -0.1716267568429749
}
