{
	"pitch" : 1.4923128183052803,
	"roll" : -1.530004676926247,
	"x" : 0.071092430794180511,
	"y" : -0.018649313331389875,
	"yaw" : 1.2884256975901083,
	"z" : -0.16988227391075988
}
