{
	"pitch" : 1.4679772218896792,
	"roll" : -1.5575744176218826,
	"x" : 0.041226798246099178,
	"y" : -0.11277096527763909,
	"yaw" : 1.254187162582479,
	"z" : -0.16975472329010974
}
