{
	"pitch" : 1.4701109939493486,
	"roll" : -1.5205164660348902,
	"x" : 0.067347092855783997,
	"y" : -0.043679089042460512,
	"yaw" : 1.2854120064938852,
	"z" : -0.20881089232203517
}
