{
	"pitch" : 1.4684379479323235,
	"roll" : -1.5461378045835072,
	"x" : 0.064943121071847826,
	"y" : -0.054558145104371042,
	"yaw" : 1.2603685754782066,
	"z" : -0.19385234226829118
}
