{
	"pitch" : 1.4792914898781806,
	"roll" : -1.6186025918034268,
	"x" : 0.031943800306566301,
	"y" : 0.012109832779262558,
	"yaw" : 1.1991578224062289,
	"z" : -0.17032162403540652
}
