{
	"pitch" : 1.4739846101455729,
	"roll" : -1.451131039928818,
	"x" : 0.061434215271239129,
	"y" : -0.058593976431984454,
	"yaw" : 1.3648538575824687,
	"z" : -0.15270292072405406
}
