{
	"pitch" : 1.4949047218921683,
	"roll" : -1.356546150770445,
	"x" : 0.12576003502666802,
	"y" : 0.002388216834881397,
	"yaw" : 1.4667352570458978,
	"z" : -0.16924480013105869
}
