{
	"pitch" : 1.4730646305514339,
	"roll" : -1.4790864059099418,
	"x" : 0.07239937490417224,
	"y" : -0.06280571340985272,
	"yaw" : 1.3307374507507448,
	"z" : -0.1687922787251277
}
