{
	"pitch" : 1.4836887330477841,
	"roll" : -1.5742387818160428,
	"x" : 0.077412893969904348,
	"y" : -0.012286212176678545,
	"yaw" : 1.2440619329715692,
	"z" : -0.16950968736322708
}
