{
	"pitch" : 1.4761428718496719,
	"roll" : -1.5936695259724118,
	"x" : 0.038226546687266674,
	"y" : -0.13503482465361205,
	"yaw" : 1.2208250319180953,
	"z" : -0.14667985788603918
}
