{
	"pitch" : 1.4627527384395813,
	"roll" : -1.5189604118900721,
	"x" : -0.0032904502561997978,
	"y" : -0.26024422133397834,
	"yaw" : 1.2938900206407842,
	"z" : -0.12304739043401915
}
