{
	"pitch" : 1.4759616541485507,
	"roll" : -1.5880459177872508,
	"x" : 0.032039260928062252,
	"y" : -0.035349676920892588,
	"yaw" : 1.2328757423003038,
	"z" : -0.170079270309377
}
