{
	"pitch" : 1.496466945444419,
	"roll" : -1.6566441416401816,
	"x" : 0.052857369628265927,
	"y" : -0.08314907208045251,
	"yaw" : 1.1497501063963167,
	"z" : -0.20580071285874774
}
