{
	"pitch" : 1.4626335631262077,
	"roll" : -1.3070001746293864,
	"x" : 0.11047000000520843,
	"y" : -0.24189512162686125,
	"yaw" : 1.5067497250034139,
	"z" : -0.16823047068089966
}
