{
	"pitch" : 1.4548791087707356,
	"roll" : -1.4106942982526911,
	"x" : 0.019595568976755053,
	"y" : -0.18905575011162939,
	"yaw" : 1.3917309020208508,
	"z" : -0.16986766671835465
}
