{
	"pitch" : 1.4692513632871107,
	"roll" : -1.5202876226246456,
	"x" : 0.03558890943883937,
	"y" : -0.042841621516155115,
	"yaw" : 1.2884180784126895,
	"z" : -0.17014872213819623
}
