{
	"pitch" : 1.4941925766654021,
	"roll" : -1.4909068107494037,
	"x" : 0.088639887944123127,
	"y" : 0.038520707380785599,
	"yaw" : 1.3457584771647242,
	"z" : -0.17100440755854973
}
