{
	"pitch" : 1.4960641528450784,
	"roll" : -1.3665136470714419,
	"x" : 0.12152144444773696,
	"y" : 0.012217102959556494,
	"yaw" : 1.4584512294349892,
	"z" : -0.16908476381301013
}
