{
	"pitch" : 1.4549025889076093,
	"roll" : -1.4190588162977857,
	"x" : 0.0065372880979523151,
	"y" : -0.23371162467890452,
	"yaw" : 1.3827397085928854,
	"z" : -0.17063644370678568
}
