{
	"pitch" : 1.48908296786744,
	"roll" : -1.553057680586351,
	"x" : 0.078757906992297649,
	"y" : -0.0052412064402964885,
	"yaw" : 1.2599856541030059,
	"z" : -0.11883750536403191
}
