{
	"pitch" : 1.4519468606215715,
	"roll" : -1.4461416554070188,
	"x" : -0.068687760779708451,
	"y" : -0.25276134996838839,
	"yaw" : 1.3548339763449551,
	"z" : -0.17345486357895235
}
