{
	"pitch" : 1.4710813395786597,
	"roll" : -1.6085369812694041,
	"x" : 0.03430994711968148,
	"y" : -0.034936804739744018,
	"yaw" : 1.2002067439113719,
	"z" : -0.17046433661616373
}
