{
	"pitch" : 1.4568997709367582,
	"roll" : -1.3696816501215889,
	"x" : 0.015627858198771868,
	"y" : -0.20777271723024715,
	"yaw" : 1.4425148842484468,
	"z" : -0.27058183821969267
}
