{
	"pitch" : 1.4921743795723528,
	"roll" : -1.5240950738987926,
	"x" : 0.072049992526582785,
	"y" : -0.022426581302401563,
	"yaw" : 1.2879906673341983,
	"z" : -0.16938405393308187
}
