{
	"pitch" : 1.4720095510039366,
	"roll" : -1.5916023979488205,
	"x" : 0.034047110774223829,
	"y" : -0.039187725427695955,
	"yaw" : 1.2260037116373017,
	"z" : -0.16934246956882956
}
