{
	"pitch" : 1.4708888914922997,
	"roll" : -1.4834128403500322,
	"x" : 0.060333290191453212,
	"y" : -0.06205706116343436,
	"yaw" : 1.3262263294474674,
	"z" : -0.16951889094514186
}
