{
	"pitch" : 1.4935701541572715,
	"roll" : -1.5999584679420908,
	"x" : 0.087438818264908014,
	"y" : 0.019204257266131008,
	"yaw" : 1.2172066042519438,
	"z" : -0.13170963044964218
}
