{
	"pitch" : 1.4964199830716145,
	"roll" : -1.4558505734460827,
	"x" : 0.11783959287586736,
	"y" : 0.01926339464261459,
	"yaw" : 1.3726832805869984,
	"z" : -0.17025748197680904
}
