{
	"pitch" : 1.476022404005032,
	"roll" : -1.6475974938279554,
	"x" : 0.027186954723864037,
	"y" : -0.014941397240604136,
	"yaw" : 1.1712459990230462,
	"z" : -0.17123705836577841
}
