{
	"pitch" : 1.4763531277294835,
	"roll" : -1.4698714188373967,
	"x" : 0.062453181220466995,
	"y" : -0.055005971835313916,
	"yaw" : 1.3422620597756767,
	"z" : -0.14549917147247371
}
