{
	"pitch" : 1.4570059888024778,
	"roll" : -1.3186421208962531,
	"x" : 0.078337930476267206,
	"y" : -0.24285813599140474,
	"yaw" : 1.4847111976326457,
	"z" : -0.16925868138562924
}
