{
	"pitch" : 1.4684290207514386,
	"roll" : -1.5450406176045643,
	"x" : 0.07661636107455036,
	"y" : -0.012121538323469081,
	"yaw" : 1.2598491592896741,
	"z" : -0.17029946868860099
}
