{
	"pitch" : 1.5038379730095783,
	"roll" : -1.4856386681636107,
	"x" : 0.1081895554435533,
	"y" : 0.029189802371007934,
	"yaw" : 1.3472715862436169,
	"z" : -0.16990867815481067
}
