{
	"pitch" : 1.4756208938032318,
	"roll" : -1.5264975604152127,
	"x" : 0.072458613942495004,
	"y" : -0.029495781247507558,
	"yaw" : 1.2808112665453373,
	"z" : -0.21678248379400861
}
