{
	"pitch" : 1.479978319958702,
	"roll" : -1.5292374222966594,
	"x" : 0.073411362865384841,
	"y" : -0.020851309033237123,
	"yaw" : 1.2830096621020575,
	"z" : -0.16979823007931599
}
