{
	"pitch" : 1.4986555833261477,
	"roll" : -1.4783779871893894,
	"x" : 0.07002178631358702,
	"y" : -0.031924471519515739,
	"yaw" : 1.3409279752492154,
	"z" : -0.17981905591598119
}
