{
	"pitch" : 1.4964941683912574,
	"roll" : -1.4969665374954226,
	"x" : 0.10234279852788818,
	"y" : 0.0331720927339565,
	"yaw" : 1.3347319895527454,
	"z" : -0.17056862538009734
}
