{
	"pitch" : 1.4752855366837976,
	"roll" : -1.5509734705551383,
	"x" : 0.075411238798137631,
	"y" : -0.022727137449692146,
	"yaw" : 1.2551002710617052,
	"z" : -0.21996139552995644
}
