{
	"pitch" : 1.4903183078627666,
	"roll" : -1.4717134819341924,
	"x" : 0.075989066667387445,
	"y" : -0.012359104583648532,
	"yaw" : 1.3471270930329942,
	"z" : -0.16948465687737446
}
