{
	"pitch" : 1.4740213028882465,
	"roll" : -1.4524914688347321,
	"x" : 0.061478617198698696,
	"y" : -0.058693529582155041,
	"yaw" : 1.3633335708454339,
	"z" : -0.1528988947657246
}
