{
	"pitch" : 1.478681117373728,
	"roll" : -1.5114862281470518,
	"x" : 0.065705940627107356,
	"y" : -0.045530128093552204,
	"yaw" : 1.3005061551239627,
	"z" : -0.13249353072737774
}
