{
	"pitch" : 1.4621130932478141,
	"roll" : -1.4660030633245069,
	"x" : 0.057792906889109041,
	"y" : -0.071547785867499714,
	"yaw" : 1.3367924088943628,
	"z" : -0.16986796316346012
}
