{
	"pitch" : 1.4829980355380563,
	"roll" : -1.5250667619143514,
	"x" : -0.028793995854909271,
	"y" : -0.12378721806796894,
	"yaw" : 1.2936552038089966,
	"z" : -0.17148784018849347
}
