{
	"pitch" : 1.4608131363899794,
	"roll" : -1.3890492422189415,
	"x" : 0.025503474924078361,
	"y" : -0.17540926613677627,
	"yaw" : 1.4284663940328599,
	"z" : -0.23627329289907817
}
