{
	"pitch" : 1.4950095662277108,
	"roll" : -1.5464005023427054,
	"x" : 0.0929305083986737,
	"y" : 0.036072738384603273,
	"yaw" : 1.2748910192160658,
	"z" : -0.17291523183022614
}
