{
	"pitch" : 1.4585694989552949,
	"roll" : -1.471697392856965,
	"x" : -0.00099322081200034495,
	"y" : -0.21731078561852699,
	"yaw" : 1.3295429761823734,
	"z" : -0.1716051133794862
}
