{
	"pitch" : 1.4707354491727533,
	"roll" : -1.6030253078136645,
	"x" : 0.033797076591759366,
	"y" : -0.035142496250975874,
	"yaw" : 1.2058557819744795,
	"z" : -0.17035221355096569
}
