{
	"pitch" : 1.459596404860094,
	"roll" : -1.519295241635944,
	"x" : 0.011944187241671719,
	"y" : -0.21131946816689978,
	"yaw" : 1.2891682878681512,
	"z" : -0.070281360017867195
}
