{
	"pitch" : 1.4897181335450145,
	"roll" : -1.5301540102035871,
	"x" : 0.078543640523484601,
	"y" : -0.0040118828382143795,
	"yaw" : 1.2829585673576334,
	"z" : -0.11882601350155275
}
