{
	"pitch" : 1.4695401114955047,
	"roll" : -1.5571007089147408,
	"x" : 0.062693353293960127,
	"y" : -0.060450244428805297,
	"yaw" : 1.2574291187859448,
	"z" : -0.1697297153179079
}
