{
	"pitch" : 1.4783751863759018,
	"roll" : -1.6153589848718211,
	"x" : 0.031585557788320826,
	"y" : 0.012102746757763645,
	"yaw" : 1.2026044155994926,
	"z" : -0.17028623089713474
}
