{
	"pitch" : 1.498986604586247,
	"roll" : -1.4379764775526591,
	"x" : 0.10375537206493106,
	"y" : 0.031890205197633165,
	"yaw" : 1.390517030968935,
	"z" : -0.17016214037309865
}
