{
	"pitch" : 1.4517587250105992,
	"roll" : -1.4777474941464515,
	"x" : 0.032642376250906636,
	"y" : -0.15145222119407264,
	"yaw" : 1.3247427929056668,
	"z" : -0.16978224466267772
}
