{
	"pitch" : 1.4938329303494751,
	"roll" : -1.6024315332606764,
	"x" : 0.090806781717011426,
	"y" : 0.029159754305137217,
	"yaw" : 1.2180024518901651,
	"z" : -0.14492607791120138
}
