{
	"pitch" : 1.4677969664919259,
	"roll" : -1.5116625097515921,
	"x" : 0.010055095544350273,
	"y" : -0.22234333670510439,
	"yaw" : 1.2985282162413632,
	"z" : -0.081393205098116039
}
