{
	"pitch" : 1.4994368942815615,
	"roll" : -1.4433407182996254,
	"x" : 0.057483516116431259,
	"y" : -0.064545563938226858,
	"yaw" : 1.366503699333437,
	"z" : -0.19616873696395187
}
