{
	"pitch" : 1.4714150188599788,
	"roll" : -1.5547606945910857,
	"x" : -0.069236136218606387,
	"y" : -0.16547982071415787,
	"yaw" : 1.2550636432052744,
	"z" : -0.17260392992413928
}
