{
	"pitch" : 1.4925882018010086,
	"roll" : -1.4653588428922673,
	"x" : 0.075590400116337803,
	"y" : -0.015036930520033881,
	"yaw" : 1.347435736191114,
	"z" : -0.16844847047223604
}
