{
	"pitch" : 1.4740860490447982,
	"roll" : -1.4602633059461625,
	"x" : 0.076757234489685924,
	"y" : -0.17284299776796513,
	"yaw" : 1.3478545047473651,
	"z" : -0.16950315534481017
}
