{
	"pitch" : 1.4694212693833457,
	"roll" : -1.5112360918629568,
	"x" : 0.064190142417140647,
	"y" : -0.061566554309038152,
	"yaw" : 1.2949467705585094,
	"z" : -0.16924274305121173
}
