{
	"pitch" : 1.4835726120405859,
	"roll" : -1.5463659987617184,
	"x" : 0.073896224370623639,
	"y" : -0.0211395033159213,
	"yaw" : 1.2672014871297002,
	"z" : -0.11969387449030204
}
