{
	"pitch" : 1.4868681390296343,
	"roll" : -1.6146587561504817,
	"x" : 0.04977947855656159,
	"y" : 0.030746570785572216,
	"yaw" : 1.2157768721598874,
	"z" : -0.17138408906824998
}
