{
	"pitch" : 1.4770496158548738,
	"roll" : -1.5137109497827002,
	"x" : 0.065055769942266264,
	"y" : -0.047786485473622943,
	"yaw" : 1.2982691341359223,
	"z" : -0.13444848518474839
}
