{
	"pitch" : 1.4679792231374151,
	"roll" : -1.4917157553150198,
	"x" : 0.049725334861212805,
	"y" : -0.055715881917069249,
	"yaw" : 1.31876385423444,
	"z" : -0.16922203424047039
}
