{
	"pitch" : 1.4779044560874666,
	"roll" : -1.6190722188013471,
	"x" : 0.027684091524137533,
	"y" : -0.019640059172828933,
	"yaw" : 1.2009947174307785,
	"z" : -0.17093778620210784
}
