{
	"pitch" : 1.4613554281962233,
	"roll" : -1.340066785418407,
	"x" : 0.035809716810117825,
	"y" : -0.28131817993290148,
	"yaw" : 1.4659061353626472,
	"z" : -0.17078560886233982
}
