{
	"pitch" : 1.4545985827419601,
	"roll" : -1.4309105892190501,
	"x" : 0.014429568144523452,
	"y" : -0.20561375795592263,
	"yaw" : 1.3700467741217099,
	"z" : -0.17056364440179805
}
