{
	"pitch" : 1.4674855447429487,
	"roll" : -1.3853637169840094,
	"x" : 0.087893979710669784,
	"y" : -0.21814513438433661,
	"yaw" : 1.4287586001698385,
	"z" : -0.169112752996052
}
