{
	"pitch" : 1.4725541230015686,
	"roll" : -1.536067109910161,
	"x" : 0.04397928499083318,
	"y" : -0.11132286807447697,
	"yaw" : 1.2768301557306396,
	"z" : -0.16955871579603113
}
