{
	"pitch" : 1.4808436666941958,
	"roll" : -1.5038319646919223,
	"x" : 0.076840689912125559,
	"y" : -0.011842521212479567,
	"yaw" : 1.2959263006970172,
	"z" : -0.1684265403112134
}
