{
	"pitch" : 1.4757045115667975,
	"roll" : -1.5398197308720127,
	"x" : 0.064258163192457127,
	"y" : -0.054349853715323096,
	"yaw" : 1.273021092831744,
	"z" : -0.14300549595653225
}
