{
	"pitch" : 1.4798489479861887,
	"roll" : -1.4159622630255948,
	"x" : 0.097961415638581184,
	"y" : -0.058074096452529179,
	"yaw" : 1.4056918062619064,
	"z" : -0.16860504098537318
}
