{
	"pitch" : 1.4737889342308106,
	"roll" : -1.4440340059978436,
	"x" : 0.077532740159261468,
	"y" : -0.17465729192840224,
	"yaw" : 1.3644443676147531,
	"z" : -0.16912113431389608
}
