{
	"pitch" : 1.4588857217713966,
	"roll" : -1.4883913309207764,
	"x" : -0.03503603568918795,
	"y" : -0.2717333563697672,
	"yaw" : 1.3224798457732967,
	"z" : -0.17367263962472917
}
