{
	"pitch" : 1.4542820015711937,
	"roll" : -1.4334833691900892,
	"x" : 0.015046892613615345,
	"y" : -0.20368535918937802,
	"yaw" : 1.365211674659851,
	"z" : -0.17065052367356615
}
