{
	"pitch" : 1.4697405683386564,
	"roll" : -1.5138507948011488,
	"x" : 0.036858427286559664,
	"y" : -0.044329164355829967,
	"yaw" : 1.2944932679706271,
	"z" : -0.17016799003366226
}
