{
	"pitch" : 1.4952456680220465,
	"roll" : -1.5562289317906939,
	"x" : 0.087926122257787467,
	"y" : 0.038628934227955103,
	"yaw" : 1.2737132285790063,
	"z" : -0.17114182129208072
}
