{
	"pitch" : 1.4687965302201191,
	"roll" : -1.4588497866004129,
	"x" : 0.068565908617906249,
	"y" : -0.15021267521173143,
	"yaw" : 1.347378076934451,
	"z" : -0.16936703307997686
}
