{
	"pitch" : 1.4586764790277815,
	"roll" : -1.4981129295901736,
	"x" : 0.011674584497266161,
	"y" : -0.21158888559903574,
	"yaw" : 1.309833889044117,
	"z" : -0.070472120931078935
}
