{
	"pitch" : 1.4699127390209965,
	"roll" : -1.557456583725463,
	"x" : 0.067960959369375629,
	"y" : -0.044270166819231613,
	"yaw" : 1.2491627166085517,
	"z" : -0.20827961415882415
}
