{
	"pitch" : 1.4801910568225398,
	"roll" : -1.613860652899213,
	"x" : 0.043336333288261392,
	"y" : -0.118850716103274,
	"yaw" : 1.2040158066421145,
	"z" : -0.16312514269102316
}
