{
	"pitch" : 1.4944463367486871,
	"roll" : -1.5620956517002693,
	"x" : 0.097243571085600874,
	"y" : 0.035577070444905275,
	"yaw" : 1.2696510616655801,
	"z" : -0.17132794478826774
}
