{
	"pitch" : 1.4650942844708295,
	"roll" : -1.4980793946935045,
	"x" : 0.01096352096302082,
	"y" : -0.21206258721338195,
	"yaw" : 1.313315591646895,
	"z" : -0.070888284223569714
}
