{
	"pitch" : 1.4612938176983605,
	"roll" : -1.5494416092933745,
	"x" : 0.075740354797982704,
	"y" : -0.017381302474072817,
	"yaw" : 1.2560055119208615,
	"z" : -0.17042083887112339
}
