{
	"pitch" : 1.4761017118619777,
	"roll" : -1.5420496390867604,
	"x" : 0.064364500709032962,
	"y" : -0.054088642203723489,
	"yaw" : 1.2707169895461006,
	"z" : -0.14261207712362114
}
