{
	"pitch" : 1.4880769711140474,
	"roll" : -1.5798683028974829,
	"x" : 0.088487702253147268,
	"y" : 0.02062782382018253,
	"yaw" : 1.2367374648569835,
	"z" : -0.20729539117837564
}
