{
	"pitch" : 1.4754057665906248,
	"roll" : -1.4693135206290084,
	"x" : 0.061001442795913741,
	"y" : -0.061101762803820805,
	"yaw" : 1.3444984371090445,
	"z" : -0.16560859089793106
}
