{
	"pitch" : 1.4853435125376775,
	"roll" : -1.6384370951667455,
	"x" : 0.050278471194493954,
	"y" : 0.03147325788122729,
	"yaw" : 1.186270597379059,
	"z" : -0.17113662794023457
}
