{
	"pitch" : 1.4970441006489306,
	"roll" : -1.4936375102957391,
	"x" : 0.07623009084234604,
	"y" : 0.039500654280185551,
	"yaw" : 1.3388472861778027,
	"z" : -0.17100492652084556
}
