{
	"pitch" : 1.4703760741555032,
	"roll" : -1.6192118065083925,
	"x" : 0.034641435530385997,
	"y" : -0.039239560781470562,
	"yaw" : 1.1985842913079112,
	"z" : -0.16960348913446999
}
