{
	"pitch" : 1.4976376598728176,
	"roll" : -1.4329283767196277,
	"x" : 0.11255503044474453,
	"y" : 0.024064226016098044,
	"yaw" : 1.3938186512683091,
	"z" : -0.16992727761405696
}
