{
	"pitch" : 1.4811498827155927,
	"roll" : -1.5363030657951595,
	"x" : 0.076451791156610618,
	"y" : -0.014392751342719418,
	"yaw" : 1.2808010314669229,
	"z" : -0.16991036728567091
}
