{
	"pitch" : 1.491372872139076,
	"roll" : -1.5459676730498171,
	"x" : 0.092010507888533072,
	"y" : 0.032917874259008634,
	"yaw" : 1.2729520074420184,
	"z" : -0.188106050130108
}
