{
	"pitch" : 1.4699614866255282,
	"roll" : -1.57158878978806,
	"x" : 0.031182099900557675,
	"y" : -0.035746212176140567,
	"yaw" : 1.2360132432357787,
	"z" : -0.1699989756741532
}
