{
	"pitch" : 1.4781676119072269,
	"roll" : -1.4710457615149526,
	"x" : 0.020109235810109184,
	"y" : -0.067196363985643728,
	"yaw" : 1.3529172401683631,
	"z" : -0.1707814678736313
}
