{
	"pitch" : 1.4686650692541448,
	"roll" : -1.5537013957737411,
	"x" : 0.042953359427783985,
	"y" : -0.050800520203360081,
	"yaw" : 1.2564073543018099,
	"z" : -0.16963768630272791
}
