{
	"pitch" : 1.4947378957683521,
	"roll" : -1.563518643771759,
	"x" : 0.088325016722202318,
	"y" : 0.024920524652372853,
	"yaw" : 1.2544911787603601,
	"z" : -0.13760004952856569
}
