{
	"pitch" : 1.4584217945784694,
	"roll" : -1.404819948563873,
	"x" : 0.019587118853056681,
	"y" : -0.19434885410795646,
	"yaw" : 1.410973214592119,
	"z" : -0.2579384405369991
}
