{
	"pitch" : 1.470994734277203,
	"roll" : -1.4075448126069479,
	"x" : 0.086355789566077201,
	"y" : -0.19182007968446912,
	"yaw" : 1.4019559559901973,
	"z" : -0.16816365287185855
}
