{
	"pitch" : 1.492159689560643,
	"roll" : -1.6094555080212158,
	"x" : 0.061694467878437562,
	"y" : 0.036531785432666039,
	"yaw" : 1.2236038665516646,
	"z" : -0.17165782345564443
}
