{
	"pitch" : 1.4684848784998419,
	"roll" : -1.5034237868936702,
	"x" : 0.033773063039134299,
	"y" : -0.040239847676780335,
	"yaw" : 1.3046318293647721,
	"z" : -0.17114784882010606
}
