{
	"pitch" : 1.4701425841780518,
	"roll" : -1.6201949462954903,
	"x" : 0.029853337576526355,
	"y" : -0.029932072820890422,
	"yaw" : 1.1962010229199536,
	"z" : -0.16964083196272234
}
