{
	"pitch" : 1.4797773038090316,
	"roll" : -1.5465360671484985,
	"x" : 0.046018108884833174,
	"y" : -0.1117426260889734,
	"yaw" : 1.2730391309757223,
	"z" : -0.16966178309433713
}
