{
	"pitch" : 1.4653864031765864,
	"roll" : -1.5129650004782396,
	"x" : 0.063715532370193881,
	"y" : -0.055495075854489082,
	"yaw" : 1.2927356300865489,
	"z" : -0.1909973171632596
}
