{
	"pitch" : 1.4896381902791436,
	"roll" : -1.5946356521245686,
	"x" : 0.064138303222337767,
	"y" : 0.037819402032041101,
	"yaw" : 1.2423529454238111,
	"z" : -0.17206278270898942
}
