{
	"pitch" : 1.4833927788206567,
	"roll" : -1.5017589535555429,
	"x" : 0.064280474008043625,
	"y" : -0.055391626684941728,
	"yaw" : 1.3216177701534659,
	"z" : -0.16797055051136262
}
