{
	"pitch" : 1.4668346599243578,
	"roll" : -1.591384178778646,
	"x" : -0.033138904970696687,
	"y" : -0.11877206423367045,
	"yaw" : 1.2182093991155294,
	"z" : -0.17124856430995192
}
