{
	"pitch" : 1.4751123099791434,
	"roll" : -1.4692473195633846,
	"x" : 0.061578589198616453,
	"y" : -0.058742190041229839,
	"yaw" : 1.3461678138373325,
	"z" : -0.15221805413645662
}
