{
	"pitch" : 1.4796628548311233,
	"roll" : -1.5223620211199826,
	"x" : 0.067793785741472268,
	"y" : -0.039542141110451921,
	"yaw" : 1.2897907971750922,
	"z" : -0.12747676351101953
}
