{
	"pitch" : 1.4965502815249185,
	"roll" : -1.4269462681433767,
	"x" : 0.12454566214598016,
	"y" : 0.0075137569853700008,
	"yaw" : 1.3956840176211074,
	"z" : -0.16924238712772144
}
