{
	"pitch" : 1.4779502203331865,
	"roll" : -1.4595780246046783,
	"x" : 0.085300479034275692,
	"y" : -0.061980542449473187,
	"yaw" : 1.3587743809148418,
	"z" : -0.16854719902400425
}
