{
	"pitch" : 1.4695932602798198,
	"roll" : -1.5280004552036877,
	"x" : 0.055009598769026002,
	"y" : -0.056845080504841536,
	"yaw" : 1.2883851195264517,
	"z" : -0.16913387944009492
}
