{
	"pitch" : 1.4957202073783193,
	"roll" : -1.5585829384897698,
	"x" : 0.070384814404590768,
	"y" : 0.03914296085182202,
	"yaw" : 1.2760925385906352,
	"z" : -0.17134387399863035
}
