{
	"pitch" : 1.4880083833536915,
	"roll" : -1.5078115092729478,
	"x" : 0.07676801036425622,
	"y" : -0.012964808142764241,
	"yaw" : 1.3097071530425453,
	"z" : -0.16991862735084329
}
