{
	"pitch" : 1.4832810276238182,
	"roll" : -1.5725599382088722,
	"x" : 0.077456154536576199,
	"y" : -0.012210554432407917,
	"yaw" : 1.2457715890313263,
	"z" : -0.16950387016878704
}
