{
	"pitch" : 1.4747458787603716,
	"roll" : -1.5543851213084032,
	"x" : 0.065003443281319948,
	"y" : -0.050071696600366145,
	"yaw" : 1.2578830094475189,
	"z" : -0.13705487977955166
}
