{
	"pitch" : 1.4773001698190331,
	"roll" : -1.5534128258696753,
	"x" : 0.073533603477718409,
	"y" : -0.021015607873369771,
	"yaw" : 1.2570728331800152,
	"z" : -0.17001339585721531
}
