{
	"pitch" : 1.478385307702605,
	"roll" : -1.5114860340089868,
	"x" : 0.067014009721718532,
	"y" : -0.04109855097826396,
	"yaw" : 1.3006470181288319,
	"z" : -0.12868842816649428
}
