{
	"pitch" : 1.4528393820436831,
	"roll" : -1.4617945788828195,
	"x" : 0.014921453889320133,
	"y" : -0.20890100831156877,
	"yaw" : 1.3401303923804679,
	"z" : -0.17116890144430227
}
