{
	"pitch" : 1.4850523228704604,
	"roll" : -1.6590296225103147,
	"x" : 0.042920833620055873,
	"y" : 0.02591458491283485,
	"yaw" : 1.1630677288883975,
	"z" : -0.17165054581022809
}
