{
	"pitch" : 1.4915420827240988,
	"roll" : -1.6227126152960973,
	"x" : 0.084665736064468977,
	"y" : 0.011734014429243531,
	"yaw" : 1.1931653335525423,
	"z" : -0.12643500953323705
}
