{
	"pitch" : 1.4870994272378144,
	"roll" : -1.6430420528602057,
	"x" : 0.050178384804432222,
	"y" : 0.031247535834598106,
	"yaw" : 1.1813626655772902,
	"z" : -0.17111780166422874
}
