{
	"pitch" : 1.4782411912228537,
	"roll" : -1.605741858882582,
	"x" : 0.026331622782222147,
	"y" : -0.0094433884939633516,
	"yaw" : 1.214821482796496,
	"z" : -0.17069228061314504
}
