{
	"pitch" : 1.4694250575737149,
	"roll" : -1.5753541753211293,
	"x" : -0.030331071259269676,
	"y" : -0.1155870149788791,
	"yaw" : 1.2343486404527608,
	"z" : -0.17170503555224156
}
