{
	"pitch" : 1.4539756556140739,
	"roll" : -1.3915462801517069,
	"x" : 0.026563453869598831,
	"y" : -0.16723820547709606,
	"yaw" : 1.4073125645886508,
	"z" : -0.16864089732803533
}
