{
	"pitch" : 1.4949175034040041,
	"roll" : -1.5455313935373762,
	"x" : 0.070621016503819301,
	"y" : 0.039142367787016276,
	"yaw" : 1.2898321071423677,
	"z" : -0.17179255472773
}
