{
	"pitch" : 1.4488724752509361,
	"roll" : -1.4512308430448366,
	"x" : -0.078660626413930124,
	"y" : -0.25816267700799844,
	"yaw" : 1.3515445277839704,
	"z" : -0.1744821334163062
}
