{
	"pitch" : 1.5260123226018116,
	"roll" : -1.2658778078488633,
	"x" : 0.10230002845565807,
	"y" : -0.16919035756002454,
	"yaw" : 1.503770080141497,
	"z" : -0.16684132606484453
}
