{
	"pitch" : 1.4571806351993064,
	"roll" : -1.3672641623064514,
	"x" : 0.015718469451630163,
	"y" : -0.20818723735944894,
	"yaw" : 1.4457725727368511,
	"z" : -0.27083450955970434
}
