{
	"pitch" : 1.4984263409119816,
	"roll" : -1.4338616956342369,
	"x" : 0.10411314064863234,
	"y" : 0.031412677943248285,
	"yaw" : 1.394058670692415,
	"z" : -0.17034428930340179
}
