{
	"pitch" : 1.4594091208053788,
	"roll" : -1.3135358591029822,
	"x" : 0.014027687155288085,
	"y" : -0.20901079763606104,
	"yaw" : 1.4981192863007073,
	"z" : -0.27097909647179497
}
