{
	"pitch" : 1.4880538885140628,
	"roll" : -1.3443571939455097,
	"x" : 0.12499882472273034,
	"y" : -0.024303257107884071,
	"yaw" : 1.4761464657975212,
	"z" : -0.16851486613264235
}
