{
	"pitch" : 1.4967589815712745,
	"roll" : -1.4583916431110671,
	"x" : 0.11734199384134847,
	"y" : 0.019844409047548833,
	"yaw" : 1.3709184995433379,
	"z" : -0.17006291313753402
}
