{
	"pitch" : 1.475072985952858,
	"roll" : -1.4880642567474607,
	"x" : 0.060920360860400043,
	"y" : -0.060983583442024814,
	"yaw" : 1.3256294505503923,
	"z" : -0.16130470390371959
}
