{
	"pitch" : 1.4595569239044706,
	"roll" : -1.5225687933807481,
	"x" : 0.011984528925870472,
	"y" : -0.21136827929218244,
	"yaw" : 1.2861172538014198,
	"z" : -0.070388933520527067
}
