{
	"pitch" : 1.4923935819714209,
	"roll" : -1.3937405398246892,
	"x" : 0.12776579933955229,
	"y" : -0.014468080901078283,
	"yaw" : 1.4308361317944904,
	"z" : -0.16903732684860848
}
