{
	"pitch" : 1.4516455327424547,
	"roll" : -1.3429290881581262,
	"x" : 0.061613389013165126,
	"y" : -0.30181132461112142,
	"yaw" : 1.4605299060839825,
	"z" : -0.17060462327401935
}
