{
	"pitch" : 1.4579992832424509,
	"roll" : -1.3860669699916177,
	"x" : 0.0075918623942299451,
	"y" : -0.29656215177071754,
	"yaw" : 1.4247229438319839,
	"z" : -0.17235541638428387
}
