{
	"pitch" : 1.4666532503545406,
	"roll" : -1.4504071690046285,
	"x" : 0.060662142096169241,
	"y" : -0.060182693718426689,
	"yaw" : 1.356446211499776,
	"z" : -0.1686525715864978
}
