{
	"pitch" : 1.4970602630690928,
	"roll" : -1.5170776130007586,
	"x" : 0.092416009560998325,
	"y" : 0.036307454654917852,
	"yaw" : 1.3040168862036554,
	"z" : -0.17025823982212276
}
