{
	"pitch" : 1.4934608208592803,
	"roll" : -1.5986741432762068,
	"x" : 0.092322919560654179,
	"y" : 0.03244780685200635,
	"yaw" : 1.2214132589287241,
	"z" : -0.15192988774719149
}
