{
	"pitch" : 1.4866414994193216,
	"roll" : -1.563133732905148,
	"x" : 0.042739165954536237,
	"y" : -0.029993599191369118,
	"yaw" : 1.2609561573066868,
	"z" : -0.16879116867373117
}
