{
	"pitch" : 1.4889640087658993,
	"roll" : -1.3553404228131352,
	"x" : 0.12409988657022894,
	"y" : -0.026531956531590573,
	"yaw" : 1.4657987890062045,
	"z" : -0.16848025370890488
}
