{
	"pitch" : 1.4926522045085755,
	"roll" : -1.3222027868409696,
	"x" : 0.12813096587316808,
	"y" : -0.0092487883060668758,
	"yaw" : 1.5007438467797849,
	"z" : -0.16855705244747288
}
