{
	"pitch" : 1.4783378833537191,
	"roll" : -1.5255893497837059,
	"x" : 0.078154956073210241,
	"y" : -0.012875812907953465,
	"yaw" : 1.2840998000791735,
	"z" : -0.22064052780415308
}
