{
	"pitch" : 1.4865513345396966,
	"roll" : -1.558299621022468,
	"x" : 0.042937890325098371,
	"y" : -0.029707672723843843,
	"yaw" : 1.2660474267159487,
	"z" : -0.1687655797079701
}
