{
	"pitch" : 1.4706937840594387,
	"roll" : -1.4783167969798512,
	"x" : 0.065323582856690626,
	"y" : -0.050026612408718987,
	"yaw" : 1.3274980011599689,
	"z" : -0.20146626223120501
}
