{
	"pitch" : 1.4887236556541994,
	"roll" : -1.6084700950701214,
	"x" : 0.0831849034644042,
	"y" : 0.0065520027517679096,
	"yaw" : 1.2069293816189908,
	"z" : -0.12426075704172659
}
