{
	"pitch" : 1.4546065495337936,
	"roll" : -1.4281337081075651,
	"x" : 0.050192459641349031,
	"y" : -0.091247811837980697,
	"yaw" : 1.3728101961587009,
	"z" : -0.16942511176217731
}
