{
	"pitch" : 1.4574110403238161,
	"roll" : -1.4553092383975152,
	"x" : -0.038408006230492939,
	"y" : -0.27056953849308707,
	"yaw" : 1.3545376234116731,
	"z" : -0.1736345906542803
}
