{
	"pitch" : 1.4934182437038734,
	"roll" : -1.4051371089356226,
	"x" : 0.12760308852791788,
	"y" : -0.01075491337714146,
	"yaw" : 1.4168254676259064,
	"z" : -0.16845835488965533
}
