{
	"pitch" : 1.493941599999445,
	"roll" : -1.5617631872790887,
	"x" : 0.096983544065489535,
	"y" : 0.035599328885324515,
	"yaw" : 1.2702093507980228,
	"z" : -0.17104011093664873
}
