{
	"pitch" : 1.4536469855615233,
	"roll" : -1.4194257343328391,
	"x" : 0.014844118048044558,
	"y" : -0.20685367818909578,
	"yaw" : 1.3809554722003741,
	"z" : -0.17060063774124951
}
