{
	"pitch" : 1.4753254098707664,
	"roll" : -1.5017230888016142,
	"x" : 0.060632718648325409,
	"y" : -0.061053119254109729,
	"yaw" : 1.310924471704066,
	"z" : -0.16069345490810436
}
