{
	"pitch" : 1.4963094460094988,
	"roll" : -1.4444940982626258,
	"x" : 0.11879932965105075,
	"y" : 0.017461888470771143,
	"yaw" : 1.383005606625862,
	"z" : -0.17012109438115799
}
