{
	"pitch" : 1.4753821896046921,
	"roll" : -1.5263575487246612,
	"x" : 0.063940385403502359,
	"y" : -0.054872158507805899,
	"yaw" : 1.2865736322016641,
	"z" : -0.14371108969593133
}
