{
	"pitch" : 1.4601546732251254,
	"roll" : -1.5982057815668773,
	"x" : -0.083034991044010478,
	"y" : -0.17995661128087556,
	"yaw" : 1.2098072017367398,
	"z" : -0.17395515163210129
}
