{
	"pitch" : 1.4894133270755656,
	"roll" : -1.5700478858168176,
	"x" : 0.07640165825187735,
	"y" : -0.013199321381949342,
	"yaw" : 1.246873009920703,
	"z" : -0.16999777885497055
}
