{
	"pitch" : 1.4912729931748934,
	"roll" : -1.5187417636894895,
	"x" : 0.071830217980172265,
	"y" : -0.023846797646503874,
	"yaw" : 1.2936118336386166,
	"z" : -0.16924298050338096
}
