{
	"pitch" : 1.4957795661355049,
	"roll" : -1.5919639375376824,
	"x" : 0.091392852379606718,
	"y" : 0.03077170312993175,
	"yaw" : 1.2289551442605673,
	"z" : -0.14808910165906536
}
