{
	"pitch" : 1.4928355859542095,
	"roll" : -1.447546064692192,
	"x" : 0.12895189601649271,
	"y" : -0.013480123407921306,
	"yaw" : 1.3741650636857985,
	"z" : -0.16932274341677633
}
