{
	"pitch" : 1.4591940433292283,
	"roll" : -1.5050371841563177,
	"x" : 0.011510466132025082,
	"y" : -0.21140013244289099,
	"yaw" : 1.3030139144104722,
	"z" : -0.070228102666511527
}
