{
	"pitch" : 1.4888179615763883,
	"roll" : -1.4869779398891319,
	"x" : 0.048560567691688122,
	"y" : -0.025643293099683401,
	"yaw" : 1.3376928661365843,
	"z" : -0.16827651252165343
}
