{
	"pitch" : 1.4789337241638436,
	"roll" : -1.5541855849958275,
	"x" : 0.078312488212554529,
	"y" : -0.014045395532508408,
	"yaw" : 1.2556406893741947,
	"z" : -0.22081441586735678
}
