{
	"pitch" : 1.4840995617507815,
	"roll" : -1.693938803881309,
	"x" : 0.037232400981127428,
	"y" : 0.018646146115803362,
	"yaw" : 1.1260061666208456,
	"z" : -0.17148335757844541
}
