{
	"pitch" : 1.4752444679940533,
	"roll" : -1.5830225027467546,
	"x" : 0.034319171317769653,
	"y" : -0.14853379901988115,
	"yaw" : 1.2337431785653914,
	"z" : -0.13405656900838528
}
