{
	"pitch" : 1.4563012125481338,
	"roll" : -1.4330268797514165,
	"x" : 0.052805952009424173,
	"y" : -0.084692562643405161,
	"yaw" : 1.3728770229209155,
	"z" : -0.16924129820928044
}
