{
	"pitch" : 1.4764536192313855,
	"roll" : -1.54530011546936,
	"x" : 0.075749756140634936,
	"y" : -0.021692427160789673,
	"yaw" : 1.260285910435887,
	"z" : -0.22072115661129688
}
