{
	"pitch" : 1.4469574935565148,
	"roll" : -1.3993055956428615,
	"x" : -0.014270431103058839,
	"y" : -0.30579201910277642,
	"yaw" : 1.4022836311013434,
	"z" : -0.17415485452725524
}
