{
	"pitch" : 1.4514314960759349,
	"roll" : -1.4220256484225891,
	"x" : 0.017507401332039089,
	"y" : -0.19629586133178237,
	"yaw" : 1.3805548645754835,
	"z" : -0.17000030337457719
}
