{
	"pitch" : 1.498353219150389,
	"roll" : -1.4403750548246315,
	"x" : 0.10405400084925209,
	"y" : 0.031430597253155862,
	"yaw" : 1.3875082083383481,
	"z" : -0.17032434218206755
}
