{
	"pitch" : 1.4797038754178169,
	"roll" : -1.5151960222410465,
	"x" : 0.044468515339387074,
	"y" : -0.11205770992573129,
	"yaw" : 1.3024204223301949,
	"z" : -0.16923125174226025
}
