{
	"pitch" : 1.4941462936965701,
	"roll" : -1.5931456213787865,
	"x" : 0.074680814257439901,
	"y" : 0.039751366578563783,
	"yaw" : 1.2353248569263033,
	"z" : -0.17082633121826776
}
