{
	"pitch" : 1.489913283457128,
	"roll" : -1.3566252168074817,
	"x" : 0.1263871205753804,
	"y" : -0.019094125071221078,
	"yaw" : 1.4671649325957155,
	"z" : -0.1686778116370834
}
