{
	"pitch" : 1.4844387484940254,
	"roll" : -1.3819280095028488,
	"x" : 0.1106592375089028,
	"y" : -0.05006310270232639,
	"yaw" : 1.4368539016028776,
	"z" : -0.16833472884246228
}
