{
	"pitch" : 1.4931290064237761,
	"roll" : -1.3659761971095183,
	"x" : 0.12793996881011135,
	"y" : -0.0050981675356534823,
	"yaw" : 1.4574410692462474,
	"z" : -0.16860680149248353
}
