{
	"pitch" : 1.4656813733347138,
	"roll" : -1.5148643689156931,
	"x" : 0.017043693667126159,
	"y" : -0.19614041987366423,
	"yaw" : 1.290663955235833,
	"z" : -0.08626491203199832
}
