{
	"pitch" : 1.4472228127334394,
	"roll" : -1.4161848780015676,
	"x" : -0.01510234186225981,
	"y" : -0.30853620525377579,
	"yaw" : 1.3861486877555247,
	"z" : -0.17350442334333382
}
