{
	"pitch" : 1.469640153551973,
	"roll" : -1.5222831726527892,
	"x" : 0.076967723493247667,
	"y" : -0.011932044436242371,
	"yaw" : 1.2822809694780686,
	"z" : -0.17019315388394415
}
