{
	"pitch" : 1.4720667849611548,
	"roll" : -1.5857673439369293,
	"x" : 0.046473304376807474,
	"y" : -0.051873301792595375,
	"yaw" : 1.2325867495201488,
	"z" : -0.1692651023969993
}
