{
	"pitch" : 1.4927315681862099,
	"roll" : -1.5417785826682873,
	"x" : 0.080499121053263442,
	"y" : 0.0034684742278894461,
	"yaw" : 1.2722765473443287,
	"z" : -0.1215076343101847
}
