{
	"pitch" : 1.4608665145584063,
	"roll" : -1.2909516283462976,
	"x" : 0.054631351855606997,
	"y" : -0.27086316553994755,
	"yaw" : 1.5155193984532807,
	"z" : -0.16963318577388656
}
