{
	"pitch" : 1.4929375626232504,
	"roll" : -1.5239248438141018,
	"x" : 0.080425111244762343,
	"y" : 0.0037823168537771956,
	"yaw" : 1.2900175920780301,
	"z" : -0.12162854270640767
}
