{
	"pitch" : 1.4749287732058556,
	"roll" : -1.5642244563591765,
	"x" : 0.0657671894249231,
	"y" : -0.050392436196184894,
	"yaw" : 1.2489017193904211,
	"z" : -0.13825523843506801
}
