{
	"pitch" : 1.454314451700889,
	"roll" : -1.417621476320829,
	"x" : 0.016751372920318433,
	"y" : -0.20049738417699725,
	"yaw" : 1.3823863061908594,
	"z" : -0.17030314957225054
}
