{
	"pitch" : 1.4817091225000179,
	"roll" : -1.5398847225296384,
	"x" : 0.08612647538340254,
	"y" : 0.01151011447470429,
	"yaw" : 1.2730375988539024,
	"z" : -0.21416270156006262
}
