{
	"pitch" : 1.4551836270336465,
	"roll" : -1.4375588741254313,
	"x" : -0.014167840719892008,
	"y" : -0.2949996344074538,
	"yaw" : 1.3703816542527183,
	"z" : -0.15817836156397369
}
