{
	"pitch" : 1.4528206287748453,
	"roll" : -1.444104649076426,
	"x" : 0.028956432260132878,
	"y" : -0.15859363397707507,
	"yaw" : 1.3575286745844048,
	"z" : -0.16902758504779741
}
