{
	"pitch" : 1.4660918944610923,
	"roll" : -1.5394854784968837,
	"x" : 0.064241999616734394,
	"y" : -0.055328709877665569,
	"yaw" : 1.2661417635718941,
	"z" : -0.19198972394874086
}
