{
	"pitch" : 1.4708814718504073,
	"roll" : -1.4913821829332505,
	"x" : 0.060644348949801634,
	"y" : -0.061711498905275511,
	"yaw" : 1.3176990236474699,
	"z" : -0.16937880383695716
}
