{
	"pitch" : 1.4792898503431955,
	"roll" : -1.5213381632308247,
	"x" : 0.066732327327831714,
	"y" : -0.042221938948124843,
	"yaw" : 1.291079135144642,
	"z" : -0.12934106596230582
}
