{
	"pitch" : 1.4752812390477694,
	"roll" : -1.5137997500351836,
	"x" : 0.063398162529498703,
	"y" : -0.054727748813819692,
	"yaw" : 1.2990472816115644,
	"z" : -0.14426941748564068
}
