{
	"pitch" : 1.4863338604703762,
	"roll" : -1.5513134831797357,
	"x" : 0.07812479443454072,
	"y" : -0.0096912909356502517,
	"yaw" : 1.2638691564314675,
	"z" : -0.11902091548742554
}
