{
	"pitch" : 1.4769347022234061,
	"roll" : -1.4698280753861261,
	"x" : 0.062305337862140119,
	"y" : -0.05527173767188643,
	"yaw" : 1.3425934690577224,
	"z" : -0.14592831463406411
}
