{
	"pitch" : 1.4968407134440618,
	"roll" : -1.4580672608735894,
	"x" : 0.1172535616027863,
	"y" : 0.019926997652792981,
	"yaw" : 1.3712895853247506,
	"z" : -0.16994339898064942
}
