{
	"pitch" : 1.4965770025389387,
	"roll" : -1.4490451055506912,
	"x" : 0.11222862774942391,
	"y" : 0.024490423287659054,
	"yaw" : 1.3773537677258492,
	"z" : -0.16996854310840773
}
