{
	"pitch" : 1.473716659005099,
	"roll" : -1.4987262044717389,
	"x" : 0.044606304599110615,
	"y" : -0.11298175854559865,
	"yaw" : 1.3145594688243025,
	"z" : -0.17060381093028676
}
