{
	"pitch" : 1.4696523295081987,
	"roll" : -1.572822813370546,
	"x" : -0.030232690527733336,
	"y" : -0.11546565887676181,
	"yaw" : 1.2371855022679743,
	"z" : -0.17173231490405144
}
