{
	"pitch" : 1.4700011618181859,
	"roll" : -1.5228318048661635,
	"x" : 0.066499782437065294,
	"y" : -0.051323255846861454,
	"yaw" : 1.2835536596596808,
	"z" : -0.20043241212969878
}
