{
	"pitch" : 1.4533675679730411,
	"roll" : -1.408162451695866,
	"x" : -0.0011096785668200659,
	"y" : -0.30027505997268117,
	"yaw" : 1.3948290455812118,
	"z" : -0.17281704864044026
}
