{
	"pitch" : 1.4919273235998747,
	"roll" : -1.5532023000696191,
	"x" : 0.092063485749372148,
	"y" : 0.03289663170753232,
	"yaw" : 1.2655789480722226,
	"z" : -0.188047373694055
}
