{
	"pitch" : 1.4930365950280053,
	"roll" : -1.6506618158898796,
	"x" : 0.094192538451283225,
	"y" : 0.034325793536832079,
	"yaw" : 1.1718817848646579,
	"z" : -0.16038679092569105
}
