{
	"pitch" : 1.4836756746527677,
	"roll" : -1.3923539109531775,
	"x" : 0.10982738995246882,
	"y" : -0.050838905474222908,
	"yaw" : 1.4261530425316424,
	"z" : -0.168231332227123
}
