{
	"pitch" : 1.4806092243620623,
	"roll" : -1.5046129156636943,
	"x" : 0.0805189886171543,
	"y" : -0.0045995496134275671,
	"yaw" : 1.3070853690618889,
	"z" : -0.21927849188534954
}
