{
	"pitch" : 1.4763456787447007,
	"roll" : -1.5573730373037187,
	"x" : 0.065446451777162198,
	"y" : -0.051456793752273751,
	"yaw" : 1.254819473536178,
	"z" : -0.1395669505736338
}
