{
	"pitch" : 1.4808888496232195,
	"roll" : -1.5392400904069714,
	"x" : 0.049259060865605914,
	"y" : -0.12025229247522115,
	"yaw" : 1.2709858419961917,
	"z" : -0.16994700892316963
}
