{
	"pitch" : 1.4690470706594236,
	"roll" : -1.5122636366591331,
	"x" : 0.037899743123855779,
	"y" : -0.045421607138364462,
	"yaw" : 1.2958325430665472,
	"z" : -0.17006500793429283
}
