{
	"pitch" : 1.4826458255561747,
	"roll" : -1.3697167757132687,
	"x" : 0.11392256799196622,
	"y" : -0.046707127460768674,
	"yaw" : 1.4530154122474188,
	"z" : -0.16834205854740525
}
