{
	"pitch" : 1.464094563072049,
	"roll" : -1.5549274475406705,
	"x" : 0.068355631799750127,
	"y" : -0.038842578638561429,
	"yaw" : 1.2503218612166591,
	"z" : -0.1707334707405761
}
