{
	"pitch" : 1.4661575725450202,
	"roll" : -1.5845609466815036,
	"x" : -0.081254298297968111,
	"y" : -0.17627299382350661,
	"yaw" : 1.2198053966661648,
	"z" : -0.17262301728464194
}
