{
	"pitch" : 1.4856447288197916,
	"roll" : -1.5393899017849686,
	"x" : 0.053293927524857995,
	"y" : 0.034462915101437362,
	"yaw" : 1.2933977040907803,
	"z" : -0.17142463424065713
}
