{
	"pitch" : 1.4785558092315281,
	"roll" : -1.5664622449073802,
	"x" : 0.036769345132819015,
	"y" : -0.13713959051665067,
	"yaw" : 1.2494674788882454,
	"z" : -0.14395920362273887
}
