{
	"pitch" : 1.4854958358043657,
	"roll" : -1.3571368499290182,
	"x" : 0.12378657438264937,
	"y" : -0.032258069902954205,
	"yaw" : 1.4666498236387215,
	"z" : -0.16874327666508901
}
