{
	"pitch" : 1.4600838153220574,
	"roll" : -1.6040041007655568,
	"x" : -0.082926923029278357,
	"y" : -0.17994466427490083,
	"yaw" : 1.2037852908730509,
	"z" : -0.17393596510983564
}
