{
	"pitch" : 1.4626251177708287,
	"roll" : -1.5952226528086479,
	"x" : -0.082259483083485394,
	"y" : -0.17889050813607146,
	"yaw" : 1.2137334860540481,
	"z" : -0.17258752437481528
}
