{
	"pitch" : 1.474965353351072,
	"roll" : -1.5147640022416993,
	"x" : 0.063656279697337892,
	"y" : -0.054940244212315095,
	"yaw" : 1.2983247751012661,
	"z" : -0.14428013332219891
}
