{
	"pitch" : 1.4948550848607736,
	"roll" : -1.4146315612434961,
	"x" : 0.12600703939565133,
	"y" : 0.0027550772875326816,
	"yaw" : 1.4114424295311374,
	"z" : -0.1700579972936051
}
