{
	"pitch" : 1.4538805891800719,
	"roll" : -1.3526415889161598,
	"x" : -0.0033197732195235502,
	"y" : -0.28226439558171285,
	"yaw" : 1.4601127588735583,
	"z" : -0.17187278396057257
}
