{
	"pitch" : 1.4568604143977553,
	"roll" : -1.5559538352990165,
	"x" : -0.057239948692770104,
	"y" : -0.16463811803804179,
	"yaw" : 1.2521599293872379,
	"z" : -0.17277354906763098
}
