{
	"pitch" : 1.4622635942531279,
	"roll" : -1.338666284860325,
	"x" : 0.11150742882267198,
	"y" : -0.23819640535673944,
	"yaw" : 1.4681341966500849,
	"z" : -0.16847194718601971
}
