{
	"pitch" : 1.4690629148885581,
	"roll" : -1.4852816420344914,
	"x" : 0.042026522833058397,
	"y" : -0.049823553387307623,
	"yaw" : 1.3249148274910869,
	"z" : -0.1697288580954556
}
