{
	"pitch" : 1.4713186228039239,
	"roll" : -1.5421892097842245,
	"x" : 0.068220625493752796,
	"y" : -0.041014129840122662,
	"yaw" : 1.2655482914506342,
	"z" : -0.21007609071064723
}
