{
	"pitch" : 1.4572382958709447,
	"roll" : -1.3685610862670701,
	"x" : 0.07125091625454677,
	"y" : -0.27157898066484704,
	"yaw" : 1.4380081295458349,
	"z" : -0.16976748793217086
}
