{
	"pitch" : 1.4494722472329802,
	"roll" : -1.4581466547530204,
	"x" : -0.078187749456614816,
	"y" : -0.25837702754932496,
	"yaw" : 1.343771690914439,
	"z" : -0.17428308365928097
}
