{
	"pitch" : 1.4973864203952725,
	"roll" : -1.4923987860643615,
	"x" : 0.072732703841873733,
	"y" : -0.025331183461925751,
	"yaw" : 1.3287742244698679,
	"z" : -0.17638879993058357
}
