{
	"pitch" : 1.4591881792397352,
	"roll" : -1.3159148105591867,
	"x" : 0.014066968338635272,
	"y" : -0.20903418287116909,
	"yaw" : 1.4959043394941784,
	"z" : -0.27100316963958299
}
