{
	"pitch" : 1.4666734938012345,
	"roll" : -1.5975383721446279,
	"x" : -0.010394340282521675,
	"y" : -0.12556131687813443,
	"yaw" : 1.2137521328225114,
	"z" : -0.17163130940956708
}
