{
	"pitch" : 1.4905709509212797,
	"roll" : -1.5810241777974785,
	"x" : 0.077314421163980393,
	"y" : -0.01222483652523625,
	"yaw" : 1.2324901682944922,
	"z" : -0.17021853331785386
}
