{
	"pitch" : 1.4507434822094096,
	"roll" : -1.4406817416282225,
	"x" : 0.017488233146136213,
	"y" : -0.19852604880604002,
	"yaw" : 1.3624078702104312,
	"z" : -0.16989250599691094
}
