{
	"pitch" : 1.4573356953780845,
	"roll" : -1.4263123293218454,
	"x" : 0.013676403843455802,
	"y" : -0.20970553986079213,
	"yaw" : 1.3732674284412052,
	"z" : -0.17034535918631186
}
