{
	"pitch" : 1.4580550964016432,
	"roll" : -1.5878545411568923,
	"x" : -0.023930966980350438,
	"y" : -0.14695488590696618,
	"yaw" : 1.217979518304126,
	"z" : -0.1727061327796082
}
