{
	"pitch" : 1.4961481534979946,
	"roll" : -1.3504465936362375,
	"x" : 0.12130395481487156,
	"y" : 0.012453169397503367,
	"yaw" : 1.4747952088337453,
	"z" : -0.16901257455663951
}
