{
	"pitch" : 1.4843352486081731,
	"roll" : -1.6327090591476063,
	"x" : 0.029056659603005894,
	"y" : 0.0044350671383235288,
	"yaw" : 1.1892980492195069,
	"z" : -0.17094502084538646
}
