{
	"pitch" : 1.4677831877568808,
	"roll" : -1.531291697239606,
	"x" : 0.064753905138292447,
	"y" : -0.054087567669619807,
	"yaw" : 1.2753991104866873,
	"z" : -0.19499464891943932
}
