{
	"pitch" : 1.475296304549341,
	"roll" : -1.379313132388049,
	"x" : 0.023512909977807334,
	"y" : -0.18246502920116436,
	"yaw" : 1.4325038489934308,
	"z" : -0.25660456537377585
}
