{
	"pitch" : 1.4692778520621657,
	"roll" : -1.5026959621663367,
	"x" : 0.042282056865083122,
	"y" : -0.050082769736111574,
	"yaw" : 1.3072595500210284,
	"z" : -0.16974611262083719
}
