{
	"pitch" : 1.4946452800091545,
	"roll" : -1.4339937805334759,
	"x" : 0.1258723298716749,
	"y" : 0.0030223383173694687,
	"yaw" : 1.3926765328394042,
	"z" : -0.16996179670815617
}
