{
	"pitch" : 1.4548431767408063,
	"roll" : -1.4608266570019006,
	"x" : 0.036779086497369981,
	"y" : -0.14272717619335057,
	"yaw" : 1.338766250812381,
	"z" : -0.16961101559222683
}
