{
	"pitch" : 1.4632261615826689,
	"roll" : -1.5352399758781388,
	"x" : 0.077083657417637091,
	"y" : -0.012912873322781886,
	"yaw" : 1.2699330375622737,
	"z" : -0.17054940068242636
}
