{
	"pitch" : 1.4887699186983976,
	"roll" : -1.369504881696177,
	"x" : 0.12415722225041614,
	"y" : -0.027505617716650832,
	"yaw" : 1.4517660803621966,
	"z" : -0.16861352723914644
}
