{
	"pitch" : 1.4623925934106949,
	"roll" : -1.4419625290547629,
	"x" : -0.0091709545969369394,
	"y" : -0.28158983361268225,
	"yaw" : 1.3756821273811857,
	"z" : -0.14447538974392882
}
