{
	"pitch" : 1.480274964495127,
	"roll" : -1.6274976255601756,
	"x" : 0.026319190405199616,
	"y" : -0.0050767186648678873,
	"yaw" : 1.1910475695641678,
	"z" : -0.17068849136455899
}
