{
	"pitch" : 1.4533201124321617,
	"roll" : -1.4325426438752942,
	"x" : 0.014453469873775243,
	"y" : -0.2085260312736488,
	"yaw" : 1.3692877602507294,
	"z" : -0.17101292245744404
}
