{
	"pitch" : 1.4832005957846985,
	"roll" : -1.5285452883271531,
	"x" : 0.091132966246020505,
	"y" : 0.029590417558017244,
	"yaw" : 1.288399383788785,
	"z" : -0.19572515276068644
}
