{
	"pitch" : 1.486946925434522,
	"roll" : -1.5658436159569427,
	"x" : 0.043121627714100254,
	"y" : -0.029595562851693638,
	"yaw" : 1.2585889175830496,
	"z" : -0.16869617188507738
}
