{
	"pitch" : 1.4576004597076411,
	"roll" : -1.453055652220723,
	"x" : -0.030586544234791763,
	"y" : -0.27287192796794035,
	"yaw" : 1.3554426774600947,
	"z" : -0.17304193002867474
}
