{
	"pitch" : 1.4921838419569136,
	"roll" : -1.3740589958918767,
	"x" : 0.12764331828306208,
	"y" : -0.014627240821025175,
	"yaw" : 1.4502918490779659,
	"z" : -0.16896797925966967
}
