{
	"pitch" : 1.4603839058246049,
	"roll" : -1.3054233300953739,
	"x" : 0.11213450723052311,
	"y" : -0.24012233365910207,
	"yaw" : 1.5030540173050173,
	"z" : -0.16831368999817534
}
