{
	"pitch" : 1.476239349449139,
	"roll" : -1.5786158101379906,
	"x" : 0.065733431157570438,
	"y" : -0.051170994256977395,
	"yaw" : 1.233775280668546,
	"z" : -0.1389799051622401
}
