{
	"pitch" : 1.4637381784710746,
	"roll" : -1.5974461364787926,
	"x" : -0.082267063239135629,
	"y" : -0.17777420373353189,
	"yaw" : 1.2103947801574708,
	"z" : -0.17258212411600815
}
