{
	"pitch" : 1.468297766686125,
	"roll" : -1.4941504055580115,
	"x" : 0.043042037999745597,
	"y" : -0.12039397911406266,
	"yaw" : 1.3174973408229318,
	"z" : -0.17881002515241937
}
