{
	"pitch" : 1.4502795390809693,
	"roll" : -1.2740526162549943,
	"x" : 0.058297325590389242,
	"y" : -0.301540188044222,
	"yaw" : 1.5312125748775876,
	"z" : -0.16958360678896109
}
