{
	"pitch" : 1.4467522875359504,
	"roll" : -1.4925153071335147,
	"x" : -0.076324508549173428,
	"y" : -0.25787024027496436,
	"yaw" : 1.311163700856095,
	"z" : -0.17432858462721185
}
