{
	"pitch" : 1.4688400683894793,
	"roll" : -1.5438068673512881,
	"x" : 0.043145178562203512,
	"y" : -0.050358114556304227,
	"yaw" : 1.2668132844736493,
	"z" : -0.16979649008071304
}
