{
	"pitch" : 1.4750917102963281,
	"roll" : -1.4806203990149829,
	"x" : 0.060933603903974606,
	"y" : -0.059998348000991866,
	"yaw" : 1.3335269839164874,
	"z" : -0.15717474144498755
}
