{
	"pitch" : 1.4864930486662609,
	"roll" : -1.575567584192568,
	"x" : 0.087477793188980399,
	"y" : 0.01846891300730957,
	"yaw" : 1.241872152933194,
	"z" : -0.20926452365299528
}
