{
	"pitch" : 1.4836788329446537,
	"roll" : -1.5464552693490552,
	"x" : 0.076680178655964243,
	"y" : -0.013209662029331319,
	"yaw" : 1.2711621615632265,
	"z" : -0.16975161307526329
}
