{
	"pitch" : 1.47976557429671,
	"roll" : -1.4466391776402951,
	"x" : 0.09717227061955945,
	"y" : -0.05922483087763572,
	"yaw" : 1.3698134552540464,
	"z" : -0.16887608259067199
}
