{
	"pitch" : 1.4618210634566446,
	"roll" : -1.3943127855843107,
	"x" : 0.025272480488023941,
	"y" : -0.17815522406754419,
	"yaw" : 1.4186436960587014,
	"z" : -0.23933608367827872
}
