{
	"pitch" : 1.4939082656675897,
	"roll" : -1.3369396683015786,
	"x" : 0.12589201485013438,
	"y" : 0.0010032208731878319,
	"yaw" : 1.4857226498284459,
	"z" : -0.16905020726269065
}
