{
	"pitch" : 1.4786803158543536,
	"roll" : -1.5116458164613991,
	"x" : 0.066769546108049027,
	"y" : -0.041811395639796342,
	"yaw" : 1.3007744758341722,
	"z" : -0.12913948371011169
}
