{
	"pitch" : 1.4494286871716686,
	"roll" : -1.4573378900609668,
	"x" : -0.078185897560927003,
	"y" : -0.25837562292788224,
	"yaw" : 1.3446226078561694,
	"z" : -0.17429046852446245
}
