{
	"pitch" : 1.4949217589919204,
	"roll" : -1.4888068719646397,
	"x" : 0.066037469694210704,
	"y" : -0.042538983205621092,
	"yaw" : 1.3234569809225347,
	"z" : -0.18472782733669674
}
