{
	"pitch" : 1.4883573330029094,
	"roll" : -1.5167047439835257,
	"x" : 0.033393826305832125,
	"y" : -0.059852239365240444,
	"yaw" : 1.3088053097898955,
	"z" : -0.1688513111374069
}
