{
	"pitch" : 1.4788220898433477,
	"roll" : -1.5090494829019701,
	"x" : 0.0676430428694417,
	"y" : -0.035810293551837603,
	"yaw" : 1.3018218210944275,
	"z" : -0.12485866235223042
}
