{
	"pitch" : 1.4954518529368432,
	"roll" : -1.5620617742190115,
	"x" : 0.092718801661432426,
	"y" : 0.035085221604220521,
	"yaw" : 1.2586126731094975,
	"z" : -0.18101821098341248
}
