{
	"pitch" : 1.4845915068287872,
	"roll" : -1.6340049370941689,
	"x" : 0.029670194347508186,
	"y" : 0.0062069230191502071,
	"yaw" : 1.1887772364732325,
	"z" : -0.17093257828162015
}
