{
	"pitch" : 1.469630432055697,
	"roll" : -1.5277526045840586,
	"x" : 0.036615406977504955,
	"y" : -0.043934071118831325,
	"yaw" : 1.2801915948783469,
	"z" : -0.17036351185075815
}
