{
	"pitch" : 1.4853998550835288,
	"roll" : -1.3331612150876031,
	"x" : 0.11986399768573304,
	"y" : -0.038263980495524291,
	"yaw" : 1.4889075406856507,
	"z" : -0.16852969590810779
}
