{
	"pitch" : 1.4783833844529917,
	"roll" : -1.4940964017513856,
	"x" : 0.044717191290716531,
	"y" : -0.11229056235496526,
	"yaw" : 1.3228489143999929,
	"z" : -0.16934169928327467
}
