{
	"pitch" : 1.4824100879358157,
	"roll" : -1.4031973589025186,
	"x" : 0.099645248829330083,
	"y" : -0.05714799040344834,
	"yaw" : 1.4192478626792635,
	"z" : -0.1687158228764212
}
