{
	"pitch" : 1.4701357223916891,
	"roll" : -1.533219322149985,
	"x" : 0.036133684259259086,
	"y" : -0.043327441982268219,
	"yaw" : 1.2750978133518929,
	"z" : -0.17075485481730177
}
