{
	"pitch" : 1.4743667911742027,
	"roll" : -1.5215993360206603,
	"x" : 0.044776788152301794,
	"y" : -0.11087609078006645,
	"yaw" : 1.2942235138330116,
	"z" : -0.1693701502249621
}
