{
	"pitch" : 1.4772263970690003,
	"roll" : -1.4647298339099946,
	"x" : 0.062999198605705214,
	"y" : -0.01936162963478244,
	"yaw" : 1.3494329647180519,
	"z" : -0.16949664542523904
}
