{
	"pitch" : 1.4968536037791078,
	"roll" : -1.5696316461802422,
	"x" : 0.067063880254313299,
	"y" : 0.038553808196607475,
	"yaw" : 1.2606983251188759,
	"z" : -0.17126844796986135
}
