{
	"pitch" : 1.4680587408292021,
	"roll" : -1.6295636386581367,
	"x" : -0.027232920858252421,
	"y" : -0.120916717864615,
	"yaw" : 1.1803042782198769,
	"z" : -0.17178074711934513
}
