{
	"pitch" : 1.4950080022174139,
	"roll" : -1.3968419060116364,
	"x" : 0.12458667845921008,
	"y" : 0.0042494671830937743,
	"yaw" : 1.4300488935744811,
	"z" : -0.16934803369700968
}
