{
	"pitch" : 1.4915784558064513,
	"roll" : -1.4709498092660851,
	"x" : 0.075737496700256424,
	"y" : -0.012398849133843723,
	"yaw" : 1.3489657896831078,
	"z" : -0.16922048579973747
}
