{
	"pitch" : 1.4940450454766474,
	"roll" : -1.6064124456537936,
	"x" : 0.075159797944630083,
	"y" : 0.039673245694080948,
	"yaw" : 1.2222075390518841,
	"z" : -0.17087282917004759
}
