{
	"pitch" : 1.4974309863011241,
	"roll" : -1.5153675948119707,
	"x" : 0.10104803948562534,
	"y" : 0.033515291870147831,
	"yaw" : 1.3149434178339006,
	"z" : -0.17042141291506982
}
