{
	"pitch" : 1.4979516185793904,
	"roll" : -1.4706452069325955,
	"x" : 0.11530547727877127,
	"y" : 0.021770745776985026,
	"yaw" : 1.3581042492382807,
	"z" : -0.17000237361011716
}
