{
	"pitch" : 1.4810414486425774,
	"roll" : -1.5074265824113195,
	"x" : 0.024726035089682144,
	"y" : -0.062734309485380405,
	"yaw" : 1.3187115602765007,
	"z" : -0.17067550852530589
}
