{
	"pitch" : 1.4781697953712643,
	"roll" : -1.6061674672714283,
	"x" : 0.026278279796217691,
	"y" : -0.0094956755261684841,
	"yaw" : 1.2143405283563271,
	"z" : -0.17066651068680289
}
