{
	"pitch" : 1.4607678560703738,
	"roll" : -1.4013882521246528,
	"x" : 0.025476239290753898,
	"y" : -0.17647740308953161,
	"yaw" : 1.4158297219160239,
	"z" : -0.23750447262124488
}
