{
	"pitch" : 1.484234341295759,
	"roll" : -1.6388237463873101,
	"x" : 0.040761714828239426,
	"y" : 0.023857952888064034,
	"yaw" : 1.1864864524748515,
	"z" : -0.17141776201096559
}
