{
	"pitch" : 1.4825860798101163,
	"roll" : -1.628106665990031,
	"x" : 0.090779888711316481,
	"y" : 0.024488866826898832,
	"yaw" : 1.1899560228465025,
	"z" : -0.20347363412057265
}
