{
	"pitch" : 1.4494528457556599,
	"roll" : -1.4564635726024258,
	"x" : -0.078172240251754205,
	"y" : -0.25829774756921364,
	"yaw" : 1.3454872260227455,
	"z" : -0.17426530757566028
}
