{
	"pitch" : 1.4759707483779172,
	"roll" : -1.3697485175194979,
	"x" : 0.022581656902745516,
	"y" : -0.18598826100701271,
	"yaw" : 1.440580159439691,
	"z" : -0.25815007063246598
}
