{
	"pitch" : 1.4900654888705644,
	"roll" : -1.5287236896969776,
	"x" : 0.076665088980060442,
	"y" : -0.013132240585659987,
	"yaw" : 1.2844007488763911,
	"z" : -0.16993844791232293
}
