{
	"pitch" : 1.4991956100963779,
	"roll" : -1.4396499597327841,
	"x" : 0.10237394998647009,
	"y" : 0.032431094578156031,
	"yaw" : 1.3897579453508644,
	"z" : -0.17009580084019665
}
