{
	"pitch" : 1.4889236975601667,
	"roll" : -1.6111202976897607,
	"x" : 0.083180090954795297,
	"y" : 0.0064340402796000205,
	"yaw" : 1.2041855100005443,
	"z" : -0.12421485660388529
}
