{
	"pitch" : 1.4921970198711239,
	"roll" : -1.5280706327083093,
	"x" : 0.07191026273669851,
	"y" : -0.01750741684175515,
	"yaw" : 1.2928390183839198,
	"z" : -0.16997809551385251
}
