{
	"pitch" : 1.4834452824911222,
	"roll" : -1.5931956458549654,
	"x" : 0.068666233551231581,
	"y" : -0.041668767928038995,
	"yaw" : 1.2194545031354982,
	"z" : -0.16900009900405497
}
