{
	"pitch" : 1.4766876394792612,
	"roll" : -1.5565891163358152,
	"x" : 0.030806588326232565,
	"y" : -0.033809937151589899,
	"yaw" : 1.2639391395088615,
	"z" : -0.16973541163480368
}
