{
	"pitch" : 1.482035684783747,
	"roll" : -1.3932708234040181,
	"x" : 0.099557409375520073,
	"y" : -0.057157558370682093,
	"yaw" : 1.4293273773446162,
	"z" : -0.16870612915119998
}
