{
	"pitch" : 1.4728442191552567,
	"roll" : -1.5259416464484907,
	"x" : -0.074978877517329665,
	"y" : -0.17048188884434173,
	"yaw" : 1.2793950916467662,
	"z" : -0.17314792403424009
}
