{
	"pitch" : 1.4932744441262875,
	"roll" : -1.6236969372355743,
	"x" : 0.091144737967253642,
	"y" : 0.029331772803566893,
	"yaw" : 1.1968076688146205,
	"z" : -0.14538734497295874
}
