{
	"pitch" : 1.4922596558837053,
	"roll" : -1.5536278112115525,
	"x" : 0.091313446059009429,
	"y" : 0.032196665890359667,
	"yaw" : 1.2641589445491717,
	"z" : -0.18952728739094168
}
