{
	"pitch" : 1.4541225229590982,
	"roll" : -1.4613256368583145,
	"x" : 0.037025663056700506,
	"y" : -0.14177350578310227,
	"yaw" : 1.3376695302250576,
	"z" : -0.16946300470264164
}
