{
	"pitch" : 1.4792475613912326,
	"roll" : -1.4477539907319232,
	"x" : 0.090308000621006052,
	"y" : -0.061385529374790616,
	"yaw" : 1.3682671235167758,
	"z" : -0.1689831548017641
}
