{
	"pitch" : 1.4729725208054358,
	"roll" : -1.4756009013018627,
	"x" : 0.060650973499172645,
	"y" : -0.068453631149273289,
	"yaw" : 1.3306050313692168,
	"z" : -0.16925160330827196
}
