{
	"pitch" : 1.4651938873556871,
	"roll" : -1.3767129677297862,
	"x" : 0.030693972386077052,
	"y" : -0.15384062514641533,
	"yaw" : 1.4408972448374526,
	"z" : -0.21319649533569543
}
