{
	"pitch" : 1.4801627905212174,
	"roll" : -1.4269157344031183,
	"x" : 0.086534236172757101,
	"y" : -0.061702066156281488,
	"yaw" : 1.3898350802240116,
	"z" : -0.16854243543320316
}
