{
	"pitch" : 1.4881387473298371,
	"roll" : -1.559206635634153,
	"x" : 0.078335138414486818,
	"y" : -0.0084212984325508691,
	"yaw" : 1.2555840272834298,
	"z" : -0.11889055031223768
}
