{
	"pitch" : 1.468781554679939,
	"roll" : -1.5363020698267282,
	"x" : 0.035664710040691099,
	"y" : -0.042791475366637369,
	"yaw" : 1.272974361815675,
	"z" : -0.17019412478766113
}
