{
	"pitch" : 1.45067837213373,
	"roll" : -1.2876930297706815,
	"x" : 0.060325485992408355,
	"y" : -0.30167353428291988,
	"yaw" : 1.5154265564227571,
	"z" : -0.17001933944731165
}
