{
	"pitch" : 1.4598094781854765,
	"roll" : -1.4148077475002658,
	"x" : 0.052287025450758445,
	"y" : -0.085957436452076763,
	"yaw" : 1.3877550252919952,
	"z" : -0.17031620058043365
}
