{
	"pitch" : 1.4788801748683482,
	"roll" : -1.6222934666281359,
	"x" : 0.031717358669700692,
	"y" : 0.012223997162960966,
	"yaw" : 1.1954176500002658,
	"z" : -0.17028054766311554
}
