{
	"pitch" : 1.4921410558728128,
	"roll" : -1.4923106040192977,
	"x" : 0.046477847967845529,
	"y" : -0.045197385092602446,
	"yaw" : 1.327077540775204,
	"z" : -0.16950877479635393
}
