{
	"pitch" : 1.4953193530776194,
	"roll" : -1.5233320288344885,
	"x" : 0.09244437671204235,
	"y" : 0.036892352006865671,
	"yaw" : 1.3040781580494902,
	"z" : -0.17103977702550333
}
