{
	"pitch" : 1.4951003581938211,
	"roll" : -1.3798869068325232,
	"x" : 0.0630891205821206,
	"y" : -0.056139737355732307,
	"yaw" : 1.4342228474653012,
	"z" : -0.19107133123670642
}
