{
	"pitch" : 1.4945889911394146,
	"roll" : -1.5565252219830117,
	"x" : 0.088453570412460464,
	"y" : 0.025159549033293156,
	"yaw" : 1.2613806486800265,
	"z" : -0.13778549180699265
}
