{
	"pitch" : 1.4947851718716276,
	"roll" : -1.4937701280480722,
	"x" : 0.049317803624085679,
	"y" : -0.042362606082505271,
	"yaw" : 1.3262205370789766,
	"z" : -0.1696340201476462
}
