{
	"pitch" : 1.4660816271211599,
	"roll" : -1.6093194833966222,
	"x" : -0.017233623670110429,
	"y" : -0.12405141195128111,
	"yaw" : 1.2031436083464047,
	"z" : -0.17209435366617457
}
