{
	"pitch" : 1.4771262171952102,
	"roll" : -1.5367030726475988,
	"x" : 0.04569156039972827,
	"y" : -0.11035850082207992,
	"yaw" : 1.2818290096420959,
	"z" : -0.16963962117798917
}
