{
	"pitch" : 1.4793596403304605,
	"roll" : -1.6255800096542719,
	"x" : 0.031807241938570333,
	"y" : 0.011634034610878892,
	"yaw" : 1.1927076907467027,
	"z" : -0.17052012314528839
}
