{
	"pitch" : 1.478909194258561,
	"roll" : -1.6820739178673425,
	"x" : 0.029282046300032283,
	"y" : 0.0033716474831240011,
	"yaw" : 1.1380945839530876,
	"z" : -0.17107012260052346
}
