{
	"pitch" : 1.4730516933017206,
	"roll" : -1.4739007249808767,
	"x" : 0.062202052990195156,
	"y" : -0.059026558562350034,
	"yaw" : 1.3451840777420589,
	"z" : -0.16890028608215171
}
