{
	"pitch" : 1.4818393662537397,
	"roll" : -1.4024565889686091,
	"x" : 0.099185990331618276,
	"y" : -0.057488545865140947,
	"yaw" : 1.4198086873829532,
	"z" : -0.16858961451494697
}
