{
	"pitch" : 1.4784405453479832,
	"roll" : -1.6556691711418823,
	"x" : 0.026709055086637963,
	"y" : -0.0038600452453945965,
	"yaw" : 1.1651991606846013,
	"z" : -0.17074866061216906
}
