{
	"pitch" : 1.4871949951791792,
	"roll" : -1.3202359872216354,
	"x" : 0.1243017904110264,
	"y" : -0.024857397265015083,
	"yaw" : 1.5029279531000652,
	"z" : -0.16837669166305247
}
