{
	"pitch" : 1.4565785730784144,
	"roll" : -1.4325587011320917,
	"x" : 0.013509591770067483,
	"y" : -0.20901818253462079,
	"yaw" : 1.3674973493541214,
	"z" : -0.17032619029354581
}
