{
	"pitch" : 1.4816100301993764,
	"roll" : -1.5470376677110704,
	"x" : 0.085877146689862197,
	"y" : 0.011451723476270631,
	"yaw" : 1.2659708816541191,
	"z" : -0.21397049069285437
}
