{
	"pitch" : 1.4446730434739932,
	"roll" : -1.3706679772353185,
	"x" : -0.013578430687476092,
	"y" : -0.29313295714073029,
	"yaw" : 1.4325458224167165,
	"z" : -0.17277198013110434
}
