{
	"pitch" : 1.4764542626190387,
	"roll" : -1.5707350612430797,
	"x" : 0.03519370438108857,
	"y" : -0.14536662326808711,
	"yaw" : 1.2463292396160492,
	"z" : -0.13663627470728987
}
