{
	"pitch" : 1.4820891293921963,
	"roll" : -1.5817229267770698,
	"x" : 0.071454524475988809,
	"y" : -0.030132017458243742,
	"yaw" : 1.2312024605475407,
	"z" : -0.12298317580901175
}
