{
	"pitch" : 1.4679086736887965,
	"roll" : -1.506004577589348,
	"x" : 0.045735576050371658,
	"y" : -0.052721963922361968,
	"yaw" : 1.3036459914507452,
	"z" : -0.16954829917711756
}
