{
	"pitch" : 1.4933854655318555,
	"roll" : -1.3734726931466159,
	"x" : 0.12821926179604998,
	"y" : -0.0051963547003458475,
	"yaw" : 1.4499338188573476,
	"z" : -0.16861966647574725
}
