{
	"pitch" : 1.4681985732689924,
	"roll" : -1.5336258464086427,
	"x" : 0.036596928441946473,
	"y" : -0.11455255585974765,
	"yaw" : 1.2757212111834333,
	"z" : -0.17020036765015173
}
