{
	"pitch" : 1.4636191538759529,
	"roll" : -1.329237866032549,
	"x" : 0.027941462340959899,
	"y" : -0.16313462777855442,
	"yaw" : 1.4827055220250291,
	"z" : -0.22338022429920484
}
