{
	"pitch" : 1.4750670673079949,
	"roll" : -1.5617538676528431,
	"x" : 0.028692839396784992,
	"y" : -0.027182305160730506,
	"yaw" : 1.2576162657761469,
	"z" : -0.17025878100481723
}
