{
	"pitch" : 1.4946743535694127,
	"roll" : -1.3976233687347426,
	"x" : 0.12596459414028627,
	"y" : 0.0026462948141007716,
	"yaw" : 1.4280211635814661,
	"z" : -0.16986942193339424
}
