{
	"pitch" : 1.4870532762404478,
	"roll" : -1.5029079952236732,
	"x" : 0.022326988964045912,
	"y" : -0.069824431570788437,
	"yaw" : 1.3256483836343915,
	"z" : -0.16924951641704791
}
