{
	"pitch" : 1.4816716189564092,
	"roll" : -1.5874100593501363,
	"x" : 0.071541999542393472,
	"y" : -0.029908780896582089,
	"yaw" : 1.2258527791511249,
	"z" : -0.1229063699900555
}
