{
	"pitch" : 1.4784530432467675,
	"roll" : -1.5232348086720691,
	"x" : 0.074036990468114752,
	"y" : -0.019038424455124263,
	"yaw" : 1.2898715325659895,
	"z" : -0.16971885519472771
}
