{
	"pitch" : 1.4910755335071091,
	"roll" : -1.4947172077498878,
	"x" : 0.073168641132637088,
	"y" : -0.016182591914946615,
	"yaw" : 1.323252661466795,
	"z" : -0.16998722140986811
}
