{
	"pitch" : 1.4891780226959419,
	"roll" : -1.5133008406904411,
	"x" : 0.071304728129593833,
	"y" : -0.0259997380532863,
	"yaw" : 1.2982076523108694,
	"z" : -0.16905888392358928
}
