{
	"pitch" : 1.4728930124297983,
	"roll" : -1.5463143069033545,
	"x" : 0.027276818563926553,
	"y" : -0.16486148491221267,
	"yaw" : 1.2661525784706429,
	"z" : -0.11748058490030598
}
