{
	"pitch" : 1.467620201571785,
	"roll" : -1.5129649162025347,
	"x" : 0.010008128604561295,
	"y" : -0.21884716577135715,
	"yaw" : 1.3013298084781941,
	"z" : -0.078023082716639908
}
