{
	"pitch" : 1.4740168992355627,
	"roll" : -1.4226766480809434,
	"x" : 0.074296144389385171,
	"y" : -0.063269574078447827,
	"yaw" : 1.3966774256726946,
	"z" : -0.16872637392700229
}
