{
	"pitch" : 1.4898522450592318,
	"roll" : -1.5743017547823737,
	"x" : 0.076550250521395108,
	"y" : -0.013094846246525172,
	"yaw" : 1.2427303327751666,
	"z" : -0.17000766150109456
}
