{
	"pitch" : 1.4854954721853526,
	"roll" : -1.4553908186608004,
	"x" : 0.051546178131843992,
	"y" : -0.037041540322904513,
	"yaw" : 1.3649372625539862,
	"z" : -0.17000519105120104
}
