{
	"pitch" : 1.4542563391458121,
	"roll" : -1.4329550873646002,
	"x" : 0.031522647452746938,
	"y" : -0.15922953222375735,
	"yaw" : 1.3686479765554538,
	"z" : -0.17009948426270952
}
