{
	"pitch" : 1.47064531046772,
	"roll" : -1.624480308970877,
	"x" : 0.030077970918342148,
	"y" : -0.026685531905840273,
	"yaw" : 1.1912551642538041,
	"z" : -0.17003689755449855
}
