{
	"pitch" : 1.4794230721193262,
	"roll" : -1.5271492695648343,
	"x" : 0.077911876299204208,
	"y" : -0.0126855592804125,
	"yaw" : 1.2826231224454949,
	"z" : -0.22050591482608517
}
