{
	"pitch" : 1.4826333225313844,
	"roll" : -1.6167616521908346,
	"x" : 0.02740758904944008,
	"y" : 0.0011058574624889326,
	"yaw" : 1.2039041345457926,
	"z" : -0.1707232937984535
}
