{
	"pitch" : 1.4838570148941377,
	"roll" : -1.4969623870335298,
	"x" : 0.064112299371483605,
	"y" : -0.055821391314953686,
	"yaw" : 1.326254881784819,
	"z" : -0.16804162197241129
}
