{
	"pitch" : 1.4843494893128422,
	"roll" : -1.4893201319752394,
	"x" : 0.067537893925476752,
	"y" : -0.04306415322604018,
	"yaw" : 1.3327805934586081,
	"z" : -0.16813829640093111
}
