{
	"pitch" : 1.4718493926477967,
	"roll" : -1.5640642637610591,
	"x" : 0.035656967834366809,
	"y" : -0.041075935344484185,
	"yaw" : 1.254175340835926,
	"z" : -0.16964595287393072
}
