{
	"pitch" : 1.4771183364351044,
	"roll" : -1.5076537389461377,
	"x" : 0.074785927578033623,
	"y" : -0.02070168931884998,
	"yaw" : 1.2982757154928324,
	"z" : -0.22030706515935725
}
