{
	"pitch" : 1.4511296581791566,
	"roll" : -1.3099917571332007,
	"x" : 0.048804607606183534,
	"y" : -0.29828109695655469,
	"yaw" : 1.5008218815080594,
	"z" : -0.16979376823402928
}
