{
	"pitch" : 1.4657675296579442,
	"roll" : -1.4774269467807253,
	"x" : 0.062474666363835293,
	"y" : -0.057346328627350632,
	"yaw" : 1.3306238197453735,
	"z" : -0.18670272339084892
}
