{
	"pitch" : 1.46921240082694,
	"roll" : -1.5037695113618259,
	"x" : 0.040234445220490696,
	"y" : -0.048209246885228325,
	"yaw" : 1.3046465978249293,
	"z" : -0.16971201189937457
}
