{
	"pitch" : 1.4908494853750407,
	"roll" : -1.3807356802470745,
	"x" : 0.12757016249885092,
	"y" : -0.012980763815881478,
	"yaw" : 1.444164196105781,
	"z" : -0.16874988092418525
}
