{
	"pitch" : 1.4673756957898585,
	"roll" : -1.4957473316414853,
	"x" : 0.038874230454418214,
	"y" : -0.046481237478678758,
	"yaw" : 1.3124403847795929,
	"z" : -0.17023885034708114
}
