{
	"pitch" : 1.4878588749451527,
	"roll" : -1.5369232458444995,
	"x" : 0.091360260676389318,
	"y" : 0.031130764645995675,
	"yaw" : 1.2811785193835539,
	"z" : -0.19287876439704743
}
