{
	"pitch" : 1.4971035585660373,
	"roll" : -1.4395434791717947,
	"x" : 0.081004301268158899,
	"y" : 0.039414726965062701,
	"yaw" : 1.3967844344708569,
	"z" : -0.17099369349559868
}
