{
	"pitch" : 1.4861262971448401,
	"roll" : -1.5267288535926764,
	"x" : 0.074589770509987358,
	"y" : -0.015698707383756103,
	"yaw" : 1.2879823454874935,
	"z" : -0.11917515476959327
}
