{
	"pitch" : 1.493649205640686,
	"roll" : -1.5542974384063899,
	"x" : 0.088900185808068868,
	"y" : 0.025616840058522335,
	"yaw" : 1.263613764670902,
	"z" : -0.13842648792697854
}
