{
	"pitch" : 1.4532530207706122,
	"roll" : -1.3108678322082512,
	"x" : 0.040741258455879385,
	"y" : -0.2963541341229432,
	"yaw" : 1.4957304079150595,
	"z" : -0.1705196380309128
}
