{
	"pitch" : 1.4906798261509071,
	"roll" : -1.5601684968117846,
	"x" : 0.077162877856861573,
	"y" : -0.012395230124369345,
	"yaw" : 1.253094158200285,
	"z" : -0.17022013696176766
}
