{
	"pitch" : 1.4961967396458775,
	"roll" : -1.3548531409097615,
	"x" : 0.12126380541146727,
	"y" : 0.012449015366900889,
	"yaw" : 1.4703297877215138,
	"z" : -0.16899724059349547
}
