{
	"pitch" : 1.4712906872511651,
	"roll" : -1.5483815602528896,
	"x" : 0.062238083455468385,
	"y" : -0.059893400696373618,
	"yaw" : 1.264310475943651,
	"z" : -0.1694924674249213
}
