{
	"pitch" : 1.4655591713036058,
	"roll" : -1.5324842129140768,
	"x" : 0.019528423076242696,
	"y" : -0.18765693659418325,
	"yaw" : 1.2778045563403992,
	"z" : -0.09390092934996834
}
