{
	"pitch" : 1.4732456987880633,
	"roll" : -1.4294912651469913,
	"x" : 0.078473475065939921,
	"y" : -0.17661971397574505,
	"yaw" : 1.3784962021158214,
	"z" : -0.1688969377427387
}
