{
	"pitch" : 1.4803437298031219,
	"roll" : -1.6037506304211326,
	"x" : 0.04340489076000846,
	"y" : -0.11761408569926947,
	"yaw" : 1.2143425198745883,
	"z" : -0.1641890646482039
}
