{
	"pitch" : 1.4843061958299921,
	"roll" : -1.5052168279460019,
	"x" : 0.064558987699199141,
	"y" : -0.054871775666366571,
	"yaw" : 1.318324543354874,
	"z" : -0.16796488168625195
}
