{
	"pitch" : 1.4978520156705242,
	"roll" : -1.4117930752582233,
	"x" : 0.11825090043034517,
	"y" : 0.017435738479503554,
	"yaw" : 1.4128268378560702,
	"z" : -0.16978426308868419
}
