{
	"pitch" : 1.4936162291347128,
	"roll" : -1.590582894672357,
	"x" : 0.092253758495870003,
	"y" : 0.032462971851814196,
	"yaw" : 1.2293251163942895,
	"z" : -0.151733976913831
}
