{
	"pitch" : 1.4541813588956201,
	"roll" : -1.4881359399951679,
	"x" : 0.012766679809651724,
	"y" : -0.2089709131369091,
	"yaw" : 1.3122559227434036,
	"z" : -0.17057419034165555
}
