{
	"pitch" : 1.4964036697422789,
	"roll" : -1.4890901580123774,
	"x" : 0.079056708752068855,
	"y" : 0.039943298433958559,
	"yaw" : 1.3459233950384639,
	"z" : -0.17086127670362511
}
