{
	"pitch" : 1.4788285975781172,
	"roll" : -1.379966663486736,
	"x" : 0.089335888991679269,
	"y" : -0.061013898988727958,
	"yaw" : 1.4460342482181294,
	"z" : -0.16815008397762782
}
