{
	"pitch" : 1.4528879560518357,
	"roll" : -1.4153337544696893,
	"x" : -0.00042346164138780396,
	"y" : -0.25469458000967832,
	"yaw" : 1.3874453295325921,
	"z" : -0.17160674481343785
}
