{
	"pitch" : 1.4777033793036205,
	"roll" : -1.4958320502881022,
	"x" : 0.044726145914161436,
	"y" : -0.11218623436692912,
	"yaw" : 1.3201605639548051,
	"z" : -0.16942536118966406
}
