{
	"pitch" : 1.4729808445983326,
	"roll" : -1.5519106947157602,
	"x" : 0.039768828230017345,
	"y" : -0.046225281108700125,
	"yaw" : 1.2677078599973493,
	"z" : -0.16988137835737377
}
