{
	"pitch" : 1.4741843585786476,
	"roll" : -1.4533589874072808,
	"x" : 0.061372496531114838,
	"y" : -0.058653888183861205,
	"yaw" : 1.3622940154279179,
	"z" : -0.15358302142803806
}
