{
	"pitch" : 1.4736378633576199,
	"roll" : -1.5925511670664303,
	"x" : 0.040987203024856443,
	"y" : -0.047088520849811272,
	"yaw" : 1.2268057502025911,
	"z" : -0.1701069858252921
}
