{
	"pitch" : 1.4634650519591703,
	"roll" : -1.3059061114653818,
	"x" : 0.015002900814854239,
	"y" : -0.20900193682069676,
	"yaw" : 1.5055053689885867,
	"z" : -0.27059032284281048
}
