{
	"pitch" : 1.4454720724672121,
	"roll" : -1.4113350541617036,
	"x" : -0.016729699898837422,
	"y" : -0.3089548670708086,
	"yaw" : 1.3894243965192601,
	"z" : -0.17401250299058482
}
