{
	"pitch" : 1.4963065306086532,
	"roll" : -1.4476739972039512,
	"x" : 0.11218188248858248,
	"y" : 0.024586229344065555,
	"yaw" : 1.3787008451563791,
	"z" : -0.16996069453703974
}
