{
	"pitch" : 1.4813730879262679,
	"roll" : -1.4189072782154359,
	"x" : 0.10379762524316055,
	"y" : -0.055414311510508754,
	"yaw" : 1.4009071785929785,
	"z" : -0.168063517411737
}
