{
	"pitch" : 1.4578064741801979,
	"roll" : -1.3959664646318244,
	"x" : 0.0070027257843532642,
	"y" : -0.29675843326662937,
	"yaw" : 1.4155416393374367,
	"z" : -0.1723754331197225
}
