{
	"pitch" : 1.4609464291447838,
	"roll" : -1.333857610911098,
	"x" : 0.072302432734609803,
	"y" : -0.2622549855176271,
	"yaw" : 1.4739591047826381,
	"z" : -0.16961127575640891
}
