{
	"pitch" : 1.4597461875491009,
	"roll" : -1.5746738297901066,
	"x" : -0.028690622213192782,
	"y" : -0.14919588309134496,
	"yaw" : 1.2286126934282926,
	"z" : -0.17240769552252919
}
