{
	"pitch" : 1.486456591249397,
	"roll" : -1.5478677599811628,
	"x" : 0.073735207949587697,
	"y" : -0.021444736480026233,
	"yaw" : 1.2655305985673433,
	"z" : -0.11994136706496727
}
