{
	"pitch" : 1.4812160724696524,
	"roll" : -1.6293621343561631,
	"x" : 0.030359492850523036,
	"y" : 0.0074074350117781379,
	"yaw" : 1.1937746826054147,
	"z" : -0.17102843864718018
}
