{
	"pitch" : 1.4968276466963777,
	"roll" : -1.5019117487981382,
	"x" : 0.087769810040441668,
	"y" : 0.03871672512548012,
	"yaw" : 1.3336007066980238,
	"z" : -0.17097441430228341
}
