{
	"pitch" : 1.4768037166584365,
	"roll" : -1.548766716130322,
	"x" : -0.031910492906111421,
	"y" : -0.12692688541508781,
	"yaw" : 1.2718643768645439,
	"z" : -0.17184383159676922
}
