{
	"pitch" : 1.4756303319430042,
	"roll" : -1.5734180883183462,
	"x" : 0.032252594796025678,
	"y" : -0.035417379842487239,
	"yaw" : 1.247121535136364,
	"z" : -0.17023458803305147
}
