{
	"pitch" : 1.4833665561732863,
	"roll" : -1.6138347513130598,
	"x" : 0.09037600474829792,
	"y" : 0.024287391977416049,
	"yaw" : 1.2035952894957458,
	"z" : -0.20326583779954654
}
