{
	"pitch" : 1.4979366745597984,
	"roll" : -1.5654178210939766,
	"x" : 0.066377003636042459,
	"y" : 0.038530162153841162,
	"yaw" : 1.2647391235711267,
	"z" : -0.17135424785752953
}
