{
	"pitch" : 1.475110405416477,
	"roll" : -1.4978486420227333,
	"x" : 0.06057029170471636,
	"y" : -0.061051462170853929,
	"yaw" : 1.3148689321772893,
	"z" : -0.16079789094703506
}
