{
	"pitch" : 1.4977124358827731,
	"roll" : -1.4511040543246727,
	"x" : 0.079955463582416675,
	"y" : 0.039606258135172004,
	"yaw" : 1.3859980862619217,
	"z" : -0.17104871619541889
}
