{
	"pitch" : 1.4756536591794089,
	"roll" : -1.5258736539163187,
	"x" : 0.072252720916498619,
	"y" : -0.029530224399840915,
	"yaw" : 1.2812725358266102,
	"z" : -0.21671595433463336
}
