{
	"pitch" : 1.497503215493476,
	"roll" : -1.5865358159768708,
	"x" : 0.066439097384008022,
	"y" : 0.038283362167369064,
	"yaw" : 1.2431644405251283,
	"z" : -0.17122277279915579
}
