{
	"pitch" : 1.4863191614789755,
	"roll" : -1.3843601984066223,
	"x" : 0.11657320407449023,
	"y" : -0.043673529762975449,
	"yaw" : 1.4334338047998463,
	"z" : -0.16847656340171691
}
