{
	"pitch" : 1.4695658211085509,
	"roll" : -1.4033725954256902,
	"x" : 0.035322991788807351,
	"y" : -0.14009314422637986,
	"yaw" : 1.4139462660623352,
	"z" : -0.20047673183582093
}
