{
	"pitch" : 1.4568258058020584,
	"roll" : -1.3625927486433567,
	"x" : 0.015681228959614525,
	"y" : -0.20744447002915595,
	"yaw" : 1.4492900501762429,
	"z" : -0.27023151095117293
}
