{
	"pitch" : 1.4502151155955034,
	"roll" : -1.4237568348570713,
	"x" : -0.017120043725383449,
	"y" : -0.30826575888763713,
	"yaw" : 1.3780755942337788,
	"z" : -0.17264738823121697
}
