{
	"pitch" : 1.4626613310369325,
	"roll" : -1.3140895350907478,
	"x" : 0.088405657161026302,
	"y" : -0.25447920815141989,
	"yaw" : 1.4946174350901884,
	"z" : -0.16855393030696839
}
