{
	"pitch" : 1.4763452724649675,
	"roll" : -1.5075484618902915,
	"x" : 0.044804433566239699,
	"y" : -0.11248940679212607,
	"yaw" : 1.3072388689037822,
	"z" : -0.17017249985479119
}
