{
	"pitch" : 1.4749269116137413,
	"roll" : -1.4956371893821272,
	"x" : 0.060531815229796233,
	"y" : -0.061082159437522807,
	"yaw" : 1.3171926908069032,
	"z" : -0.16084487677266321
}
