{
	"pitch" : 1.4949702621017475,
	"roll" : -1.5471455027233427,
	"x" : 0.093116456763903593,
	"y" : 0.035868785761454067,
	"yaw" : 1.2733434388849965,
	"z" : -0.17380793739749123
}
