{
	"pitch" : 1.4733106360371895,
	"roll" : -1.5397474031756821,
	"x" : 0.044075748093456157,
	"y" : -0.11115329392575964,
	"yaw" : 1.2733714711402895,
	"z" : -0.16950815142080455
}
