{
	"pitch" : 1.4776672078018334,
	"roll" : -1.5459661463279775,
	"x" : 0.066428777897529559,
	"y" : -0.043420458470973006,
	"yaw" : 1.2665891050745937,
	"z" : -0.13060016007621295
}
