{
	"pitch" : 1.483929074815389,
	"roll" : -1.5070739703718274,
	"x" : 0.047869678704584417,
	"y" : -0.11807428682478779,
	"yaw" : 1.3060234981540291,
	"z" : -0.17007901218972571
}
