{
	"pitch" : 1.4783603836888315,
	"roll" : -1.5902532625079007,
	"x" : 0.065963858732283914,
	"y" : -0.053161493398281634,
	"yaw" : 1.2238630498537588,
	"z" : -0.16924852158137499
}
