{
	"pitch" : 1.5038817837709302,
	"roll" : -1.4875143841944569,
	"x" : 0.10803510864926121,
	"y" : 0.029319803518512488,
	"yaw" : 1.3452128414480542,
	"z" : -0.16993188013250748
}
