{
	"pitch" : 1.4932536507926033,
	"roll" : -1.5412649120799691,
	"x" : 0.09255416280258176,
	"y" : 0.034304479734214903,
	"yaw" : 1.2777611353744855,
	"z" : -0.18420937368660342
}
