{
	"pitch" : 1.4568685723709023,
	"roll" : -1.4053779399034141,
	"x" : 0.0097852896064806044,
	"y" : -0.22175495864406536,
	"yaw" : 1.3933361979309367,
	"z" : -0.17046359661851698
}
