{
	"pitch" : 1.4884445020258412,
	"roll" : -1.5802169909001931,
	"x" : 0.088782086697439783,
	"y" : 0.021109577275746274,
	"yaw" : 1.2367534109048877,
	"z" : -0.20666134951519777
}
