{
	"pitch" : 1.4747376659642155,
	"roll" : -1.4574785160253327,
	"x" : 0.061537478089695043,
	"y" : -0.058695859226825714,
	"yaw" : 1.358062660413546,
	"z" : -0.15242886759607802
}
