{
	"pitch" : 1.4746595081034486,
	"roll" : -1.5095787157206244,
	"x" : 0.044766396827897244,
	"y" : -0.11268660317896444,
	"yaw" : 1.3045537751505225,
	"z" : -0.17035981660014576
}
