{
	"pitch" : 1.4724842921096908,
	"roll" : -1.5880589670528289,
	"x" : 0.047608478201316848,
	"y" : -0.028300354145278005,
	"yaw" : 1.2247571120759468,
	"z" : -0.17075760586294389
}
