{
	"pitch" : 1.499020722011744,
	"roll" : -1.4312198023367217,
	"x" : 0.11939348562171752,
	"y" : 0.015491985230664087,
	"yaw" : 1.3928832830057538,
	"z" : -0.16966763686708516
}
