{
	"pitch" : 1.4932146027468014,
	"roll" : -1.5605721740867857,
	"x" : 0.093028703895775111,
	"y" : 0.035557521594467914,
	"yaw" : 1.2614718644842016,
	"z" : -0.17861911922694784
}
