{
	"pitch" : 1.4823051677225585,
	"roll" : -1.5470860948996186,
	"x" : 0.075552279987815579,
	"y" : -0.01607239967872157,
	"yaw" : 1.2656254526638249,
	"z" : -0.17026039507117885
}
