{
	"pitch" : 1.4759188506880054,
	"roll" : -1.4501779373120733,
	"x" : 0.078946508354866191,
	"y" : -0.063131337961006465,
	"yaw" : 1.3637618121932373,
	"z" : -0.16859146490339955
}
