{
	"pitch" : 1.4711301607206981,
	"roll" : -1.5727141934308362,
	"x" : 0.034062157046174213,
	"y" : -0.037144906227687235,
	"yaw" : 1.2430680859786212,
	"z" : -0.17010853338697302
}
