{
	"pitch" : 1.4839004273559815,
	"roll" : -1.6072967953748811,
	"x" : 0.091051394881857983,
	"y" : 0.025800109570899385,
	"yaw" : 1.2110690418349066,
	"z" : -0.20144369498792752
}
