{
	"pitch" : 1.4839740019319445,
	"roll" : -1.5543296191410121,
	"x" : 0.077100268880652578,
	"y" : -0.012241284351863158,
	"yaw" : 1.2638871674097267,
	"z" : -0.16964039192430688
}
