{
	"pitch" : 1.4843982682385668,
	"roll" : -1.5859399715924585,
	"x" : 0.033909917996488848,
	"y" : 0.016226459238300663,
	"yaw" : 1.2352100845888294,
	"z" : -0.17074773509965102
}
