{
	"pitch" : 1.4937149432828032,
	"roll" : -1.5040300557127366,
	"x" : 0.06526519421992466,
	"y" : -0.04454703432017363,
	"yaw" : 1.3062332026117052,
	"z" : -0.1863556891487555
}
