{
	"pitch" : 1.4934148063509451,
	"roll" : -1.4010650365594881,
	"x" : 0.12637533592370664,
	"y" : -0.00035027043923790621,
	"yaw" : 1.4244246068245312,
	"z" : -0.16933218127503666
}
