{
	"pitch" : 1.4711325545334755,
	"roll" : -1.4851577584417019,
	"x" : 0.075357871796504383,
	"y" : -0.16891850403160324,
	"yaw" : 1.3249203401370664,
	"z" : -0.16954800218808419
}
