{
	"pitch" : 1.4591596621031078,
	"roll" : -1.3171299108759373,
	"x" : 0.014054872266498805,
	"y" : -0.20903693106954485,
	"yaw" : 1.4947482643896484,
	"z" : -0.27100791422246973
}
