{
	"pitch" : 1.4818856722265434,
	"roll" : -1.6167760674452505,
	"x" : 0.083878525051329353,
	"y" : 0.0034332104841524307,
	"yaw" : 1.2004340185135971,
	"z" : -0.21794042150605958
}
