{
	"pitch" : 1.461677266241677,
	"roll" : -1.3057571486171868,
	"x" : 0.10865782435505551,
	"y" : -0.23398447687035523,
	"yaw" : 1.502414485518542,
	"z" : -0.16822843673179919
}
