{
	"pitch" : 1.4797237450689196,
	"roll" : -1.4203041748591942,
	"x" : 0.08662396314276416,
	"y" : -0.061787351518457961,
	"yaw" : 1.3966667902886198,
	"z" : -0.16853978397017277
}
