{
	"pitch" : 1.4625269270284529,
	"roll" : -1.304853996490946,
	"x" : 0.10867476256908991,
	"y" : -0.2319572036174283,
	"yaw" : 1.5028436188282854,
	"z" : -0.16870663710423281
}
