{
	"pitch" : 1.4728052897467367,
	"roll" : -1.4399325342621454,
	"x" : 0.10504703240396956,
	"y" : -0.16381486543347476,
	"yaw" : 1.3503022755663854,
	"z" : -0.16887468200322545
}
