{
	"pitch" : 1.4703909175371883,
	"roll" : -1.4860456106906998,
	"x" : 0.060435442471634002,
	"y" : -0.062060502567230218,
	"yaw" : 1.3235029690026252,
	"z" : -0.16944643550427199
}
