{
	"pitch" : 1.5018199779458694,
	"roll" : -1.5252286044944907,
	"x" : 0.11583594941763822,
	"y" : 0.022272617464780233,
	"yaw" : 1.3066905019618074,
	"z" : -0.17002385202969406
}
