{
	"pitch" : 1.4861366631403297,
	"roll" : -1.3267559070604054,
	"x" : 0.12156089846940932,
	"y" : -0.035070578764363224,
	"yaw" : 1.4920845895674997,
	"z" : -0.16800579026147386
}
