{
	"pitch" : 1.4928886870379938,
	"roll" : -1.6194668601895781,
	"x" : 0.059871257785800235,
	"y" : 0.03592526096423989,
	"yaw" : 1.2131922371788031,
	"z" : -0.17159958011161339
}
