{
	"pitch" : 1.4926128250556399,
	"roll" : -1.5575835814579753,
	"x" : 0.084178572019354692,
	"y" : 0.039056842431545523,
	"yaw" : 1.2738288714104304,
	"z" : -0.17090689472753906
}
