{
	"pitch" : 1.476929861005436,
	"roll" : -1.5017161981766778,
	"x" : 0.044795178496313773,
	"y" : -0.11239046873254356,
	"yaw" : 1.313559362617132,
	"z" : -0.16987158699680149
}
