{
	"pitch" : 1.4775639742406343,
	"roll" : -1.390216728397363,
	"x" : 0.077813384743122813,
	"y" : -0.063465956900486939,
	"yaw" : 1.4295911590007282,
	"z" : -0.16840609815885899
}
