{
	"pitch" : 1.4528488409585736,
	"roll" : -1.4633325829904267,
	"x" : 0.034016822489137004,
	"y" : -0.14753043589798756,
	"yaw" : 1.3368421034196185,
	"z" : -0.16950633303141052
}
