{
	"pitch" : 1.4797604013041097,
	"roll" : -1.4426782502341089,
	"x" : 0.096892008705800017,
	"y" : -0.059295791612548984,
	"yaw" : 1.3737332235516979,
	"z" : -0.16885576236090355
}
