{
	"pitch" : 1.4857847068677017,
	"roll" : -1.3869309424177312,
	"x" : 0.11734972003461221,
	"y" : -0.042286681161676873,
	"yaw" : 1.4304246750192671,
	"z" : -0.16843825338666518
}
