{
	"pitch" : 1.4555364465940992,
	"roll" : -1.4538057090256415,
	"x" : -0.015084255429934967,
	"y" : -0.29637995583201537,
	"yaw" : 1.3535811618944111,
	"z" : -0.15982843913752726
}
