{
	"pitch" : 1.4539865766792204,
	"roll" : -1.5358905527339652,
	"x" : -0.015036858222047603,
	"y" : -0.22515283891155483,
	"yaw" : 1.267153498582148,
	"z" : -0.17210613648472328
}
