{
	"pitch" : 1.4476463431562181,
	"roll" : -1.4264564277191749,
	"x" : -0.016152953028180692,
	"y" : -0.30887471028037339,
	"yaw" : 1.3755236350028781,
	"z" : -0.17319502769533379
}
