{
	"pitch" : 1.4761612809650662,
	"roll" : -1.4678100228497264,
	"x" : 0.020765165910253611,
	"y" : -0.066342032729430581,
	"yaw" : 1.3562610672955893,
	"z" : -0.17090498706704421
}
