{
	"pitch" : 1.4508064556650557,
	"roll" : -1.2850011609316789,
	"x" : 0.059998755531072909,
	"y" : -0.3014955875932081,
	"yaw" : 1.5182755767440244,
	"z" : -0.16984452454829524
}
