{
	"pitch" : 1.4900409872231197,
	"roll" : -1.5207787873455674,
	"x" : 0.078563294838319975,
	"y" : -0.0038769407564659235,
	"yaw" : 1.2923912156302213,
	"z" : -0.11882759068858445
}
