{
	"pitch" : 1.4829416879345318,
	"roll" : -1.5940939863235457,
	"x" : 0.070884930510984642,
	"y" : -0.029359882482589708,
	"yaw" : 1.2185118269772752,
	"z" : -0.12260710410153522
}
