{
	"pitch" : 1.4697547148605488,
	"roll" : -1.5771269352118793,
	"x" : 0.01661941132048729,
	"y" : -0.13348540642528339,
	"yaw" : 1.234636646104051,
	"z" : -0.1711633225763288
}
