{
	"pitch" : 1.4657888244930668,
	"roll" : -1.3098669353292673,
	"x" : 0.098592188675333287,
	"y" : -0.2480637761371346,
	"yaw" : 1.4975106761213459,
	"z" : -0.16823871856785771
}
