{
	"pitch" : 1.4992923489692591,
	"roll" : -1.4064509040475126,
	"x" : 0.11920233247868844,
	"y" : 0.015725241577340385,
	"yaw" : 1.4176716442086941,
	"z" : -0.16961835521895571
}
