{
	"pitch" : 1.4667867896356714,
	"roll" : -1.3419470843011043,
	"x" : 0.096341055315099677,
	"y" : -0.24886694017179514,
	"yaw" : 1.4651915347033138,
	"z" : -0.16818535533604437
}
