{
	"pitch" : 1.4857625025897967,
	"roll" : -1.5255026036519432,
	"x" : 0.076657987400990238,
	"y" : -0.012266805133726442,
	"yaw" : 1.2894424874526706,
	"z" : -0.11908089285039219
}
