{
	"pitch" : 1.4672457405727575,
	"roll" : -1.512010351110606,
	"x" : 0.015239803364973228,
	"y" : -0.19939305841699531,
	"yaw" : 1.2961670322552123,
	"z" : -0.08244906541656466
}
