{
	"pitch" : 1.4866640202094306,
	"roll" : -1.3201421127898492,
	"x" : 0.12138449358063126,
	"y" : -0.03565039557454755,
	"yaw" : 1.4980362202319149,
	"z" : -0.16799414144734492
}
