{
	"pitch" : 1.4801562754787385,
	"roll" : -1.5401630393732382,
	"x" : 0.044137618688572737,
	"y" : -0.1136117173133501,
	"yaw" : 1.2785109560523271,
	"z" : -0.16789890758617085
}
