{
	"pitch" : 1.4778192033309827,
	"roll" : -1.5899475154828491,
	"x" : 0.027119893793728089,
	"y" : -0.018472537739027836,
	"yaw" : 1.2295861905909775,
	"z" : -0.17074391402453776
}
