{
	"pitch" : 1.4839157817787803,
	"roll" : -1.6128446075433547,
	"x" : 0.09015154530308242,
	"y" : 0.024351141440937814,
	"yaw" : 1.2044718654594051,
	"z" : -0.2032175874859532
}
