{
	"pitch" : 1.4620829517353602,
	"roll" : -1.5518537273072019,
	"x" : 0.076982397831168559,
	"y" : -0.014080487452278523,
	"yaw" : 1.252906558887936,
	"z" : -0.17084936128363731
}
