{
	"pitch" : 1.4689063766989181,
	"roll" : -1.5212556764431435,
	"x" : 0.033193917233126091,
	"y" : -0.11563511298227423,
	"yaw" : 1.2862150297753407,
	"z" : -0.17044508143441167
}
