{
	"pitch" : 1.4771384703353889,
	"roll" : -1.4997371875050565,
	"x" : 0.07465339031981548,
	"y" : -0.020584517429589045,
	"yaw" : 1.3060992072905828,
	"z" : -0.22025371869569602
}
