{
	"pitch" : 1.4531179641025109,
	"roll" : -1.4700906617522462,
	"x" : 0.014819304893343904,
	"y" : -0.20890729607467834,
	"yaw" : 1.3317074131457067,
	"z" : -0.1711065061310755
}
