{
	"pitch" : 1.4890589774237439,
	"roll" : -1.6290459989593988,
	"x" : 0.063190787061058726,
	"y" : 0.036994967551279727,
	"yaw" : 1.2067871200592397,
	"z" : -0.17192538214664235
}
