{
	"pitch" : 1.4958921713782019,
	"roll" : -1.5562510098005087,
	"x" : 0.069970839288840486,
	"y" : 0.039095730961866297,
	"yaw" : 1.2768503558435944,
	"z" : -0.17108424622914331
}
