{
	"pitch" : 1.4937524822034589,
	"roll" : -1.5934705488047018,
	"x" : 0.090384773988475137,
	"y" : 0.028592751411148587,
	"yaw" : 1.2265291397388105,
	"z" : -0.14364970562318019
}
