{
	"pitch" : 1.4593305922705397,
	"roll" : -1.3144376293878921,
	"x" : 0.014055755151775949,
	"y" : -0.20902044876543324,
	"yaw" : 1.4972677281237505,
	"z" : -0.27098750620707285
}
