{
	"pitch" : 1.453784907212329,
	"roll" : -1.4453647375854888,
	"x" : 0.0221756629236309,
	"y" : -0.18840757416156856,
	"yaw" : 1.3596168118792833,
	"z" : -0.16999553365414338
}
