{
	"pitch" : 1.4859897780938061,
	"roll" : -1.5760202766508178,
	"x" : 0.032584945212145042,
	"y" : 0.013641850389018694,
	"yaw" : 1.2453721972006966,
	"z" : -0.17044537443889035
}
