{
	"pitch" : 1.4561252709368127,
	"roll" : -1.4259821984612515,
	"x" : 0.013485030696033455,
	"y" : -0.20852933081770972,
	"yaw" : 1.3735421484837642,
	"z" : -0.17051793434215468
}
