{
	"pitch" : 1.4577489992953168,
	"roll" : -1.4517264633791021,
	"x" : -0.015343826196658444,
	"y" : -0.30316490263923451,
	"yaw" : 1.3559355175136356,
	"z" : -0.16597340120574108
}
