{
	"pitch" : 1.4962901712009731,
	"roll" : -1.4567733441542652,
	"x" : 0.1180857369713878,
	"y" : 0.019264073184458597,
	"yaw" : 1.3718831468621207,
	"z" : -0.17017529070697174
}
