{
	"pitch" : 1.4549107691686012,
	"roll" : -1.4474943038388455,
	"x" : 0.013904176193012249,
	"y" : -0.20893746230578214,
	"yaw" : 1.3546117436701786,
	"z" : -0.17036482193328559
}
