{
	"pitch" : 1.4922266692184945,
	"roll" : -1.5516000901100651,
	"x" : 0.091979112988883685,
	"y" : 0.032858463804895648,
	"yaw" : 1.2669643300663112,
	"z" : -0.18802474061734639
}
