{
	"pitch" : 1.4844008231958976,
	"roll" : -1.3998613539771672,
	"x" : 0.11104683027640554,
	"y" : -0.049584706358414471,
	"yaw" : 1.4185929124871743,
	"z" : -0.16851883887874422
}
