{
	"pitch" : 1.4496086444859053,
	"roll" : -1.4272656729284421,
	"x" : -0.015428626028090683,
	"y" : -0.30861019045202015,
	"yaw" : 1.3780044282826531,
	"z" : -0.17329233237614683
}
