{
	"pitch" : 1.4838075183742339,
	"roll" : -1.6164055612085775,
	"x" : 0.035521648893994603,
	"y" : 0.018068841317190661,
	"yaw" : 1.2052566210757822,
	"z" : -0.17107997130937214
}
