{
	"pitch" : 1.4940901329939336,
	"roll" : -1.6230639490306722,
	"x" : 0.090950012934005758,
	"y" : 0.029302424670306745,
	"yaw" : 1.1976298908098466,
	"z" : -0.14531749620675849
}
