{
	"pitch" : 1.4780706206394809,
	"roll" : -1.4743140595682218,
	"x" : 0.081503122080022791,
	"y" : -0.063054367618768994,
	"yaw" : 1.3409552161158718,
	"z" : -0.16862094304546926
}
