{
	"pitch" : 1.4792526177858525,
	"roll" : -1.6877818159606877,
	"x" : 0.028668697183771887,
	"y" : 0.0012172155317050765,
	"yaw" : 1.1313466973159003,
	"z" : -0.17098317150763626
}
