{
	"pitch" : 1.4481060208308141,
	"roll" : -1.4109227790964087,
	"x" : -0.016542487086365742,
	"y" : -0.30905592983327135,
	"yaw" : 1.3905247377403409,
	"z" : -0.17305351342755723
}
