{
	"pitch" : 1.4996877909401407,
	"roll" : -1.5658783467687434,
	"x" : 0.09786049640803407,
	"y" : 0.034512677603151326,
	"yaw" : 1.2646289136430884,
	"z" : -0.17045649838116175
}
