{
	"pitch" : 1.474566705107794,
	"roll" : -1.3894055629755038,
	"x" : 0.023879628528847022,
	"y" : -0.18164120845520887,
	"yaw" : 1.4224673466841911,
	"z" : -0.25633704670925039
}
