{
	"pitch" : 1.4755670325926624,
	"roll" : -1.5102198405099827,
	"x" : 0.062078403100504248,
	"y" : -0.05852890015711576,
	"yaw" : 1.3045422965658944,
	"z" : -0.15166978110414753
}
