{
	"pitch" : 1.4748399532094567,
	"roll" : -1.5512638546426847,
	"x" : 0.074364801368926009,
	"y" : -0.02473188779446972,
	"yaw" : 1.2551382769364752,
	"z" : -0.21878488215756725
}
