{
	"pitch" : 1.4819190647573226,
	"roll" : -1.3450558168124382,
	"x" : 0.10875349482025942,
	"y" : -0.051539583085129084,
	"yaw" : 1.4770537980311123,
	"z" : -0.16830949828520966
}
