{
	"pitch" : 1.4864525641973654,
	"roll" : -1.5872376642412129,
	"x" : 0.034173824518650781,
	"y" : 0.016032363720330116,
	"yaw" : 1.2342454679526096,
	"z" : -0.17072586789945288
}
