{
	"pitch" : 1.4896461122708373,
	"roll" : -1.5172444751923635,
	"x" : 0.061005459195357832,
	"y" : 0.037933103053234031,
	"yaw" : 1.3100832957044055,
	"z" : -0.17111984274480202
}
