{
	"pitch" : 1.4963690034567521,
	"roll" : -1.3272022501948741,
	"x" : 0.12102619064579642,
	"y" : 0.013421002923437472,
	"yaw" : 1.4988982455445772,
	"z" : -0.16926468137649325
}
