{
	"pitch" : 1.4756337021856867,
	"roll" : -1.5219745173752133,
	"x" : 0.072550014452907804,
	"y" : -0.029496056889284566,
	"yaw" : 1.2852704113144791,
	"z" : -0.21678921937605927
}
