{
	"pitch" : 1.4900343669773175,
	"roll" : -1.5853109181721488,
	"x" : 0.076875933454236128,
	"y" : -0.013096277735358786,
	"yaw" : 1.2319350161218949,
	"z" : -0.17027324138367161
}
