{
	"pitch" : 1.4687548135515887,
	"roll" : -1.5062704072667212,
	"x" : 0.061537055776921451,
	"y" : -0.058832974839208921,
	"yaw" : 1.302543941555909,
	"z" : -0.16926643478970327
}
