{
	"pitch" : 1.4531906221839179,
	"roll" : -1.4503702641962324,
	"x" : 0.021252725654604322,
	"y" : -0.18443276728948263,
	"yaw" : 1.353761414642803,
	"z" : -0.170310535246738
}
