{
	"pitch" : 1.4728508635219297,
	"roll" : -1.5581360886582256,
	"x" : 0.039802801794088377,
	"y" : -0.046210834416710575,
	"yaw" : 1.2615248776558976,
	"z" : -0.16987224185574695
}
