{
	"pitch" : 1.467041069434591,
	"roll" : -1.520344500280894,
	"x" : 0.014913899396524044,
	"y" : -0.20011051182561074,
	"yaw" : 1.2881665412269001,
	"z" : -0.081749679955888735
}
