{
	"pitch" : 1.4814796752761503,
	"roll" : -1.5900892393155543,
	"x" : 0.02694769653850293,
	"y" : -0.0006196406773851422,
	"yaw" : 1.2307532547975171,
	"z" : -0.1706106465703055
}
