{
	"pitch" : 1.4837618364175098,
	"roll" : -1.4542774067050999,
	"x" : 0.10427242855878407,
	"y" : -0.055987227937120923,
	"yaw" : 1.3652066078178875,
	"z" : -0.16827494656693578
}
