{
	"pitch" : 1.4704739815270209,
	"roll" : -1.4835904828205517,
	"x" : 0.052907998515641194,
	"y" : -0.055971180551286928,
	"yaw" : 1.3333156835153057,
	"z" : -0.16894618228089095
}
