{
	"pitch" : 1.4785082529767828,
	"roll" : -1.5946662816534036,
	"x" : 0.054849784462827247,
	"y" : -0.12999457992227559,
	"yaw" : 1.2120366223315806,
	"z" : -0.17013067730438322
}
