{
	"pitch" : 1.4557618863366326,
	"roll" : -1.4280876515635905,
	"x" : 0.013654162185296428,
	"y" : -0.20824913763290073,
	"yaw" : 1.3723508300248024,
	"z" : -0.17041452903984272
}
