{
	"pitch" : 1.4804870224982596,
	"roll" : -1.3569685231077855,
	"x" : 0.091136000548510288,
	"y" : -0.060474303687027206,
	"yaw" : 1.4680412652067079,
	"z" : -0.16807899309110053
}
