{
	"pitch" : 1.4533440199227687,
	"roll" : -1.3465015072031425,
	"x" : 0.062433942100635118,
	"y" : -0.2981908057822138,
	"yaw" : 1.4568263410512916,
	"z" : -0.17012165103673724
}
