{
	"pitch" : 1.498395240842239,
	"roll" : -1.5578395434420147,
	"x" : 0.053758058904044705,
	"y" : -0.078697425856781453,
	"yaw" : 1.2513393729349176,
	"z" : -0.20240113534805115
}
