{
	"pitch" : 1.4948041775265117,
	"roll" : -1.581760184381751,
	"x" : 0.092531715901454495,
	"y" : 0.035384834168125601,
	"yaw" : 1.2393319579197992,
	"z" : -0.16154086078453989
}
