{
	"pitch" : 1.4502078774644926,
	"roll" : -1.3505650552975204,
	"x" : -0.0075312981132749229,
	"y" : -0.27579478530422363,
	"yaw" : 1.4484626864184307,
	"z" : -0.1728929657905296
}
