{
	"pitch" : 1.4947639957286518,
	"roll" : -1.5789658824983972,
	"x" : 0.088507730235132642,
	"y" : 0.024889015634859346,
	"yaw" : 1.2389258008084592,
	"z" : -0.13767802545315502
}
