{
	"pitch" : 1.4893783014407684,
	"roll" : -1.5027834350009934,
	"x" : 0.061041846099656134,
	"y" : -0.029938565690221276,
	"yaw" : 1.3140861997164739,
	"z" : -0.17041615398671009
}
