{
	"pitch" : 1.46070825175647,
	"roll" : -1.3916971074544056,
	"x" : 0.022739683144761012,
	"y" : -0.18592334530883628,
	"yaw" : 1.4308875208035008,
	"z" : -0.2474347660682987
}
