{
	"pitch" : 1.4929818042455445,
	"roll" : -1.5150190800401306,
	"x" : 0.08070429010712106,
	"y" : 0.0044239020241742411,
	"yaw" : 1.2987651874570223,
	"z" : -0.12195025019501043
}
