{
	"pitch" : 1.4778178067466385,
	"roll" : -1.5120107678412074,
	"x" : 0.066130727828222338,
	"y" : -0.04402269884609792,
	"yaw" : 1.3001938699748183,
	"z" : -0.13103728667356818
}
