{
	"pitch" : 1.4753507724227322,
	"roll" : -1.4819693122943975,
	"x" : 0.061700356506877982,
	"y" : -0.058744840034619827,
	"yaw" : 1.3333707339574596,
	"z" : -0.1522166868285546
}
