{
	"pitch" : 1.4541828564521941,
	"roll" : -1.4332735193329331,
	"x" : 0.01220701271027845,
	"y" : -0.21491601738207197,
	"yaw" : 1.3672979588141203,
	"z" : -0.1705606919887685
}
