{
	"pitch" : 1.4938082935051882,
	"roll" : -1.6168709147397604,
	"x" : 0.075303863771945367,
	"y" : 0.039548558599310321,
	"yaw" : 1.2121966754989257,
	"z" : -0.17103700055160656
}
