{
	"pitch" : 1.4901071166506521,
	"roll" : -1.3238184099024943,
	"x" : 0.12577955252624248,
	"y" : -0.022955442515949897,
	"yaw" : 1.4994823727225599,
	"z" : -0.1689889271121375
}
