{
	"pitch" : 1.4748683376861429,
	"roll" : -1.4570530894678684,
	"x" : 0.062788320545310625,
	"y" : -0.05473440860201198,
	"yaw" : 1.3553767121681743,
	"z" : -0.14470625482423424
}
