{
	"pitch" : 1.4553127566673911,
	"roll" : -1.6006166060057967,
	"x" : -0.081886210635330234,
	"y" : -0.17826763379473387,
	"yaw" : 1.2113270568719789,
	"z" : -0.17376130599580167
}
