{
	"pitch" : 1.4782389613448692,
	"roll" : -1.4598040188091672,
	"x" : 0.011017052677886843,
	"y" : -0.074568854497831516,
	"yaw" : 1.3672162665589338,
	"z" : -0.1710789030296235
}
