{
	"pitch" : 1.4932443830456894,
	"roll" : -1.553184759003005,
	"x" : 0.091675574967259435,
	"y" : 0.032678450258193402,
	"yaw" : 1.2646810996396585,
	"z" : -0.18806602736764291
}
