{
	"pitch" : 1.4868156691337029,
	"roll" : -1.3604044187310198,
	"x" : 0.12267044198647943,
	"y" : -0.033602351598773748,
	"yaw" : 1.4590876782551323,
	"z" : -0.16864831757928619
}
