{
	"pitch" : 1.4938982317866631,
	"roll" : -1.5794304293001842,
	"x" : 0.088670089665329341,
	"y" : 0.024680955871311559,
	"yaw" : 1.2384431865931684,
	"z" : -0.13759032393501996
}
