{
	"pitch" : 1.4915154211046917,
	"roll" : -1.625076781170754,
	"x" : 0.087795050155455995,
	"y" : 0.018040588318805388,
	"yaw" : 1.191931067064532,
	"z" : -0.13111414843927494
}
