{
	"pitch" : 1.4660527076823573,
	"roll" : -1.508492455523315,
	"x" : 0.049843722210932404,
	"y" : -0.14390552257876621,
	"yaw" : 1.2999500423378161,
	"z" : -0.17018690379602019
}
