{
	"pitch" : 1.4480645750735668,
	"roll" : -1.4252298785907045,
	"x" : -0.01628260715949649,
	"y" : -0.30888972602256115,
	"yaw" : 1.3760159258786961,
	"z" : -0.17310650430025409
}
