{
	"pitch" : 1.4695532278499646,
	"roll" : -1.5049919385430406,
	"x" : 0.035556916526960185,
	"y" : -0.043043834264155104,
	"yaw" : 1.3040687335781331,
	"z" : -0.17022715164942187
}
