{
	"pitch" : 1.4947863023329111,
	"roll" : -1.595957470215887,
	"x" : 0.081575211606025377,
	"y" : 0.039306946365558766,
	"yaw" : 1.2336456038288179,
	"z" : -0.1710186542342827
}
