{
	"pitch" : 1.4915227012347894,
	"roll" : -1.5439156994740446,
	"x" : 0.091960835184877437,
	"y" : 0.03299793762137964,
	"yaw" : 1.2749450071413464,
	"z" : -0.18801962759577148
}
