{
	"pitch" : 1.4479711957847978,
	"roll" : -1.4122508370613043,
	"x" : -0.016465961555756553,
	"y" : -0.30898145283992168,
	"yaw" : 1.389379524439273,
	"z" : -0.17303666057326195
}
