{
	"pitch" : 1.4713549610339829,
	"roll" : -1.6443704231435852,
	"x" : 0.026868093071329195,
	"y" : -0.01384569855352347,
	"yaw" : 1.1713630271315629,
	"z" : -0.17157577588898734
}
