{
	"pitch" : 1.4517744416598242,
	"roll" : -1.3405299820896941,
	"x" : 0.061706113198624166,
	"y" : -0.30185204848800251,
	"yaw" : 1.4627560912950885,
	"z" : -0.17076225672278095
}
