{
	"pitch" : 1.4828872370792565,
	"roll" : -1.5467895603537902,
	"x" : 0.091030487158199294,
	"y" : 0.03033851414050915,
	"yaw" : 1.2689878087309732,
	"z" : -0.19449418709265776
}
