{
	"pitch" : 1.4650847048297102,
	"roll" : -1.4793583331892275,
	"x" : 0.0056150515552688129,
	"y" : -0.2337456698766929,
	"yaw" : 1.3273426432159789,
	"z" : -0.093812492956575566
}
