{
	"pitch" : 1.4695082478730073,
	"roll" : -1.5915272453703109,
	"x" : 0.035250452096566423,
	"y" : -0.03870811545636,
	"yaw" : 1.2263630016201368,
	"z" : -0.1700198522735506
}
