{
	"pitch" : 1.4646957575423165,
	"roll" : -1.5747288822182159,
	"x" : 0.0045912186273900368,
	"y" : -0.13013778534973267,
	"yaw" : 1.2346442882524824,
	"z" : -0.17174696859161587
}
