{
	"pitch" : 1.4645343366338639,
	"roll" : -1.4825893756615971,
	"x" : 0.063199067683254284,
	"y" : -0.056808535165229532,
	"yaw" : 1.3268303578144496,
	"z" : -0.18759803337132322
}
