{
	"pitch" : 1.477611635888626,
	"roll" : -1.5269621702344973,
	"x" : 0.075368213714742505,
	"y" : -0.021131086257467041,
	"yaw" : 1.2787469942326855,
	"z" : -0.22056589104960306
}
