{
	"pitch" : 1.4862447834783237,
	"roll" : -1.3833322986041445,
	"x" : 0.11660786774427448,
	"y" : -0.043680892857429564,
	"yaw" : 1.4345024096595109,
	"z" : -0.1685062550964406
}
