{
	"pitch" : 1.4533575257233708,
	"roll" : -1.3963721762372767,
	"x" : 0.015157425004602917,
	"y" : -0.2041757179976309,
	"yaw" : 1.4045890687219966,
	"z" : -0.17046282336476323
}
