{
	"pitch" : 1.488774391048288,
	"roll" : -1.5829829117023815,
	"x" : 0.053241336257411509,
	"y" : 0.033088951185898573,
	"yaw" : 1.2471610213404505,
	"z" : -0.17147531358948639
}
