{
	"pitch" : 1.4845441174907275,
	"roll" : -1.5933192145158697,
	"x" : 0.086554727552893201,
	"y" : 0.01624951819427321,
	"yaw" : 1.2212836377510439,
	"z" : -0.21075231216291301
}
