{
	"pitch" : 1.473700467572673,
	"roll" : -1.3981193276524504,
	"x" : 0.073969943476471706,
	"y" : -0.063248888957216559,
	"yaw" : 1.4218516609192744,
	"z" : -0.16868006187800177
}
