{
	"pitch" : 1.4825116008027956,
	"roll" : -1.7124912680507964,
	"x" : 0.038034534700533272,
	"y" : 0.019271072893158932,
	"yaw" : 1.1077512013250341,
	"z" : -0.17159997101196606
}
