{
	"pitch" : 1.4956784975868382,
	"roll" : -1.3448270033190572,
	"x" : 0.12585695041125683,
	"y" : -0.00055613104458507139,
	"yaw" : 1.4771853648545494,
	"z" : -0.16908142876958271
}
