{
	"pitch" : 1.4890015698630077,
	"roll" : -1.408212706533998,
	"x" : 0.068864970070793258,
	"y" : -0.016220147168733018,
	"yaw" : 1.4112372127437336,
	"z" : -0.16878932213254391
}
