{
	"pitch" : 1.4577317989535226,
	"roll" : -1.4496037973217639,
	"x" : 0.035628281133024839,
	"y" : -0.14222376913580495,
	"yaw" : 1.3543042118785911,
	"z" : -0.16987821305838258
}
