{
	"pitch" : 1.4489890627627189,
	"roll" : -1.4241073729102949,
	"x" : -0.0071474523380977151,
	"y" : -0.27639168574491585,
	"yaw" : 1.3789162498117462,
	"z" : -0.17241862696277116
}
