{
	"pitch" : 1.4525349792716411,
	"roll" : -1.4387573888055034,
	"x" : -0.069126081722444166,
	"y" : -0.25331789174486019,
	"yaw" : 1.3616054390272214,
	"z" : -0.17346610708094917
}
