{
	"pitch" : 1.4511460682331523,
	"roll" : -1.4055431117338604,
	"x" : 0.0073849156185332304,
	"y" : -0.22957487286814499,
	"yaw" : 1.3947944286075911,
	"z" : -0.17045414617821961
}
