{
	"pitch" : 1.4661997498930928,
	"roll" : -1.3028312004752278,
	"x" : 0.10706347330402903,
	"y" : -0.24286987500241081,
	"yaw" : 1.5095008991352397,
	"z" : -0.16813092396046814
}
