{
	"pitch" : 1.4995193782464462,
	"roll" : -1.3850406501587247,
	"x" : 0.11890266066185493,
	"y" : 0.016387980413857257,
	"yaw" : 1.4395808102679573,
	"z" : -0.16966295875371373
}
