{
	"pitch" : 1.4792787536449274,
	"roll" : -1.650358375574343,
	"x" : 0.027673381360632798,
	"y" : -0.010120981962881826,
	"yaw" : 1.1702118118369156,
	"z" : -0.17104170759365392
}
