{
	"pitch" : 1.4784516060755866,
	"roll" : -1.6181331818875444,
	"x" : 0.031616820465735537,
	"y" : 0.01208934198915821,
	"yaw" : 1.1999740325039898,
	"z" : -0.17022782799333463
}
