{
	"pitch" : 1.456827898244867,
	"roll" : -1.3709125132607349,
	"x" : 0.016235360812411094,
	"y" : -0.20588199142818586,
	"yaw" : 1.4415884534640857,
	"z" : -0.26839330117639931
}
