{
	"pitch" : 1.4928563151903238,
	"roll" : -1.5233115786474172,
	"x" : 0.06701904930372346,
	"y" : -0.021282244967289747,
	"yaw" : 1.2934861798494586,
	"z" : -0.1696310886697793
}
