{
	"pitch" : 1.4829833811466557,
	"roll" : -1.6192239162879984,
	"x" : 0.084329646636614186,
	"y" : 0.003641646753125732,
	"yaw" : 1.1978005187877483,
	"z" : -0.21815670887607291
}
