{
	"pitch" : 1.4840368417400362,
	"roll" : -1.5978355606783365,
	"x" : 0.05280395420621551,
	"y" : 0.032828725780737637,
	"yaw" : 1.2270866118235031,
	"z" : -0.17145577476551727
}
