{
	"pitch" : 1.4662118455616273,
	"roll" : -1.6148832226748695,
	"x" : -0.019051555988086541,
	"y" : -0.12350740500120941,
	"yaw" : 1.1961556391018069,
	"z" : -0.1719855108572492
}
