{
	"pitch" : 1.4745656439023431,
	"roll" : -1.5254067293596196,
	"x" : 0.044859613405867832,
	"y" : -0.11085867148164541,
	"yaw" : 1.2908739486356728,
	"z" : -0.16929121082561327
}
