{
	"pitch" : 1.4560148970265701,
	"roll" : -1.4265725492281705,
	"x" : 0.013439084924216055,
	"y" : -0.20850874053588755,
	"yaw" : 1.3728278037001229,
	"z" : -0.17051679117453261
}
