{
	"pitch" : 1.4842297346003821,
	"roll" : -1.6092319355314997,
	"x" : 0.090076718410691328,
	"y" : 0.024368256138986626,
	"yaw" : 1.2080084460855804,
	"z" : -0.20317866215729097
}
