{
	"pitch" : 1.4981467445223411,
	"roll" : -1.432263177183575,
	"x" : 0.11714731132190086,
	"y" : 0.018794398472426838,
	"yaw" : 1.3929263136171786,
	"z" : -0.16992648179341852
}
