{
	"pitch" : 1.4951308939738552,
	"roll" : -1.3465936713579847,
	"x" : 0.1258461842516401,
	"y" : -0.00035549650155933428,
	"yaw" : 1.4755637162237962,
	"z" : -0.16903991924609882
}
