{
	"pitch" : 1.4522213309941989,
	"roll" : -1.3893791862934943,
	"x" : 0.024780460207853065,
	"y" : -0.17552493572838204,
	"yaw" : 1.4111018325183424,
	"z" : -0.16937053033818084
}
