{
	"pitch" : 1.4772218619567927,
	"roll" : -1.5042704842012673,
	"x" : 0.073417703039435081,
	"y" : -0.023518167020325161,
	"yaw" : 1.3088242253845268,
	"z" : -0.17035213755752165
}
