{
	"pitch" : 1.5006324133411815,
	"roll" : -1.4658058725100858,
	"x" : 0.11307532045276504,
	"y" : 0.024236749041357933,
	"yaw" : 1.3630175226159571,
	"z" : -0.16979715198110479
}
