{
	"pitch" : 1.4782062559104645,
	"roll" : -1.4795446465736766,
	"x" : 0.064352497218326823,
	"y" : -0.018205188484858508,
	"yaw" : 1.3352477031136798,
	"z" : -0.16922469891313632
}
