{
	"pitch" : 1.4456399029162323,
	"roll" : -1.4275598524715474,
	"x" : -0.016314550768005656,
	"y" : -0.30942960337169578,
	"yaw" : 1.3734158622618124,
	"z" : -0.17404319806204138
}
