{
	"pitch" : 1.4690031695552477,
	"roll" : -1.5395533599800841,
	"x" : 0.067442250455914302,
	"y" : -0.045157233153143322,
	"yaw" : 1.2671579124351444,
	"z" : -0.20699146529300394
}
