{
	"pitch" : 1.4582243219715931,
	"roll" : -1.4612617404212198,
	"x" : -0.041244340527241227,
	"y" : -0.26980218264100536,
	"yaw" : 1.3492269996271904,
	"z" : -0.17359066177762658
}
