{
	"pitch" : 1.4748904589521639,
	"roll" : -1.5864970833679994,
	"x" : 0.029614706107146158,
	"y" : -0.028407039770394868,
	"yaw" : 1.2324090839923949,
	"z" : -0.17028947791210775
}
