{
	"pitch" : 1.4742865096110296,
	"roll" : -1.4653519812257647,
	"x" : 0.06317067151146212,
	"y" : -0.055035949500008126,
	"yaw" : 1.3471654314410817,
	"z" : -0.14440200052498905
}
