{
	"pitch" : 1.4633254266530162,
	"roll" : -1.527503825157204,
	"x" : 0.014334149726595677,
	"y" : -0.12643850449824676,
	"yaw" : 1.2799380802647586,
	"z" : -0.17133922195712867
}
