{
	"pitch" : 1.4982516349979784,
	"roll" : -1.4284808564280216,
	"x" : 0.10427156865056769,
	"y" : 0.031425331262081455,
	"yaw" : 1.399530753525243,
	"z" : -0.1704092533744804
}
