{
	"pitch" : 1.4931988593760399,
	"roll" : -1.6008672263472221,
	"x" : 0.088251823881477426,
	"y" : 0.023096130387618888,
	"yaw" : 1.2168046207327865,
	"z" : -0.13627792749891462
}
