{
	"pitch" : 1.4826161721716231,
	"roll" : -1.5079539839727865,
	"x" : 0.085382155060173881,
	"y" : 0.011986680129892461,
	"yaw" : 1.303450195674301,
	"z" : -0.21365039339531408
}
