{
	"pitch" : 1.4983815513200636,
	"roll" : -1.6530538348855541,
	"x" : 0.053216862321881081,
	"y" : -0.081114800245315657,
	"yaw" : 1.1541625808334983,
	"z" : -0.20424680234131015
}
