{
	"pitch" : 1.474528616766146,
	"roll" : -1.4877198371802682,
	"x" : 0.062663997622243936,
	"y" : -0.060577593464871279,
	"yaw" : 1.3195408188137203,
	"z" : -0.16946059329960989
}
