{
	"pitch" : 1.4949140769981586,
	"roll" : -1.5699674008891367,
	"x" : 0.083326856168191882,
	"y" : 0.038920394535534315,
	"yaw" : 1.2603143983729346,
	"z" : -0.17082448385678975
}
