{
	"pitch" : 1.4806954935991854,
	"roll" : -1.507196447744966,
	"x" : 0.080410832070850674,
	"y" : -0.0038730939022593343,
	"yaw" : 1.3046318552242335,
	"z" : -0.21907345881060927
}
