{
	"pitch" : 1.4690105706700711,
	"roll" : -1.4105172381341526,
	"x" : 0.03725186302923849,
	"y" : -0.13502745752595646,
	"yaw" : 1.4131966929716959,
	"z" : -0.1943045011592282
}
