{
	"pitch" : 1.4981999025635675,
	"roll" : -1.4625774781213556,
	"x" : 0.11619140995882343,
	"y" : 0.02093886363011338,
	"yaw" : 1.3670384394473418,
	"z" : -0.17002902761753289
}
