{
	"pitch" : 1.4947696002063606,
	"roll" : -1.5620228086301189,
	"x" : 0.088275613546955359,
	"y" : 0.024923011275646542,
	"yaw" : 1.2559121305974803,
	"z" : -0.13759937673654987
}
