{
	"pitch" : 1.456019159384482,
	"roll" : -1.4268843409282848,
	"x" : 0.013536194518224368,
	"y" : -0.20854887930788249,
	"yaw" : 1.3727069419492832,
	"z" : -0.17058171916380166
}
