{
	"pitch" : 1.4858299616935891,
	"roll" : -1.5832085337596129,
	"x" : 0.033404148617337495,
	"y" : 0.014914575222604115,
	"yaw" : 1.2391798994381238,
	"z" : -0.17057418011107514
}
