{
	"pitch" : 1.4729801651166727,
	"roll" : -1.5713432108034444,
	"x" : 0.039858862179611973,
	"y" : -0.04625301070014394,
	"yaw" : 1.2484564576415518,
	"z" : -0.16988566087348023
}
