{
	"pitch" : 1.4617334387810841,
	"roll" : -1.5690064334216123,
	"x" : -0.00021760885562066568,
	"y" : -0.13419998874787589,
	"yaw" : 1.2392513313259677,
	"z" : -0.17205853287082468
}
