{
	"pitch" : 1.4551952357891251,
	"roll" : -1.4793827031023481,
	"x" : 0.011239882482031699,
	"y" : -0.20951196224118682,
	"yaw" : 1.3207707474141677,
	"z" : -0.17046448229447694
}
