{
	"pitch" : 1.4702660161241798,
	"roll" : -1.5099879421616713,
	"x" : 0.064914282124798425,
	"y" : -0.051898735396073703,
	"yaw" : 1.2985037337657912,
	"z" : -0.16947818625639355
}
