{
	"pitch" : 1.4813729201624855,
	"roll" : -1.4196291809351693,
	"x" : 0.1045484707445086,
	"y" : -0.054636542561891904,
	"yaw" : 1.4030908814338636,
	"z" : -0.16835018718035488
}
