{
	"pitch" : 1.4926106494403641,
	"roll" : -1.3912047630491777,
	"x" : 0.12786062030998896,
	"y" : -0.01445391663292819,
	"yaw" : 1.4332817768137842,
	"z" : -0.16910069720989404
}
