{
	"pitch" : 1.4535056032906499,
	"roll" : -1.4172966861305123,
	"x" : 0.015038203624665937,
	"y" : -0.20553673890739835,
	"yaw" : 1.3832692780706795,
	"z" : -0.17066138211806334
}
