{
	"pitch" : 1.4941982802437126,
	"roll" : -1.5594091448209653,
	"x" : 0.062253510947574774,
	"y" : 0.037715700707254218,
	"yaw" : 1.2671755394032536,
	"z" : -0.17067140988087867
}
