{
	"pitch" : 1.4811824886197151,
	"roll" : -1.5091319913095131,
	"x" : 0.080480648441095856,
	"y" : -0.0039804793055859839,
	"yaw" : 1.3026826793019781,
	"z" : -0.2191342805061165
}
