{
	"pitch" : 1.4936806395208138,
	"roll" : -1.4832338180280222,
	"x" : 0.048039119230956828,
	"y" : -0.043811073481641975,
	"yaw" : 1.3360992130171121,
	"z" : -0.16960352285029509
}
