{
	"pitch" : 1.4549913317941985,
	"roll" : -1.4774047095142888,
	"x" : 0.011101181574372315,
	"y" : -0.2095443161537483,
	"yaw" : 1.3228736077994723,
	"z" : -0.17044883937850641
}
