{
	"pitch" : 1.4694747162498589,
	"roll" : -1.4696189837579994,
	"x" : 0.064618424767265564,
	"y" : -0.049442044941695358,
	"yaw" : 1.3365628142401378,
	"z" : -0.20156914602910411
}
