{
	"pitch" : 1.4791104527001759,
	"roll" : -1.5620025586570572,
	"x" : 0.082102301872063133,
	"y" : -0.00099995938920786551,
	"yaw" : 1.251087710885983,
	"z" : -0.2189336029778603
}
