{
	"pitch" : 1.4701511086473884,
	"roll" : -1.495516080651712,
	"x" : 0.032527739893013385,
	"y" : -0.039110870630625662,
	"yaw" : 1.313116308918971,
	"z" : -0.1709488078760551
}
