{
	"pitch" : 1.4593331211953366,
	"roll" : -1.4141291383745511,
	"x" : 0.021721193990156207,
	"y" : -0.18959078148154457,
	"yaw" : 1.4080954128444658,
	"z" : -0.25203750053210305
}
