{
	"pitch" : 1.4923592915642396,
	"roll" : -1.3796474662707066,
	"x" : 0.12692075184319696,
	"y" : -0.018895158168983461,
	"yaw" : 1.441297009403361,
	"z" : -0.16869683784928202
}
