{
	"pitch" : 1.4959671680771989,
	"roll" : -1.5005898305750147,
	"x" : 0.074989485769234962,
	"y" : -0.016742997383778525,
	"yaw" : 1.3201963367940275,
	"z" : -0.1716643703505773
}
