{
	"pitch" : 1.4762658767564885,
	"roll" : -1.5160886100204727,
	"x" : 0.072900315996430237,
	"y" : -0.027325292001939203,
	"yaw" : 1.294629733662277,
	"z" : -0.17031744786961917
}
