{
	"pitch" : 1.4703228548506648,
	"roll" : -1.623928104831206,
	"x" : 0.029675683063875503,
	"y" : -0.02558093289805257,
	"yaw" : 1.1912920024062859,
	"z" : -0.17008192878491485
}
