{
	"pitch" : 1.4993827434742417,
	"roll" : -1.5376183273444353,
	"x" : 0.089755733898214923,
	"y" : 0.037505310230077679,
	"yaw" : 1.2899095917481793,
	"z" : -0.17094867017993609
}
