{
	"pitch" : 1.478713610609814,
	"roll" : -1.3652918114858783,
	"x" : 0.091601624857158268,
	"y" : -0.060372358366454479,
	"yaw" : 1.4583921095105967,
	"z" : -0.16820656132782924
}
