{
	"pitch" : 1.4650598656802756,
	"roll" : -1.5458431355816007,
	"x" : 0.073650456846848414,
	"y" : -0.024795632508283372,
	"yaw" : 1.2598366933524658,
	"z" : -0.17038342990419783
}
