{
	"pitch" : 1.4847320402945305,
	"roll" : -1.5974776340206591,
	"x" : 0.084394620928697747,
	"y" : 0.0044961769233540765,
	"yaw" : 1.2186922039243955,
	"z" : -0.21747802331368937
}
