{
	"pitch" : 1.4531869671932571,
	"roll" : -1.4280755139253234,
	"x" : -0.011259691799164168,
	"y" : -0.30580639531995857,
	"yaw" : 1.377212239002185,
	"z" : -0.17315813344604755
}
