{
	"pitch" : 1.4963978152409052,
	"roll" : -1.4197940454247588,
	"x" : 0.12426354555173172,
	"y" : 0.0075596408933574361,
	"yaw" : 1.4028731110418096,
	"z" : -0.16909945778300978
}
