{
	"pitch" : 1.5039624174979549,
	"roll" : -1.4912950471610458,
	"x" : 0.107946939267862,
	"y" : 0.029326749110059728,
	"yaw" : 1.3412308936269564,
	"z" : -0.16992907461227388
}
