{
	"pitch" : 1.4865999863585482,
	"roll" : -1.34032154896865,
	"x" : 0.12313688578184066,
	"y" : -0.033981986025196961,
	"yaw" : 1.4840550098497978,
	"z" : -0.16909686109733935
}
