{
	"pitch" : 1.4668881037921855,
	"roll" : -1.4751314014672281,
	"x" : 0.063176333177242791,
	"y" : -0.057754863602117984,
	"yaw" : 1.3323147758022387,
	"z" : -0.18625906565187716
}
