{
	"pitch" : 1.4740574786283938,
	"roll" : -1.4225267307932838,
	"x" : 0.074383657042022627,
	"y" : -0.063265825347322044,
	"yaw" : 1.3968980306042351,
	"z" : -0.1687184738625534
}
