{
	"pitch" : 1.4558526614340945,
	"roll" : -1.3565058676875021,
	"x" : 0.01771236573532671,
	"y" : -0.19915936108551266,
	"yaw" : 1.4550579394285599,
	"z" : -0.26169493345499206
}
