{
	"pitch" : 1.4936905263252986,
	"roll" : -1.4078959728351546,
	"x" : 0.12624447180877668,
	"y" : -1.337468818989572e-05,
	"yaw" : 1.417646894583185,
	"z" : -0.16930804262571383
}
