{
	"pitch" : 1.4715610720006689,
	"roll" : -1.4756226784601882,
	"x" : 0.04349452574522663,
	"y" : -0.11786414994359851,
	"yaw" : 1.335057451302686,
	"z" : -0.17609076408066582
}
