{
	"pitch" : 1.4694235895771672,
	"roll" : -1.4824781410269487,
	"x" : 0.0030564931253437705,
	"y" : -0.23998849595493488,
	"yaw" : 1.3257039719183363,
	"z" : -0.10052132934406684
}
