{
	"pitch" : 1.4480637529024691,
	"roll" : -1.3441663922427272,
	"x" : -0.01443559939327356,
	"y" : -0.29874084344894342,
	"yaw" : 1.4558819254757598,
	"z" : -0.17259281450719291
}
