{
	"pitch" : 1.4841773563173353,
	"roll" : -1.5817225175507652,
	"x" : 0.086181364055027049,
	"y" : 0.015955027768778253,
	"yaw" : 1.2327429678902642,
	"z" : -0.21107995300121232
}
