{
	"pitch" : 1.4487985402237047,
	"roll" : -1.3427302997177804,
	"x" : -0.0138058923175957,
	"y" : -0.29390911730601105,
	"yaw" : 1.4564177437212698,
	"z" : -0.17201958760716615
}
