{
	"pitch" : 1.4697238308947347,
	"roll" : -1.4853054898769709,
	"x" : 0.062111729137372437,
	"y" : -0.059873559813472255,
	"yaw" : 1.3269685333264591,
	"z" : -0.17414917290598134
}
