{
	"pitch" : 1.4654398721867734,
	"roll" : -1.4946521958396053,
	"x" : 0.011376905897849343,
	"y" : -0.21366546879333367,
	"yaw" : 1.3184688352838847,
	"z" : -0.072504236495864627
}
