{
	"pitch" : 1.4976545194314195,
	"roll" : -1.3847318936182043,
	"x" : 0.12402954912583089,
	"y" : 0.0085306329373629215,
	"yaw" : 1.4387017439809695,
	"z" : -0.16937715444221479
}
