{
	"pitch" : 1.4781429222633178,
	"roll" : -1.5800652822990056,
	"x" : 0.031855688175209035,
	"y" : -0.035457931148018221,
	"yaw" : 1.2413406568709278,
	"z" : -0.16999814100959285
}
