{
	"pitch" : 1.5013355845184544,
	"roll" : -1.5083312437584981,
	"x" : 0.11439308850709348,
	"y" : 0.023131284356719645,
	"yaw" : 1.3225437218623695,
	"z" : -0.16960850667346891
}
