{
	"pitch" : 1.4901387900954335,
	"roll" : -1.5195312080439902,
	"x" : 0.060688758653180574,
	"y" : 0.037627532100227873,
	"yaw" : 1.3078266839546804,
	"z" : -0.17114864246470493
}
