{
	"pitch" : 1.4516870643078621,
	"roll" : -1.4089285642997653,
	"x" : -0.0020770640791015205,
	"y" : -0.26074044133540725,
	"yaw" : 1.3948142479096493,
	"z" : -0.17192213293643188
}
