{
	"pitch" : 1.4715164328978594,
	"roll" : -1.5045509951771279,
	"x" : 0.062532750813570182,
	"y" : -0.060068613847384503,
	"yaw" : 1.3112949200100608,
	"z" : -0.17112548497228702
}
