{
	"pitch" : 1.4744261860736592,
	"roll" : -1.5052257486347584,
	"x" : 0.071434424160834994,
	"y" : -0.032432329668115267,
	"yaw" : 1.3043434169150321,
	"z" : -0.16930578474906569
}
