{
	"pitch" : 1.4789223551003019,
	"roll" : -1.6096004058578073,
	"x" : 0.027149282338401109,
	"y" : -0.0071937474892950493,
	"yaw" : 1.2112047644656212,
	"z" : -0.17096729726736445
}
