{
	"pitch" : 1.4820959439439181,
	"roll" : -1.4298502179818102,
	"x" : 0.10499826509894153,
	"y" : -0.054576453184736154,
	"yaw" : 1.3898298974326484,
	"z" : -0.16847186692137286
}
