{
	"pitch" : 1.4698483320038702,
	"roll" : -1.5103580006510151,
	"x" : 0.065754734430998107,
	"y" : -0.061578948878317802,
	"yaw" : 1.2987904838009798,
	"z" : -0.16899043048990811
}
