{
	"pitch" : 1.4887831245985153,
	"roll" : -1.6035709983380526,
	"x" : 0.085227767408062011,
	"y" : 0.013310489433356889,
	"yaw" : 1.2125202994424631,
	"z" : -0.12758428547019415
}
