{
	"pitch" : 1.4491336869739597,
	"roll" : -1.4077515134809853,
	"x" : -0.01691356387842409,
	"y" : -0.30884040225616449,
	"yaw" : 1.3937700650748732,
	"z" : -0.17275751946702514
}
