{
	"pitch" : 1.4832261793259331,
	"roll" : -1.5627280124280321,
	"x" : 0.070065683991672151,
	"y" : -0.029178079982181949,
	"yaw" : 1.2500876714171654,
	"z" : -0.12201966719684926
}
