{
	"pitch" : 1.4636257123211527,
	"roll" : -1.497960570873097,
	"x" : 0.010767048260525755,
	"y" : -0.20769710535920829,
	"yaw" : 1.3066324878261031,
	"z" : -0.073327762469937732
}
