{
	"pitch" : 1.4507947580592468,
	"roll" : -1.3996529762175689,
	"x" : 0.025316388200317147,
	"y" : -0.17246039398073282,
	"yaw" : 1.3990522578255491,
	"z" : -0.16906201293400258
}
