{
	"pitch" : 1.4959514322044756,
	"roll" : -1.5126258654795204,
	"x" : 0.097653601265304826,
	"y" : 0.035240841703325948,
	"yaw" : 1.3177753796318366,
	"z" : -0.17110013397859952
}
