{
	"pitch" : 1.4784366527737705,
	"roll" : -1.6004461735803523,
	"x" : 0.027131460887584134,
	"y" : -0.0058119360422867038,
	"yaw" : 1.220776439226573,
	"z" : -0.1708513195139881
}
