{
	"pitch" : 1.4695474944482028,
	"roll" : -1.5344887373723848,
	"x" : 0.066890512544639513,
	"y" : -0.045796783304471997,
	"yaw" : 1.271825148280552,
	"z" : -0.2059891918440841
}
