{
	"pitch" : 1.4707536135768504,
	"roll" : -1.3849274342536697,
	"x" : 0.090668805510897899,
	"y" : -0.20733848927890233,
	"yaw" : 1.4266035181896062,
	"z" : -0.16865567279737559
}
