{
	"pitch" : 1.4558882133893072,
	"roll" : -1.4261872894080274,
	"x" : 0.013602156872687468,
	"y" : -0.21057045265859026,
	"yaw" : 1.3739567478249639,
	"z" : -0.17027621992397735
}
