{
	"pitch" : 1.4544814538820083,
	"roll" : -1.4702105758072221,
	"x" : 0.026747527939438256,
	"y" : -0.17525674032152572,
	"yaw" : 1.338196571438637,
	"z" : -0.17022685948274666
}
