{
	"pitch" : 1.4694732202210821,
	"roll" : -1.5089511314799124,
	"x" : 0.023353042190503555,
	"y" : -0.17590926296235659,
	"yaw" : 1.3031920975621214,
	"z" : -0.10596180710628565
}
