{
	"pitch" : 1.5002634874203662,
	"roll" : -1.4717693238881866,
	"x" : 0.11633676307961012,
	"y" : 0.020686811572667812,
	"yaw" : 1.3560236034466473,
	"z" : -0.16997358536303278
}
