{
	"pitch" : 1.4810826066577643,
	"roll" : -1.4302006624905783,
	"x" : 0.095337676478249478,
	"y" : -0.059962728585215438,
	"yaw" : 1.3881926866566461,
	"z" : -0.16855860687927163
}
