{
	"pitch" : 1.4721795450607822,
	"roll" : -1.5754897740237983,
	"x" : 0.046693609988244775,
	"y" : -0.051716964818266667,
	"yaw" : 1.243575270487514,
	"z" : -0.16944117916041854
}
