{
	"pitch" : 1.4598648772580562,
	"roll" : -1.5532578608487129,
	"x" : 0.07669727564045839,
	"y" : -0.015570336217249145,
	"yaw" : 1.2519434123258095,
	"z" : -0.17068370937505761
}
