{
	"pitch" : 1.4717639929026844,
	"roll" : -1.585708533658279,
	"x" : 0.046566072301357384,
	"y" : -0.051869993443959039,
	"yaw" : 1.2325758756171314,
	"z" : -0.16930989264532892
}
