{
	"pitch" : 1.4846483611102241,
	"roll" : -1.5293378757217866,
	"x" : 0.074195887618048878,
	"y" : -0.017136384908591346,
	"yaw" : 1.2847912829666179,
	"z" : -0.1192104341463288
}
