{
	"pitch" : 1.4771942102927145,
	"roll" : -1.4907952010935777,
	"x" : 0.074224249148060639,
	"y" : -0.020591273369270479,
	"yaw" : 1.3216899511385294,
	"z" : -0.17000149321053906
}
