{
	"pitch" : 1.4987403355306066,
	"roll" : -1.3797528211744685,
	"x" : 0.10973412149122987,
	"y" : 0.026780152274132153,
	"yaw" : 1.4487457792959755,
	"z" : -0.16985170190995152
}
