{
	"pitch" : 1.4866528081323198,
	"roll" : -1.5600778600689045,
	"x" : 0.076084508229627951,
	"y" : -0.013785722250438693,
	"yaw" : 1.2560346670825575,
	"z" : -0.17005741903463656
}
