{
	"pitch" : 1.4705600637682426,
	"roll" : -1.4481996960879631,
	"x" : 0.077890771193278474,
	"y" : -0.15340331574391181,
	"yaw" : 1.35279232702991,
	"z" : -0.16882662179512734
}
