{
	"pitch" : 1.4815066003964064,
	"roll" : -1.5546182973334313,
	"x" : 0.030417777832268511,
	"y" : 0.010133683494794847,
	"yaw" : 1.2663951606602974,
	"z" : -0.17060683299995494
}
