{
	"pitch" : 1.4868044705296772,
	"roll" : -1.3065055342180947,
	"x" : 0.12114283568314084,
	"y" : -0.035885826801810378,
	"yaw" : 1.5114740814910177,
	"z" : -0.16806299034417851
}
