{
	"pitch" : 1.4529484921599125,
	"roll" : -1.3811244340950626,
	"x" : -0.012749438695018017,
	"y" : -0.27930099615565063,
	"yaw" : 1.4306227870437715,
	"z" : -0.17221054223547594
}
