{
	"pitch" : 1.4774697166564017,
	"roll" : -1.5012528547054429,
	"x" : 0.077622511349512077,
	"y" : -0.013444195876629138,
	"yaw" : 1.2960135283517871,
	"z" : -0.17050402179012891
}
