{
	"pitch" : 1.4716327486390515,
	"roll" : -1.4672229344652781,
	"x" : 0.061239772887628621,
	"y" : -0.066546449430528704,
	"yaw" : 1.3373262085586246,
	"z" : -0.16933858952516342
}
