{
	"pitch" : 1.4739047533523386,
	"roll" : -1.4417413374857491,
	"x" : 0.061003027571538027,
	"y" : -0.058870026496618544,
	"yaw" : 1.374143399365336,
	"z" : -0.15444051206150067
}
