{
	"pitch" : 1.4812238593755176,
	"roll" : -1.4888274684445544,
	"x" : -0.022239420477989574,
	"y" : -0.11566866281197556,
	"yaw" : 1.331291594634689,
	"z" : -0.17064469833110468
}
