{
	"pitch" : 1.4703653093044797,
	"roll" : -1.5501380665644482,
	"x" : 0.062337438257631814,
	"y" : -0.060054788301548791,
	"yaw" : 1.2628362707903571,
	"z" : -0.16957966972730257
}
