{
	"pitch" : 1.4562181151840059,
	"roll" : -1.4375611172147085,
	"x" : -0.015745711486632646,
	"y" : -0.30500550814089911,
	"yaw" : 1.3692273258938736,
	"z" : -0.16799909643578478
}
