{
	"pitch" : 1.4961020617397922,
	"roll" : -1.3349384313356043,
	"x" : 0.12576683880864792,
	"y" : -0.00076800669403267671,
	"yaw" : 1.4867231683757958,
	"z" : -0.16906219806600759
}
