{
	"pitch" : 1.4897080322526888,
	"roll" : -1.3350052497843672,
	"x" : 0.12595261849054323,
	"y" : -0.023035760345412812,
	"yaw" : 1.4886222998983953,
	"z" : -0.16904986573743785
}
