{
	"pitch" : 1.4638327986606536,
	"roll" : -1.3247773254330129,
	"x" : 0.085347181786639942,
	"y" : -0.25683663688578856,
	"yaw" : 1.4864589048749774,
	"z" : -0.16877138740799971
}
