{
	"pitch" : 1.4611366470952898,
	"roll" : -1.4023835447097299,
	"x" : 0.020511662866199619,
	"y" : -0.19210655054832426,
	"yaw" : 1.4157472544887053,
	"z" : -0.25544627084220806
}
