{
	"pitch" : 1.4597820009887148,
	"roll" : -1.4177411498983747,
	"x" : 0.047541297401836782,
	"y" : -0.10062316611959599,
	"yaw" : 1.3840379209229146,
	"z" : -0.16903054375389776
}
