{
	"pitch" : 1.4541541967180971,
	"roll" : -1.4304682331195702,
	"x" : 0.01575839830029914,
	"y" : -0.20258030461948454,
	"yaw" : 1.3692160890648684,
	"z" : -0.17054785804548342
}
