{
	"pitch" : 1.4785981815804143,
	"roll" : -1.6238814219479254,
	"x" : 0.031656471556961274,
	"y" : 0.012156951498801033,
	"yaw" : 1.1943115894429452,
	"z" : -0.17018900668023945
}
