{
	"pitch" : 1.4674452310354216,
	"roll" : -1.5488703365774195,
	"x" : 0.065378288140406596,
	"y" : -0.053293872286687721,
	"yaw" : 1.2592161989068775,
	"z" : -0.19644130924506553
}
