{
	"pitch" : 1.4558174194485345,
	"roll" : -1.4244100555735921,
	"x" : 0.013226875963232812,
	"y" : -0.20840951188954382,
	"yaw" : 1.3752026031917921,
	"z" : -0.17032433075595907
}
