{
	"pitch" : 1.4904421144457178,
	"roll" : -1.582274275736361,
	"x" : 0.086442221691396967,
	"y" : 0.015151699766375178,
	"yaw" : 1.234278294578937,
	"z" : -0.12901013387524904
}
