{
	"pitch" : 1.4862539403930328,
	"roll" : -1.5927155383159599,
	"x" : 0.087934880485137812,
	"y" : 0.018178605079974756,
	"yaw" : 1.2236561263483534,
	"z" : -0.20950068497214347
}
