{
	"pitch" : 1.4723682115951358,
	"roll" : -1.656074202850192,
	"x" : 0.027738904674032339,
	"y" : -0.020528748130490042,
	"yaw" : 1.1574481208876,
	"z" : -0.17063049962154164
}
