{
	"pitch" : 1.4607823430147109,
	"roll" : -1.2992983315250159,
	"x" : 0.11199591618095879,
	"y" : -0.24045417380334438,
	"yaw" : 1.5098290632606663,
	"z" : -0.16792834055655118
}
