{
	"pitch" : 1.49304975438101,
	"roll" : -1.3808062654489974,
	"x" : 0.1239688048203125,
	"y" : 0.0057226359647792237,
	"yaw" : 1.4447199823034613,
	"z" : -0.16920623442439403
}
