{
	"pitch" : 1.4781946110666899,
	"roll" : -1.483549532986737,
	"x" : 0.068965625625959995,
	"y" : -0.1583454942196848,
	"yaw" : 1.3268245382727906,
	"z" : -0.16914238123401545
}
