{
	"pitch" : 1.4686826012991023,
	"roll" : -1.4824108554515154,
	"x" : 0.0023751779948988638,
	"y" : -0.24080978905649539,
	"yaw" : 1.3263497222356313,
	"z" : -0.10142332187956847
}
