{
	"pitch" : 1.4912721643741578,
	"roll" : -1.528275954331386,
	"x" : 0.074517530941558649,
	"y" : -0.014689078503824827,
	"yaw" : 1.2901692345630176,
	"z" : -0.17047941918254284
}
