{
	"pitch" : 1.4526808937779057,
	"roll" : -1.4117934039971904,
	"x" : 0.027292782937151455,
	"y" : -0.16446798062369508,
	"yaw" : 1.3894988130411774,
	"z" : -0.16888594102174714
}
