{
	"pitch" : 1.4736336207254026,
	"roll" : -1.4851966453191845,
	"x" : 0.060915681709701602,
	"y" : -0.061774640828398661,
	"yaw" : 1.3267974509023361,
	"z" : -0.1669387623655515
}
