{
	"pitch" : 1.4863348421857518,
	"roll" : -1.5404764508644639,
	"x" : 0.077112871148751899,
	"y" : -0.011777940875668833,
	"yaw" : 1.274884075310837,
	"z" : -0.11914989274512663
}
