{
	"pitch" : 1.4905618250290971,
	"roll" : -1.5646095528668276,
	"x" : 0.077195878715665037,
	"y" : -0.01229645666907715,
	"yaw" : 1.2486949818990916,
	"z" : -0.17021522031908243
}
