{
	"pitch" : 1.4977552258386757,
	"roll" : -1.4296760474039691,
	"x" : 0.10458431458950941,
	"y" : 0.031257935863386627,
	"yaw" : 1.3977702853685767,
	"z" : -0.17045362314354434
}
