{
	"pitch" : 1.4748788219879403,
	"roll" : -1.3164291718610572,
	"x" : 0.020053179977900119,
	"y" : -0.19263789842985141,
	"yaw" : 1.4957957856744992,
	"z" : -0.26091808488000212
}
