{
	"pitch" : 1.479946700683473,
	"roll" : -1.3840870906979685,
	"x" : 0.082824944466014169,
	"y" : -0.062837704456486024,
	"yaw" : 1.4435826689756388,
	"z" : -0.16846210414706159
}
