{
	"pitch" : 1.4752652457650983,
	"roll" : -1.4922640815442507,
	"x" : 0.06130520594270477,
	"y" : -0.060940688004135074,
	"yaw" : 1.321871585001674,
	"z" : -0.16200493417417944
}
