{
	"pitch" : 1.4911321152865467,
	"roll" : -1.5021351028704917,
	"x" : 0.058372742769215683,
	"y" : -0.031911842152924891,
	"yaw" : 1.3165560253552495,
	"z" : -0.17004028048726569
}
