{
	"pitch" : 1.4880757537022045,
	"roll" : -1.616999863700038,
	"x" : 0.056907990922961352,
	"y" : 0.035129825026585591,
	"yaw" : 1.2087918295681725,
	"z" : -0.17121380170465708
}
