{
	"pitch" : 1.496101967525499,
	"roll" : -1.3591277932345012,
	"x" : 0.12134032707724136,
	"y" : 0.012363714172049407,
	"yaw" : 1.4658682858724641,
	"z" : -0.1690458789939579
}
