{
	"pitch" : 1.471861034979062,
	"roll" : -1.5467556579260973,
	"x" : 0.068653610366004661,
	"y" : -0.04049129447811127,
	"yaw" : 1.2606634489857134,
	"z" : -0.2105090357678015
}
