{
	"pitch" : 1.4607979259754178,
	"roll" : -1.5088471527057448,
	"x" : 0.012494898188759776,
	"y" : -0.21144127128329776,
	"yaw" : 1.3007400776522031,
	"z" : -0.070575515746528095
}
