{
	"pitch" : 1.4885516002429608,
	"roll" : -1.5498397073453691,
	"x" : 0.026594629225509883,
	"y" : -0.066586304608235433,
	"yaw" : 1.277073925081603,
	"z" : -0.16909270674762664
}
