{
	"pitch" : 1.4915136816712036,
	"roll" : -1.5537548419401319,
	"x" : 0.070244349960413011,
	"y" : 0.039509911237876394,
	"yaw" : 1.2749648837529532,
	"z" : -0.1712497867700086
}
