{
	"pitch" : 1.4913453030043631,
	"roll" : -1.5737891570068934,
	"x" : 0.079712472423077579,
	"y" : 0.039773641506366246,
	"yaw" : 1.2558264283904548,
	"z" : -0.17094944299946152
}
