{
	"pitch" : 1.4967708222797456,
	"roll" : -1.5297222975453435,
	"x" : 0.091986012712262644,
	"y" : 0.036433437877318592,
	"yaw" : 1.2921323288897417,
	"z" : -0.16994427986683858
}
