{
	"pitch" : 1.451949961492581,
	"roll" : -1.3899711065169194,
	"x" : 0.022225886900970229,
	"y" : -0.17975179780010364,
	"yaw" : 1.4093489138472093,
	"z" : -0.16874777984263831
}
