{
	"pitch" : 1.4658408836094019,
	"roll" : -1.509052485906182,
	"x" : 0.01460626636810565,
	"y" : -0.20031873810396461,
	"yaw" : 1.2996098964053673,
	"z" : -0.081440267209706499
}
