{
	"pitch" : 1.4918117053773132,
	"roll" : -1.5560787968802228,
	"x" : 0.076762670930432583,
	"y" : -0.013152450218913181,
	"yaw" : 1.2614402789413024,
	"z" : -0.17026171508035104
}
