{
	"pitch" : 1.4512229211177547,
	"roll" : -1.4122736047597977,
	"x" : 0.0053031777148974113,
	"y" : -0.23663425710076952,
	"yaw" : 1.3884940315294987,
	"z" : -0.17048856730472806
}
