{
	"pitch" : 1.4891765465297853,
	"roll" : -1.5619964215734325,
	"x" : 0.053622877336253823,
	"y" : 0.033783096217558921,
	"yaw" : 1.2690747607216928,
	"z" : -0.17126809380385888
}
