{
	"pitch" : 1.4798352577456926,
	"roll" : -1.5885471920051659,
	"x" : 0.030351037061114527,
	"y" : 0.0079632857989885373,
	"yaw" : 1.234119606500018,
	"z" : -0.17096197987278394
}
