{
	"pitch" : 1.4782062355925756,
	"roll" : -1.6051228672985096,
	"x" : 0.026267418269743263,
	"y" : -0.0094895097408765807,
	"yaw" : 1.2154546028193924,
	"z" : -0.17067874117532678
}
