{
	"pitch" : 1.4716060905526909,
	"roll" : -1.5479237014337248,
	"x" : 0.049751658174007271,
	"y" : -0.053726312222800429,
	"yaw" : 1.269126102538594,
	"z" : -0.16928146061539259
}
