{
	"pitch" : 1.4471148526933695,
	"roll" : -1.4147764081707637,
	"x" : -0.015117326490653643,
	"y" : -0.30854652313237457,
	"yaw" : 1.3875760400183235,
	"z" : -0.17355950248202509
}
