{
	"pitch" : 1.4837834740194888,
	"roll" : -1.6338049289584362,
	"x" : 0.042792233462037317,
	"y" : 0.026423993944812166,
	"yaw" : 1.1869228658192177,
	"z" : -0.17157336067450746
}
