{
	"pitch" : 1.4590399168901951,
	"roll" : -1.5796218288443264,
	"x" : -0.083639173726267668,
	"y" : -0.17979289881746799,
	"yaw" : 1.2296643711609305,
	"z" : -0.17377111116910887
}
