{
	"pitch" : 1.4711961792121573,
	"roll" : -1.4995175463018244,
	"x" : 0.062610280276981678,
	"y" : -0.060239276487160764,
	"yaw" : 1.318114981280833,
	"z" : -0.17025873999068533
}
