{
	"pitch" : 1.4890716901182457,
	"roll" : -1.5515672815838919,
	"x" : 0.078789882242154469,
	"y" : -0.0051944143548069335,
	"yaw" : 1.2614698577584531,
	"z" : -0.1188705392197817
}
