{
	"pitch" : 1.4661779908734065,
	"roll" : -1.4373025566526882,
	"x" : 0.039194105883483266,
	"y" : -0.12864637618954888,
	"yaw" : 1.3749375173961729,
	"z" : -0.18772021118241419
}
