{
	"pitch" : 1.474529116623891,
	"roll" : -1.4198858908204834,
	"x" : 0.074757644898542017,
	"y" : -0.063301036819219572,
	"yaw" : 1.3991849149538909,
	"z" : -0.16864130794054516
}
