{
	"pitch" : 1.4728297850191168,
	"roll" : -1.4608214228254006,
	"x" : 0.059089065288344372,
	"y" : -0.058560463562872755,
	"yaw" : 1.3578568788543341,
	"z" : -0.16875867839668363
}
