{
	"pitch" : 1.4714346330855095,
	"roll" : -1.5059621745691989,
	"x" : 0.065745154655619642,
	"y" : -0.048468114149815396,
	"yaw" : 1.2990626371933287,
	"z" : -0.16926190944205358
}
