{
	"pitch" : 1.482361239436462,
	"roll" : -1.3645684174249892,
	"x" : 0.11386192136326551,
	"y" : -0.046646224892134255,
	"yaw" : 1.4578468189107083,
	"z" : -0.16807734435358729
}
