{
	"pitch" : 1.4640308426799917,
	"roll" : -1.4308626146808929,
	"x" : -0.0101093540480027,
	"y" : -0.09418225403320607,
	"yaw" : 1.3884075683683874,
	"z" : -0.17264307949716265
}
