{
	"pitch" : 1.4897168701731021,
	"roll" : -1.5830556740058115,
	"x" : 0.064260476982634041,
	"y" : 0.038077172386399703,
	"yaw" : 1.254040545069246,
	"z" : -0.17194885412596375
}
