{
	"pitch" : 1.484206616522894,
	"roll" : -1.3827100616746737,
	"x" : 0.11086136313409292,
	"y" : -0.049936830349127825,
	"yaw" : 1.4360840882075814,
	"z" : -0.16837545309811919
}
