{
	"pitch" : 1.4664344398497331,
	"roll" : -1.4708905799765442,
	"x" : 0.048935845952959162,
	"y" : -0.055133800725044063,
	"yaw" : 1.3400550673042881,
	"z" : -0.169387534177939
}
