{
	"pitch" : 1.4564483089072457,
	"roll" : -1.4600040030692387,
	"x" : -0.043812349085316893,
	"y" : -0.26888414552715861,
	"yaw" : 1.352449426117925,
	"z" : -0.17373724978687571
}
