{
	"pitch" : 1.4694839024059452,
	"roll" : -1.5190163060399897,
	"x" : 0.063971924796318025,
	"y" : -0.06158722153841234,
	"yaw" : 1.2871165944238701,
	"z" : -0.16919529808259212
}
