{
	"pitch" : 1.4536461814477233,
	"roll" : -1.4643184876777529,
	"x" : 0.025192623604979092,
	"y" : -0.17751903549130482,
	"yaw" : 1.3420791087059309,
	"z" : -0.17021681157009286
}
