{
	"pitch" : 1.4572974940912715,
	"roll" : -1.3643718265068072,
	"x" : 0.071391757926376906,
	"y" : -0.27101541171462973,
	"yaw" : 1.4432165759388109,
	"z" : -0.16971553284633412
}
