{
	"pitch" : 1.4497170273373288,
	"roll" : -1.4182454219991645,
	"x" : -0.01694953932977547,
	"y" : -0.30871211888269956,
	"yaw" : 1.3837670365313299,
	"z" : -0.17287508079183178
}
