{
	"pitch" : 1.4721215894785207,
	"roll" : -1.38332372843655,
	"x" : 0.071758714447511696,
	"y" : -0.063090601729433454,
	"yaw" : 1.4352963118381508,
	"z" : -0.16885288463894932
}
