{
	"pitch" : 1.4992813590584728,
	"roll" : -1.5177534926452565,
	"x" : 0.090888574540370248,
	"y" : 0.037157588834434124,
	"yaw" : 1.3092814235372872,
	"z" : -0.17065135059900269
}
