{
	"pitch" : 1.4647834905126103,
	"roll" : -1.3914475831894353,
	"x" : 0.026481247851044332,
	"y" : -0.17187229508805549,
	"yaw" : 1.424834594555564,
	"z" : -0.23236254447017102
}
