{
	"pitch" : 1.4794105006178579,
	"roll" : -1.5486824852758965,
	"x" : 0.044355185788270392,
	"y" : -0.11575530377130826,
	"yaw" : 1.2720230992878065,
	"z" : -0.16605732967736175
}
