{
	"pitch" : 1.4824937449002527,
	"roll" : -1.5795038212726642,
	"x" : 0.071491441383136997,
	"y" : -0.030522684564671713,
	"yaw" : 1.2330674665442118,
	"z" : -0.12331419768484408
}
