{
	"pitch" : 1.4708215805026634,
	"roll" : -1.5004573199733005,
	"x" : 0.062296701859548116,
	"y" : -0.059832190960090764,
	"yaw" : 1.3126593576289303,
	"z" : -0.1723494702753153
}
