{
	"pitch" : 1.450728556646496,
	"roll" : -1.462998014573947,
	"x" : 0.036008012144776641,
	"y" : -0.14227437809329851,
	"yaw" : 1.3339682151871333,
	"z" : -0.16926749973793714
}
