{
	"pitch" : 1.4876115988232164,
	"roll" : -1.5178548085580581,
	"x" : 0.080052558815197322,
	"y" : -0.0029676311275926345,
	"yaw" : 1.2957985965473922,
	"z" : -0.1192496515838483
}
