{
	"pitch" : 1.4809631405147508,
	"roll" : -1.5046115078597564,
	"x" : 0.080499613605034173,
	"y" : -0.0063105149195710145,
	"yaw" : 1.3072240191731395,
	"z" : -0.21979548758089906
}
