{
	"pitch" : 1.4957235158542643,
	"roll" : -1.5651240258471142,
	"x" : 0.092657961839058792,
	"y" : 0.035257897515869281,
	"yaw" : 1.2554643875899143,
	"z" : -0.18039114217706545
}
