{
	"pitch" : 1.4756569084528817,
	"roll" : -1.5266136703908328,
	"x" : 0.072402928586656243,
	"y" : -0.029480402549725108,
	"yaw" : 1.2806754568562038,
	"z" : -0.21679092697506061
}
