{
	"pitch" : 1.4760466741310274,
	"roll" : -1.5448402418204581,
	"x" : 0.068425254381733663,
	"y" : -0.039720030998409483,
	"yaw" : 1.2644198861420326,
	"z" : -0.17031508278542259
}
