{
	"pitch" : 1.4935056586601139,
	"roll" : -1.4978809884981055,
	"x" : 0.065757551257376423,
	"y" : -0.042981383787938546,
	"yaw" : 1.3143094802828117,
	"z" : -0.18531725846212491
}
