{
	"pitch" : 1.4497136248744009,
	"roll" : -1.3448999215028603,
	"x" : -0.013554062945226625,
	"y" : -0.29303764164535023,
	"yaw" : 1.4557704793569599,
	"z" : -0.17194468659821263
}
