{
	"pitch" : 1.4509448503291602,
	"roll" : -1.32804346308632,
	"x" : 0.062106549918353959,
	"y" : -0.30116427957919978,
	"yaw" : 1.4773362846453706,
	"z" : -0.17025796091355019
}
