{
	"pitch" : 1.4915882790584309,
	"roll" : -1.4882628172829013,
	"x" : 0.071113918347157787,
	"y" : -0.018363488940087696,
	"yaw" : 1.3289474949946969,
	"z" : -0.16996172919883082
}
