{
	"pitch" : 1.4699665237191821,
	"roll" : -1.5210307692765663,
	"x" : 0.068144732100931402,
	"y" : -0.044180411984202958,
	"yaw" : 1.2853479630749285,
	"z" : -0.20886841473603524
}
