{
	"pitch" : 1.4908520482061409,
	"roll" : -1.5525837760476753,
	"x" : 0.091433574818437974,
	"y" : 0.03168568630266675,
	"yaw" : 1.2645621035399743,
	"z" : -0.19074437941635811
}
