{
	"pitch" : 1.4793312364952131,
	"roll" : -1.5932629752459275,
	"x" : 0.050754363405971691,
	"y" : -0.12231140637321491,
	"yaw" : 1.2174555197077273,
	"z" : -0.16970166228646377
}
