{
	"pitch" : 1.4785705217859351,
	"roll" : -1.6949416667708084,
	"x" : 0.028789222170820847,
	"y" : 0.0017801262288235954,
	"yaw" : 1.1245746646722643,
	"z" : -0.17103531191865656
}
