{
	"pitch" : 1.4544195478520259,
	"roll" : -1.436580882308677,
	"x" : 0.012719700060705455,
	"y" : -0.21252141354903847,
	"yaw" : 1.3616392765927998,
	"z" : -0.17027918081636156
}
