{
	"pitch" : 1.4928484174406638,
	"roll" : -1.6387938121731067,
	"x" : 0.092898204219211758,
	"y" : 0.035013058097650186,
	"yaw" : 1.18374231089916,
	"z" : -0.16153889965265181
}
