{
	"pitch" : 1.4841098432551618,
	"roll" : -1.556648659818084,
	"x" : 0.077127272589344431,
	"y" : -0.012275525172003371,
	"yaw" : 1.2615785001075177,
	"z" : -0.16962474942749195
}
