{
	"pitch" : 1.4576695470898708,
	"roll" : -1.4557712511863279,
	"x" : -0.054178073047036965,
	"y" : -0.2651663520634715,
	"yaw" : 1.3551695399112555,
	"z" : -0.17377160879392328
}
