{
	"pitch" : 1.4963111400460753,
	"roll" : -1.330153789302664,
	"x" : 0.12517534721644483,
	"y" : -0.00088095869525195089,
	"yaw" : 1.4914015767102025,
	"z" : -0.16866108792535472
}
