{
	"pitch" : 1.4986996676859483,
	"roll" : -1.5070958364843672,
	"x" : 0.09155937493492225,
	"y" : 0.036940553055016229,
	"yaw" : 1.3195843877373334,
	"z" : -0.17045155956737643
}
