{
	"pitch" : 1.4885331225945149,
	"roll" : -1.5271454503215236,
	"x" : 0.07596078577655202,
	"y" : -0.012886894668654567,
	"yaw" : 1.2899935618111373,
	"z" : -0.16987274868771157
}
