{
	"pitch" : 1.4732102159752025,
	"roll" : -1.567859349549813,
	"x" : -0.037571328164644077,
	"y" : -0.13220898512511944,
	"yaw" : 1.2527059223374859,
	"z" : -0.1717126371484709
}
