{
	"pitch" : 1.5562590270038721,
	"roll" : -0.26556802031061083,
	"x" : 0.097506550310039325,
	"y" : -0.18287043869115321,
	"yaw" : 2.4942917017446207,
	"z" : -0.16697468744106247
}
