{
	"pitch" : 1.4932747148737264,
	"roll" : -1.523792038044945,
	"x" : 0.080619522554990733,
	"y" : 0.0043446890568995568,
	"yaw" : 1.289952194530479,
	"z" : -0.12190848020321568
}
