{
	"pitch" : 1.4708313163896314,
	"roll" : -1.3964520520876436,
	"x" : 0.091319720156855202,
	"y" : -0.20598862303319618,
	"yaw" : 1.4156416795637738,
	"z" : -0.1688442148143986
}
