{
	"pitch" : 1.4707256410119811,
	"roll" : -1.4713657124413027,
	"x" : 0.0035203757372894995,
	"y" : -0.23899761487875731,
	"yaw" : 1.3383546594078883,
	"z" : -0.099326073700235551
}
