{
	"pitch" : 1.4678803483915912,
	"roll" : -1.5490952728150587,
	"x" : 0.065002049438194098,
	"y" : -0.054804746993797893,
	"yaw" : 1.2574650208660705,
	"z" : -0.19324863883199483
}
