{
	"pitch" : 1.4803461098531223,
	"roll" : -1.5729278047131754,
	"x" : 0.030310813506420439,
	"y" : 0.0081107932215995215,
	"yaw" : 1.2492885077096263,
	"z" : -0.17094118741258008
}
