{
	"pitch" : 1.4521680898242255,
	"roll" : -1.4264001395910444,
	"x" : 0.014365677824933816,
	"y" : -0.20458923853953709,
	"yaw" : 1.3776963038316732,
	"z" : -0.17026019514617929
}
