{
	"pitch" : 1.4537652186054177,
	"roll" : -1.4166174457455389,
	"x" : 0.014241601343100894,
	"y" : -0.2079098290929606,
	"yaw" : 1.3849338742104795,
	"z" : -0.17064056647725964
}
