{
	"pitch" : 1.4792507217693216,
	"roll" : -1.6592403144883838,
	"x" : 0.02922999544663181,
	"y" : 0.0037496584195299953,
	"yaw" : 1.1614892308291251,
	"z" : -0.17050319358276958
}
