{
	"pitch" : 1.4813986428411414,
	"roll" : -1.6135380432941731,
	"x" : 0.027430310957759566,
	"y" : -0.0012640651913551279,
	"yaw" : 1.2075248001092582,
	"z" : -0.17065173736188968
}
