{
	"pitch" : 1.470356074038252,
	"roll" : -1.4857888594432147,
	"x" : 0.060475942538919018,
	"y" : -0.061978056541005598,
	"yaw" : 1.3236284919474999,
	"z" : -0.16942144454053226
}
