{
	"pitch" : 1.4745399379755524,
	"roll" : -1.4848634982376703,
	"x" : 0.063193042174822439,
	"y" : -0.055084891737310612,
	"yaw" : 1.3278160541402881,
	"z" : -0.14436495030988009
}
