{
	"pitch" : 1.5004191558808022,
	"roll" : -1.4558365792983414,
	"x" : 0.11146100038763317,
	"y" : 0.025978476644049585,
	"yaw" : 1.372901512351546,
	"z" : -0.16976407580709948
}
