{
	"pitch" : 1.4614199136710051,
	"roll" : -1.3502926179248373,
	"x" : 0.023774018995332859,
	"y" : -0.18195495777671378,
	"yaw" : 1.4692736850445314,
	"z" : -0.24297266789877842
}
