{
	"pitch" : 1.4779238176450828,
	"roll" : -1.6995054088609813,
	"x" : 0.02921917374335771,
	"y" : 0.00309308418795993,
	"yaw" : 1.1207279202927569,
	"z" : -0.17112817955318857
}
