{
	"pitch" : 1.4709700891979489,
	"roll" : -1.6560709613191411,
	"x" : 0.026722556118319994,
	"y" : -0.01399517250002468,
	"yaw" : 1.1596492268003293,
	"z" : -0.17154243341964592
}
