{
	"pitch" : 1.4850977663758809,
	"roll" : -1.3175000490904425,
	"x" : 0.12109255220397186,
	"y" : -0.036033003227204381,
	"yaw" : 1.5051829486447472,
	"z" : -0.16848529675034929
}
