{
	"pitch" : 1.4761313601501858,
	"roll" : -1.5905432751263775,
	"x" : 0.031899048232014754,
	"y" : -0.035313078994554929,
	"yaw" : 1.2303718792023652,
	"z" : -0.16995472394226804
}
