{
	"pitch" : 1.4481576918191803,
	"roll" : -1.4127881877334763,
	"x" : -0.016539942823980344,
	"y" : -0.30905535396452216,
	"yaw" : 1.3885974728728026,
	"z" : -0.17313070371312766
}
