{
	"pitch" : 1.4730182840354755,
	"roll" : -1.6455487109547846,
	"x" : 0.027390154942082176,
	"y" : -0.018852729434958977,
	"yaw" : 1.1675567179221846,
	"z" : -0.1707945826487198
}
