{
	"pitch" : 1.4835322899454828,
	"roll" : -1.5828026671252173,
	"x" : 0.084667390191189379,
	"y" : 0.0058631690218925274,
	"yaw" : 1.2337564449612972,
	"z" : -0.21685980703708557
}
