{
	"pitch" : 1.495249505734539,
	"roll" : -1.4722440024816574,
	"x" : 0.089875768396834158,
	"y" : 0.038071343365348585,
	"yaw" : 1.3618938435326069,
	"z" : -0.17088477779868019
}
