{
	"pitch" : 1.4963438807484439,
	"roll" : -1.5045959091765386,
	"x" : 0.074985334120030875,
	"y" : -0.016391606731091996,
	"yaw" : 1.3160957694153443,
	"z" : -0.17152862483025808
}
