{
	"pitch" : 1.4459503141144852,
	"roll" : -1.4420227918353095,
	"x" : -0.016329194731287633,
	"y" : -0.30959467021568277,
	"yaw" : 1.3590578776088971,
	"z" : -0.17358269349585015
}
