{
	"pitch" : 1.4755208004315656,
	"roll" : -1.512474318561247,
	"x" : 0.062315238694664592,
	"y" : -0.05918334988059222,
	"yaw" : 1.3072525710332612,
	"z" : -0.16873599401611919
}
