{
	"pitch" : 1.4912842947296017,
	"roll" : -1.5089095541217599,
	"x" : 0.069884297569768633,
	"y" : -0.018825181073242228,
	"yaw" : 1.3077089903800421,
	"z" : -0.1700022072681161
}
