{
	"pitch" : 1.4732535518537788,
	"roll" : -1.4722251812581513,
	"x" : 0.062153395955019224,
	"y" : -0.059064979428479707,
	"yaw" : 1.3467186496264161,
	"z" : -0.16892082171944908
}
