{
	"pitch" : 1.4980714265566633,
	"roll" : -1.535106468121558,
	"x" : 0.088004628611085961,
	"y" : 0.038524791797166988,
	"yaw" : 1.2993799593071158,
	"z" : -0.17107937644877771
}
