{
	"pitch" : 1.4793917799458485,
	"roll" : -1.4509715909615293,
	"x" : 0.0905526259191759,
	"y" : -0.06140229254860171,
	"yaw" : 1.3652223433063233,
	"z" : -0.16895499544222756
}
