{
	"pitch" : 1.4798057096857802,
	"roll" : -1.5248915800410849,
	"x" : 0.044295583994491954,
	"y" : -0.11504851976139721,
	"yaw" : 1.2959352433879128,
	"z" : -0.16669218072219202
}
