{
	"pitch" : 1.4963041338489742,
	"roll" : -1.3329310404430326,
	"x" : 0.1251135353556746,
	"y" : -0.00088729183485142422,
	"yaw" : 1.4885896702904571,
	"z" : -0.16860407165589261
}
