{
	"pitch" : 1.4560275944535346,
	"roll" : -1.4304235992451642,
	"x" : 0.013584013967154286,
	"y" : -0.20855885093904511,
	"yaw" : 1.369127781215097,
	"z" : -0.17051858843610906
}
