{
	"pitch" : 1.4574997310510303,
	"roll" : -1.3398023404151791,
	"x" : 0.014492067098143199,
	"y" : -0.20893541344394823,
	"yaw" : 1.4726243644369081,
	"z" : -0.27100934921060388
}
