{
	"pitch" : 1.480005627953682,
	"roll" : -1.6072488152791955,
	"x" : 0.027124515082540449,
	"y" : -0.0050449686223046145,
	"yaw" : 1.2141012596321725,
	"z" : -0.17083939251454153
}
