{
	"pitch" : 1.4949033169107049,
	"roll" : -1.5162803630649642,
	"x" : 0.076304031060556943,
	"y" : -0.013646894203723132,
	"yaw" : 1.3022649408738507,
	"z" : -0.17016291602647032
}
