{
	"pitch" : 1.4713024028715171,
	"roll" : -1.6643088780393263,
	"x" : 0.026863582311110315,
	"y" : -0.013963026367225555,
	"yaw" : 1.1518445575971901,
	"z" : -0.17152631648585875
}
