{
	"pitch" : 1.4538393661174445,
	"roll" : -1.4866035818821541,
	"x" : 0.013353240620330567,
	"y" : -0.20892031409429196,
	"yaw" : 1.3144807276959247,
	"z" : -0.17052757195762569
}
