{
	"pitch" : 1.4566100320671984,
	"roll" : -1.5943463200519643,
	"x" : -0.082748815726910507,
	"y" : -0.17907615923077508,
	"yaw" : 1.2178409057009578,
	"z" : -0.17361307100177917
}
