{
	"pitch" : 1.491687441220144,
	"roll" : -1.5266921739390731,
	"x" : 0.092268059376584305,
	"y" : 0.033951753443878213,
	"yaw" : 1.2937351675546918,
	"z" : -0.18647959811934695
}
