{
	"pitch" : 1.4723816576082434,
	"roll" : -1.5723177069554335,
	"x" : 0.046502260454756125,
	"y" : -0.051654327337535583,
	"yaw" : 1.2467986981754067,
	"z" : -0.16940602792232537
}
