{
	"pitch" : 1.4629455295272324,
	"roll" : -1.3730302051692489,
	"x" : 0.10593261484617722,
	"y" : -0.22617113592668547,
	"yaw" : 1.4347402946612819,
	"z" : -0.16915957741527088
}
