{
	"pitch" : 1.4710600902348403,
	"roll" : -1.4813268447952024,
	"x" : 0.060358511687028951,
	"y" : -0.06193101640439326,
	"yaw" : 1.3285372577420127,
	"z" : -0.16924254592240071
}
