{
	"pitch" : 1.4808321021528721,
	"roll" : -1.362532386464961,
	"x" : 0.024707914519814647,
	"y" : -0.17848515045206259,
	"yaw" : 1.4493387951942396,
	"z" : -0.25395994442861985
}
