{
	"pitch" : 1.4540794035406637,
	"roll" : -1.4161389197898662,
	"x" : 0.01412258984290498,
	"y" : -0.20645920189249942,
	"yaw" : 1.385496455817852,
	"z" : -0.17046950090554056
}
