{
	"pitch" : 1.481573005858994,
	"roll" : -1.4164004491678313,
	"x" : 0.029199472730787719,
	"y" : -0.16010881490105253,
	"yaw" : 1.3941602719376893,
	"z" : -0.24495378394857509
}
