{
	"pitch" : 1.4820332588363074,
	"roll" : -1.6028219623768716,
	"x" : 0.052522828678775627,
	"y" : 0.033014702467813892,
	"yaw" : 1.2228142100906085,
	"z" : -0.17151939016209544
}
