{
	"pitch" : 1.4914208053968077,
	"roll" : -1.5470503342597515,
	"x" : 0.065842025839939727,
	"y" : -0.025688782633157773,
	"yaw" : 1.2722097732090805,
	"z" : -0.17046847906520304
}
