{
	"pitch" : 1.4707499156691899,
	"roll" : -1.4765485943670231,
	"x" : 0.052348079872247294,
	"y" : -0.055751588574804986,
	"yaw" : 1.3404562837139382,
	"z" : -0.16883272077304401
}
