{
	"pitch" : 1.4864057557839745,
	"roll" : -1.5490494116551499,
	"x" : 0.073725003739276221,
	"y" : -0.021465206643601697,
	"yaw" : 1.2643369596545253,
	"z" : -0.11998765492635685
}
