{
	"pitch" : 1.4744911183305744,
	"roll" : -1.4492406994141918,
	"x" : 0.061217817498675435,
	"y" : -0.058740941757835882,
	"yaw" : 1.367075135222839,
	"z" : -0.15402998111740676
}
