{
	"pitch" : 1.4659321524544155,
	"roll" : -1.4945826936486986,
	"x" : 0.063509318644146023,
	"y" : -0.055881210483730126,
	"yaw" : 1.313207943682438,
	"z" : -0.18919182700577958
}
