{
	"pitch" : 1.479482386943491,
	"roll" : -1.6575100769043034,
	"x" : 0.027595213348087906,
	"y" : -0.010236308065015321,
	"yaw" : 1.1630081220361645,
	"z" : -0.17096179193600355
}
