{
	"pitch" : 1.4920866978794376,
	"roll" : -1.6234347555983084,
	"x" : 0.06122928190718694,
	"y" : 0.036318282039799185,
	"yaw" : 1.2091074637515233,
	"z" : -0.17152839368737319
}
