{
	"pitch" : 1.4724780874970842,
	"roll" : -1.4923820136570791,
	"x" : 0.057896805615904975,
	"y" : -0.074808748954873244,
	"yaw" : 1.3182247035908454,
	"z" : -0.16933546691889431
}
