{
	"pitch" : 1.4876721178223791,
	"roll" : -1.6164957965185338,
	"x" : 0.050842880816735048,
	"y" : 0.031229219167004996,
	"yaw" : 1.2141204859562793,
	"z" : -0.17155514385422574
}
