{
	"pitch" : 1.4995515635392753,
	"roll" : -1.5604307463423954,
	"x" : 0.10149022123042264,
	"y" : 0.033459505563797981,
	"yaw" : 1.2694570608945575,
	"z" : -0.17104378779601445
}
