{
	"pitch" : 1.4842878818211724,
	"roll" : -1.6262848552360265,
	"x" : 0.05040001644808699,
	"y" : 0.031440275493377044,
	"yaw" : 1.1984946786913291,
	"z" : -0.17119838710192367
}
