{
	"pitch" : 1.4515792409940915,
	"roll" : -1.4283133372617429,
	"x" : -0.017115348998328478,
	"y" : -0.30767947680326485,
	"yaw" : 1.3742029283405865,
	"z" : -0.17166686505235518
}
