{
	"pitch" : 1.4545337213995559,
	"roll" : -1.3436805829772995,
	"x" : 0.017711054989326222,
	"y" : -0.20088231181247374,
	"yaw" : 1.4713188788052498,
	"z" : -0.26295084278159808
}
