{
	"pitch" : 1.4919339338163833,
	"roll" : -1.6198146513958753,
	"x" : 0.060980715144958272,
	"y" : 0.036265100558306354,
	"yaw" : 1.212829742240757,
	"z" : -0.17158497068477913
}
