{
	"pitch" : 1.4779776945331897,
	"roll" : -1.696448040575443,
	"x" : 0.029266091642382697,
	"y" : 0.0031344590649807179,
	"yaw" : 1.1237187658825922,
	"z" : -0.17116307113447354
}
