{
	"pitch" : 1.4938262361155168,
	"roll" : -1.6212451400306482,
	"x" : 0.093729099769111229,
	"y" : 0.034163098242744903,
	"yaw" : 1.2003949567488841,
	"z" : -0.15802179010293249
}
