{
	"pitch" : 1.4580596328189721,
	"roll" : -1.5954877478236815,
	"x" : -0.023239464605971386,
	"y" : -0.14668039360670274,
	"yaw" : 1.2109063110245895,
	"z" : -0.17263689954380929
}
