{
	"pitch" : 1.4677594249664425,
	"roll" : -1.6099184130329018,
	"x" : -0.030276043832585781,
	"y" : -0.11996934137812226,
	"yaw" : 1.2003798582954857,
	"z" : -0.17158051814065947
}
