{
	"pitch" : 1.4793907391754857,
	"roll" : -1.4416522452528457,
	"x" : 0.087731680083193625,
	"y" : -0.06170698521574694,
	"yaw" : 1.3742418713676803,
	"z" : -0.16916582428204124
}
