{
	"pitch" : 1.4699606075866478,
	"roll" : -1.615554384160413,
	"x" : 0.035044426430339191,
	"y" : -0.039125609880736698,
	"yaw" : 1.2025249258051212,
	"z" : -0.1699637430179205
}
