{
	"pitch" : 1.4731109444512238,
	"roll" : -1.5843294099067873,
	"x" : 0.040290907309070249,
	"y" : -0.046578171746489455,
	"yaw" : 1.2354592607685149,
	"z" : -0.16981092846228343
}
