{
	"pitch" : 1.493115275077483,
	"roll" : -1.5521433417175809,
	"x" : 0.092913422454791575,
	"y" : 0.035568857089113365,
	"yaw" : 1.2694749768373432,
	"z" : -0.17902190660577422
}
