{
	"pitch" : 1.4620077462073182,
	"roll" : -1.3917169212256064,
	"x" : 0.025665499127849219,
	"y" : -0.17459850984657141,
	"yaw" : 1.42509656651605,
	"z" : -0.23523354176552524
}
