{
	"pitch" : 1.4632715862049013,
	"roll" : -1.4967743032628005,
	"x" : 0.012738940316640121,
	"y" : -0.20646366000067448,
	"yaw" : 1.3090072680510465,
	"z" : -0.075594032822834945
}
