{
	"pitch" : 1.4532910351242734,
	"roll" : -1.4185331665572318,
	"x" : 0.014246506729130984,
	"y" : -0.20803895032205041,
	"yaw" : 1.3830140768868939,
	"z" : -0.17076233780584246
}
