{
	"pitch" : 1.4612629846648313,
	"roll" : -1.5784710331787537,
	"x" : -0.012798002545070394,
	"y" : -0.1412136348428005,
	"yaw" : 1.2306453984108401,
	"z" : -0.17269694382998393
}
