{
	"pitch" : 1.489612038271696,
	"roll" : -1.5097987192431155,
	"x" : 0.075964832143388672,
	"y" : -0.013603918947419167,
	"yaw" : 1.3076271782437243,
	"z" : -0.17022107622207783
}
