{
	"pitch" : 1.4933582337914304,
	"roll" : -1.5989068252948488,
	"x" : 0.088361252083723155,
	"y" : 0.023253368397906309,
	"yaw" : 1.2186811437098146,
	"z" : -0.13644457783529013
}
