{
	"pitch" : 1.4709133787445388,
	"roll" : -1.5612899360306696,
	"x" : 0.049363190044488268,
	"y" : -0.053480294634290562,
	"yaw" : 1.2559769600649624,
	"z" : -0.16937420943602588
}
