{
	"pitch" : 1.4558873966155734,
	"roll" : -1.4284988003911929,
	"x" : 0.0020556110716353493,
	"y" : -0.24839604421967107,
	"yaw" : 1.3738474981523991,
	"z" : -0.17166621992229772
}
