{
	"pitch" : 1.4895458880023527,
	"roll" : -1.3531694703205381,
	"x" : 0.12630302306024616,
	"y" : -0.021811882002246423,
	"yaw" : 1.4677492468026085,
	"z" : -0.1686214005266726
}
