{
	"pitch" : 1.4744215278976611,
	"roll" : -1.5705939092705963,
	"x" : 0.029632958482417447,
	"y" : -0.031713635719972398,
	"yaw" : 1.2439068878973394,
	"z" : -0.16956199662804941
}
