{
	"pitch" : 1.4586163636951774,
	"roll" : -1.5795555430686234,
	"x" : -0.083593719948271028,
	"y" : -0.17969755089547443,
	"yaw" : 1.2301292578364735,
	"z" : -0.17375866643789836
}
