{
	"pitch" : 1.455153386535327,
	"roll" : -1.4627674407862454,
	"x" : 0.013652799511253047,
	"y" : -0.20868813485313539,
	"yaw" : 1.3390442835127425,
	"z" : -0.17053730328073891
}
