{
	"pitch" : 1.499385921114653,
	"roll" : -1.5281728582510705,
	"x" : 0.090358769651591508,
	"y" : 0.03732430033105244,
	"yaw" : 1.2991198013416096,
	"z" : -0.17079280806286409
}
