{
	"pitch" : 1.4835821102248086,
	"roll" : -1.6044942547260737,
	"x" : 0.084508254096445301,
	"y" : 0.0039054262501187903,
	"yaw" : 1.2124708935491937,
	"z" : -0.21790930160270694
}
