{
	"pitch" : 1.495918705467016,
	"roll" : -1.5581514880782847,
	"x" : 0.06984907478097227,
	"y" : 0.039036863552430946,
	"yaw" : 1.2749119664625406,
	"z" : -0.17104814409466743
}
