{
	"pitch" : 1.482117842274008,
	"roll" : -1.6159298463346041,
	"x" : 0.083699768887135456,
	"y" : 0.0034111696597371212,
	"yaw" : 1.2010443518044156,
	"z" : -0.21785207702015907
}
