{
	"pitch" : 1.4534875873627491,
	"roll" : -1.329098804568003,
	"x" : 0.018006313265307751,
	"y" : -0.28915787463140608,
	"yaw" : 1.4756013730542115,
	"z" : -0.17137029773193768
}
