{
	"pitch" : 1.4731965043221744,
	"roll" : -1.556777822811882,
	"x" : 0.030276391046569442,
	"y" : -0.15865359068908902,
	"yaw" : 1.253663511720962,
	"z" : -0.12379860165394249
}
