{
	"pitch" : 1.4749758791341454,
	"roll" : -1.4528600907849865,
	"x" : 0.052399891262616981,
	"y" : -0.092724762437170691,
	"yaw" : 1.3506922894605078,
	"z" : -0.16904123990395042
}
