{
	"pitch" : 1.4794589230623527,
	"roll" : -1.6158010971431487,
	"x" : 0.052059120439129081,
	"y" : -0.12527439276865188,
	"yaw" : 1.190990074079076,
	"z" : -0.16995489130052327
}
