{
	"pitch" : 1.4462998211239362,
	"roll" : -1.4343069882095156,
	"x" : -0.01729117337929359,
	"y" : -0.309348214797176,
	"yaw" : 1.3667486253057806,
	"z" : -0.17331600156858576
}
