{
	"pitch" : 1.4530512735451031,
	"roll" : -1.3396357870533799,
	"x" : 0.064533481057498038,
	"y" : -0.29213210738627565,
	"yaw" : 1.463116156746481,
	"z" : -0.17019031911844254
}
