{
	"pitch" : 1.4676850586659442,
	"roll" : -1.3389861945287038,
	"x" : 0.01668756328303829,
	"y" : -0.20631532293180233,
	"yaw" : 1.4740660172325801,
	"z" : -0.26898840588690487
}
