{
	"pitch" : 1.4569055625617642,
	"roll" : -1.405114381619226,
	"x" : 0.0096420901671469411,
	"y" : -0.22269784032472634,
	"yaw" : 1.3930345516532492,
	"z" : -0.17048953535279934
}
