{
	"pitch" : 1.4756385669524179,
	"roll" : -1.5061618265047279,
	"x" : 0.072635528073062117,
	"y" : -0.028626232519865041,
	"yaw" : 1.3003561946751898,
	"z" : -0.21710877017183672
}
