{
	"pitch" : 1.4940949992485726,
	"roll" : -1.5652506279737406,
	"x" : 0.092931017647970571,
	"y" : 0.035312893577715672,
	"yaw" : 1.2567080380221911,
	"z" : -0.17929737243720786
}
