{
	"pitch" : 1.4750524989451086,
	"roll" : -1.5336756221824952,
	"x" : 0.077506195646406567,
	"y" : -0.013609991547521771,
	"yaw" : 1.2659325172599396,
	"z" : -0.17031199630969387
}
