{
	"pitch" : 1.4781912643816195,
	"roll" : -1.4783786708619955,
	"x" : 0.068639910605701307,
	"y" : -0.15755129066644225,
	"yaw" : 1.3320206133340495,
	"z" : -0.16906424543424192
}
