{
	"pitch" : 1.4880523718384016,
	"roll" : -1.634706448237925,
	"x" : 0.04676730057194052,
	"y" : 0.028528680797296611,
	"yaw" : 1.1947649841595918,
	"z" : -0.17162917793236937
}
