{
	"pitch" : 1.4968594631648227,
	"roll" : -1.4681230772299005,
	"x" : 0.092158536762156879,
	"y" : 0.037336092668279357,
	"yaw" : 1.3636021088765049,
	"z" : -0.17101626508355797
}
