{
	"pitch" : 1.4450798887509682,
	"roll" : -1.397390293185844,
	"x" : -0.016140150049782157,
	"y" : -0.30863570512937777,
	"yaw" : 1.4034260030149053,
	"z" : -0.17440031778230797
}
