{
	"pitch" : 1.4882569137106199,
	"roll" : -1.5844737850846704,
	"x" : 0.088500985331120371,
	"y" : 0.020522560688875292,
	"yaw" : 1.2322378970369745,
	"z" : -0.20730428887909719
}
