{
	"pitch" : 1.4761314034375477,
	"roll" : -1.6401376373747685,
	"x" : 0.0264096124301074,
	"y" : -0.0093721975731113454,
	"yaw" : 1.176378337034222,
	"z" : -0.1711359459382871
}
