{
	"pitch" : 1.4689304382088879,
	"roll" : -1.5229826641537225,
	"x" : 0.0070172917121705952,
	"y" : -0.22909218899751019,
	"yaw" : 1.2829576389226005,
	"z" : -0.08848851356426618
}
