{
	"pitch" : 1.4898036880178638,
	"roll" : -1.5370426576271397,
	"x" : 0.076838841900049665,
	"y" : -0.01285902917950551,
	"yaw" : 1.2760833412639505,
	"z" : -0.17001640203659951
}
