{
	"pitch" : 1.4722334967941857,
	"roll" : -1.5843365793303743,
	"x" : 0.046870889447376288,
	"y" : -0.05181775759590497,
	"yaw" : 1.2346403475411354,
	"z" : -0.16948220876658909
}
