{
	"pitch" : 1.4832473712271641,
	"roll" : -1.5564490298206681,
	"x" : 0.070104305079469506,
	"y" : -0.029153562627371277,
	"yaw" : 1.2564199107871488,
	"z" : -0.12206322700146958
}
