{
	"pitch" : 1.4538610422721359,
	"roll" : -1.4375599917115034,
	"x" : 0.011435818011234861,
	"y" : -0.21799279723195503,
	"yaw" : 1.3637677623963995,
	"z" : -0.17071428208510595
}
