{
	"pitch" : 1.4561086077506986,
	"roll" : -1.4300800329450662,
	"x" : 0.013555021619952395,
	"y" : -0.20855073728981191,
	"yaw" : 1.3694801237096492,
	"z" : -0.17053013917911317
}
