{
	"pitch" : 1.4942012204892345,
	"roll" : -1.5607444175934369,
	"x" : 0.062571262681635348,
	"y" : 0.037816452328894454,
	"yaw" : 1.2663209619810663,
	"z" : -0.17074415345209484
}
