{
	"pitch" : 1.4612044271922602,
	"roll" : -1.3051997027263025,
	"x" : 0.073691613657431015,
	"y" : -0.25839925368400141,
	"yaw" : 1.4987320829102706,
	"z" : -0.16850742415984876
}
