{
	"pitch" : 1.4772111439837454,
	"roll" : -1.4541819574207064,
	"x" : 0.082351385096096519,
	"y" : -0.062778272069878974,
	"yaw" : 1.3623846409319342,
	"z" : -0.16870001538101526
}
