{
	"pitch" : 1.4973037155637716,
	"roll" : -1.5159471249753469,
	"x" : 0.071597807819828468,
	"y" : -0.028079465303227875,
	"yaw" : 1.3052257591779737,
	"z" : -0.1780985519592424
}
