{
	"pitch" : 1.4933774866378648,
	"roll" : -1.5657339227564477,
	"x" : 0.092943654574961038,
	"y" : 0.035475698081468242,
	"yaw" : 1.2559337668545099,
	"z" : -0.17909628634543739
}
