{
	"pitch" : 1.4551376668692249,
	"roll" : -1.4450793971561968,
	"x" : 0.013816881111956829,
	"y" : -0.21024558657863696,
	"yaw" : 1.3580790299567846,
	"z" : -0.17021574302095638
}
