{
	"pitch" : 1.4649981070713425,
	"roll" : -1.3129163077484305,
	"x" : 0.015428621722918021,
	"y" : -0.20839324680461052,
	"yaw" : 1.4995268123864052,
	"z" : -0.26996901714395971
}
