{
	"pitch" : 1.4936159675803684,
	"roll" : -1.6005762554285903,
	"x" : 0.090137030504514715,
	"y" : 0.028152745307520155,
	"yaw" : 1.2190607495270576,
	"z" : -0.14264696239360747
}
