{
	"pitch" : 1.4999307422447772,
	"roll" : -1.3422037845908144,
	"x" : 0.10359917627601237,
	"y" : -0.16332870190561352,
	"yaw" : 1.4286441912981049,
	"z" : -0.16667381444421192
}
