{
	"pitch" : 1.4536628509302201,
	"roll" : -1.4283855448184635,
	"x" : 0.023324242436861244,
	"y" : -0.18609953243702265,
	"yaw" : 1.3761604469870283,
	"z" : -0.17000021076796382
}
