{
	"pitch" : 1.4660409260885836,
	"roll" : -1.4742871214539972,
	"x" : 0.062446694208632685,
	"y" : -0.057456507756173898,
	"yaw" : 1.333475449312659,
	"z" : -0.18660542788777276
}
