{
	"pitch" : 1.4845404940777696,
	"roll" : -1.5448135338585374,
	"x" : 0.073900161795299152,
	"y" : -0.019172871743200176,
	"yaw" : 1.2686151488240045,
	"z" : -0.11947829682128894
}
