{
	"pitch" : 1.496576432651217,
	"roll" : -1.5289848890251982,
	"x" : 0.092031348050517089,
	"y" : 0.036450026523073692,
	"yaw" : 1.292973873101027,
	"z" : -0.16997346493824694
}
