{
	"pitch" : 1.4940485440754503,
	"roll" : -1.6171634275906659,
	"x" : 0.075460019640389564,
	"y" : 0.039495417702643018,
	"yaw" : 1.2122514935632964,
	"z" : -0.17117898898031772
}
