{
	"pitch" : 1.4839815251123956,
	"roll" : -1.3912004940590039,
	"x" : 0.11425603205049631,
	"y" : -0.045751272461438078,
	"yaw" : 1.4279021561740797,
	"z" : -0.16870857795473138
}
