{
	"pitch" : 1.480096376890603,
	"roll" : -1.4108566661390585,
	"x" : 0.093825994800237039,
	"y" : -0.059779362017833917,
	"yaw" : 1.4129337466566059,
	"z" : -0.16847649731927883
}
