{
	"pitch" : 1.4953994638212431,
	"roll" : -1.586717162601895,
	"x" : 0.092293614107939237,
	"y" : 0.033457126757645922,
	"yaw" : 1.2329946948246151,
	"z" : -0.15348070898272356
}
