{
	"pitch" : 1.4590181634969475,
	"roll" : -1.4531499235929839,
	"x" : 0.037694238138575885,
	"y" : -0.13683650555194782,
	"yaw" : 1.3525711181604652,
	"z" : -0.16940517668907878
}
