{
	"pitch" : 1.4557695170856297,
	"roll" : -1.4428673640275496,
	"x" : 0.033392363225785454,
	"y" : -0.15079382376738326,
	"yaw" : 1.3631262566424756,
	"z" : -0.1699863770931081
}
