{
	"pitch" : 1.473307480599674,
	"roll" : -1.58472706071656,
	"x" : 0.040380936856219435,
	"y" : -0.046642772917619466,
	"yaw" : 1.2349532773522096,
	"z" : -0.16984598664048772
}
