{
	"pitch" : 1.4947850609144249,
	"roll" : -1.3660702339949233,
	"x" : 0.12883449511970885,
	"y" : -0.0055333268156295048,
	"yaw" : 1.4567089413363765,
	"z" : -0.16875285970081741
}
