{
	"pitch" : 1.4554068157536364,
	"roll" : -1.5984647930214277,
	"x" : -0.082042806268043209,
	"y" : -0.17825406023130427,
	"yaw" : 1.2136797581335064,
	"z" : -0.17375413710513976
}
