{
	"pitch" : 1.495113439467864,
	"roll" : -1.5903111183010765,
	"x" : 0.091443080690503123,
	"y" : 0.033391425072600026,
	"yaw" : 1.2298788247264865,
	"z" : -0.15268262457003778
}
