{
	"pitch" : 1.4776517456044727,
	"roll" : -1.4893393074027337,
	"x" : 0.044827650230289465,
	"y" : -0.11218474069110271,
	"yaw" : 1.3264736966333164,
	"z" : -0.16949584190041955
}
