{
	"pitch" : 1.4748298292835273,
	"roll" : -1.5725684829959559,
	"x" : 0.070217012512344856,
	"y" : -0.037647500230534092,
	"yaw" : 1.2366092659794428,
	"z" : -0.21314434494661955
}
