{
	"pitch" : 1.4560564834850611,
	"roll" : -1.4381467497905278,
	"x" : 0.01352349657410392,
	"y" : -0.20852474086912978,
	"yaw" : 1.3615506319111454,
	"z" : -0.1705239347907255
}
