{
	"pitch" : 1.4883347532928932,
	"roll" : -1.492186966687721,
	"x" : 0.07658713101386605,
	"y" : -0.012928921365083846,
	"yaw" : 1.3252961939213619,
	"z" : -0.16976837888009022
}
