{
	"pitch" : 1.4690804846948158,
	"roll" : -1.5210036358138659,
	"x" : 0.035567145085511606,
	"y" : -0.042781300111954954,
	"yaw" : 1.2877379167270038,
	"z" : -0.17014253176963853
}
