{
	"pitch" : 1.4757152621421274,
	"roll" : -1.5475974694099857,
	"x" : 0.068784791142048038,
	"y" : -0.037797982804674661,
	"yaw" : 1.2639703719433479,
	"z" : -0.17035965999300445
}
