{
	"pitch" : 1.4658377183527931,
	"roll" : -1.4974098278769035,
	"x" : 0.063548943243014105,
	"y" : -0.05579352742549408,
	"yaw" : 1.309355024886891,
	"z" : -0.18947742641100859
}
