{
	"pitch" : 1.4829852175156033,
	"roll" : -1.4629447942765068,
	"x" : 0.10302575299744691,
	"y" : -0.056691902702924915,
	"yaw" : 1.3566346977325283,
	"z" : -0.168692793017787
}
