{
	"pitch" : 1.4728688834309991,
	"roll" : -1.6950628271083463,
	"x" : 0.027840331016407247,
	"y" : -0.016880858334949837,
	"yaw" : 1.1211825561696631,
	"z" : -0.17140407062360188
}
