{
	"pitch" : 1.4645702402308209,
	"roll" : -1.549547067117536,
	"x" : 0.019643952245677443,
	"y" : -0.18917465118906004,
	"yaw" : 1.2610748691623344,
	"z" : -0.092879579214545538
}
