{
	"pitch" : 1.4860074725545702,
	"roll" : -1.6419254849825158,
	"x" : 0.050277654102825711,
	"y" : 0.031510749208215352,
	"yaw" : 1.1829117044540967,
	"z" : -0.17112558298209904
}
