{
	"pitch" : 1.4586649224907584,
	"roll" : -1.3895678507994582,
	"x" : 0.045025639289183232,
	"y" : -0.11322709337437127,
	"yaw" : 1.4118323574929412,
	"z" : -0.16889231000633326
}
