{
	"pitch" : 1.4969643199539662,
	"roll" : -1.5222837811328787,
	"x" : 0.092719523956027144,
	"y" : 0.036268697389808729,
	"yaw" : 1.2982939246981438,
	"z" : -0.17082326991626315
}
