{
	"pitch" : 1.4735823950005897,
	"roll" : -1.4575370847080604,
	"x" : 0.061052621749695897,
	"y" : -0.059022306212022438,
	"yaw" : 1.3580719874695371,
	"z" : -0.15494104820104937
}
