{
	"pitch" : 1.4557091034055676,
	"roll" : -1.4268947493495125,
	"x" : 0.013614419594628807,
	"y" : -0.20825707536407748,
	"yaw" : 1.3733519265283674,
	"z" : -0.17033995385641582
}
