{
	"pitch" : 1.4575994193683472,
	"roll" : -1.3422935099002939,
	"x" : 0.014449798809563277,
	"y" : -0.2088655563594454,
	"yaw" : 1.4698580151302043,
	"z" : -0.2710110995259386
}
