{
	"pitch" : 1.4819597340539814,
	"roll" : -1.5213152811406496,
	"x" : 0.072411015760990294,
	"y" : -0.02338150171274344,
	"yaw" : 1.2900765077419349,
	"z" : -0.16990802522478993
}
