{
	"pitch" : 1.4646179330095317,
	"roll" : -1.4898541372596128,
	"x" : 0.063330823646337825,
	"y" : -0.056332454973763067,
	"yaw" : 1.3189599066032904,
	"z" : -0.1881932002640043
}
