{
	"pitch" : 1.4680198235519137,
	"roll" : -1.5254896884072506,
	"x" : 0.064745871724087189,
	"y" : -0.054222061945195396,
	"yaw" : 1.2809598227436871,
	"z" : -0.19476279452147965
}
