{
	"pitch" : 1.4689755553024504,
	"roll" : -1.4784509607406886,
	"x" : 0.06530604650000936,
	"y" : -0.049376129265628732,
	"yaw" : 1.3201394885038096,
	"z" : -0.16974331029082926
}
