{
	"pitch" : 1.4945479970430093,
	"roll" : -1.3556708330575171,
	"x" : 0.12620442055019496,
	"y" : -0.0016897919497857686,
	"yaw" : 1.4656600548200054,
	"z" : -0.16884165394184092
}
