{
	"pitch" : 1.4892476636100422,
	"roll" : -1.4002271828702995,
	"x" : 0.12468035122671349,
	"y" : -0.028435733146713382,
	"yaw" : 1.420510654740456,
	"z" : -0.16892675858159009
}
