{
	"pitch" : 1.4878295131921513,
	"roll" : -1.3458615061765982,
	"x" : 0.12490460671992647,
	"y" : -0.024527876784016332,
	"yaw" : 1.4745300574353781,
	"z" : -0.16849083239874996
}
