{
	"pitch" : 1.4879722707485965,
	"roll" : -1.5600708097527372,
	"x" : 0.078356246254451728,
	"y" : -0.0071375110874572437,
	"yaw" : 1.2537513606705355,
	"z" : -0.11874813276307365
}
