{
	"pitch" : 1.4930400670300035,
	"roll" : -1.5605707498813144,
	"x" : 0.08675323133470865,
	"y" : 0.03907381679107727,
	"yaw" : 1.2704097137302037,
	"z" : -0.17128759979413627
}
