{
	"pitch" : 1.4526236101294296,
	"roll" : -1.4193894057492666,
	"x" : 0.026580705262275288,
	"y" : -0.16937893035715781,
	"yaw" : 1.3797957631668865,
	"z" : -0.1691352283810594
}
