{
	"pitch" : 1.4704882750196728,
	"roll" : -1.6513343282694422,
	"x" : 0.028713589368379422,
	"y" : -0.022644051617359162,
	"yaw" : 1.1629715488668393,
	"z" : -0.17046128951897127
}
