{
	"pitch" : 1.4754658394341795,
	"roll" : -1.521395732711132,
	"x" : 0.073230981704850595,
	"y" : -0.025546906486920398,
	"yaw" : 1.2905071197409457,
	"z" : -0.17051454792391771
}
