{
	"pitch" : 1.4890930939467639,
	"roll" : -1.6534307046033334,
	"x" : 0.046150627319787911,
	"y" : 0.027966044942189804,
	"yaw" : 1.1746561458103966,
	"z" : -0.17134859163029967
}
