{
	"pitch" : 1.5003145057046765,
	"roll" : -1.4765836996598016,
	"x" : 0.11423288738171729,
	"y" : 0.023155922605651247,
	"yaw" : 1.353531716538463,
	"z" : -0.16962182116672953
}
