{
	"pitch" : 1.4963546639027594,
	"roll" : -1.4356469519202126,
	"x" : 0.12183488884670311,
	"y" : 0.011956050681451814,
	"yaw" : 1.3875703059678295,
	"z" : -0.17000232322055767
}
