{
	"pitch" : 1.4694005760387039,
	"roll" : -1.5739672227961039,
	"x" : -0.043358193382644614,
	"y" : -0.13779880431867692,
	"yaw" : 1.2503002857767376,
	"z" : -0.17273137271277189
}
