{
	"pitch" : 1.4999925691075673,
	"roll" : -1.4538244175067689,
	"x" : 0.1116455326108067,
	"y" : 0.025866676695242757,
	"yaw" : 1.3747075510641864,
	"z" : -0.16974457855765146
}
