{
	"pitch" : 1.4815805048771205,
	"roll" : -1.3914835388000724,
	"x" : 0.10023469570136442,
	"y" : -0.057043913037627687,
	"yaw" : 1.4304672425867868,
	"z" : -0.16876489947189705
}
