{
	"pitch" : 1.4880171822014066,
	"roll" : -1.4329444082866321,
	"x" : 0.04717103741847406,
	"y" : -0.11098922198749127,
	"yaw" : 1.3707977173685288,
	"z" : -0.21846221501784185
}
