{
	"pitch" : 1.4532785340455256,
	"roll" : -1.4117242961039369,
	"x" : 0.014785581167196672,
	"y" : -0.20658315958504095,
	"yaw" : 1.389074840624003,
	"z" : -0.17065694309827539
}
