{
	"pitch" : 1.4790410065553614,
	"roll" : -1.6831171637740994,
	"x" : 0.029227697025964818,
	"y" : 0.0034419342880891695,
	"yaw" : 1.1371613304065185,
	"z" : -0.17098919098246299
}
