{
	"pitch" : 1.4799521339486861,
	"roll" : -1.3539757175042715,
	"x" : 0.091405083109167284,
	"y" : -0.060412836104468612,
	"yaw" : 1.4708744135285643,
	"z" : -0.16812548720738954
}
