{
	"pitch" : 1.4624597658906522,
	"roll" : -1.4500473215609184,
	"x" : -0.0094906764887551509,
	"y" : -0.28261545576910668,
	"yaw" : 1.3677979118150223,
	"z" : -0.14576624377045339
}
