{
	"pitch" : 1.4479359307833894,
	"roll" : -1.4120139141391457,
	"x" : -0.016518142203574407,
	"y" : -0.30898676315232565,
	"yaw" : 1.3896662000704205,
	"z" : -0.17310938284070557
}
