{
	"pitch" : 1.4840076285345414,
	"roll" : -1.5514796164382978,
	"x" : 0.090999564768187366,
	"y" : 0.029360954268819357,
	"yaw" : 1.2656131744110739,
	"z" : -0.19600329560028529
}
