{
	"pitch" : 1.4948491888140829,
	"roll" : -1.5741256301066611,
	"x" : 0.08848630970513735,
	"y" : 0.024895642840775424,
	"yaw" : 1.2438340511270436,
	"z" : -0.13766150072406638
}
