{
	"pitch" : 1.4528322115348729,
	"roll" : -1.4428185798450779,
	"x" : 0.014338770212046395,
	"y" : -0.20831858310807233,
	"yaw" : 1.3580174009533375,
	"z" : -0.1709406039650728
}
