{
	"pitch" : 1.4547562041280844,
	"roll" : -1.4375680196282394,
	"x" : 0.013049561228261522,
	"y" : -0.21184002352850537,
	"yaw" : 1.3608512036707223,
	"z" : -0.17027280797377073
}
