{
	"pitch" : 1.49673759352947,
	"roll" : -1.5592945487943115,
	"x" : 0.088337164647363714,
	"y" : 0.038336443206409263,
	"yaw" : 1.2694414702206758,
	"z" : -0.17109360675439314
}
