{
	"pitch" : 1.4659578576946239,
	"roll" : -1.333457017498225,
	"x" : 0.091246304735162376,
	"y" : -0.25248247425446696,
	"yaw" : 1.4739670934136488,
	"z" : -0.16832364641514827
}
