{
	"pitch" : 1.4705306223104011,
	"roll" : -1.4933061329841757,
	"x" : 0.062173812345906125,
	"y" : -0.059713805795220572,
	"yaw" : 1.319755482664305,
	"z" : -0.17331513951996763
}
