{
	"pitch" : 1.4826788864305338,
	"roll" : -1.3499104209598778,
	"x" : 0.11398206206769503,
	"y" : -0.046838020581001519,
	"yaw" : 1.4738804118744273,
	"z" : -0.1683608729211982
}
