{
	"pitch" : 1.4550751217406401,
	"roll" : -1.4709005831734998,
	"x" : 0.034470567285317402,
	"y" : -0.14990537571774207,
	"yaw" : 1.3298513747774086,
	"z" : -0.16985703816353384
}
