{
	"pitch" : 1.4951615153265934,
	"roll" : -1.4120462427479381,
	"x" : 0.12506564892076683,
	"y" : 0.0036048208081977447,
	"yaw" : 1.4150176180821341,
	"z" : -0.1695058682804336
}
