{
	"pitch" : 1.4831910630330807,
	"roll" : -1.6148518183592588,
	"x" : 0.090458383898984446,
	"y" : 0.024266436929335077,
	"yaw" : 1.2026088596080513,
	"z" : -0.20326728119019069
}
