{
	"pitch" : 1.4615269644103563,
	"roll" : -1.3039378529134578,
	"x" : 0.11195777782256401,
	"y" : -0.24105481093037207,
	"yaw" : 1.5086039855346849,
	"z" : -0.16789234182293736
}
