{
	"pitch" : 1.4716464772038926,
	"roll" : -1.5828586882502838,
	"x" : 0.034735431586992098,
	"y" : -0.040112304732503337,
	"yaw" : 1.2341971332839903,
	"z" : -0.16970346810615827
}
