{
	"pitch" : 1.4753847789249162,
	"roll" : -1.5422604503704995,
	"x" : 0.077499147529232482,
	"y" : -0.013586047060556231,
	"yaw" : 1.2572068998851293,
	"z" : -0.17037578721006508
}
