{
	"pitch" : 1.4835370086099302,
	"roll" : -1.6216101606320639,
	"x" : 0.039498171766499363,
	"y" : 0.021955375334329535,
	"yaw" : 1.2014196749391226,
	"z" : -0.17156159910486446
}
