{
	"pitch" : 1.4685201887250303,
	"roll" : -1.4924482218960369,
	"x" : 0.060809976311583913,
	"y" : -0.061357484744951223,
	"yaw" : 1.316655446542204,
	"z" : -0.16942113199534761
}
