{
	"pitch" : 1.4578529204724555,
	"roll" : -1.4561127025449194,
	"x" : -0.050865200191761828,
	"y" : -0.26633793260345923,
	"yaw" : 1.3546858356382758,
	"z" : -0.17392905701595965
}
