{
	"pitch" : 1.4693336858564574,
	"roll" : -1.494194062054458,
	"x" : 0.060796228993360311,
	"y" : -0.061561036334125879,
	"yaw" : 1.315162283836286,
	"z" : -0.169476787212436
}
