{
	"pitch" : 1.4765354698002957,
	"roll" : -1.5951901191381028,
	"x" : 0.027236347936598355,
	"y" : -0.022587838799233532,
	"yaw" : 1.224942975734608,
	"z" : -0.17015489777946427
}
