{
	"pitch" : 1.4663876892022496,
	"roll" : -1.4817143284829748,
	"x" : 0.05980440982929186,
	"y" : -0.063343517628548771,
	"yaw" : 1.3188779689792609,
	"z" : -0.16969245808272718
}
