{
	"pitch" : 1.4526997594881981,
	"roll" : -1.4254105876119207,
	"x" : 0.013655881205548059,
	"y" : -0.20732897674800937,
	"yaw" : 1.3777511064080705,
	"z" : -0.17037190413518954
}
