{
	"pitch" : 1.4783742165219598,
	"roll" : -1.622075499372754,
	"x" : 0.031618021943449023,
	"y" : 0.0121242080362511,
	"yaw" : 1.1961591313083202,
	"z" : -0.17015041538534781
}
