{
	"pitch" : 1.4684431909628863,
	"roll" : -1.5380058884755203,
	"x" : 0.062279034304685545,
	"y" : -0.056664823746847406,
	"yaw" : 1.2701266100965749,
	"z" : -0.16965275568037594
}
