{
	"pitch" : 1.4847508846646384,
	"roll" : -1.541227087607026,
	"x" : 0.073970959323907071,
	"y" : -0.018639254633461382,
	"yaw" : 1.2721637251258588,
	"z" : -0.11940795402567775
}
