{
	"pitch" : 1.4683204325912316,
	"roll" : -1.4910694662764894,
	"x" : 0.063030661803129689,
	"y" : -0.058801102330819199,
	"yaw" : 1.3235099593781199,
	"z" : -0.1799558100437865
}
