{
	"pitch" : 1.4688033810067631,
	"roll" : -1.5300225346029301,
	"x" : 0.035558460489533303,
	"y" : -0.042767514794015984,
	"yaw" : 1.2791088885613908,
	"z" : -0.17015842151478106
}
