{
	"pitch" : 1.4477174784973219,
	"roll" : -1.4210733020936239,
	"x" : -0.015534687205540854,
	"y" : -0.3088844197292912,
	"yaw" : 1.3804648991088422,
	"z" : -0.17328968644653364
}
