{
	"pitch" : 1.4823151730194299,
	"roll" : -1.3913052698928956,
	"x" : 0.10887617054940929,
	"y" : -0.052102576712513712,
	"yaw" : 1.4274579829134195,
	"z" : -0.1682056831533621
}
