{
	"pitch" : 1.4728517411976028,
	"roll" : -1.3759929973681153,
	"x" : 0.073228438044457667,
	"y" : -0.063199293527575126,
	"yaw" : 1.4434805916818669,
	"z" : -0.16877396364185954
}
