{
	"pitch" : 1.466872475967808,
	"roll" : -1.4800304593679012,
	"x" : 0.041684080332176313,
	"y" : -0.12354690429225998,
	"yaw" : 1.3297411631735019,
	"z" : -0.18222633168487143
}
