{
	"pitch" : 1.4963828543967332,
	"roll" : -1.5706032211090348,
	"x" : 0.092637150292970316,
	"y" : 0.03618312186356188,
	"yaw" : 1.2520300312002306,
	"z" : -0.16613451340666407
}
