{
	"pitch" : 1.4708777589520485,
	"roll" : -1.3974496276698221,
	"x" : 0.093690661500698602,
	"y" : -0.20112647853335561,
	"yaw" : 1.4201481681338515,
	"z" : -0.16838057314151453
}
