{
	"pitch" : 1.4735314948418032,
	"roll" : -1.6608801165394602,
	"x" : 0.02759376415001203,
	"y" : -0.0197889258607028,
	"yaw" : 1.152461894410076,
	"z" : -0.17082507584843759
}
