{
	"pitch" : 1.4957454742583256,
	"roll" : -1.5688397047430993,
	"x" : 0.092763638730932546,
	"y" : 0.035248180167326837,
	"yaw" : 1.2519613681657698,
	"z" : -0.17966104683682094
}
