{
	"pitch" : 1.4564118843663636,
	"roll" : -1.4049144580168458,
	"x" : 0.009942460116852278,
	"y" : -0.22060079494191698,
	"yaw" : 1.3941157710350609,
	"z" : -0.1703629332787992
}
