{
	"pitch" : 1.4529578338558573,
	"roll" : -1.3624219625602449,
	"x" : -0.0084932051439007422,
	"y" : -0.28082014785462223,
	"yaw" : 1.448496125252775,
	"z" : -0.17218372375635838
}
