{
	"pitch" : 1.4815137929395676,
	"roll" : -1.4450130961041123,
	"x" : 0.10340980534854392,
	"y" : -0.055596901645288008,
	"yaw" : 1.3745773530134473,
	"z" : -0.16803266626927313
}
