{
	"pitch" : 1.4964431292665628,
	"roll" : -1.4224777202064118,
	"x" : 0.1243753414606871,
	"y" : 0.0075465247486153665,
	"yaw" : 1.4001756933297393,
	"z" : -0.16919137214561084
}
