{
	"pitch" : 1.4813345559348305,
	"roll" : -1.614872404906317,
	"x" : 0.027263841182188435,
	"y" : -0.0025008248817782255,
	"yaw" : 1.2062245248206878,
	"z" : -0.17070860428637835
}
