{
	"pitch" : 1.4522540225639817,
	"roll" : -1.4810325190959752,
	"x" : -0.072508193378076222,
	"y" : -0.26030236956728298,
	"yaw" : 1.32376138380441,
	"z" : -0.17439154619920319
}
