{
	"pitch" : 1.4844962920718177,
	"roll" : -1.6310265207201351,
	"x" : 0.039100033027862455,
	"y" : 0.021330217602883932,
	"yaw" : 1.1921476195162961,
	"z" : -0.17162981101945882
}
