{
	"pitch" : 1.4719829505065103,
	"roll" : -1.5940033977434771,
	"x" : 0.034132356583148796,
	"y" : -0.039173628801919144,
	"yaw" : 1.2236456883434164,
	"z" : -0.16935967241475031
}
