{
	"pitch" : 1.4529659723516555,
	"roll" : -1.3928651370945644,
	"x" : 0.0249762719676263,
	"y" : -0.17446132778109583,
	"yaw" : 1.4079273082171202,
	"z" : -0.16931910421992122
}
