{
	"pitch" : 1.4693423489328696,
	"roll" : -1.6104124874240147,
	"x" : 0.04333926724317709,
	"y" : -0.03048490608748141,
	"yaw" : 1.2001712888223288,
	"z" : -0.17064986335290769
}
