{
	"pitch" : 1.4650446112666233,
	"roll" : -1.4789554526909974,
	"x" : 0.04746705066563589,
	"y" : -0.053751371184428409,
	"yaw" : 1.3316579243269884,
	"z" : -0.16942523328089557
}
