{
	"pitch" : 1.4711688059692578,
	"roll" : -1.4889961669407645,
	"x" : 0.044077196205805212,
	"y" : -0.11384536895825142,
	"yaw" : 1.3232473355962837,
	"z" : -0.17160504998440781
}
