{
	"pitch" : 1.4946839101364378,
	"roll" : -1.3291157529601101,
	"x" : 0.12724600248603041,
	"y" : -0.009784593667785715,
	"yaw" : 1.4925510615601087,
	"z" : -0.16821154639266628
}
