{
	"pitch" : 1.4701644110096002,
	"roll" : -1.4739024369217932,
	"x" : 0.004021636167648085,
	"y" : -0.23820535692211534,
	"yaw" : 1.3352145040710064,
	"z" : -0.098427627691276651
}
