{
	"pitch" : 1.4646621447505495,
	"roll" : -1.2991939217359783,
	"x" : 0.10854031995910185,
	"y" : -0.24261830039311905,
	"yaw" : 1.5136448803443989,
	"z" : -0.16825416898459319
}
