{
	"pitch" : 1.4739176242672547,
	"roll" : -1.4170598215451375,
	"x" : 0.078386217942628872,
	"y" : -0.063073842137986558,
	"yaw" : 1.3978120168698613,
	"z" : -0.16879450692024986
}
