{
	"pitch" : 1.4694145774261547,
	"roll" : -1.449535408979596,
	"x" : 0.061206184672836395,
	"y" : -0.060987512366253355,
	"yaw" : 1.3569701205103131,
	"z" : -0.16914506668090204
}
