{
	"pitch" : 1.4678334933130703,
	"roll" : -1.4098088958203145,
	"x" : 0.064789353935463437,
	"y" : -0.061528812492937957,
	"yaw" : 1.4064012690050538,
	"z" : -0.16915610677444215
}
