{
	"pitch" : 1.4929544867388276,
	"roll" : -1.4810486818583299,
	"x" : 0.048534498025122462,
	"y" : -0.043111962667238886,
	"yaw" : 1.3394430347827422,
	"z" : -0.16961473095204052
}
