{
	"pitch" : 1.4845084931158439,
	"roll" : -1.5326399394434096,
	"x" : 0.074114987370343388,
	"y" : -0.017861858100215882,
	"yaw" : 1.2807326789009772,
	"z" : -0.11931465617507028
}
