{
	"pitch" : 1.4796610920688762,
	"roll" : -1.529447515439053,
	"x" : 0.07346002387643713,
	"y" : -0.020691069838162525,
	"yaw" : 1.2827147118827515,
	"z" : -0.16980631188318077
}
