{
	"pitch" : 1.4760308389949481,
	"roll" : -1.5566149806679281,
	"x" : 0.038770809071974839,
	"y" : -0.13333949160809261,
	"yaw" : 1.2581795982664994,
	"z" : -0.14813558752398556
}
