{
	"pitch" : 1.4684433651280777,
	"roll" : -1.5656340676705449,
	"x" : 0.065754313723236535,
	"y" : -0.052876967587420165,
	"yaw" : 1.2415638448950337,
	"z" : -0.19779609342939194
}
