{
	"pitch" : 1.4532787128333648,
	"roll" : -1.4842496164980743,
	"x" : 0.014501410810652079,
	"y" : -0.20880642201748034,
	"yaw" : 1.3175743808386648,
	"z" : -0.17069552091360768
}
