{
	"pitch" : 1.4926221559299293,
	"roll" : -1.3333661839138822,
	"x" : 0.1288838103023516,
	"y" : -0.0071841440087525368,
	"yaw" : 1.4888666190023361,
	"z" : -0.16875439939423509
}
