{
	"pitch" : 1.4735790684972472,
	"roll" : -1.3944717566853124,
	"x" : 0.073775374870436769,
	"y" : -0.063231252841041641,
	"yaw" : 1.425392996411299,
	"z" : -0.16873047282234721
}
