{
	"pitch" : 1.45564858254646,
	"roll" : -1.4331551799943882,
	"x" : 0.013427608956180455,
	"y" : -0.20841794641378342,
	"yaw" : 1.3666872494707718,
	"z" : -0.17040310690185434
}
