{
	"pitch" : 1.4874161383061648,
	"roll" : -1.464686467563483,
	"x" : 0.020654733498710026,
	"y" : -0.071703577883564643,
	"yaw" : 1.3635160011427092,
	"z" : -0.16896565468942643
}
