{
	"pitch" : 1.4752328469903551,
	"roll" : -1.5102007971029581,
	"x" : 0.063472606388672054,
	"y" : -0.054770216142244636,
	"yaw" : 1.3026959897660115,
	"z" : -0.1442551385353949
}
