{
	"pitch" : 1.496411491947031,
	"roll" : -1.4994732831323061,
	"x" : 0.079153820354630436,
	"y" : 0.03991784010479614,
	"yaw" : 1.3346843561096187,
	"z" : -0.17084438103926641
}
