{
	"pitch" : 1.482319519285773,
	"roll" : -1.4056796094181729,
	"x" : 0.10713300987111281,
	"y" : -0.053547535801230832,
	"yaw" : 1.4143523374815541,
	"z" : -0.16832475896623209
}
