{
	"pitch" : 1.4763417618568833,
	"roll" : -1.6609940495057494,
	"x" : 0.027508240819304718,
	"y" : -0.012128311347503255,
	"yaw" : 1.1588350027803027,
	"z" : -0.17097244279739557
}
