{
	"pitch" : 1.4696996010755585,
	"roll" : -1.6256214258647035,
	"x" : 0.030201158879098591,
	"y" : -0.028737035512144606,
	"yaw" : 1.1901551733381086,
	"z" : -0.17012405427978472
}
