{
	"pitch" : 1.4863759618176811,
	"roll" : -1.4932901596758283,
	"x" : 0.075990578934208367,
	"y" : -0.013280776559201488,
	"yaw" : 1.3241916909582978,
	"z" : -0.16966335424604309
}
