{
	"pitch" : 1.4660202211843398,
	"roll" : -1.4012829364379478,
	"x" : 0.098956882425793188,
	"y" : -0.21487933351219934,
	"yaw" : 1.4086164153382759,
	"z" : -0.16880510094825507
}
