{
	"pitch" : 1.4689346344403824,
	"roll" : -1.6267954140628571,
	"x" : -0.025787525994184865,
	"y" : -0.12137768463202886,
	"yaw" : 1.1832929569783299,
	"z" : -0.17179622088343424
}
