{
	"pitch" : 1.4704488231424453,
	"roll" : -1.4842880014146045,
	"x" : 0.053070003781514427,
	"y" : -0.056004890069270258,
	"yaw" : 1.332578811191385,
	"z" : -0.1689122158982645
}
