{
	"pitch" : 1.4673989032660535,
	"roll" : -1.557513390482351,
	"x" : 0.019945850579294794,
	"y" : -0.18457010336018778,
	"yaw" : 1.2523843536832231,
	"z" : -0.096381012686355683
}
