{
	"pitch" : 1.4454222170326763,
	"roll" : -1.3467284155192072,
	"x" : -0.013703935378408624,
	"y" : -0.30245312833488958,
	"yaw" : 1.4554881666445472,
	"z" : -0.17340409571135038
}
