{
	"pitch" : 1.483425578089747,
	"roll" : -1.576245408915631,
	"x" : 0.084525800235301124,
	"y" : 0.0057053725397884746,
	"yaw" : 1.2399458710008837,
	"z" : -0.21691882980150218
}
