{
	"pitch" : 1.483409601897413,
	"roll" : -1.5676821366654872,
	"x" : 0.07729081248701955,
	"y" : -0.012232818521589653,
	"yaw" : 1.2505806015843008,
	"z" : -0.16962861567602885
}
