{
	"pitch" : 1.4675956816053748,
	"roll" : -1.3781271852513601,
	"x" : 0.034627196304893429,
	"y" : -0.14293714720168663,
	"yaw" : 1.4379289553717223,
	"z" : -0.20352436580170921
}
