{
	"pitch" : 1.4425310171697423,
	"roll" : -1.3657819115055783,
	"x" : -0.013929973667845388,
	"y" : -0.29644896197875803,
	"yaw" : 1.4375282800512978,
	"z" : -0.1730995187688322
}
