{
	"pitch" : 1.4765838980558521,
	"roll" : -1.3975516492510429,
	"x" : 0.02448213232432616,
	"y" : -0.17976614710429861,
	"yaw" : 1.4156016953342527,
	"z" : -0.25514749818476901
}
