{
	"pitch" : 1.4847281603771096,
	"roll" : -1.3168571018615194,
	"x" : 0.12059918678297393,
	"y" : -0.036789067378059245,
	"yaw" : 1.5049757548978928,
	"z" : -0.16843262967508596
}
