{
	"pitch" : 1.5030016181993422,
	"roll" : -1.4779262514639633,
	"x" : 0.10748991690562773,
	"y" : 0.029792048744150226,
	"yaw" : 1.3527793399934831,
	"z" : -0.17004266210761307
}
