{
	"pitch" : 1.4850970875455072,
	"roll" : -1.3051546614167935,
	"x" : 0.1192045602687737,
	"y" : -0.039557446070389531,
	"yaw" : 1.5165565202195228,
	"z" : -0.16838105998362157
}
