{
	"pitch" : 1.4532608769734283,
	"roll" : -1.38187580812441,
	"x" : 0.025808245726030146,
	"y" : -0.16998526376222067,
	"yaw" : 1.4172334324937852,
	"z" : -0.16877583801203508
}
