{
	"pitch" : 1.472096519797172,
	"roll" : -1.5880818767077123,
	"x" : 0.034022956297936328,
	"y" : -0.039263427231054582,
	"yaw" : 1.2294318690007233,
	"z" : -0.16943349279880959
}
