{
	"pitch" : 1.4696449545499164,
	"roll" : -1.3989314241588124,
	"x" : 0.089168426448796953,
	"y" : -0.21226926223153952,
	"yaw" : 1.4141559196761686,
	"z" : -0.16880653472794849
}
