{
	"pitch" : 1.4868114232853196,
	"roll" : -1.5852704668598958,
	"x" : 0.087531564098991099,
	"y" : 0.019178961140123879,
	"yaw" : 1.2329051963031954,
	"z" : -0.2084249223320529
}
