{
	"pitch" : 1.469021328713519,
	"roll" : -1.5383591213642749,
	"x" : 0.067391131673496502,
	"y" : -0.045238978599119517,
	"yaw" : 1.2682574162070288,
	"z" : -0.20687521756438595
}
