{
	"pitch" : 1.4890680189291929,
	"roll" : -1.4194723259755451,
	"x" : 0.067849447782477063,
	"y" : -0.016897303820076238,
	"yaw" : 1.4001808225306616,
	"z" : -0.16883049383897397
}
