{
	"pitch" : 1.4847118478022376,
	"roll" : -1.2894633144398935,
	"x" : 0.11704390747975746,
	"y" : -0.04066166576996507,
	"yaw" : 1.5322720530978819,
	"z" : -0.16786268347070682
}
