{
	"pitch" : 1.4699657714894787,
	"roll" : -1.5126933123602977,
	"x" : 0.035705788521375653,
	"y" : -0.043160703235908482,
	"yaw" : 1.2963093920881874,
	"z" : -0.17040857641999244
}
