{
	"pitch" : 1.4815957692902013,
	"roll" : -1.4105539272309104,
	"x" : 0.10484148567123044,
	"y" : -0.05440008116057693,
	"yaw" : 1.4114637946353172,
	"z" : -0.16830531756939013
}
