{
	"pitch" : 1.4722152653169465,
	"roll" : -1.4979953281328227,
	"x" : 0.071086527309321412,
	"y" : -0.062639570160486491,
	"yaw" : 1.3110271252932062,
	"z" : -0.16919600891473341
}
