{
	"pitch" : 1.4939833840307053,
	"roll" : -1.5807655915707324,
	"x" : 0.081019415776608344,
	"y" : 0.039495928112933454,
	"yaw" : 1.2485184427606912,
	"z" : -0.17104685225253358
}
