{
	"pitch" : 1.4844535484230268,
	"roll" : -1.5606007050332453,
	"x" : 0.071225198080182642,
	"y" : -0.027405582871061221,
	"yaw" : 1.2528363433871641,
	"z" : -0.12170819559073467
}
