{
	"pitch" : 1.4922111146466166,
	"roll" : -1.377262943997964,
	"x" : 0.12693392815414711,
	"y" : -0.018801807833304197,
	"yaw" : 1.4439411792104693,
	"z" : -0.16862873947105911
}
