{
	"pitch" : 1.4956003567070346,
	"roll" : -1.5684090947549592,
	"x" : 0.067017281294854888,
	"y" : 0.038190691818460881,
	"yaw" : 1.2639424544027837,
	"z" : -0.17124975432611353
}
