{
	"pitch" : 1.4752794150693422,
	"roll" : -1.5789839881384389,
	"x" : 0.028643945014040474,
	"y" : -0.027292029146994107,
	"yaw" : 1.2403899218733307,
	"z" : -0.1704807462118188
}
