{
	"pitch" : 1.4827281340385192,
	"roll" : -1.3462412008003779,
	"x" : 0.11411756890106682,
	"y" : -0.046826894745102279,
	"yaw" : 1.4774125166134913,
	"z" : -0.16832306678043527
}
