{
	"pitch" : 1.4882281569836333,
	"roll" : -1.5910166406002313,
	"x" : 0.05292230606633623,
	"y" : 0.032873289094880777,
	"yaw" : 1.2393251089134345,
	"z" : -0.17154022243079409
}
