{
	"pitch" : 1.4748461545345204,
	"roll" : -1.5078816483180129,
	"x" : 0.072489908090441785,
	"y" : -0.02951531849026074,
	"yaw" : 1.3030003296369661,
	"z" : -0.16990040404190687
}
