{
	"pitch" : 1.4543464565605702,
	"roll" : -1.4634591947576401,
	"x" : 0.008122547139000888,
	"y" : -0.21134091016662185,
	"yaw" : 1.3363972249838605,
	"z" : -0.17087163433832059
}
