{
	"pitch" : 1.4949683323837628,
	"roll" : -1.5672300935805816,
	"x" : 0.092723727894014452,
	"y" : 0.035230301559572852,
	"yaw" : 1.253554990346041,
	"z" : -0.17932356006329586
}
