{
	"pitch" : 1.4626752275530992,
	"roll" : -1.441184988603343,
	"x" : -0.0084471993624980896,
	"y" : -0.27926073393644091,
	"yaw" : 1.3777723802417357,
	"z" : -0.14173668745018397
}
