{
	"pitch" : 1.4685443495084438,
	"roll" : -1.4937113749987296,
	"x" : 0.065260107336986298,
	"y" : -0.04842752833922595,
	"yaw" : 1.3116088727679442,
	"z" : -0.20267872300894282
}
