{
	"pitch" : 1.4858510448310558,
	"roll" : -1.6144858739646788,
	"x" : 0.047031861061493388,
	"y" : 0.029254360133252104,
	"yaw" : 1.2161341140406952,
	"z" : -0.17150151592350124
}
