{
	"pitch" : 1.492817601048807,
	"roll" : -1.5485153657183317,
	"x" : 0.076475133356040351,
	"y" : -0.013259532929233452,
	"yaw" : 1.2691733331402975,
	"z" : -0.17021103715037278
}
