{
	"pitch" : 1.5039049201271226,
	"roll" : -1.4944635236341637,
	"x" : 0.10782406278201449,
	"y" : 0.029431191703981147,
	"yaw" : 1.3381200411471987,
	"z" : -0.1699473476972842
}
