{
	"pitch" : 1.461881561083145,
	"roll" : -1.3126328413605772,
	"x" : 0.067738571754676333,
	"y" : -0.26411666828060232,
	"yaw" : 1.49271931877399,
	"z" : -0.16986093781395006
}
