{
	"pitch" : 1.4676968283721774,
	"roll" : -1.5261214535260534,
	"x" : 0.062841799596781794,
	"y" : -0.05956156610378386,
	"yaw" : 1.2861694573297451,
	"z" : -0.17830866979962204
}
