{
	"pitch" : 1.4683532997266309,
	"roll" : -1.5176533410020658,
	"x" : 0.035750818365313047,
	"y" : -0.041909443603607169,
	"yaw" : 1.2906303763598459,
	"z" : -0.17060467252295441
}
