{
	"pitch" : 1.4835575862604258,
	"roll" : -1.6511171420358972,
	"x" : 0.042754652315197178,
	"y" : 0.026137455786153528,
	"yaw" : 1.1705146380909714,
	"z" : -0.17162049222410986
}
