{
	"pitch" : 1.4829548502548719,
	"roll" : -1.4458542020580447,
	"x" : 0.068134486616705542,
	"y" : -0.016161064953253958,
	"yaw" : 1.3709985157425681,
	"z" : -0.16887852699640679
}
