{
	"pitch" : 1.4800912039870464,
	"roll" : -1.5493837451516808,
	"x" : 0.076705645357004332,
	"y" : -0.017279220920841575,
	"yaw" : 1.260611165993194,
	"z" : -0.22057573917029877
}
