{
	"pitch" : 1.4710179146305553,
	"roll" : -1.536099363676529,
	"x" : 0.063043758685705151,
	"y" : -0.06023409989301888,
	"yaw" : 1.2797031974507835,
	"z" : -0.16983693646616388
}
