{
	"pitch" : 1.4679254055257018,
	"roll" : -1.5183439678810609,
	"x" : 0.010157381404582222,
	"y" : -0.21661765974244124,
	"yaw" : 1.2964033257331291,
	"z" : -0.076021740871217991
}
