{
	"pitch" : 1.483670858839639,
	"roll" : -1.6236895129253206,
	"x" : 0.039561246422352675,
	"y" : 0.022058778238345705,
	"yaw" : 1.1993475767162556,
	"z" : -0.17149696963621555
}
