{
	"pitch" : 1.4994776691863163,
	"roll" : -1.5620400084683952,
	"x" : 0.10162263209738454,
	"y" : 0.033401125479843266,
	"yaw" : 1.2679149328646215,
	"z" : -0.17108650901993813
}
