{
	"pitch" : 1.4586870143992843,
	"roll" : -1.5928581567046327,
	"x" : -0.037611234626582654,
	"y" : -0.15365718325165506,
	"yaw" : 1.2115451463797995,
	"z" : -0.17265188845613974
}
