{
	"pitch" : 1.4890938021328699,
	"roll" : -1.4407046127156407,
	"x" : 0.076895149670098889,
	"y" : -0.010729926596513886,
	"yaw" : 1.3748336078018406,
	"z" : -0.16877142794310518
}
