{
	"pitch" : 1.4510239445764754,
	"roll" : -1.3332741363776357,
	"x" : 0.062059349718085521,
	"y" : -0.30148764167138276,
	"yaw" : 1.4718582815023249,
	"z" : -0.17027387907215036
}
