{
	"pitch" : 1.4729558303178978,
	"roll" : -1.5637503256204168,
	"x" : 0.039818876173898232,
	"y" : -0.046222237573714457,
	"yaw" : 1.2559495747741458,
	"z" : -0.1698670409488113
}
