{
	"pitch" : 1.4784981350026427,
	"roll" : -1.3884605473505836,
	"x" : 0.091868238063592345,
	"y" : -0.060223650690151662,
	"yaw" : 1.4348668128309794,
	"z" : -0.16835176612176375
}
