{
	"pitch" : 1.5577438034927393,
	"roll" : 0.5018547475625057,
	"x" : 0.096267004054235883,
	"y" : -0.18658937033850054,
	"yaw" : -3.0257074318841735,
	"z" : -0.16714903043124149
}
