{
	"pitch" : 1.4704690800215976,
	"roll" : -1.4853497049840454,
	"x" : 0.060445574897212119,
	"y" : -0.062062719789662255,
	"yaw" : 1.3241375311787251,
	"z" : -0.16944629094346439
}
