{
	"pitch" : 1.4680970659654013,
	"roll" : -1.4291004457084242,
	"x" : 0.057201083566267075,
	"y" : -0.059420130638599938,
	"yaw" : 1.3853625813904591,
	"z" : -0.16905643204043566
}
