{
	"pitch" : 1.4812475035239376,
	"roll" : -1.5179620024159708,
	"x" : 0.072229087155102747,
	"y" : -0.023710141224018232,
	"yaw" : 1.2938146648974185,
	"z" : -0.16997677492645644
}
