{
	"pitch" : 1.4509984265633138,
	"roll" : -1.3873273361150424,
	"x" : 0.003725684430491108,
	"y" : -0.24353965148349505,
	"yaw" : 1.4106275010785991,
	"z" : -0.17033793827126331
}
