{
	"pitch" : 1.4679446387754644,
	"roll" : -1.5803529634921247,
	"x" : 0.03000395180569447,
	"y" : -0.13716918435581427,
	"yaw" : 1.2303357177519401,
	"z" : -0.17073026265134281
}
