{
	"pitch" : 1.4948622206422792,
	"roll" : -1.5382496202435312,
	"x" : 0.093293268661151396,
	"y" : 0.035808333174836456,
	"yaw" : 1.2824993863418579,
	"z" : -0.17507545298844462
}
