{
	"pitch" : 1.4969570364011615,
	"roll" : -1.5224674986691482,
	"x" : 0.091950984479923295,
	"y" : 0.036430187055564875,
	"yaw" : 1.299096446685966,
	"z" : -0.17003400709454977
}
