{
	"pitch" : 1.4569813310745476,
	"roll" : -1.5147950510771109,
	"x" : -0.0072430897933059846,
	"y" : -0.22138073912180212,
	"yaw" : 1.2862295757054321,
	"z" : -0.17179555867564483
}
