{
	"pitch" : 1.4777600579658829,
	"roll" : -1.526027026260643,
	"x" : 0.074189881126747584,
	"y" : -0.018655535171631914,
	"yaw" : 1.2877926527283377,
	"z" : -0.16968049888817349
}
