{
	"pitch" : 1.4973015877023119,
	"roll" : -1.6094951166884335,
	"x" : 0.065874075497317178,
	"y" : 0.038414461550196899,
	"yaw" : 1.2190629476759338,
	"z" : -0.17097568038804928
}
