{
	"pitch" : 1.4783483720114676,
	"roll" : -1.5295941890634568,
	"x" : 0.078114881115896512,
	"y" : -0.012859565483301166,
	"yaw" : 1.2801275744718235,
	"z" : -0.22063219079727819
}
