{
	"pitch" : 1.4958744982657937,
	"roll" : -1.5065893494000731,
	"x" : 0.098211276512895587,
	"y" : 0.03506944131204609,
	"yaw" : 1.3238869447898689,
	"z" : -0.17107438940877753
}
