{
	"pitch" : 1.4830908282227957,
	"roll" : -1.5462943523610382,
	"x" : 0.075549493380597826,
	"y" : -0.0159863787385136,
	"yaw" : 1.2664762330498076,
	"z" : -0.17026506278612963
}
