{
	"pitch" : 1.4963513620483311,
	"roll" : -1.4699043486933907,
	"x" : 0.079071574497173197,
	"y" : 0.040078169614260209,
	"yaw" : 1.3659080648081721,
	"z" : -0.17093554922549375
}
