{
	"pitch" : 1.4907299003179149,
	"roll" : -1.6038028706659375,
	"x" : 0.084862899644324905,
	"y" : 0.012298161352209262,
	"yaw" : 1.2121224545642069,
	"z" : -0.12688544977449007
}
