{
	"pitch" : 1.4495260270834218,
	"roll" : -1.4609680067713311,
	"x" : -0.078158293414205993,
	"y" : -0.25839873040784433,
	"yaw" : 1.340757844297414,
	"z" : -0.1742256925429736
}
