{
	"pitch" : 1.4706174255757476,
	"roll" : -1.4896323271293475,
	"x" : 0.065598918104229881,
	"y" : -0.050245406377838517,
	"yaw" : 1.3162676232003039,
	"z" : -0.20152500197475406
}
