{
	"pitch" : 1.4821059796571274,
	"roll" : -1.4086486246602952,
	"x" : 0.10788338492359689,
	"y" : -0.053036501148761031,
	"yaw" : 1.4110668084961726,
	"z" : -0.16826622226846705
}
