{
	"pitch" : 1.4570777621594648,
	"roll" : -1.4253045538744034,
	"x" : 0.013706857652187265,
	"y" : -0.20991135021895119,
	"yaw" : 1.3741805130221987,
	"z" : -0.1703360873078909
}
