{
	"pitch" : 1.4974682540963802,
	"roll" : -1.4447069511182735,
	"x" : 0.05724472474382488,
	"y" : -0.06617518333222093,
	"yaw" : 1.3667124676216515,
	"z" : -0.1966883179050424
}
