{
	"pitch" : 1.4986795170524789,
	"roll" : -1.3781581686292439,
	"x" : 0.10895040286796787,
	"y" : 0.027327172928740567,
	"yaw" : 1.4509226641586748,
	"z" : -0.16993517438950911
}
