{
	"pitch" : 1.4898451573801919,
	"roll" : -1.3037557466093801,
	"x" : 0.12509208491571222,
	"y" : -0.022954997799175442,
	"yaw" : 1.5195722652519972,
	"z" : -0.16860642861168515
}
