{
	"pitch" : 1.4992905429713597,
	"roll" : -1.5372956715741475,
	"x" : 0.10078657116853074,
	"y" : 0.033669082686209606,
	"yaw" : 1.2929051480077935,
	"z" : -0.17060246837820348
}
