{
	"pitch" : 1.4784521733865947,
	"roll" : -1.6209464837495431,
	"x" : 0.053495135626624488,
	"y" : -0.12741062905387004,
	"yaw" : 1.186438387762073,
	"z" : -0.17012987717531125
}
