{
	"pitch" : 1.4550428110212843,
	"roll" : -1.4618180714095534,
	"x" : 0.014623984316680362,
	"y" : -0.20911820539124384,
	"yaw" : 1.3399313986502026,
	"z" : -0.17070064655315864
}
