{
	"pitch" : 1.4948734906073915,
	"roll" : -1.4202539635297671,
	"x" : 0.1259848588219552,
	"y" : 0.0027969941516674257,
	"yaw" : 1.4058547909918444,
	"z" : -0.17018621220936175
}
