{
	"pitch" : 1.4893924966831664,
	"roll" : -1.4560511091901691,
	"x" : 0.047586792305305763,
	"y" : -0.10984652021446963,
	"yaw" : 1.3478681639023273,
	"z" : -0.2181249212668987
}
