{
	"pitch" : 1.4748823207276545,
	"roll" : -1.5886550588544242,
	"x" : 0.034544591070582317,
	"y" : -0.14769820269191689,
	"yaw" : 1.2276156099607756,
	"z" : -0.13470196594731082
}
