{
	"pitch" : 1.4789497650013039,
	"roll" : -1.6284503492253108,
	"x" : 0.027554322822933686,
	"y" : -0.0098519106726062122,
	"yaw" : 1.1918329594063295,
	"z" : -0.17102361667378535
}
