{
	"pitch" : 1.4881007895335103,
	"roll" : -1.4150351737729905,
	"x" : 0.1242123130371334,
	"y" : -0.02994632515589718,
	"yaw" : 1.4050898883173939,
	"z" : -0.16910863539303111
}
