{
	"pitch" : 1.4886109951390614,
	"roll" : -1.6216379176621361,
	"x" : 0.05756823167552283,
	"y" : 0.035535243036189983,
	"yaw" : 1.2053214233685887,
	"z" : -0.17130807147987653
}
