{
	"pitch" : 1.456196455087738,
	"roll" : -1.4374642765361685,
	"x" : 0.013502156850136268,
	"y" : -0.20856446370998025,
	"yaw" : 1.3621726737505473,
	"z" : -0.17051663339101703
}
