{
	"pitch" : 1.4931255630244848,
	"roll" : -1.6103053670384913,
	"x" : 0.087099208725873914,
	"y" : 0.019062290674673583,
	"yaw" : 1.2068320862422546,
	"z" : -0.13138357788279401
}
