{
	"pitch" : 1.4804843855027121,
	"roll" : -1.5960543998693508,
	"x" : 0.057608500280161179,
	"y" : -0.13482779458595637,
	"yaw" : 1.2108814744142626,
	"z" : -0.16988364544314996
}
