{
	"pitch" : 1.4865628462449076,
	"roll" : -1.5844689565994372,
	"x" : 0.033793145214065269,
	"y" : 0.015517142477023172,
	"yaw" : 1.2372604572392021,
	"z" : -0.17057410110071253
}
