{
	"pitch" : 1.4493155706109651,
	"roll" : -1.4061157798576811,
	"x" : -0.016854675496688482,
	"y" : -0.30902446698689223,
	"yaw" : 1.3954745625855682,
	"z" : -0.17282496197002112
}
