{
	"pitch" : 1.4845194477795138,
	"roll" : -1.5605126747436586,
	"x" : 0.071284023388623177,
	"y" : -0.027361090730756453,
	"yaw" : 1.2529001074629653,
	"z" : -0.12168506729594813
}
