{
	"pitch" : 1.4804990092162575,
	"roll" : -1.5741362458559645,
	"x" : 0.082057357581071216,
	"y" : -0.0019047127409408948,
	"yaw" : 1.2391454417574101,
	"z" : -0.21929700486007747
}
