{
	"pitch" : 1.4971328313078727,
	"roll" : -1.448974510452278,
	"x" : 0.11730432321534931,
	"y" : 0.019332323041192701,
	"yaw" : 1.3796480275170768,
	"z" : -0.17007725535962639
}
