{
	"pitch" : 1.4523573383261137,
	"roll" : -1.3885191101448091,
	"x" : -0.0049659531492691061,
	"y" : -0.2692207266532452,
	"yaw" : 1.4124695780219838,
	"z" : -0.1728904813893789
}
