{
	"pitch" : 1.4949177681242145,
	"roll" : -1.5216943645442533,
	"x" : 0.073356307265765835,
	"y" : -0.021175223970877548,
	"yaw" : 1.299137283758742,
	"z" : -0.17450748237801811
}
