{
	"pitch" : 1.4871049619042029,
	"roll" : -1.6146662836380443,
	"x" : 0.055381988088813422,
	"y" : 0.033945342288633717,
	"yaw" : 1.2100579587439984,
	"z" : -0.17124222449775475
}
