{
	"pitch" : 1.4919975240842669,
	"roll" : -1.3364898366766269,
	"x" : 0.12779487854117422,
	"y" : -0.010229929876573784,
	"yaw" : 1.4866475414343434,
	"z" : -0.16847722206265292
}
