{
	"pitch" : 1.4492630269665054,
	"roll" : -1.4056646211799098,
	"x" : -0.016853134859347516,
	"y" : -0.30903539209585573,
	"yaw" : 1.3958997168725302,
	"z" : -0.17286477712930565
}
