{
	"pitch" : 1.4949021879720605,
	"roll" : -1.3631200994280015,
	"x" : 0.12888567964832903,
	"y" : -0.0055001839198450028,
	"yaw" : 1.4597095073720161,
	"z" : -0.16873463638529235
}
