{
	"pitch" : 1.4919437804797742,
	"roll" : -1.6051666697237246,
	"x" : 0.088087073570715685,
	"y" : 0.021278993409716188,
	"yaw" : 1.2118766357365456,
	"z" : -0.13425033598287583
}
