{
	"pitch" : 1.4917092170152351,
	"roll" : -1.5524109119211771,
	"x" : 0.09206951361348388,
	"y" : 0.032817591641102949,
	"yaw" : 1.2663965710599729,
	"z" : -0.18812562447215628
}
