{
	"pitch" : 1.4558857011967647,
	"roll" : -1.3918832871636109,
	"x" : 0.016581252403528299,
	"y" : -0.20487462028058939,
	"yaw" : 1.421056729682713,
	"z" : -0.26773992661169571
}
