{
	"pitch" : 1.4515500401595565,
	"roll" : -1.31404873174916,
	"x" : 0.061644100088914633,
	"y" : -0.30180109078568729,
	"yaw" : 1.4890304417817892,
	"z" : -0.17054579355861513
}
