{
	"pitch" : 1.4695361435820988,
	"roll" : -1.4682246172103732,
	"x" : 0.05788086352796909,
	"y" : -0.059780473278513976,
	"yaw" : 1.3460555950504167,
	"z" : -0.16908583036279928
}
