{
	"pitch" : 1.4701597992525459,
	"roll" : -1.4584607269789844,
	"x" : 0.060258576141845863,
	"y" : -0.060645333296783871,
	"yaw" : 1.3564663833245112,
	"z" : -0.16887218182618643
}
