{
	"pitch" : 1.4932391465708432,
	"roll" : -1.6210490595792284,
	"x" : 0.09111197106433308,
	"y" : 0.029326741222814375,
	"yaw" : 1.1995437320461575,
	"z" : -0.14533929543841997
}
