{
	"pitch" : 1.4782506012080978,
	"roll" : -1.536290909283347,
	"x" : 0.078311692375581082,
	"y" : -0.013133716068629547,
	"yaw" : 1.2735418244715606,
	"z" : -0.22072669757995761
}
