{
	"pitch" : 1.489805546439644,
	"roll" : -1.4248543188070326,
	"x" : 0.075497428837344865,
	"y" : -0.011814136948449426,
	"yaw" : 1.3926976261146033,
	"z" : -0.16901394855690102
}
