{
	"pitch" : 1.4773384906353679,
	"roll" : -1.4522274594966287,
	"x" : 0.061933064459778184,
	"y" : -0.055570294765570266,
	"yaw" : 1.361054011206734,
	"z" : -0.14634915224641321
}
