{
	"pitch" : 1.4507671581727433,
	"roll" : -1.3787460783309309,
	"x" : 0.01957086923544258,
	"y" : -0.19093266512390702,
	"yaw" : 1.4220301033117433,
	"z" : -0.16936211776656906
}
