{
	"pitch" : 1.4830070644266724,
	"roll" : -1.4587989463186999,
	"x" : 0.100445501752799,
	"y" : -0.057855172616958883,
	"yaw" : 1.3581895136970306,
	"z" : -0.16886004776328048
}
