{
	"pitch" : 1.4516448725636555,
	"roll" : -1.4528197313147142,
	"x" : -0.067479312412467393,
	"y" : -0.25171093922302884,
	"yaw" : 1.349315417475301,
	"z" : -0.17344346287881413
}
