{
	"pitch" : 1.4674009577516265,
	"roll" : -1.4805752084053079,
	"x" : 0.063228648104318899,
	"y" : -0.057798696816302134,
	"yaw" : 1.3269805379495845,
	"z" : -0.18598965359287448
}
