{
	"pitch" : 1.4856658191359635,
	"roll" : -1.5290857556859485,
	"x" : 0.074396316005218399,
	"y" : -0.016290953007783163,
	"yaw" : 1.2856533660835909,
	"z" : -0.11914930152689945
}
