{
	"pitch" : 1.4742146579539899,
	"roll" : -1.5203792132264868,
	"x" : 0.044633863146183617,
	"y" : -0.11116343330514467,
	"yaw" : 1.2937968999587364,
	"z" : -0.16947180493683323
}
