{
	"pitch" : 1.4539132015520946,
	"roll" : -1.344571500283932,
	"x" : 0.062966954400752451,
	"y" : -0.29629172648303931,
	"yaw" : 1.4587263424832386,
	"z" : -0.16993968795102007
}
