{
	"pitch" : 1.479341070361148,
	"roll" : -1.6188231118990388,
	"x" : 0.031935978084998304,
	"y" : 0.012141317231745873,
	"yaw" : 1.1989145552540437,
	"z" : -0.1703358716309655
}
