{
	"pitch" : 1.4600523294352938,
	"roll" : -1.410596463570895,
	"x" : 0.01981528598827724,
	"y" : -0.19394894751878974,
	"yaw" : 1.4049196585041726,
	"z" : -0.25751571365620046
}
