{
	"pitch" : 1.4851907980210297,
	"roll" : -1.4892693387094336,
	"x" : 0.075987653848845385,
	"y" : -0.013504854273881331,
	"yaw" : 1.3282639017105959,
	"z" : -0.16968334833443041
}
