{
	"pitch" : 1.4540990966732663,
	"roll" : -1.4419178868552691,
	"x" : 0.029085354964812529,
	"y" : -0.16836954681999772,
	"yaw" : 1.3613287968219006,
	"z" : -0.16979431577642964
}
