{
	"pitch" : 1.4666399794624194,
	"roll" : -1.5876899044685602,
	"x" : -0.033145850962073675,
	"y" : -0.11872120845960382,
	"yaw" : 1.2212626754597613,
	"z" : -0.17154570077703599
}
