{
	"pitch" : 1.4948410484085968,
	"roll" : -1.5750632264008286,
	"x" : 0.088518736924007871,
	"y" : 0.024897926845439927,
	"yaw" : 1.2428732862464507,
	"z" : -0.13767909366838726
}
