{
	"pitch" : 1.4866021141134027,
	"roll" : -1.5456854776742599,
	"x" : 0.077422547357289928,
	"y" : -0.011432238369908242,
	"yaw" : 1.2697513987449003,
	"z" : -0.1191842410419137
}
