{
	"pitch" : 1.4637930389344129,
	"roll" : -1.5125134674674221,
	"x" : 0.010517504824567342,
	"y" : -0.20803073619044621,
	"yaw" : 1.2918175168838337,
	"z" : -0.07285939590613362
}
