{
	"pitch" : 1.4958854415198093,
	"roll" : -1.3890129951419792,
	"x" : 0.12538980218809681,
	"y" : 0.0050275990322639925,
	"yaw" : 1.4339105577467501,
	"z" : -0.16935599939981105
}
