{
	"pitch" : 1.4817402867863745,
	"roll" : -1.6151308210147415,
	"x" : 0.027296337207728484,
	"y" : -0.0023903488408964172,
	"yaw" : 1.2058607676035864,
	"z" : -0.17070996488473417
}
