{
	"pitch" : 1.4476270756159508,
	"roll" : -1.4208312451429932,
	"x" : -0.015820177897110474,
	"y" : -0.30889189042389165,
	"yaw" : 1.3808992454138993,
	"z" : -0.17323610133200643
}
