{
	"pitch" : 1.4578907265939853,
	"roll" : -1.4810303395477056,
	"x" : -0.002540925322182544,
	"y" : -0.21832708662029462,
	"yaw" : 1.3204604439676,
	"z" : -0.17174791831379801
}
