{
	"pitch" : 1.4848117878500617,
	"roll" : -1.6653996235712514,
	"x" : 0.037991057070857148,
	"y" : 0.020254071659270925,
	"yaw" : 1.15531430301468,
	"z" : -0.17126522568295405
}
