{
	"pitch" : 1.4923658398848356,
	"roll" : -1.3939350441753799,
	"x" : 0.12776076143378193,
	"y" : -0.01448868272674528,
	"yaw" : 1.4306403186987049,
	"z" : -0.16909742853096618
}
