{
	"pitch" : 1.4927794911982071,
	"roll" : -1.5053654805975802,
	"x" : 0.075588961772972377,
	"y" : -0.013589855789784666,
	"yaw" : 1.3074298131511306,
	"z" : -0.1696113756747864
}
