{
	"pitch" : 1.4850444660812145,
	"roll" : -1.6583283021935684,
	"x" : 0.042974405565616165,
	"y" : 0.025956105857366407,
	"yaw" : 1.1637652344600358,
	"z" : -0.17168432048918819
}
