{
	"pitch" : 1.4830508985948847,
	"roll" : -1.5514951008228,
	"x" : 0.07370450478457205,
	"y" : -0.020194752423942766,
	"yaw" : 1.2621759458353006,
	"z" : -0.11958602745722119
}
