{
	"pitch" : 1.4908976348869247,
	"roll" : -1.601637333905553,
	"x" : 0.084830775819629264,
	"y" : 0.012259243097720737,
	"yaw" : 1.2142295361950708,
	"z" : -0.12687154743602286
}
