{
	"pitch" : 1.4726663522095855,
	"roll" : -1.524464398122668,
	"x" : 0.025734260132528483,
	"y" : -0.16914927124068657,
	"yaw" : 1.2852092458961393,
	"z" : -0.11299982112374422
}
