{
	"pitch" : 1.4655391326628744,
	"roll" : -1.449036450038055,
	"x" : -0.0058013524802040806,
	"y" : -0.26925421846425146,
	"yaw" : 1.3638538942060223,
	"z" : -0.13300387302288144
}
