{
	"pitch" : 1.4674326754530385,
	"roll" : -1.4407352374640194,
	"x" : 0.039391282273784051,
	"y" : -0.12783490795692418,
	"yaw" : 1.3709056225762422,
	"z" : -0.18697865935681346
}
