{
	"pitch" : 1.4970599394165356,
	"roll" : -1.5056051606391245,
	"x" : 0.087899047132196678,
	"y" : 0.038603541586194348,
	"yaw" : 1.3298101774841302,
	"z" : -0.1710218954475454
}
