{
	"pitch" : 1.4690981258798617,
	"roll" : -1.4343799214908373,
	"x" : 0.060829770931997172,
	"y" : -0.060681396798918985,
	"yaw" : 1.381425867337893,
	"z" : -0.16902691310223597
}
