{
	"pitch" : 1.4952942629317272,
	"roll" : -1.5471313540971237,
	"x" : 0.097264007619564205,
	"y" : 0.035283358141629556,
	"yaw" : 1.2839409007603124,
	"z" : -0.17148252757683596
}
