{
	"pitch" : 1.4676067864452487,
	"roll" : -1.5325132932117251,
	"x" : -0.051100562937522923,
	"y" : -0.14659963330889611,
	"yaw" : 1.2916279249098901,
	"z" : -0.17319816321601528
}
