{
	"pitch" : 1.4842685798063191,
	"roll" : -1.4601695446416929,
	"x" : 0.10411635987636246,
	"y" : -0.056096547828667249,
	"yaw" : 1.3594151774186376,
	"z" : -0.16835746549440381
}
