{
	"pitch" : 1.4860485792925886,
	"roll" : -1.3397254129495038,
	"x" : 0.11913169729166323,
	"y" : -0.038468994068198398,
	"yaw" : 1.4786377800749411,
	"z" : -0.16799556869372487
}
