{
	"pitch" : 1.4933706618420697,
	"roll" : -1.4602680948415763,
	"x" : 0.075342224518718776,
	"y" : -0.01641388868228574,
	"yaw" : 1.3538181026119127,
	"z" : -0.16869785293999046
}
