{
	"pitch" : 1.4837141125979634,
	"roll" : -1.3362980157895947,
	"x" : 0.11590711367945095,
	"y" : -0.041772434080486698,
	"yaw" : 1.4853211350103954,
	"z" : -0.16789178986373021
}
