{
	"pitch" : 1.4589692088775557,
	"roll" : -1.4239890977378737,
	"x" : 0.046033302230499278,
	"y" : -0.11015043790253112,
	"yaw" : 1.3751643743274011,
	"z" : -0.1695017806893859
}
