{
	"pitch" : 1.482343244441366,
	"roll" : -1.4560989909413742,
	"x" : 0.067604162220699385,
	"y" : -0.016311186893149383,
	"yaw" : 1.3606113317171962,
	"z" : -0.16876718335974347
}
