{
	"pitch" : 1.4848485220107603,
	"roll" : -1.3771311596404117,
	"x" : 0.11580586475804074,
	"y" : -0.044558199979456842,
	"yaw" : 1.4412276153474435,
	"z" : -0.16858289033766655
}
