{
	"pitch" : 1.4854512605401584,
	"roll" : -1.3560629866941893,
	"x" : 0.12386380336329643,
	"y" : -0.03232840536453753,
	"yaw" : 1.4679835892424817,
	"z" : -0.16868386315239289
}
