{
	"pitch" : 1.4962968476393326,
	"roll" : -1.3511381461279683,
	"x" : 0.12501061640306391,
	"y" : -0.00092707871315208731,
	"yaw" : 1.4704300832937669,
	"z" : -0.16848774722076523
}
