{
	"pitch" : 1.4724202683270415,
	"roll" : -1.4247255721073531,
	"x" : 0.10371869434882469,
	"y" : -0.16312338412101662,
	"yaw" : 1.3691205000131432,
	"z" : -0.16837433094608908
}
