{
	"pitch" : 1.4689174722833989,
	"roll" : -1.589926915802772,
	"x" : -0.032737651378831861,
	"y" : -0.11888766497539868,
	"yaw" : 1.2217196817096705,
	"z" : -0.17157622181796264
}
