{
	"pitch" : 1.4695212954356549,
	"roll" : -1.4683343966934981,
	"x" : 0.0042379254026028018,
	"y" : -0.2375875829073105,
	"yaw" : 1.3403495990769478,
	"z" : -0.097772491408525855
}
