{
	"pitch" : 1.4812925931273822,
	"roll" : -1.598532817205887,
	"x" : 0.082585742421369956,
	"y" : 0.0001952660127242066,
	"yaw" : 1.2149290425215276,
	"z" : -0.2188312165276449
}
