{
	"pitch" : 1.4809148245400479,
	"roll" : -1.3568535369798349,
	"x" : 0.081152670124661125,
	"y" : -0.063237289092360122,
	"yaw" : 1.4697890345857108,
	"z" : -0.16879132090486815
}
