{
	"pitch" : 1.4529940453115398,
	"roll" : -1.4534957971075657,
	"x" : 0.014942456235747685,
	"y" : -0.2088190706207525,
	"yaw" : 1.3483323070743962,
	"z" : -0.17115651528189438
}
