{
	"pitch" : 1.4722593381433959,
	"roll" : -1.4946605255214287,
	"x" : 0.024816347056445212,
	"y" : -0.17136256797986729,
	"yaw" : 1.3166502468664054,
	"z" : -0.11047844715541283
}
