{
	"pitch" : 1.4780415944515328,
	"roll" : -1.5181248364612407,
	"x" : 0.066124413303485424,
	"y" : -0.043866945030105735,
	"yaw" : 1.2936471540545214,
	"z" : -0.13100784563532458
}
