{
	"pitch" : 1.4865149859583575,
	"roll" : -1.6028930707940541,
	"x" : 0.057904171948791806,
	"y" : 0.035628311243295276,
	"yaw" : 1.2255280714983035,
	"z" : -0.17181868776441317
}
