{
	"pitch" : 1.4723841789440404,
	"roll" : -1.5586688428194215,
	"x" : 0.076654328378479478,
	"y" : -0.013911706548438037,
	"yaw" : 1.2418792836409815,
	"z" : -0.17011868912385439
}
