{
	"pitch" : 1.4896921171142621,
	"roll" : -1.5180691564682824,
	"x" : 0.071170328358645507,
	"y" : -0.026575136572320343,
	"yaw" : 1.2931313504597757,
	"z" : -0.16904610133903328
}
