{
	"pitch" : 1.4771132259870985,
	"roll" : -1.5135766290498356,
	"x" : 0.06956214691642193,
	"y" : -0.032519790946545384,
	"yaw" : 1.2956470165657299,
	"z" : -0.16988839260044677
}
