{
	"pitch" : 1.4488474223633387,
	"roll" : -1.4482337743123432,
	"x" : -0.078640770046272873,
	"y" : -0.25821367956770347,
	"yaw" : 1.3544923808229039,
	"z" : -0.17450464611672975
}
