{
	"pitch" : 1.4757994210349754,
	"roll" : -1.5585819034105692,
	"x" : 0.075240382247576149,
	"y" : -0.02329439261755015,
	"yaw" : 1.2472949878101749,
	"z" : -0.21958278341830448
}
