{
	"pitch" : 1.4845007272438289,
	"roll" : -1.7002956699167844,
	"x" : 0.037021840990544792,
	"y" : 0.019039695339620265,
	"yaw" : 1.1195258638610448,
	"z" : -0.17131865771200203
}
