{
	"pitch" : 1.4523690630684727,
	"roll" : -1.4199219552624305,
	"x" : 0.0005792376129285931,
	"y" : -0.29915390442401535,
	"yaw" : 1.3842599956613688,
	"z" : -0.1728301775015427
}
