{
	"pitch" : 1.4710641954070729,
	"roll" : -1.4826017829493774,
	"x" : 0.060362437298150204,
	"y" : -0.062019258382659315,
	"yaw" : 1.3270342367366661,
	"z" : -0.16952026245600857
}
