{
	"pitch" : 1.4938247884268514,
	"roll" : -1.6160578496770446,
	"x" : 0.090943889442251888,
	"y" : 0.029404645969031203,
	"yaw" : 1.2047132514860062,
	"z" : -0.14532382965773172
}
