{
	"pitch" : 1.4697882630323442,
	"roll" : -1.3678440035639878,
	"x" : 0.017034450142334234,
	"y" : -0.20177845238983985,
	"yaw" : 1.4437155680591383,
	"z" : -0.26659369503552244
}
