{
	"pitch" : 1.4699606986012204,
	"roll" : -1.4071607544807423,
	"x" : 0.094900632096198034,
	"y" : -0.15917513643646891,
	"yaw" : 1.3934917198984205,
	"z" : -0.16838804770012009
}
