{
	"pitch" : 1.4672651356395352,
	"roll" : -1.5355632339197738,
	"x" : 0.031509534086261705,
	"y" : -0.11618903386551609,
	"yaw" : 1.2707026162131632,
	"z" : -0.17055802852510404
}
