{
	"pitch" : 1.4674934152576848,
	"roll" : -1.5940413008631391,
	"x" : -0.032401454387923467,
	"y" : -0.11903632435860276,
	"yaw" : 1.2162216927839231,
	"z" : -0.17157394293300213
}
