{
	"pitch" : 1.4787462238712916,
	"roll" : -1.4300762340592956,
	"x" : 0.086765498615194267,
	"y" : -0.061963093108359735,
	"yaw" : 1.3875264223104065,
	"z" : -0.16850338166863099
}
