{
	"pitch" : 1.4709219883512676,
	"roll" : -1.5678144263290381,
	"x" : 0.049171465013537884,
	"y" : -0.053405653416690957,
	"yaw" : 1.249259387852403,
	"z" : -0.16942256596633523
}
