{
	"pitch" : 1.4921338014502754,
	"roll" : -1.4347526156086849,
	"x" : 0.076649622869880696,
	"y" : -0.01110839114573246,
	"yaw" : 1.3817606719309714,
	"z" : -0.1686765622275766
}
