{
	"pitch" : 1.4708297881659593,
	"roll" : -1.4739377277375425,
	"x" : 0.065127150991601046,
	"y" : -0.049940452163825574,
	"yaw" : 1.3317477049855531,
	"z" : -0.2014365541288336
}
