{
	"pitch" : 1.4743815937609661,
	"roll" : -1.4724542736184476,
	"x" : 0.060923584985762877,
	"y" : -0.05938599910418664,
	"yaw" : 1.342222074103357,
	"z" : -0.15595932742398094
}
