{
	"pitch" : 1.477557749242598,
	"roll" : -1.6090938234653305,
	"x" : 0.043139572428086886,
	"y" : -0.12125320660223664,
	"yaw" : 1.2084325035785461,
	"z" : -0.16075494092627712
}
