{
	"pitch" : 1.4929744348261307,
	"roll" : -1.5151874669502199,
	"x" : 0.080751554911364667,
	"y" : 0.0044337614443170845,
	"yaw" : 1.2986249139430577,
	"z" : -0.12198971096232608
}
