{
	"pitch" : 1.4922265481585357,
	"roll" : -1.5172059202634547,
	"x" : 0.069147853864043457,
	"y" : -0.019231451898564358,
	"yaw" : 1.2998371982062467,
	"z" : -0.16996061553882541
}
