{
	"pitch" : 1.4563464014338632,
	"roll" : -1.4614364687614172,
	"x" : -0.045142763261717012,
	"y" : -0.26861216455111703,
	"yaw" : 1.3511789996095693,
	"z" : -0.17374811976119223
}
