{
	"pitch" : 1.4800725054998074,
	"roll" : -1.641335174600806,
	"x" : 0.026236479940516554,
	"y" : -0.0065440461511736374,
	"yaw" : 1.1777336856692835,
	"z" : -0.17093333140338973
}
