{
	"pitch" : 1.4689103184941774,
	"roll" : -1.5050732513034737,
	"x" : 0.061508045216708981,
	"y" : -0.05894734498620488,
	"yaw" : 1.3037390481808371,
	"z" : -0.16927480310490564
}
