{
	"pitch" : 1.4728025201796646,
	"roll" : -1.5626425473674344,
	"x" : 0.036252981684391575,
	"y" : -0.041870444817324104,
	"yaw" : 1.2553169547500884,
	"z" : -0.16962174131813859
}
