{
	"pitch" : 1.4842456193900324,
	"roll" : -1.5885515595190323,
	"x" : 0.033980349340466426,
	"y" : 0.016215980958133178,
	"yaw" : 1.2326348320023672,
	"z" : -0.17076289168466652
}
