{
	"pitch" : 1.4802993553094321,
	"roll" : -1.5332765200826777,
	"x" : 0.044128694342933032,
	"y" : -0.11316475309650886,
	"yaw" : 1.2853263574514533,
	"z" : -0.16821072867913134
}
