{
	"pitch" : 1.4605064634137539,
	"roll" : -1.3123056730755895,
	"x" : 0.11204604456309888,
	"y" : -0.24002042211115246,
	"yaw" : 1.4959653934115034,
	"z" : -0.16839005892252359
}
