{
	"pitch" : 1.4825444108525743,
	"roll" : -1.5403983521823974,
	"x" : 0.076601493806054369,
	"y" : -0.013777953277632697,
	"yaw" : 1.2768235455936001,
	"z" : -0.169840675948502
}
