{
	"pitch" : 1.4918358255485145,
	"roll" : -1.5639780616992192,
	"x" : 0.080391984391421062,
	"y" : 0.0028655758997647596,
	"yaw" : 1.2501923447070664,
	"z" : -0.12130119812573517
}
