{
	"pitch" : 1.4948441538679811,
	"roll" : -1.5244012843269783,
	"x" : 0.095696616718096969,
	"y" : 0.035991157812250527,
	"yaw" : 1.3064360846410401,
	"z" : -0.17079055206385854
}
