{
	"pitch" : 1.4833315483011804,
	"roll" : -1.5748898243108478,
	"x" : 0.077486923218338319,
	"y" : -0.012229746325905918,
	"yaw" : 1.243454491253404,
	"z" : -0.16948740522054978
}
