{
	"pitch" : 1.4558847443225889,
	"roll" : -1.6044922248794447,
	"x" : -0.042850532372189054,
	"y" : -0.15689521020248226,
	"yaw" : 1.2023972430547216,
	"z" : -0.17260074940308667
}
