{
	"pitch" : 1.4804117261102561,
	"roll" : -1.3663608448608602,
	"x" : 0.090358879221603017,
	"y" : -0.060584972391359765,
	"yaw" : 1.4586788578680434,
	"z" : -0.16821237585022428
}
