{
	"pitch" : 1.4950228120204219,
	"roll" : -1.51567837384932,
	"x" : 0.073289258074246341,
	"y" : -0.021303089977918886,
	"yaw" : 1.3052400080340534,
	"z" : -0.17461553766613755
}
