{
	"pitch" : 1.4792238351299214,
	"roll" : -1.5121174689948329,
	"x" : 0.067293381181651873,
	"y" : -0.040662534638319744,
	"yaw" : 1.3000541218000088,
	"z" : -0.12840085112599542
}
