{
	"pitch" : 1.4545415700851612,
	"roll" : -1.6053005796983506,
	"x" : -0.077981843603556381,
	"y" : -0.17666191780597901,
	"yaw" : 1.210286782269222,
	"z" : -0.17382353425801031
}
