{
	"pitch" : 1.4523688841664215,
	"roll" : -1.4269078910020809,
	"x" : 0.013590832618938703,
	"y" : -0.20767758428204466,
	"yaw" : 1.3753991625237181,
	"z" : -0.1706659896137987
}
