{
	"pitch" : 1.4485200637771847,
	"roll" : -1.4082289798420542,
	"x" : -0.016879678015041019,
	"y" : -0.30899331871255314,
	"yaw" : 1.3933678350485883,
	"z" : -0.17303552554013538
}
