{
	"pitch" : 1.460163364419669,
	"roll" : -1.5631342481790309,
	"x" : 0.076903771501146884,
	"y" : -0.014981052589109135,
	"yaw" : 1.2417908768089374,
	"z" : -0.17082782257076151
}
