{
	"pitch" : 1.4726486399584269,
	"roll" : -1.5214142906891504,
	"x" : 0.075923239243977481,
	"y" : -0.016237117716510142,
	"yaw" : 1.2795103134594092,
	"z" : -0.16970797788230804
}
