{
	"pitch" : 1.4860885623690516,
	"roll" : -1.5822818502465199,
	"x" : 0.034115627408916077,
	"y" : 0.016133722774049494,
	"yaw" : 1.2389231023008711,
	"z" : -0.17074554600505326
}
