{
	"pitch" : 1.4981485736595412,
	"roll" : -1.607102011640402,
	"x" : 0.053575243795937429,
	"y" : -0.079709438487775452,
	"yaw" : 1.201658357741896,
	"z" : -0.20317839131110249
}
