{
	"pitch" : 1.4971048343586182,
	"roll" : -1.4285807180678562,
	"x" : 0.10463873009896668,
	"y" : 0.031326309240215539,
	"yaw" : 1.3990351207739011,
	"z" : -0.17037972272019361
}
