{
	"pitch" : 1.4751829975792985,
	"roll" : -1.3276802344943175,
	"x" : 0.020686847782044729,
	"y" : -0.19100154043215214,
	"yaw" : 1.4853746830157606,
	"z" : -0.26025250059791272
}
