{
	"pitch" : 1.4920070167316688,
	"roll" : -1.4424375178497384,
	"x" : 0.128737974510021,
	"y" : -0.014839331957316822,
	"yaw" : 1.3784966351974481,
	"z" : -0.16918118238327612
}
