{
	"pitch" : 1.4880900461263922,
	"roll" : -1.3896938366018716,
	"x" : 0.0091422724712951903,
	"y" : -0.083627680824868766,
	"yaw" : 1.434474445957481,
	"z" : -0.16773477777145546
}
