{
	"pitch" : 1.4909058732019427,
	"roll" : -1.6006604160191669,
	"x" : 0.084817088356580486,
	"y" : 0.012239209981133642,
	"yaw" : 1.215209163213834,
	"z" : -0.12683131969715594
}
