{
	"pitch" : 1.4737771257971939,
	"roll" : -1.4489952697206607,
	"x" : 0.061433601268809784,
	"y" : -0.058594301072053948,
	"yaw" : 1.3670482740131857,
	"z" : -0.15277060398386028
}
