{
	"pitch" : 1.4765928557235108,
	"roll" : -1.41155055357246,
	"x" : 0.066742939807163212,
	"y" : -0.042921059237561857,
	"yaw" : 1.3950865566809985,
	"z" : -0.16921171000267704
}
