{
	"pitch" : 1.4951099718767884,
	"roll" : -1.4660999049176555,
	"x" : 0.07525470513108555,
	"y" : 0.039711645392301848,
	"yaw" : 1.3672092559654725,
	"z" : -0.1713647214943782
}
