{
	"pitch" : 1.4914885013086363,
	"roll" : -1.5361312750248028,
	"x" : 0.092530860301470647,
	"y" : 0.034515072531868682,
	"yaw" : 1.2831055832475549,
	"z" : -0.18454041728678056
}
