{
	"pitch" : 1.4883665281708249,
	"roll" : -1.3173076478678483,
	"x" : 0.12452467578355209,
	"y" : -0.023686828151786559,
	"yaw" : 1.5060157201763644,
	"z" : -0.16838152181083432
}
