{
	"pitch" : 1.4710255203621647,
	"roll" : -1.3462513195085519,
	"x" : 0.01826532345206483,
	"y" : -0.19868432577432216,
	"yaw" : 1.4679879761639967,
	"z" : -0.26454907015498491
}
