{
	"pitch" : 1.479190066276322,
	"roll" : -1.434523183654866,
	"x" : 0.10291069035003349,
	"y" : -0.056156597011274401,
	"yaw" : 1.388467484324388,
	"z" : -0.16882119438245244
}
