{
	"pitch" : 1.4587322980134656,
	"roll" : -1.400156677154512,
	"x" : 0.047039865584842556,
	"y" : -0.10278392648404831,
	"yaw" : 1.4001904238387308,
	"z" : -0.16860389184436012
}
