{
	"pitch" : 1.4540651127692448,
	"roll" : -1.3442288720573545,
	"x" : 0.063122686230099784,
	"y" : -0.29607596998581714,
	"yaw" : 1.4591585755948717,
	"z" : -0.16992398565782221
}
