{
	"pitch" : 1.4588195212528676,
	"roll" : -1.4993648422748618,
	"x" : -0.0049867828145020998,
	"y" : -0.22017929256532109,
	"yaw" : 1.3023493996088096,
	"z" : -0.17179868428256304
}
