{
	"pitch" : 1.489962542692737,
	"roll" : -1.5826274791042008,
	"x" : 0.086177064111033735,
	"y" : 0.014619393904652247,
	"yaw" : 1.2340625650065267,
	"z" : -0.12869196777433728
}
