{
	"pitch" : 1.452970205404496,
	"roll" : -1.4151693646465804,
	"x" : 0.0081065243423413536,
	"y" : -0.22744908855231399,
	"yaw" : 1.3838105814671933,
	"z" : -0.17056224437777306
}
