{
	"pitch" : 1.4879018463932805,
	"roll" : -1.5311632402150728,
	"x" : 0.076470472940564402,
	"y" : -0.012842098724155277,
	"yaw" : 1.2862069031960506,
	"z" : -0.16982075753396858
}
