{
	"pitch" : 1.48186321439817,
	"roll" : -1.3681016266324779,
	"x" : 0.10451315438502762,
	"y" : -0.16300950192738276,
	"yaw" : 1.4076339801008615,
	"z" : -0.16752153327109945
}
