{
	"pitch" : 1.4880919203469356,
	"roll" : -1.5453742387731872,
	"x" : 0.045217166928970674,
	"y" : -0.027399811244154859,
	"yaw" : 1.2794472805500425,
	"z" : -0.16806589094268842
}
