{
	"pitch" : 1.4809945611306747,
	"roll" : -1.5928791410319314,
	"x" : 0.026804386571929066,
	"y" : -0.00022502991804965178,
	"yaw" : 1.2271195409202984,
	"z" : -0.17061001485996546
}
