{
	"pitch" : 1.4849936995187514,
	"roll" : -1.5901067567825451,
	"x" : 0.08678141779204486,
	"y" : 0.016506654509782778,
	"yaw" : 1.2245608493225639,
	"z" : -0.21064679889327345
}
