{
	"pitch" : 1.4959132553222545,
	"roll" : -1.5149134067208092,
	"x" : 0.09776513312453701,
	"y" : 0.035243366422284705,
	"yaw" : 1.3156596380762295,
	"z" : -0.17098723506526561
}
