{
	"pitch" : 1.4819983390750737,
	"roll" : -1.3957288068278773,
	"x" : 0.099822228162519316,
	"y" : -0.056901161628979388,
	"yaw" : 1.4264073924175535,
	"z" : -0.16859007447754312
}
