{
	"pitch" : 1.4857969629039038,
	"roll" : -1.5193204584470306,
	"x" : 0.076489477618749455,
	"y" : -0.01242237472961933,
	"yaw" : 1.2957375396293116,
	"z" : -0.11902421162255303
}
