{
	"pitch" : 1.4687859714632436,
	"roll" : -1.4219299134688534,
	"x" : 0.090929996572765265,
	"y" : -0.20068677308356633,
	"yaw" : 1.3882706637580269,
	"z" : -0.16848720135069173
}
