{
	"pitch" : 1.4789087685625197,
	"roll" : -1.6058935776490291,
	"x" : 0.026595176987878985,
	"y" : -0.0094858908677572466,
	"yaw" : 1.2141587065141881,
	"z" : -0.17071600931269731
}
