{
	"pitch" : 1.4534944737074531,
	"roll" : -1.4166834409042843,
	"x" : -0.009623019917728487,
	"y" : -0.30543013036346045,
	"yaw" : 1.3887228972494454,
	"z" : -0.17323609292656469
}
