{
	"pitch" : 1.481171845216489,
	"roll" : -1.5587112437240795,
	"x" : 0.029927831587066009,
	"y" : 0.0089107819101474327,
	"yaw" : 1.2631859395120228,
	"z" : -0.1705631651035803
}
