{
	"pitch" : 1.4744281941031634,
	"roll" : -1.5567106425478463,
	"x" : 0.055079178298893139,
	"y" : -0.023918298331366217,
	"yaw" : 1.2562736163825792,
	"z" : -0.1703410435299991
}
