{
	"pitch" : 1.4554731083147059,
	"roll" : -1.4322937540742418,
	"x" : 0.013426854379968517,
	"y" : -0.20844551543272857,
	"yaw" : 1.3676967051725673,
	"z" : -0.17036140052118598
}
