{
	"pitch" : 1.4907756767009062,
	"roll" : -1.5327556776871671,
	"x" : 0.092357950240013351,
	"y" : 0.033925473568209581,
	"yaw" : 1.287287363252281,
	"z" : -0.18660059103700491
}
