{
	"pitch" : 1.4775967636063354,
	"roll" : -1.538742163614214,
	"x" : 0.066389794885564846,
	"y" : -0.043640781098840301,
	"yaw" : 1.2736283199265097,
	"z" : -0.13087225356913507
}
