{
	"pitch" : 1.4720761791751162,
	"roll" : -1.5860709854288846,
	"x" : 0.046478625967579193,
	"y" : -0.051870852537204422,
	"yaw" : 1.2323213709986811,
	"z" : -0.16926370676796126
}
