{
	"pitch" : 1.4863511472601361,
	"roll" : -1.5186785597497836,
	"x" : 0.074874875323605247,
	"y" : -0.014151651982264628,
	"yaw" : 1.2968011201946175,
	"z" : -0.11869023063075915
}
