{
	"pitch" : 1.4697249376488855,
	"roll" : -1.4425681027763191,
	"x" : 0.06517436749925859,
	"y" : -0.062013909099623232,
	"yaw" : 1.3728507070321871,
	"z" : -0.1690320214854123
}
