{
	"pitch" : 1.4894703701547989,
	"roll" : -1.4994820982962753,
	"x" : 0.035762815212094914,
	"y" : -0.05681552468704499,
	"yaw" : 1.3250735951565842,
	"z" : -0.16894493197506655
}
