{
	"pitch" : 1.4783428442661446,
	"roll" : -1.5515801846700648,
	"x" : 0.074834677469647531,
	"y" : -0.018453153682552161,
	"yaw" : 1.2592660808857747,
	"z" : -0.17030439307846096
}
