{
	"pitch" : 1.4746653498508211,
	"roll" : -1.5423480627041275,
	"x" : 0.074199279875303628,
	"y" : -0.02481883215514831,
	"yaw" : 1.2640896323017554,
	"z" : -0.21873865294140027
}
