{
	"pitch" : 1.4846363831892171,
	"roll" : -1.6057584594716012,
	"x" : 0.069347972822540974,
	"y" : -0.037218195225235784,
	"yaw" : 1.2051292895412422,
	"z" : -0.16909100265491886
}
