{
	"pitch" : 1.4594514103810317,
	"roll" : -1.5086461504104705,
	"x" : 0.011652280163283971,
	"y" : -0.21131234321015113,
	"yaw" : 1.2994288269510379,
	"z" : -0.070120968687369695
}
