{
	"pitch" : 1.4464660025989837,
	"roll" : -1.4405441938623631,
	"x" : -0.01716812512936465,
	"y" : -0.30939782909244273,
	"yaw" : 1.3604712131286887,
	"z" : -0.17339490924590056
}
