{
	"pitch" : 1.4968059628955717,
	"roll" : -1.3754333854601841,
	"x" : 0.062325249827880666,
	"y" : -0.05730999255678066,
	"yaw" : 1.4391089388308114,
	"z" : -0.19179203777192272
}
