{
	"pitch" : 1.4883274998800538,
	"roll" : -1.6253588205195282,
	"x" : 0.057725558277188727,
	"y" : 0.035598670919312778,
	"yaw" : 1.201936107670742,
	"z" : -0.17142547129138699
}
