{
	"pitch" : 1.4677187562522951,
	"roll" : -1.512285343883998,
	"x" : 0.063137279639954483,
	"y" : -0.059225667226208485,
	"yaw" : 1.301571808022389,
	"z" : -0.17856042772226302
}
