{
	"pitch" : 1.4942233991048381,
	"roll" : -1.6155988033514754,
	"x" : 0.090889601083363386,
	"y" : 0.029287275087075508,
	"yaw" : 1.2050179744795404,
	"z" : -0.14528938521438306
}
