{
	"pitch" : 1.4833072378362271,
	"roll" : -1.5506106892656184,
	"x" : 0.073892490331848984,
	"y" : -0.021047755597463847,
	"yaw" : 1.2631403762507563,
	"z" : -0.11971423387276231
}
