{
	"pitch" : 1.4657689237823104,
	"roll" : -1.4649028576417742,
	"x" : 0.00046531391764206842,
	"y" : -0.2494788685408266,
	"yaw" : 1.3494893659515954,
	"z" : -0.11089401659858467
}
