{
	"pitch" : 1.4564246330962285,
	"roll" : -1.3438103617606703,
	"x" : 0.010525952817882628,
	"y" : -0.28701122903605031,
	"yaw" : 1.4627894368113343,
	"z" : -0.17152281272135578
}
