{
	"pitch" : 1.4914682363837051,
	"roll" : -1.5749961807734232,
	"x" : 0.067733570778045205,
	"y" : -0.022757602517972896,
	"yaw" : 1.2422843282567813,
	"z" : -0.17017308856206392
}
