{
	"pitch" : 1.4933224284520894,
	"roll" : -1.6271436777356232,
	"x" : 0.091144687116942014,
	"y" : 0.029331538487456892,
	"yaw" : 1.193448311690064,
	"z" : -0.14535700690584002
}
