{
	"pitch" : 1.4519299453792416,
	"roll" : -1.3356749431845376,
	"x" : 0.061785818278238591,
	"y" : -0.30185903010609705,
	"yaw" : 1.4675513029856004,
	"z" : -0.1706161370448582
}
