{
	"pitch" : 1.4934195725076986,
	"roll" : -1.6260639785745816,
	"x" : 0.091095463124181569,
	"y" : 0.029378810609733873,
	"yaw" : 1.194558651248391,
	"z" : -0.14537501672594177
}
