{
	"pitch" : 1.4502942774767742,
	"roll" : -1.4227489082244527,
	"x" : -0.017106834294411247,
	"y" : -0.30833280859155343,
	"yaw" : 1.3789442928911819,
	"z" : -0.17270499690035027
}
