{
	"pitch" : 1.4834093193190216,
	"roll" : -1.3858962277372671,
	"x" : 0.037015070645979933,
	"y" : -0.13470228774133511,
	"yaw" : 1.4266551443394127,
	"z" : -0.23019111115447644
}
