{
	"pitch" : 1.4652629330616056,
	"roll" : -1.6096556522088865,
	"x" : -0.015870744393476258,
	"y" : -0.12431364429364329,
	"yaw" : 1.203340510010009,
	"z" : -0.17206054152556255
}
