{
	"pitch" : 1.4694064714268762,
	"roll" : -1.6052248877176856,
	"x" : 0.04378609411595235,
	"y" : -0.030230058248026589,
	"yaw" : 1.2057226758820903,
	"z" : -0.17079671737431157
}
