{
	"pitch" : 1.4979827059747217,
	"roll" : -1.3987887320738164,
	"x" : 0.10710015291822389,
	"y" : 0.029226941556621908,
	"yaw" : 1.431028953465451,
	"z" : -0.16981787841333201
}
