{
	"pitch" : 1.4770800894719955,
	"roll" : -1.5236125853294296,
	"x" : 0.064935987409105986,
	"y" : -0.048356827277296899,
	"yaw" : 1.2879756456641565,
	"z" : -0.13508807389440045
}
