{
	"pitch" : 1.4708672551164552,
	"roll" : -1.4904344901374491,
	"x" : 0.060630532565552522,
	"y" : -0.061739596921197654,
	"yaw" : 1.3186166182969512,
	"z" : -0.16936622899094494
}
