{
	"pitch" : 1.529950336940479,
	"roll" : -1.2312189019066355,
	"x" : 0.10212960745615057,
	"y" : -0.16992662591687546,
	"yaw" : 1.5380917564114702,
	"z" : -0.1668046063217436
}
