{
	"pitch" : 1.4769767315900666,
	"roll" : -1.5576842682371037,
	"x" : 0.035342748790727768,
	"y" : -0.14425910767641267,
	"yaw" : 1.2594083837511965,
	"z" : -0.13749128693373136
}
