{
	"pitch" : 1.4785898114281544,
	"roll" : -1.511384638002695,
	"x" : 0.06589751423261489,
	"y" : -0.045036672667671147,
	"yaw" : 1.3002478904586765,
	"z" : -0.13208524517208084
}
