{
	"pitch" : 1.4844073739454609,
	"roll" : -1.5616989737040672,
	"x" : 0.071416048289788495,
	"y" : -0.027231753578626283,
	"yaw" : 1.251744470149363,
	"z" : -0.12164024964110474
}
