{
	"pitch" : 1.483611019468664,
	"roll" : -1.4996031184739496,
	"x" : 0.064197118547457951,
	"y" : -0.055597232249447799,
	"yaw" : 1.3237726847521245,
	"z" : -0.16798959873499308
}
