{
	"pitch" : 1.4865141756754674,
	"roll" : -1.6105461933314753,
	"x" : 0.057853821462942302,
	"y" : 0.035497982147484099,
	"yaw" : 1.217592736663581,
	"z" : -0.17180711379257926
}
