{
	"pitch" : 1.4793676446963164,
	"roll" : -1.5283711383753398,
	"x" : 0.068441357203279651,
	"y" : -0.036914652730462315,
	"yaw" : 1.2829532234521639,
	"z" : -0.12557640939425124
}
