{
	"pitch" : 1.4685166580721052,
	"roll" : -1.5417564011370952,
	"x" : 0.06486907956240319,
	"y" : -0.054357453369757919,
	"yaw" : 1.2649586673883699,
	"z" : -0.19441455608533004
}
