{
	"pitch" : 1.4939726831671793,
	"roll" : -1.445406796652033,
	"x" : 0.12852966224165857,
	"y" : -0.012042343621809328,
	"yaw" : 1.3762360133439824,
	"z" : -0.16915761756760292
}
