{
	"pitch" : 1.4760494683954828,
	"roll" : -1.4487599031069178,
	"x" : 0.065873794537632896,
	"y" : -0.048176315334772755,
	"yaw" : 1.3592354509197939,
	"z" : -0.16963313673114239
}
