{
	"pitch" : 1.4611278200522695,
	"roll" : -1.3202882356921175,
	"x" : 0.07091032112286097,
	"y" : -0.26276057998392449,
	"yaw" : 1.4861068125260963,
	"z" : -0.16971661643947425
}
