{
	"pitch" : 1.4729711604557933,
	"roll" : -1.5830929320955585,
	"x" : 0.040206671557551435,
	"y" : -0.046474235363152205,
	"yaw" : 1.2366661316868559,
	"z" : -0.16991079788835864
}
