{
	"pitch" : 1.4750151878050031,
	"roll" : -1.5252899360143104,
	"x" : 0.06383170466275831,
	"y" : -0.05507415691289503,
	"yaw" : 1.2879891480677217,
	"z" : -0.14410472707954097
}
