{
	"pitch" : 1.4845571511809514,
	"roll" : -1.459805707266711,
	"x" : 0.039350174944323177,
	"y" : -0.048779601065019815,
	"yaw" : 1.3632927620392314,
	"z" : -0.16971397943963423
}
