{
	"pitch" : 1.4705192237117235,
	"roll" : -1.4737388257171158,
	"x" : 0.052470672273888311,
	"y" : -0.055782577154204441,
	"yaw" : 1.3433894216843316,
	"z" : -0.16886196543777426
}
