{
	"pitch" : 1.4793763772015105,
	"roll" : -1.5139218597196484,
	"x" : 0.067220781423766016,
	"y" : -0.0408576172415707,
	"yaw" : 1.2981368121700849,
	"z" : -0.12847897452665843
}
