{
	"pitch" : 1.471514029648239,
	"roll" : -1.4728839303477266,
	"x" : 0.04349502115078184,
	"y" : -0.11770283322241602,
	"yaw" : 1.3378634016117861,
	"z" : -0.17601665171095815
}
