{
	"pitch" : 1.4707057362669,
	"roll" : -1.5548968436220403,
	"x" : -0.019396593528409015,
	"y" : -0.10498154493603286,
	"yaw" : 1.2591972352659475,
	"z" : -0.17234382740260068
}
