{
	"pitch" : 1.4905069662695209,
	"roll" : -1.5713024402181179,
	"x" : 0.084575270069203096,
	"y" : 0.039435429726559501,
	"yaw" : 1.2609119512594207,
	"z" : -0.17122894228026
}
