{
	"pitch" : 1.498363922834582,
	"roll" : -1.5817350262562215,
	"x" : 0.053711304094039507,
	"y" : -0.078953494239410144,
	"yaw" : 1.2274409386235887,
	"z" : -0.20258530214464918
}
