{
	"pitch" : 1.4912460568966652,
	"roll" : -1.5543456912598483,
	"x" : 0.091358853037766641,
	"y" : 0.031963856970366425,
	"yaw" : 1.263717094203646,
	"z" : -0.19019931780493732
}
