{
	"pitch" : 1.4505751166896983,
	"roll" : -1.4808060384504551,
	"x" : -0.074673176773532746,
	"y" : -0.2597134867647462,
	"yaw" : 1.3240341589693785,
	"z" : -0.174500030230263
}
