{
	"pitch" : 1.4647960098785748,
	"roll" : -1.5586761834612861,
	"x" : 0.072006607146719387,
	"y" : -0.02836948092219093,
	"yaw" : 1.248453140358359,
	"z" : -0.17066725931441579
}
