{
	"pitch" : 1.4959096332506192,
	"roll" : -1.5118261136277158,
	"x" : 0.074658373700509442,
	"y" : -0.018402681924078457,
	"yaw" : 1.3088372138258202,
	"z" : -0.17264603872408121
}
