{
	"pitch" : 1.4794608668480682,
	"roll" : -1.6211915389685112,
	"x" : 0.031703287123988781,
	"y" : 0.012501035649664803,
	"yaw" : 1.1963915509767538,
	"z" : -0.17010662726334852
}
