{
	"pitch" : 1.4533387982127333,
	"roll" : -1.4014840419707306,
	"x" : 0.015046058601268598,
	"y" : -0.20448661733561765,
	"yaw" : 1.3994545701214702,
	"z" : -0.17051144678093924
}
