{
	"pitch" : 1.4681472707575152,
	"roll" : -1.355377739280097,
	"x" : 0.01685478471888302,
	"y" : -0.20512774689109542,
	"yaw" : 1.4572378256561305,
	"z" : -0.26850388913441131
}
