{
	"pitch" : 1.4827576794912705,
	"roll" : -1.3646085332699966,
	"x" : 0.11210520861208327,
	"y" : -0.04864967901864433,
	"yaw" : 1.4590685290031333,
	"z" : -0.16843989639637058
}
