{
	"pitch" : 1.4771308022399083,
	"roll" : -1.5262823868701543,
	"x" : 0.065077598002759446,
	"y" : -0.048179372036610893,
	"yaw" : 1.2853518241097135,
	"z" : -0.13485707953060891
}
