{
	"pitch" : 1.4544790387642517,
	"roll" : -1.340831881398737,
	"x" : 0.065743146613694001,
	"y" : -0.28937119138269191,
	"yaw" : 1.4621551110424615,
	"z" : -0.17041728791907346
}
