{
	"pitch" : 1.4962690822842775,
	"roll" : -1.4510065966426364,
	"x" : 0.079538181530621352,
	"y" : 0.039879723047006405,
	"yaw" : 1.3860302327865592,
	"z" : -0.171031505818381
}
