{
	"pitch" : 1.4867301524752212,
	"roll" : -1.5833374118342409,
	"x" : 0.058136938364837035,
	"y" : 0.036115328785071642,
	"yaw" : 1.2455553954925618,
	"z" : -0.17196830762129689
}
