{
	"pitch" : 1.4511913627637034,
	"roll" : -1.4422040324997274,
	"x" : 0.016994082898874649,
	"y" : -0.19999465948688772,
	"yaw" : 1.3613559935099731,
	"z" : -0.16987990173790338
}
