{
	"pitch" : 1.4889044671004252,
	"roll" : -1.6011564274073518,
	"x" : 0.085373868532883784,
	"y" : 0.013579181634328599,
	"yaw" : 1.2155374953508375,
	"z" : -0.12784243121691824
}
