{
	"pitch" : 1.477160464062804,
	"roll" : -1.4060954669385577,
	"x" : 0.10536127355327712,
	"y" : -0.16392398459953605,
	"yaw" : 1.3744195933191359,
	"z" : -0.16837035409030557
}
