{
	"pitch" : 1.4935798037528434,
	"roll" : -1.5010436326719709,
	"x" : 0.074962305277792601,
	"y" : -0.01369670030013222,
	"yaw" : 1.3214018115263009,
	"z" : -0.16926718335679866
}
