{
	"pitch" : 1.4853689819732685,
	"roll" : -1.356086060936424,
	"x" : 0.10421982631791317,
	"y" : -0.16273919761030567,
	"yaw" : 1.4174779962900177,
	"z" : -0.16720298715869769
}
