{
	"pitch" : 1.4797625132481402,
	"roll" : -1.616031897154756,
	"x" : 0.027144742718180598,
	"y" : -0.0034424820455488583,
	"yaw" : 1.205512827308042,
	"z" : -0.17071899075885461
}
