{
	"pitch" : 1.4774473988951253,
	"roll" : -1.4527423529528476,
	"x" : 0.061926309279046091,
	"y" : -0.055531137130594446,
	"yaw" : 1.3602642945389767,
	"z" : -0.14631198566179796
}
