{
	"pitch" : 1.4710652221984029,
	"roll" : -1.607962272536376,
	"x" : 0.034473883594534981,
	"y" : -0.034813913903026919,
	"yaw" : 1.2007954065538511,
	"z" : -0.17052061721380996
}
