{
	"pitch" : 1.4599587665400831,
	"roll" : -1.5205377168029386,
	"x" : 0.012361844328340546,
	"y" : -0.21152377056250868,
	"yaw" : 1.2887925805023244,
	"z" : -0.070665016623127991
}
