{
	"pitch" : 1.4796806458953062,
	"roll" : -1.5364957030903115,
	"x" : 0.081066626264728853,
	"y" : -0.0037763695714060335,
	"yaw" : 1.2751938624918753,
	"z" : -0.21931561624572604
}
