{
	"pitch" : 1.4843394921125426,
	"roll" : -1.6298686607893236,
	"x" : 0.028880293420982514,
	"y" : 0.0039989930019246837,
	"yaw" : 1.1914453962547873,
	"z" : -0.17097579568873797
}
