{
	"pitch" : 1.4548748637296354,
	"roll" : -1.4285925451869328,
	"x" : 0.010280164024328048,
	"y" : -0.22022019340089152,
	"yaw" : 1.3708658083281675,
	"z" : -0.17079611750973667
}
