{
	"pitch" : 1.4492082225811596,
	"roll" : -1.4508557599891547,
	"x" : -0.078216627596505994,
	"y" : -0.25830516603697856,
	"yaw" : 1.3514106114477527,
	"z" : -0.17440534160421275
}
