{
	"pitch" : 1.4935567987580476,
	"roll" : -1.5136432572514669,
	"x" : 0.09241683545919871,
	"y" : 0.037259656601968297,
	"yaw" : 1.3138973165726318,
	"z" : -0.17133066558508767
}
