{
	"pitch" : 1.4824131708993238,
	"roll" : -1.4038473865578731,
	"x" : 0.099561891318572515,
	"y" : -0.056908906809328016,
	"yaw" : 1.4184783259674323,
	"z" : -0.16875153879643937
}
