{
	"pitch" : 1.4815927510232147,
	"roll" : -1.38950812684087,
	"x" : 0.10017363388302447,
	"y" : -0.057023288664988576,
	"yaw" : 1.4324846604081538,
	"z" : -0.16874154112671064
}
