{
	"pitch" : 1.4938855863055813,
	"roll" : -1.4853062707817253,
	"x" : 0.088295883811536913,
	"y" : 0.038654138284338918,
	"yaw" : 1.3508905306915491,
	"z" : -0.1710321510261481
}
