{
	"pitch" : 1.492864391512118,
	"roll" : -1.5190136038204112,
	"x" : 0.068224983816113652,
	"y" : -0.019820316898289558,
	"yaw" : 1.2979045624603838,
	"z" : -0.16979249433850735
}
