{
	"pitch" : 1.4685545531901689,
	"roll" : -1.5024820162602606,
	"x" : 0.044226782017397062,
	"y" : -0.05173608807257328,
	"yaw" : 1.3071351837352405,
	"z" : -0.16959877203147253
}
