{
	"pitch" : 1.4734773392302929,
	"roll" : -1.5579292444057085,
	"x" : 0.071144887250162797,
	"y" : -0.036419160237173676,
	"yaw" : 1.2509391260153711,
	"z" : -0.21433822648197157
}
