{
	"pitch" : 1.4831203011886223,
	"roll" : -1.5901548793444535,
	"x" : 0.070208636619705472,
	"y" : -0.029185837229986213,
	"yaw" : 1.2226209803190085,
	"z" : -0.12232068872162893
}
