{
	"pitch" : 1.4797680705458167,
	"roll" : -1.4470352938268336,
	"x" : 0.097492230540079647,
	"y" : -0.059028902592407013,
	"yaw" : 1.3692803442278285,
	"z" : -0.16895124400596817
}
