{
	"pitch" : 1.4565017256832269,
	"roll" : -1.3527848929653337,
	"x" : 0.015056815686114042,
	"y" : -0.20877968489769402,
	"yaw" : 1.4604903175429713,
	"z" : -0.27098851947084523
}
