{
	"pitch" : 1.4707226223138294,
	"roll" : -1.5390107181399131,
	"x" : 0.063073203200962269,
	"y" : -0.06024730747095873,
	"yaw" : 1.2768314283501041,
	"z" : -0.16989845907086515
}
