{
	"pitch" : 1.4687365164167612,
	"roll" : -1.5612921739265373,
	"x" : 0.040058703938011073,
	"y" : -0.11336124813998211,
	"yaw" : 1.2500726763820842,
	"z" : -0.16984256782316395
}
