{
	"pitch" : 1.4705928197735796,
	"roll" : -1.5280190242257581,
	"x" : 0.066257870169710104,
	"y" : -0.050683472207435964,
	"yaw" : 1.2780193851998494,
	"z" : -0.20126623131710739
}
