{
	"pitch" : 1.460188357212596,
	"roll" : -1.4059984371478309,
	"x" : 0.025446144291329423,
	"y" : -0.1766532138360272,
	"yaw" : 1.4108159452815294,
	"z" : -0.23768174154389865
}
