{
	"pitch" : 1.4601470036110924,
	"roll" : -1.4600793550721056,
	"x" : 0.043434732991923033,
	"y" : -0.12132777528417532,
	"yaw" : 1.3419334644112821,
	"z" : -0.16971924917844067
}
