{
	"pitch" : 1.4912450361608025,
	"roll" : -1.6022402176583241,
	"x" : 0.084746528336483731,
	"y" : 0.012104224668028163,
	"yaw" : 1.2136044709677691,
	"z" : -0.12658579152001084
}
