{
	"pitch" : 1.4661435377485006,
	"roll" : -1.3013622347711902,
	"x" : 0.10671730092961798,
	"y" : -0.24287007077831801,
	"yaw" : 1.5110137136721207,
	"z" : -0.16812094371564942
}
