{
	"pitch" : 1.4841049401290691,
	"roll" : -1.651902617088203,
	"x" : 0.040430146412225712,
	"y" : 0.022673498031992579,
	"yaw" : 1.1730204116111327,
	"z" : -0.1715630925069703
}
