{
	"pitch" : 1.4683833461658262,
	"roll" : -1.4849458317332744,
	"x" : 0.0012511381691401452,
	"y" : -0.24288761798592876,
	"yaw" : 1.3250923522985245,
	"z" : -0.10418168176233764
}
