{
	"pitch" : 1.4876927480164714,
	"roll" : -1.3131471404015895,
	"x" : 0.12377248306389324,
	"y" : -0.026510446738149437,
	"yaw" : 1.5098123115849831,
	"z" : -0.16820680551010575
}
