{
	"pitch" : 1.4871849667920183,
	"roll" : -1.5910222447580646,
	"x" : 0.087645750895486402,
	"y" : 0.019223302058917771,
	"yaw" : 1.2271892005723697,
	"z" : -0.20832121384542843
}
