{
	"pitch" : 1.4485798358165032,
	"roll" : -1.3830424344278047,
	"x" : 0.0021332629646357154,
	"y" : -0.24859217518480722,
	"yaw" : 1.4144363774994753,
	"z" : -0.17064951799224587
}
