{
	"pitch" : 1.4927436156655738,
	"roll" : -1.4521631527389589,
	"x" : 0.075891911861400999,
	"y" : -0.012916992932251735,
	"yaw" : 1.3581862503400495,
	"z" : -0.16840577460692135
}
