{
	"pitch" : 1.4656191116265642,
	"roll" : -1.2958791561627558,
	"x" : 0.10079417776580255,
	"y" : -0.24728190851975151,
	"yaw" : 1.5113433085647854,
	"z" : -0.16827604636833438
}
