{
	"pitch" : 1.4777321933700591,
	"roll" : -1.500496108153643,
	"x" : 0.044510536848914567,
	"y" : -0.11226977518024291,
	"yaw" : 1.3158440742009214,
	"z" : -0.16946331318950836
}
