{
	"pitch" : 1.4697135835258217,
	"roll" : -1.4867530413978094,
	"x" : 0.043448871954190629,
	"y" : -0.1187944222653502,
	"yaw" : 1.3245152749078641,
	"z" : -0.17726932696247813
}
