{
	"pitch" : 1.4651736790638421,
	"roll" : -1.487053989071675,
	"x" : 0.048316749435973472,
	"y" : -0.054464443914723965,
	"yaw" : 1.3233128060213599,
	"z" : -0.16933164419709509
}
