{
	"pitch" : 1.4918349762204768,
	"roll" : -1.6334124919046724,
	"x" : 0.087847127780854212,
	"y" : 0.018602885189290333,
	"yaw" : 1.1836249986369201,
	"z" : -0.13137908154266581
}
