{
	"pitch" : 1.4977625010548115,
	"roll" : -1.5671862918684487,
	"x" : 0.066500052781269151,
	"y" : 0.038540949560548897,
	"yaw" : 1.2629263950009908,
	"z" : -0.17142867652187407
}
