{
	"pitch" : 1.4980336550417452,
	"roll" : -1.37912810008162,
	"x" : 0.1101394407465785,
	"y" : 0.026135312090982327,
	"yaw" : 1.4487250188493668,
	"z" : -0.16940740618049571
}
