{
	"pitch" : 1.4580632766674728,
	"roll" : -1.4495447045026295,
	"x" : -0.060237597006069177,
	"y" : -0.26387008385577804,
	"yaw" : 1.3644093401430848,
	"z" : -0.1741310176989414
}
