{
	"pitch" : 1.4946952807334979,
	"roll" : -1.54581773616727,
	"x" : 0.092689335754927077,
	"y" : 0.034885009375211162,
	"yaw" : 1.274616582087569,
	"z" : -0.1821766938920783
}
