{
	"pitch" : 1.4724576068247337,
	"roll" : -1.5384444738555429,
	"x" : 0.036962142821407556,
	"y" : -0.042869186139579157,
	"yaw" : 1.2791625855521949,
	"z" : -0.16964119239378028
}
