{
	"pitch" : 1.4705699124789764,
	"roll" : -1.4912997981248455,
	"x" : 0.053383849395515062,
	"y" : -0.056199316214190706,
	"yaw" : 1.3252292207246332,
	"z" : -0.1689556143999065
}
