{
	"pitch" : 1.4942727784462073,
	"roll" : -1.5926633741560248,
	"x" : 0.075577379991480828,
	"y" : 0.039508078464837289,
	"yaw" : 1.2371232822809057,
	"z" : -0.17101240621242259
}
