{
	"pitch" : 1.4946528310449874,
	"roll" : -1.5666317042313425,
	"x" : 0.082155086964002214,
	"y" : 0.03926174384713077,
	"yaw" : 1.263395257917195,
	"z" : -0.1708562976240697
}
