{
	"pitch" : 1.4946640110973703,
	"roll" : -1.3962250335940936,
	"x" : 0.063932055203344135,
	"y" : -0.054615880582448206,
	"yaw" : 1.4179169736999606,
	"z" : -0.19041554524261387
}
