{
	"pitch" : 1.494169031519089,
	"roll" : -1.5273714658634003,
	"x" : 0.073729038953714049,
	"y" : -0.01541539680041446,
	"yaw" : 1.2950060745295058,
	"z" : -0.16990210439484724
}
