{
	"pitch" : 1.4606277219773085,
	"roll" : -1.296613611536096,
	"x" : 0.01446584545368676,
	"y" : -0.20911553275376343,
	"yaw" : 1.5146572210812352,
	"z" : -0.27109030831324332
}
