{
	"pitch" : 1.4876530516676485,
	"roll" : -1.6211106053508493,
	"x" : 0.057769660705526402,
	"y" : 0.035574630006181773,
	"yaw" : 1.2064140137286437,
	"z" : -0.17155858460234055
}
