{
	"pitch" : 1.46502456512471,
	"roll" : -1.3246369353076426,
	"x" : 0.090125162183495144,
	"y" : -0.25334847264546667,
	"yaw" : 1.4818935488831697,
	"z" : -0.16848596730557724
}
