{
	"pitch" : 1.4802442558193896,
	"roll" : -1.4618371027291974,
	"x" : 0.068978821366167967,
	"y" : -0.03396178031674088,
	"yaw" : 1.3488747639960117,
	"z" : -0.16951366308339533
}
