{
	"pitch" : 1.4543770594272218,
	"roll" : -1.4079534533374869,
	"x" : 0.014083471584098339,
	"y" : -0.20726680575930723,
	"yaw" : 1.3944076397137279,
	"z" : -0.17041627468184856
}
