{
	"pitch" : 1.4877635810755334,
	"roll" : -1.5308509214126629,
	"x" : 0.045523829497370993,
	"y" : -0.026978356253574198,
	"yaw" : 1.2937544795411653,
	"z" : -0.16809072494435723
}
