{
	"pitch" : 1.4724610491123256,
	"roll" : -1.5408021723874763,
	"x" : 0.039570937146949765,
	"y" : -0.046206048461715006,
	"yaw" : 1.2788641128482721,
	"z" : -0.16980130365557128
}
