{
	"pitch" : 1.4935176029421462,
	"roll" : -1.6114884827066851,
	"x" : 0.087043322443337012,
	"y" : 0.019148505469033756,
	"yaw" : 1.2055678132840868,
	"z" : -0.13146943486553453
}
