{
	"pitch" : 1.4840364596737197,
	"roll" : -1.6130555912351621,
	"x" : 0.035337784043347462,
	"y" : 0.01793856131908976,
	"yaw" : 1.2087183532856973,
	"z" : -0.1710535632838559
}
