{
	"pitch" : 1.4732094672708664,
	"roll" : -1.3913449661629285,
	"x" : 0.082642196684482375,
	"y" : -0.18484853828133072,
	"yaw" : 1.4202173159255371,
	"z" : -0.16817243344493862
}
