{
	"pitch" : 1.4662758552708341,
	"roll" : -1.5766788685327484,
	"x" : -0.081138927161664487,
	"y" : -0.17612945217148496,
	"yaw" : 1.2277843000723336,
	"z" : -0.1726181740339523
}
