{
	"pitch" : 1.5030503700735047,
	"roll" : -1.4854906678758875,
	"x" : 0.108127472354949,
	"y" : 0.029499542488769542,
	"yaw" : 1.3454137486129381,
	"z" : -0.17001222386092474
}
