{
	"pitch" : 1.4829097991508755,
	"roll" : -1.6253437194292331,
	"x" : 0.035839184475774319,
	"y" : 0.018425180056059434,
	"yaw" : 1.1962964014232205,
	"z" : -0.17106922935152535
}
