{
	"pitch" : 1.4806917268787998,
	"roll" : -1.5652102753885655,
	"x" : 0.030042939766711206,
	"y" : 0.0084090540450283847,
	"yaw" : 1.2567456093146832,
	"z" : -0.17071805759538589
}
