{
	"pitch" : 1.4708940165816797,
	"roll" : -1.4812211499707448,
	"x" : -0.011291666539308368,
	"y" : -0.096562048788830554,
	"yaw" : 1.3385305144412649,
	"z" : -0.17235023229764637
}
