{
	"pitch" : 1.465855111798037,
	"roll" : -1.4566778150564268,
	"x" : 0.06091153925041902,
	"y" : -0.059512583361917663,
	"yaw" : 1.3502247357518302,
	"z" : -0.16864454269081863
}
