{
	"pitch" : 1.4801940424225137,
	"roll" : -1.6046190046204827,
	"x" : 0.067987253265512082,
	"y" : -0.045033706939181482,
	"yaw" : 1.2118006391301566,
	"z" : -0.16901958363914527
}
