{
	"pitch" : 1.481674232023972,
	"roll" : -1.417685994137234,
	"x" : 0.029101331042195727,
	"y" : -0.16049492217875341,
	"yaw" : 1.3927933130725061,
	"z" : -0.24515595411835223
}
