{
	"pitch" : 1.4962321111735324,
	"roll" : -1.6573063352489819,
	"x" : 0.052885417218039139,
	"y" : -0.082625133796297337,
	"yaw" : 1.1490275963454708,
	"z" : -0.20557486703144201
}
