{
	"pitch" : 1.4890421890227714,
	"roll" : -1.5391735455588587,
	"x" : 0.078680603961119103,
	"y" : -0.0043062773322115541,
	"yaw" : 1.2740612178785948,
	"z" : -0.11887795255069863
}
