{
	"pitch" : 1.454051345977982,
	"roll" : -1.4013254746058235,
	"x" : 0.017312499588595098,
	"y" : -0.19489462056785661,
	"yaw" : 1.4000887166985794,
	"z" : -0.1700108032131139
}
