{
	"pitch" : 1.4730304486019341,
	"roll" : -1.4581286920801755,
	"x" : 0.061027023049835948,
	"y" : -0.058978615753076127,
	"yaw" : 1.3613789710811099,
	"z" : -0.16878761825037222
}
