{
	"pitch" : 1.4984077961371636,
	"roll" : -1.5263389729243599,
	"x" : 0.10071684597740532,
	"y" : 0.033660175555871863,
	"yaw" : 1.3042935451948752,
	"z" : -0.17057965219226037
}
