{
	"pitch" : 1.4874206407807771,
	"roll" : -1.4992438734360691,
	"x" : 0.075955901932424963,
	"y" : -0.012825668029007954,
	"yaw" : 1.3177854565185063,
	"z" : -0.16941166396555543
}
