{
	"pitch" : 1.4730051776670998,
	"roll" : -1.5758073037365579,
	"x" : 0.039959849857464938,
	"y" : -0.046306171740088664,
	"yaw" : 1.2440438758256085,
	"z" : -0.1699144450280356
}
