{
	"pitch" : 1.4681218294606475,
	"roll" : -1.5592168059953602,
	"x" : 0.076660432183744395,
	"y" : -0.012517505521910745,
	"yaw" : 1.2474180881537442,
	"z" : -0.16964131868133081
}
