{
	"pitch" : 1.442681654379542,
	"roll" : -1.3798387349440944,
	"x" : -0.016249900880032586,
	"y" : -0.30743972017909038,
	"yaw" : 1.4215620587018993,
	"z" : -0.17430454752814864
}
