{
	"pitch" : 1.4857065735359196,
	"roll" : -1.6420317872368508,
	"x" : 0.050279137648337177,
	"y" : 0.031459044487726309,
	"yaw" : 1.1826380880661771,
	"z" : -0.17113543013440102
}
